Age_Months,Weight_kg,Breed,Milk_Yield_L_per_day,Health_Status,Disease,Body_Condition_Score,Location,Dry_Matter_Intake_kg_per_day,Energy_MJ_per_day,Crude_Protein_g_per_day,Calcium_g_per_day,Phosphorus_g_per_day,Recommended_Feed_Type
99,307,Friesian,14.5,Mild,Mastitis,2.9,Kurunegala,9.12,98.4,910.0,53.4,36.9,Grass
93,466,Friesian,15.2,Healthy,None,3.8,Badulla,13.17,142.0,1253.0,60.0,40.5,Mixed
107,529,Local,10.8,Healthy,None,2.9,Badulla,14.31,161.2,1448.0,64.6,56.2,Grass
72,424,Ayrshire,19.9,Healthy,None,3.4,Monaragala,12.59,147.9,1155.0,59.0,37.0,Mixed
62,559,Ayrshire,9.7,Mild,Foot Rot,3.3,Polonnaruwa,14.95,165.9,1308.0,94.9,43.5,Grass
98,566,Ayrshire,9.7,Healthy,None,2.8,Kurunegala,15.12,172.6,1299.0,74.9,48.5,Grass
47,301,Local,13.2,Healthy,None,2.0,Polonnaruwa,8.85,100.2,817.0,46.4,27.4,Grass
107,599,Friesian,3.4,Healthy,None,2.7,Badulla,15.32,164.3,1526.0,73.9,51.0,Grass
106,535,Jersey,6.9,Mild,Mastitis,3.2,Anuradhapura,14.06,151.8,1204.0,72.1,44.6,Grass
90,411,Jersey,7.5,Mild,Lumpy Skin Disease,2.3,Badulla,11.03,128.5,1079.0,52.8,33.0,Grass
89,525,Ayrshire,19.3,Mild,Lumpy Skin Disease,2.9,Matale,15.05,175.6,1399.0,74.3,63.2,Mixed
81,296,Friesian,12.3,Mild,Mastitis,2.3,Puttalam,8.63,97.7,870.0,46.1,24.9,Grass
94,489,Ayrshire,9.3,Severe,Mastitis,3.1,Monaragala,13.16,149.8,1149.0,82.5,50.7,Grass
100,424,Friesian,6.2,Healthy,None,3.2,Matale,11.22,120.1,954.0,66.7,42.7,Grass
115,341,Friesian,9.0,Mild,Lumpy Skin Disease,2.9,Anuradhapura,9.43,109.3,897.0,46.2,31.3,Grass
87,521,Friesian,9.0,Healthy,None,3.9,Monaragala,13.93,155.1,1215.0,72.8,58.2,Grass
57,372,Friesian,11.9,Healthy,None,2.5,Monaragala,10.49,117.9,908.0,62.6,41.4,Grass
86,314,Jersey,16.1,Mild,Foot Rot,2.4,Matale,9.46,101.4,904.0,54.0,39.3,Mixed
114,352,Ayrshire,13.0,Healthy,None,2.0,Anuradhapura,10.1,114.9,934.0,63.6,34.7,Grass
46,282,Ayrshire,5.4,Healthy,None,3.1,Kurunegala,7.59,85.2,734.0,34.3,28.8,Grass
47,284,Friesian,15.7,Mild,Mastitis,3.1,Badulla,8.67,96.8,785.0,47.4,30.8,Mixed
91,545,Local,11.4,Healthy,None,2.8,Polonnaruwa,14.77,164.2,1376.0,69.3,55.0,Grass
72,460,Local,4.6,Mild,Mastitis,2.6,Polonnaruwa,11.96,136.0,1252.0,56.2,40.2,Grass
120,305,Jersey,9.7,Healthy,None,3.5,Monaragala,8.6,96.3,755.0,41.9,29.7,Grass
27,476,Friesian,13.7,Healthy,None,2.1,Monaragala,13.27,156.6,1350.0,85.4,54.4,Grass
48,335,Local,13.6,Healthy,None,2.8,Puttalam,9.73,104.9,905.0,44.9,32.4,Grass
51,482,Ayrshire,8.6,Healthy,None,3.3,Anuradhapura,12.91,151.6,1354.0,72.4,49.1,Grass
42,401,Jersey,17.2,Severe,Foot Rot,3.5,Puttalam,11.75,134.6,1013.0,60.2,33.7,Mixed
82,521,Jersey,7.8,Healthy,None,2.8,Monaragala,13.8,154.0,1408.0,64.0,40.0,Grass
48,456,Friesian,13.7,Severe,Foot Rot,3.5,Matale,12.77,138.2,1237.0,73.3,43.3,Grass
90,517,Ayrshire,9.6,Severe,Mastitis,2.9,Badulla,13.89,157.9,1268.0,69.9,41.4,Grass
56,484,Ayrshire,6.5,Severe,Mastitis,2.4,Matale,12.75,134.0,1242.0,71.7,37.5,Grass
45,509,Ayrshire,16.1,Healthy,None,3.7,Puttalam,14.34,157.1,1239.0,71.5,45.9,Mixed
87,404,Friesian,11.6,Mild,Foot Rot,3.5,Kurunegala,11.26,122.6,1106.0,71.8,33.6,Grass
31,533,Jersey,13.8,Healthy,None,2.7,Polonnaruwa,14.71,166.0,1461.0,72.2,54.2,Grass
82,500,Ayrshire,13.8,Severe,Mastitis,3.8,Monaragala,13.88,147.4,1297.0,70.1,38.9,Grass
34,576,Ayrshire,11.8,Healthy,None,3.8,Badulla,15.58,172.5,1544.0,87.6,46.1,Grass
37,529,Friesian,0.0,Mild,Foot Rot,3.4,Monaragala,13.23,148.4,1238.0,60.6,43.8,Grass
23,433,Jersey,12.4,Mild,Foot Rot,2.9,Matale,12.07,128.3,1214.0,75.7,40.7,Grass
113,329,Jersey,12.5,Mild,Mastitis,2.0,Puttalam,9.47,110.3,810.0,56.6,30.9,Grass
120,592,Jersey,10.9,Healthy,None,3.2,Anuradhapura,15.89,183.1,1385.0,99.2,63.6,Grass
43,485,Ayrshire,19.4,Healthy,None,2.7,Polonnaruwa,14.06,162.2,1259.0,63.9,43.2,Mixed
53,285,Ayrshire,8.0,Healthy,None,2.7,Kurunegala,7.92,88.4,781.0,49.0,25.8,Grass
32,383,Jersey,16.6,Healthy,None,3.2,Monaragala,11.24,132.4,964.0,64.0,36.9,Mixed
58,473,Friesian,9.4,Healthy,None,3.3,Monaragala,12.77,143.7,1151.0,75.6,35.8,Grass
86,593,Jersey,12.5,Healthy,None,3.5,Monaragala,16.08,170.3,1580.0,83.0,52.1,Grass
33,403,Ayrshire,8.5,Mild,Lumpy Skin Disease,2.8,Puttalam,10.93,120.5,994.0,52.0,37.0,Grass
104,339,Ayrshire,10.0,Healthy,None,2.3,Matale,9.47,109.7,863.0,46.6,36.9,Grass
101,414,Local,13.5,Healthy,None,3.1,Badulla,11.7,133.1,1114.0,71.2,48.5,Grass
39,587,Friesian,12.0,Healthy,None,2.9,Anuradhapura,15.88,180.4,1546.0,74.4,65.6,Grass
104,408,Jersey,4.9,Mild,Mastitis,2.8,Kurunegala,10.69,112.6,961.0,58.3,42.6,Grass
76,462,Jersey,10.3,Mild,Lumpy Skin Disease,2.6,Monaragala,12.58,140.2,1131.0,73.1,35.3,Grass
116,304,Local,11.2,Healthy,None,3.2,Monaragala,8.72,100.7,863.0,47.3,31.2,Grass
33,483,Jersey,21.4,Mild,Foot Rot,3.1,Puttalam,14.22,159.1,1368.0,73.0,54.9,Mixed
96,508,Local,13.3,Mild,Foot Rot,3.0,Monaragala,14.03,155.4,1237.0,87.3,48.1,Grass
49,576,Ayrshire,2.4,Mild,Foot Rot,3.0,Anuradhapura,14.64,162.9,1314.0,78.8,55.6,Grass
52,421,Ayrshire,12.3,Mild,Mastitis,4.2,Kurunegala,11.76,125.6,1054.0,69.2,44.6,Grass
71,458,Ayrshire,11.0,Healthy,None,3.2,Matale,12.55,138.6,1119.0,67.0,51.0,Grass
107,260,Local,11.8,Healthy,None,2.4,Monaragala,7.68,90.1,699.0,40.6,31.1,Grass
71,525,Jersey,17.7,Healthy,None,3.4,Monaragala,14.89,161.6,1410.0,78.6,55.6,Mixed
69,334,Local,16.0,Severe,Foot Rot,2.5,Kurunegala,9.95,111.4,1026.0,56.6,37.1,Mixed
100,469,Jersey,19.0,Mild,Mastitis,2.3,Monaragala,13.63,144.0,1262.0,67.1,44.4,Mixed
66,392,Local,14.9,Healthy,None,4.1,Polonnaruwa,11.29,119.7,964.0,63.0,47.4,Grass
46,582,Friesian,7.0,Mild,Foot Rot,2.7,Matale,15.25,160.9,1306.0,76.2,60.6,Grass
37,372,Jersey,12.5,Healthy,None,2.7,Polonnaruwa,10.55,112.3,1097.0,57.3,33.3,Grass
39,560,Friesian,4.2,Mild,Mastitis,3.0,Badulla,14.42,169.5,1257.0,65.6,46.7,Grass
66,453,Jersey,6.7,Healthy,None,3.2,Monaragala,12.0,136.8,1171.0,56.4,46.6,Grass
105,557,Friesian,7.4,Mild,Foot Rot,3.8,Matale,14.67,169.0,1349.0,78.6,48.7,Grass
100,424,Friesian,8.1,Mild,Lumpy Skin Disease,2.8,Badulla,11.41,121.4,1189.0,65.8,45.2,Grass
37,472,Jersey,16.1,Mild,Foot Rot,2.4,Puttalam,13.41,145.5,1357.0,74.8,46.6,Mixed
111,553,Ayrshire,13.1,Healthy,None,3.7,Monaragala,15.14,163.8,1570.0,76.6,51.9,Grass
77,541,Local,4.0,Healthy,None,3.1,Polonnaruwa,13.93,155.2,1275.0,76.3,45.9,Grass
61,393,Ayrshire,13.3,Healthy,None,3.4,Matale,11.16,124.7,991.0,55.6,37.6,Grass
115,373,Local,5.8,Healthy,None,2.3,Badulla,9.91,110.4,1000.0,46.4,30.8,Grass
49,406,Ayrshire,14.6,Healthy,None,3.1,Badulla,11.61,129.9,1086.0,69.6,37.9,Grass
76,388,Ayrshire,13.3,Healthy,None,3.2,Monaragala,11.03,117.5,980.0,52.3,39.2,Grass
106,344,Jersey,8.6,Healthy,None,3.1,Polonnaruwa,9.46,105.3,941.0,61.0,33.4,Grass
30,349,Ayrshire,13.5,Healthy,None,2.6,Kurunegala,10.07,108.1,859.0,56.1,32.1,Grass
88,399,Jersey,21.3,Healthy,None,3.2,Puttalam,12.11,139.0,1054.0,54.8,38.7,Mixed
74,424,Jersey,6.0,Severe,Lumpy Skin Disease,3.3,Kurunegala,11.2,131.3,1059.0,68.8,37.6,Grass
91,572,Friesian,7.1,Healthy,None,3.4,Matale,15.01,173.4,1561.0,70.1,47.2,Grass
115,463,Jersey,17.8,Mild,Lumpy Skin Disease,2.6,Polonnaruwa,13.36,148.1,1254.0,83.1,55.9,Mixed
90,567,Friesian,16.8,Healthy,None,3.2,Badulla,15.86,181.8,1649.0,78.0,49.1,Mixed
28,330,Jersey,16.1,Healthy,None,3.9,Polonnaruwa,9.86,104.5,839.0,53.3,35.8,Mixed
22,368,Ayrshire,10.8,Mild,Foot Rot,2.6,Monaragala,10.28,119.4,888.0,51.1,32.6,Grass
98,551,Jersey,7.6,Healthy,None,2.6,Kurunegala,14.54,163.0,1424.0,91.8,57.5,Grass
25,334,Ayrshire,11.6,Healthy,None,3.2,Polonnaruwa,9.51,110.0,984.0,51.1,32.9,Grass
107,456,Ayrshire,13.4,Healthy,None,3.4,Polonnaruwa,12.74,141.9,1103.0,58.3,43.4,Grass
95,378,Friesian,12.1,Healthy,None,3.7,Monaragala,10.66,125.3,1084.0,60.2,44.0,Grass
104,387,Friesian,10.7,Mild,Mastitis,4.4,Matale,10.75,119.5,1054.0,68.1,32.8,Grass
73,575,Local,15.1,Severe,Lumpy Skin Disease,2.6,Polonnaruwa,15.88,173.9,1456.0,92.7,63.5,Mixed
70,503,Ayrshire,6.6,Mild,Lumpy Skin Disease,3.2,Polonnaruwa,13.24,153.0,1271.0,71.6,42.9,Grass
32,456,Friesian,10.9,Mild,Foot Rot,3.4,Puttalam,12.49,138.6,1075.0,69.2,45.9,Grass
98,476,Friesian,14.4,Healthy,None,3.0,Kurunegala,13.34,149.6,1381.0,71.7,50.4,Grass
21,572,Jersey,7.8,Mild,Lumpy Skin Disease,2.2,Kurunegala,15.08,169.1,1448.0,70.7,63.2,Grass
77,310,Jersey,9.8,Healthy,None,3.4,Puttalam,8.73,99.8,831.0,44.1,34.6,Grass
49,483,Jersey,13.1,Healthy,None,2.4,Polonnaruwa,13.39,156.6,1274.0,83.8,53.7,Grass
116,462,Ayrshire,12.9,Severe,Foot Rot,3.2,Matale,12.84,139.3,1092.0,76.4,51.0,Grass
102,500,Jersey,7.6,Healthy,None,3.1,Polonnaruwa,13.26,147.6,1215.0,79.9,44.1,Grass
42,372,Local,12.3,Healthy,None,2.4,Monaragala,10.53,121.2,904.0,63.1,39.9,Grass
66,447,Jersey,13.8,Healthy,None,3.3,Monaragala,12.56,132.5,1194.0,71.3,50.5,Grass
74,301,Local,17.4,Healthy,None,3.5,Monaragala,9.27,99.1,949.0,59.7,26.9,Mixed
51,423,Local,5.1,Healthy,None,2.5,Polonnaruwa,11.09,128.7,1132.0,69.0,37.0,Grass
98,499,Friesian,14.6,Healthy,None,3.3,Kurunegala,13.94,150.6,1376.0,70.7,43.5,Grass
73,300,Friesian,14.6,Healthy,None,4.5,Polonnaruwa,8.96,102.2,923.0,41.1,35.1,Grass
63,441,Local,14.9,Healthy,None,3.6,Kurunegala,12.52,140.1,1206.0,76.2,38.0,Grass
96,445,Jersey,16.8,Healthy,None,3.3,Badulla,12.8,144.1,1147.0,73.9,44.1,Mixed
19,488,Ayrshire,10.4,Mild,Mastitis,3.4,Puttalam,13.24,140.3,1376.0,85.7,42.6,Grass
106,378,Local,8.1,Mild,Mastitis,2.9,Polonnaruwa,10.26,121.1,1047.0,48.4,34.2,Grass
91,401,Ayrshire,9.6,Healthy,None,3.0,Monaragala,10.98,127.1,1020.0,49.6,44.0,Grass
113,275,Local,23.6,Mild,Lumpy Skin Disease,2.1,Anuradhapura,9.23,106.2,827.0,56.3,28.7,Concentrate
97,378,Jersey,15.4,Healthy,None,2.2,Matale,10.99,128.3,1076.0,56.2,37.6,Mixed
64,317,Friesian,9.6,Severe,Lumpy Skin Disease,3.5,Polonnaruwa,8.89,102.0,787.0,42.4,31.6,Grass
85,506,Ayrshire,12.3,Mild,Lumpy Skin Disease,2.5,Monaragala,13.88,162.2,1442.0,89.3,44.6,Grass
61,308,Local,8.4,Severe,Mastitis,3.3,Puttalam,8.54,98.0,764.0,50.0,32.0,Grass
120,535,Ayrshire,8.3,Healthy,None,3.1,Badulla,14.21,156.5,1283.0,67.5,47.1,Grass
104,384,Local,12.2,Mild,Lumpy Skin Disease,2.7,Matale,10.82,115.1,970.0,49.2,43.7,Grass
59,562,Jersey,22.7,Healthy,None,3.3,Kurunegala,16.32,184.8,1539.0,96.3,60.5,Concentrate
35,273,Friesian,1.9,Healthy,None,3.1,Puttalam,7.02,78.2,610.0,44.0,21.0,Grass
65,593,Local,8.7,Healthy,None,3.4,Matale,15.7,179.7,1613.0,91.2,62.3,Grass
70,393,Friesian,8.0,Mild,Mastitis,2.9,Badulla,10.63,117.7,1106.0,66.0,31.2,Grass
65,528,Ayrshire,14.5,Healthy,None,3.4,Kurunegala,14.65,159.1,1529.0,93.7,57.9,Grass
102,358,Friesian,6.0,Healthy,None,2.8,Monaragala,9.55,104.4,1001.0,58.0,29.5,Grass
115,533,Jersey,9.6,Healthy,None,2.7,Matale,14.29,165.1,1281.0,86.4,55.8,Grass
18,391,Jersey,20.8,Severe,Foot Rot,3.2,Kurunegala,11.86,128.4,1049.0,69.1,33.6,Mixed
63,371,Ayrshire,5.7,Healthy,None,3.5,Kurunegala,9.85,106.8,862.0,52.6,29.1,Grass
78,479,Ayrshire,22.6,Healthy,None,3.5,Monaragala,14.24,151.5,1354.0,91.0,40.7,Concentrate
102,516,Ayrshire,4.4,Healthy,None,2.8,Badulla,13.34,156.8,1150.0,72.8,44.9,Grass
31,501,Local,18.3,Healthy,None,2.6,Badulla,14.36,152.3,1395.0,66.5,45.7,Mixed
92,530,Ayrshire,14.2,Healthy,None,3.4,Monaragala,14.67,165.4,1333.0,80.8,49.9,Grass
107,308,Jersey,7.4,Healthy,None,3.0,Badulla,8.44,98.4,787.0,51.9,28.3,Grass
30,410,Local,0.0,Healthy,None,2.5,Kurunegala,10.25,111.0,1067.0,60.2,35.5,Grass
28,297,Local,10.7,Healthy,None,2.4,Matale,8.5,97.4,861.0,47.7,30.8,Grass
89,418,Friesian,20.2,Healthy,None,2.3,Kurunegala,12.47,145.1,1295.0,66.7,50.9,Mixed
54,557,Ayrshire,9.8,Healthy,None,3.1,Kurunegala,14.91,167.8,1331.0,86.7,46.4,Grass
62,534,Ayrshire,19.2,Healthy,None,2.3,Monaragala,15.27,165.9,1367.0,81.8,54.7,Mixed
97,564,Friesian,17.8,Healthy,None,3.0,Monaragala,15.88,180.3,1570.0,72.4,50.5,Mixed
57,423,Ayrshire,7.1,Healthy,None,3.2,Badulla,11.29,131.3,1088.0,59.9,33.9,Grass
21,296,Jersey,13.0,Healthy,None,2.7,Matale,8.7,96.5,767.0,44.6,28.3,Grass
94,293,Friesian,12.3,Healthy,None,2.8,Puttalam,8.55,98.2,735.0,39.9,29.2,Grass
80,560,Local,12.6,Healthy,None,3.3,Badulla,15.26,164.5,1453.0,79.2,45.1,Grass
104,553,Local,19.9,Healthy,None,2.4,Anuradhapura,15.82,172.5,1414.0,102.3,45.5,Mixed
56,358,Jersey,22.7,Mild,Lumpy Skin Disease,2.0,Puttalam,11.22,122.6,955.0,67.3,34.2,Concentrate
86,367,Ayrshire,11.2,Healthy,None,3.3,Monaragala,10.29,119.6,883.0,46.7,42.1,Grass
58,544,Local,13.4,Healthy,None,2.7,Polonnaruwa,14.94,170.6,1395.0,70.7,42.3,Grass
39,566,Local,11.0,Mild,Lumpy Skin Disease,2.8,Matale,15.25,161.9,1554.0,76.0,55.3,Grass
28,452,Ayrshire,9.1,Mild,Mastitis,3.4,Matale,12.21,133.5,1079.0,67.4,36.1,Grass
42,428,Ayrshire,13.8,Mild,Foot Rot,2.7,Matale,12.08,139.6,1084.0,57.9,37.2,Grass
37,585,Friesian,16.5,Healthy,None,3.2,Puttalam,16.27,187.2,1544.0,97.8,62.9,Mixed
105,539,Ayrshire,16.1,Mild,Foot Rot,3.3,Monaragala,15.09,164.6,1415.0,82.1,55.6,Mixed
53,552,Friesian,7.9,Healthy,None,2.7,Polonnaruwa,14.59,154.6,1375.0,66.8,48.4,Grass
27,580,Friesian,15.7,Healthy,None,3.3,Kurunegala,16.07,179.3,1515.0,90.1,62.8,Mixed
75,542,Jersey,11.9,Healthy,None,3.1,Monaragala,14.74,163.9,1297.0,68.2,43.4,Grass
61,293,Jersey,18.4,Healthy,None,2.7,Polonnaruwa,9.16,104.6,960.0,50.8,33.5,Mixed
65,394,Local,14.7,Healthy,None,2.9,Kurunegala,11.32,123.8,1098.0,68.8,42.0,Grass
60,298,Local,10.9,Healthy,None,3.5,Polonnaruwa,8.54,97.7,838.0,53.9,34.4,Grass
28,548,Jersey,16.1,Severe,Lumpy Skin Disease,3.4,Kurunegala,15.31,180.0,1515.0,80.9,55.6,Mixed
57,536,Local,18.5,Healthy,None,3.0,Badulla,15.25,166.6,1335.0,90.1,62.9,Mixed
85,297,Local,15.4,Healthy,None,2.8,Monaragala,8.96,94.3,817.0,57.4,29.4,Mixed
80,348,Jersey,13.6,Severe,Mastitis,2.9,Monaragala,10.06,106.6,1025.0,47.3,39.0,Grass
112,519,Friesian,12.5,Mild,Foot Rot,3.3,Monaragala,14.23,151.8,1317.0,68.7,56.4,Grass
97,334,Local,7.9,Healthy,None,4.0,Monaragala,9.14,100.3,908.0,58.9,33.4,Grass
113,479,Jersey,7.0,Healthy,None,2.4,Polonnaruwa,12.68,138.2,1283.0,69.0,50.3,Grass
104,542,Local,17.8,Healthy,None,3.4,Monaragala,15.33,166.6,1420.0,85.2,63.7,Mixed
43,559,Jersey,15.1,Mild,Mastitis,3.3,Monaragala,15.49,175.6,1587.0,86.9,45.6,Mixed
84,313,Ayrshire,11.9,Healthy,None,2.6,Kurunegala,9.02,96.6,848.0,49.9,35.8,Grass
46,480,Ayrshire,12.4,Severe,Lumpy Skin Disease,2.7,Polonnaruwa,13.24,139.9,1258.0,65.8,55.5,Grass
46,264,Ayrshire,16.9,Severe,Foot Rot,2.9,Monaragala,8.29,94.0,836.0,39.6,26.5,Mixed
78,321,Local,7.9,Healthy,None,2.8,Matale,8.82,92.7,764.0,44.2,35.0,Grass
111,561,Local,14.1,Healthy,None,2.7,Monaragala,15.44,167.9,1405.0,71.0,52.3,Grass
97,484,Friesian,7.9,Healthy,None,3.1,Anuradhapura,12.89,150.5,1249.0,58.4,45.4,Grass
109,323,Ayrshire,13.2,Healthy,None,2.7,Kurunegala,9.4,106.2,844.0,50.1,35.1,Grass
85,434,Friesian,9.6,Severe,Foot Rot,3.1,Puttalam,11.81,131.8,1237.0,66.2,39.5,Grass
23,575,Local,4.8,Severe,Lumpy Skin Disease,2.3,Badulla,14.86,170.5,1369.0,68.9,46.6,Grass
98,303,Ayrshire,8.4,Healthy,None,2.9,Badulla,8.42,92.3,773.0,48.7,33.4,Grass
77,495,Jersey,13.6,Mild,Mastitis,3.7,Monaragala,13.73,156.9,1426.0,62.8,42.3,Grass
43,271,Ayrshire,16.3,Severe,Foot Rot,2.9,Badulla,8.41,92.7,852.0,45.8,24.0,Mixed
42,396,Ayrshire,11.9,Mild,Mastitis,2.5,Puttalam,11.09,128.9,1016.0,52.7,36.8,Grass
113,475,Local,11.9,Healthy,None,2.9,Polonnaruwa,13.06,140.3,1291.0,68.4,51.1,Grass
120,292,Local,13.6,Healthy,None,2.6,Kurunegala,8.66,97.7,879.0,48.4,28.1,Grass
59,588,Ayrshire,14.6,Healthy,None,3.8,Kurunegala,16.16,182.3,1511.0,95.0,53.2,Grass
111,430,Local,11.5,Healthy,None,3.2,Polonnaruwa,11.9,140.1,1237.0,55.3,43.9,Grass
83,597,Jersey,15.5,Severe,Mastitis,2.8,Anuradhapura,16.48,191.2,1624.0,88.6,49.1,Mixed
117,580,Ayrshire,13.1,Healthy,None,3.0,Polonnaruwa,15.81,185.5,1354.0,76.0,54.2,Grass
65,477,Friesian,12.5,Healthy,None,2.6,Kurunegala,13.18,147.5,1225.0,76.4,41.5,Grass
21,345,Local,12.1,Healthy,None,3.2,Anuradhapura,9.84,115.0,860.0,59.5,37.3,Grass
96,396,Local,19.3,Healthy,None,3.5,Kurunegala,11.83,126.3,1023.0,57.3,44.9,Mixed
105,413,Ayrshire,22.8,Mild,Foot Rot,2.6,Badulla,12.61,141.3,1297.0,78.2,47.9,Concentrate
99,339,Ayrshire,16.4,Healthy,None,3.1,Kurunegala,10.12,107.9,901.0,48.4,39.5,Mixed
64,533,Ayrshire,22.9,Healthy,None,2.6,Puttalam,15.62,184.0,1368.0,97.9,45.2,Concentrate
109,495,Local,7.8,Mild,Foot Rot,2.7,Badulla,13.15,139.3,1373.0,76.1,45.1,Grass
84,426,Jersey,1.4,Mild,Foot Rot,2.7,Monaragala,10.79,122.3,956.0,69.4,36.7,Grass
25,313,Jersey,8.2,Healthy,None,3.1,Matale,8.64,92.5,896.0,42.8,35.7,Grass
54,290,Ayrshire,13.7,Healthy,None,3.9,Kurunegala,8.62,101.2,780.0,49.6,31.6,Grass
82,578,Jersey,16.8,Healthy,None,2.7,Polonnaruwa,16.13,181.5,1426.0,92.7,65.5,Mixed
90,271,Friesian,7.5,Healthy,None,3.2,Matale,7.53,88.4,756.0,37.9,23.3,Grass
71,566,Friesian,5.4,Healthy,None,3.9,Monaragala,14.69,166.2,1334.0,94.2,51.1,Grass
105,457,Ayrshire,17.9,Healthy,None,2.8,Polonnaruwa,13.21,150.5,1165.0,70.4,45.6,Mixed
95,323,Ayrshire,3.4,Mild,Lumpy Skin Disease,3.7,Polonnaruwa,8.42,96.4,861.0,54.3,25.1,Grass
83,537,Friesian,11.4,Healthy,None,3.6,Polonnaruwa,14.57,161.8,1316.0,72.8,42.8,Grass
67,565,Local,4.0,Healthy,None,2.7,Polonnaruwa,14.53,168.9,1281.0,74.9,52.4,Grass
42,331,Local,12.0,Severe,Lumpy Skin Disease,3.0,Matale,9.48,105.7,864.0,43.1,39.1,Grass
76,373,Jersey,9.7,Healthy,None,3.3,Badulla,10.3,108.8,933.0,58.7,41.0,Grass
78,396,Friesian,6.7,Mild,Lumpy Skin Disease,2.9,Kurunegala,10.57,112.8,954.0,55.3,35.6,Grass
69,276,Jersey,12.6,Healthy,None,3.3,Monaragala,8.16,88.7,757.0,44.1,29.1,Grass
97,598,Friesian,15.6,Healthy,None,2.4,Polonnaruwa,16.51,175.4,1527.0,106.9,59.1,Mixed
114,323,Jersey,4.3,Healthy,None,3.6,Monaragala,8.51,93.8,730.0,39.0,32.3,Grass
78,515,Local,13.7,Healthy,None,2.6,Puttalam,14.25,166.2,1251.0,90.7,46.3,Grass
96,403,Ayrshire,19.8,Healthy,None,3.1,Kurunegala,12.06,134.6,1143.0,67.8,41.8,Mixed
65,419,Friesian,17.9,Severe,Foot Rot,3.0,Matale,12.27,133.7,1264.0,76.6,45.2,Mixed
78,385,Jersey,22.3,Mild,Foot Rot,3.9,Puttalam,11.86,131.9,1132.0,70.5,46.1,Concentrate
36,598,Jersey,10.8,Healthy,None,3.5,Anuradhapura,16.03,188.1,1398.0,72.7,51.9,Grass
70,354,Local,15.2,Healthy,None,3.7,Badulla,10.37,117.1,979.0,64.3,39.6,Mixed
35,515,Jersey,7.2,Healthy,None,3.3,Puttalam,13.6,160.4,1286.0,71.4,56.3,Grass
86,425,Ayrshire,17.3,Mild,Foot Rot,2.1,Anuradhapura,12.36,140.7,1249.0,62.2,43.0,Mixed
53,535,Ayrshire,6.1,Healthy,None,2.0,Badulla,13.98,164.5,1272.0,71.0,43.2,Grass
80,412,Local,10.7,Healthy,None,3.4,Badulla,11.37,133.2,1147.0,57.4,33.8,Grass
87,444,Local,19.5,Mild,Mastitis,3.0,Puttalam,13.05,142.0,1184.0,77.4,42.9,Mixed
101,381,Local,20.1,Healthy,None,2.3,Kurunegala,11.54,133.6,1043.0,64.9,36.7,Mixed
96,550,Jersey,3.5,Healthy,None,3.0,Puttalam,14.1,160.3,1348.0,81.4,40.5,Grass
60,491,Friesian,13.9,Mild,Mastitis,3.0,Puttalam,13.67,143.6,1312.0,86.9,46.1,Grass
79,583,Jersey,1.7,Mild,Lumpy Skin Disease,3.0,Matale,14.75,161.0,1444.0,93.2,43.1,Grass
47,523,Friesian,5.5,Severe,Mastitis,3.3,Monaragala,13.63,150.5,1387.0,86.8,38.9,Grass
68,503,Jersey,13.8,Severe,Lumpy Skin Disease,2.5,Polonnaruwa,13.96,162.5,1189.0,78.7,41.2,Grass
54,482,Local,9.4,Mild,Mastitis,2.5,Anuradhapura,12.99,150.8,1226.0,63.5,38.4,Grass
111,484,Ayrshire,11.7,Mild,Mastitis,3.5,Anuradhapura,13.27,152.0,1338.0,74.8,51.2,Grass
96,577,Local,7.1,Mild,Foot Rot,3.3,Puttalam,15.14,165.4,1408.0,71.0,63.2,Grass
59,377,Friesian,9.3,Healthy,None,2.6,Badulla,10.36,112.0,1037.0,66.4,33.4,Grass
91,255,Ayrshire,11.5,Mild,Foot Rot,2.5,Badulla,7.53,81.4,741.0,40.9,22.8,Grass
82,409,Friesian,9.2,Healthy,None,2.4,Puttalam,11.15,130.7,1030.0,55.1,46.2,Grass
37,482,Ayrshire,21.8,Healthy,None,3.0,Anuradhapura,14.23,159.6,1344.0,79.3,53.1,Mixed
115,376,Friesian,8.5,Healthy,None,3.1,Monaragala,10.25,114.7,945.0,64.9,30.3,Grass
88,508,Jersey,11.4,Healthy,None,2.9,Anuradhapura,13.84,148.0,1267.0,76.7,41.0,Grass
109,548,Local,15.1,Healthy,None,3.4,Puttalam,15.21,169.8,1539.0,82.2,53.5,Mixed
90,279,Local,9.3,Mild,Lumpy Skin Disease,2.7,Matale,7.91,90.5,735.0,48.5,30.4,Grass
27,273,Local,10.6,Healthy,None,1.8,Puttalam,7.88,83.4,826.0,50.2,22.8,Grass
22,396,Local,4.4,Healthy,None,3.7,Polonnaruwa,10.34,110.4,1012.0,61.6,42.9,Grass
66,479,Local,20.2,Healthy,None,2.9,Polonnaruwa,14.0,159.4,1375.0,78.1,52.0,Mixed
33,341,Local,14.9,Healthy,None,3.2,Polonnaruwa,10.02,114.7,896.0,45.2,28.4,Grass
77,594,Local,27.4,Healthy,None,3.6,Badulla,17.59,203.5,1582.0,91.3,56.0,Concentrate
115,307,Friesian,11.4,Mild,Lumpy Skin Disease,2.5,Kurunegala,8.82,99.7,915.0,55.4,27.7,Grass
30,554,Friesian,4.0,Healthy,None,3.1,Puttalam,14.25,162.1,1460.0,71.1,40.8,Grass
47,526,Jersey,8.2,Mild,Mastitis,2.3,Matale,13.97,149.2,1465.0,69.4,57.0,Grass
58,545,Ayrshire,8.8,Healthy,None,2.5,Polonnaruwa,14.51,168.9,1519.0,80.4,49.0,Grass
25,535,Jersey,20.4,Healthy,None,3.4,Badulla,15.41,170.4,1463.0,99.3,63.5,Mixed
66,518,Ayrshire,12.0,Mild,Lumpy Skin Disease,3.7,Monaragala,14.15,151.3,1309.0,85.0,49.0,Grass
46,403,Jersey,12.4,Mild,Mastitis,2.6,Anuradhapura,11.32,127.1,1181.0,63.6,33.8,Grass
50,354,Ayrshire,19.6,Healthy,None,3.3,Anuradhapura,10.81,126.5,1102.0,50.6,41.2,Mixed
24,387,Local,6.8,Mild,Foot Rot,2.9,Badulla,10.36,109.3,896.0,63.3,37.5,Grass
89,361,Local,7.6,Healthy,None,2.3,Anuradhapura,9.79,114.3,892.0,61.9,30.3,Grass
112,310,Local,16.6,Severe,Foot Rot,4.0,Monaragala,9.41,106.2,838.0,59.6,33.6,Mixed
54,444,Local,5.0,Healthy,None,3.3,Kurunegala,11.6,127.2,1047.0,64.1,40.6,Grass
120,490,Ayrshire,8.7,Severe,Lumpy Skin Disease,2.8,Kurunegala,13.12,143.1,1127.0,81.7,50.4,Grass
51,533,Local,9.0,Healthy,None,2.6,Matale,14.23,153.0,1275.0,80.3,44.7,Grass
101,600,Ayrshire,12.2,Healthy,None,2.6,Anuradhapura,16.22,187.6,1692.0,93.8,56.6,Grass
111,430,Jersey,13.4,Healthy,None,3.0,Kurunegala,12.09,135.5,1072.0,75.9,50.6,Grass
85,267,Friesian,10.8,Severe,Foot Rot,2.5,Kurunegala,7.76,82.0,661.0,37.1,28.6,Grass
108,327,Friesian,9.1,Healthy,None,3.4,Puttalam,9.09,100.8,784.0,52.5,37.3,Grass
102,499,Friesian,14.5,Healthy,None,2.5,Polonnaruwa,13.93,156.3,1187.0,77.4,44.4,Grass
20,507,Local,12.5,Mild,Mastitis,3.4,Matale,13.93,148.2,1211.0,66.8,42.7,Grass
50,431,Ayrshire,3.7,Mild,Mastitis,3.3,Anuradhapura,11.14,122.4,1037.0,62.7,46.6,Grass
56,600,Friesian,8.7,Mild,Foot Rot,3.3,Kurunegala,15.87,182.3,1379.0,83.5,56.7,Grass
99,254,Jersey,8.2,Healthy,None,2.1,Kurunegala,7.17,83.2,702.0,37.0,29.9,Grass
85,271,Jersey,3.9,Healthy,None,3.0,Kurunegala,7.17,83.4,737.0,39.1,20.5,Grass
105,393,Friesian,13.3,Healthy,None,2.5,Monaragala,11.16,129.5,952.0,54.8,33.5,Grass
109,453,Friesian,15.2,Healthy,None,2.2,Matale,12.85,144.3,1238.0,79.7,48.2,Mixed
60,446,Jersey,11.7,Mild,Foot Rot,2.4,Puttalam,12.32,141.0,1171.0,79.4,35.4,Grass
47,288,Ayrshire,8.7,Healthy,None,3.0,Badulla,8.07,91.2,782.0,52.0,26.3,Grass
52,480,Local,7.7,Healthy,None,2.8,Puttalam,12.77,143.3,1181.0,62.2,46.2,Grass
28,566,Ayrshire,17.0,Mild,Foot Rot,2.7,Anuradhapura,15.85,167.9,1432.0,83.4,61.8,Mixed
112,449,Ayrshire,16.2,Healthy,None,2.4,Kurunegala,12.85,136.5,1335.0,69.3,49.7,Mixed
34,294,Jersey,14.6,Healthy,None,3.7,Matale,8.81,98.9,839.0,41.5,25.8,Grass
29,555,Ayrshire,0.0,Mild,Mastitis,2.6,Anuradhapura,13.88,151.0,1287.0,64.8,56.4,Grass
91,516,Jersey,14.9,Mild,Mastitis,2.9,Puttalam,14.39,153.7,1310.0,78.9,41.6,Grass
53,465,Ayrshire,13.9,Healthy,None,2.7,Matale,13.02,138.0,1172.0,65.0,47.8,Grass
96,350,Local,12.4,Healthy,None,2.9,Monaragala,9.99,108.9,1039.0,51.6,36.6,Grass
60,475,Ayrshire,17.8,Healthy,None,3.1,Matale,13.66,158.1,1339.0,77.7,44.0,Mixed
106,352,Local,13.7,Healthy,None,2.8,Puttalam,10.17,119.5,1061.0,51.7,38.4,Grass
91,374,Ayrshire,9.6,Healthy,None,2.8,Matale,10.31,119.2,957.0,48.7,37.0,Grass
87,342,Friesian,14.0,Severe,Lumpy Skin Disease,2.8,Kurunegala,9.95,116.7,887.0,60.6,39.4,Grass
119,459,Local,13.4,Healthy,None,4.0,Puttalam,12.82,139.7,1154.0,61.6,43.5,Grass
27,479,Local,16.4,Healthy,None,2.8,Kurunegala,13.62,152.5,1409.0,85.0,46.1,Mixed
119,434,Friesian,18.0,Healthy,None,2.8,Matale,12.65,136.9,1243.0,61.1,46.3,Mixed
100,596,Local,1.8,Severe,Lumpy Skin Disease,2.5,Matale,15.08,177.3,1412.0,68.2,47.7,Grass
113,515,Jersey,2.6,Healthy,None,2.8,Polonnaruwa,13.13,144.5,1319.0,74.5,46.0,Grass
21,497,Friesian,12.1,Healthy,None,3.8,Polonnaruwa,13.64,159.5,1183.0,84.1,52.1,Grass
57,425,Local,13.6,Mild,Foot Rot,2.9,Polonnaruwa,11.98,133.3,1132.0,64.4,45.2,Grass
26,403,Friesian,16.1,Mild,Mastitis,1.9,Badulla,11.69,123.1,1074.0,55.2,45.8,Mixed
49,514,Jersey,13.2,Healthy,None,3.4,Badulla,14.17,154.9,1325.0,76.9,55.5,Grass
41,345,Local,4.6,Healthy,None,3.6,Kurunegala,9.09,104.2,933.0,49.1,30.9,Grass
108,359,Jersey,13.7,Healthy,None,2.8,Matale,10.34,118.0,1044.0,58.5,40.5,Grass
41,437,Ayrshire,15.2,Healthy,None,4.1,Polonnaruwa,12.45,132.6,1225.0,68.2,51.7,Mixed
94,448,Local,12.9,Healthy,None,3.1,Badulla,12.49,136.8,1273.0,71.6,49.2,Grass
120,402,Friesian,9.7,Mild,Lumpy Skin Disease,2.6,Matale,11.02,117.4,1004.0,53.6,41.6,Grass
67,464,Jersey,16.2,Healthy,None,2.6,Anuradhapura,13.22,146.1,1252.0,73.7,54.0,Mixed
89,335,Local,12.4,Healthy,None,2.8,Kurunegala,9.62,103.3,980.0,55.2,38.6,Grass
80,319,Jersey,14.4,Mild,Foot Rot,3.2,Monaragala,9.42,105.1,894.0,55.3,31.9,Grass
74,500,Jersey,17.2,Healthy,None,2.7,Matale,14.22,149.9,1425.0,72.3,45.3,Mixed
54,336,Local,10.7,Healthy,None,2.5,Polonnaruwa,9.47,108.9,899.0,52.3,34.1,Grass
117,528,Ayrshire,9.8,Healthy,None,3.2,Puttalam,14.18,162.8,1421.0,76.3,44.0,Grass
31,584,Jersey,15.8,Healthy,None,2.5,Puttalam,16.18,190.9,1521.0,84.1,63.8,Mixed
33,371,Jersey,16.3,Mild,Foot Rot,3.7,Matale,10.91,124.3,1115.0,62.4,37.1,Mixed
35,355,Jersey,14.1,Mild,Foot Rot,3.9,Badulla,10.29,112.7,932.0,57.4,33.5,Grass
55,398,Ayrshire,8.1,Severe,Foot Rot,2.4,Monaragala,10.76,126.8,1061.0,50.5,44.6,Grass
70,280,Ayrshire,3.1,Mild,Mastitis,3.7,Anuradhapura,7.31,83.4,641.0,35.0,23.8,Grass
115,596,Local,15.3,Healthy,None,3.0,Badulla,16.43,184.8,1485.0,87.5,56.4,Mixed
119,297,Local,13.4,Healthy,None,2.4,Polonnaruwa,8.77,95.3,910.0,45.9,36.2,Grass
92,251,Friesian,24.2,Mild,Lumpy Skin Disease,3.1,Puttalam,8.7,98.5,861.0,53.9,34.1,Concentrate
45,469,Jersey,12.5,Healthy,None,3.4,Monaragala,12.98,141.7,1177.0,72.6,38.7,Grass
80,425,Friesian,14.4,Healthy,None,3.1,Anuradhapura,12.06,136.4,1227.0,54.7,49.5,Grass
74,483,Friesian,8.0,Severe,Lumpy Skin Disease,3.2,Anuradhapura,12.88,138.6,1272.0,61.4,47.8,Grass
53,297,Ayrshire,21.4,Healthy,None,3.7,Polonnaruwa,9.57,105.1,986.0,46.2,32.1,Mixed
110,369,Local,20.0,Mild,Foot Rot,2.7,Matale,11.22,119.2,1002.0,52.2,40.7,Mixed
105,477,Friesian,7.1,Healthy,None,2.9,Puttalam,12.64,138.4,1105.0,78.6,47.7,Grass
27,367,Local,12.3,Healthy,None,3.5,Puttalam,10.41,120.2,906.0,54.5,33.5,Grass
117,318,Jersey,3.5,Healthy,None,3.8,Anuradhapura,8.3,93.2,807.0,40.1,27.3,Grass
98,327,Local,11.2,Healthy,None,2.8,Kurunegala,9.29,102.9,830.0,58.5,27.8,Grass
93,446,Ayrshire,6.9,Severe,Lumpy Skin Disease,2.2,Matale,11.84,136.5,1065.0,68.5,37.3,Grass
94,561,Ayrshire,16.1,Mild,Foot Rot,3.0,Matale,15.64,164.8,1594.0,97.8,48.3,Mixed
83,346,Local,5.6,Healthy,None,2.4,Kurunegala,9.21,97.4,948.0,59.0,32.2,Grass
48,505,Friesian,10.3,Healthy,None,3.8,Monaragala,13.65,160.7,1430.0,86.9,40.7,Grass
90,465,Ayrshire,10.7,Healthy,None,2.2,Matale,12.7,136.2,1199.0,82.2,36.9,Grass
26,257,Ayrshire,10.8,Healthy,None,2.9,Badulla,7.51,87.9,781.0,39.8,24.0,Grass
82,462,Local,0.0,Mild,Mastitis,3.0,Kurunegala,11.55,130.9,1106.0,55.5,33.7,Grass
83,354,Jersey,10.8,Healthy,None,3.3,Kurunegala,9.93,109.3,970.0,61.3,37.3,Grass
57,473,Jersey,21.2,Healthy,None,3.6,Polonnaruwa,13.95,148.0,1307.0,75.4,51.0,Mixed
103,586,Jersey,10.7,Healthy,None,2.4,Matale,15.72,179.5,1557.0,75.9,65.0,Grass
84,382,Jersey,24.9,Healthy,None,3.0,Kurunegala,12.04,138.2,1234.0,71.8,35.7,Concentrate
60,469,Ayrshire,12.1,Healthy,None,3.0,Matale,12.94,140.3,1352.0,74.5,45.2,Grass
64,278,Local,13.0,Mild,Mastitis,2.9,Badulla,8.25,90.6,743.0,38.8,29.7,Grass
32,366,Friesian,9.1,Healthy,None,2.7,Anuradhapura,10.06,116.9,904.0,54.8,33.6,Grass
40,268,Local,11.8,Healthy,None,2.7,Matale,7.88,85.3,814.0,40.5,31.2,Grass
65,311,Friesian,8.4,Healthy,None,3.1,Puttalam,8.62,99.5,902.0,55.2,25.0,Grass
54,409,Ayrshire,10.7,Healthy,None,3.8,Badulla,11.3,125.4,1044.0,57.4,44.1,Grass
97,374,Local,0.0,Healthy,None,3.5,Matale,9.35,110.0,981.0,56.6,35.8,Grass
115,375,Jersey,18.2,Healthy,None,2.0,Kurunegala,11.2,123.6,1004.0,58.2,44.5,Mixed
60,250,Local,10.3,Mild,Foot Rot,2.8,Kurunegala,7.28,79.4,649.0,47.1,24.7,Grass
36,393,Friesian,5.0,Healthy,None,2.6,Puttalam,10.33,111.6,1053.0,55.0,41.9,Grass
113,293,Friesian,6.4,Healthy,None,3.9,Badulla,7.96,90.2,739.0,45.2,23.0,Grass
34,371,Ayrshire,16.7,Healthy,None,3.6,Polonnaruwa,10.95,119.5,1106.0,64.6,41.9,Mixed
75,389,Jersey,15.6,Healthy,None,2.4,Anuradhapura,11.29,121.5,1136.0,64.0,34.1,Mixed
75,488,Ayrshire,9.4,Healthy,None,3.2,Polonnaruwa,13.14,147.1,1370.0,64.6,42.5,Grass
33,296,Jersey,5.9,Mild,Lumpy Skin Disease,3.4,Polonnaruwa,7.99,92.5,791.0,36.6,31.7,Grass
36,296,Jersey,10.8,Severe,Lumpy Skin Disease,2.8,Kurunegala,8.48,94.7,836.0,42.6,35.5,Grass
69,481,Jersey,15.6,Healthy,None,3.2,Monaragala,13.59,144.5,1371.0,64.5,39.2,Mixed
46,316,Jersey,10.2,Mild,Lumpy Skin Disease,3.6,Monaragala,8.92,101.6,925.0,41.6,32.3,Grass
27,261,Friesian,6.6,Healthy,None,3.3,Monaragala,7.19,81.5,728.0,33.7,28.7,Grass
60,312,Friesian,15.0,Severe,Mastitis,2.8,Kurunegala,9.3,99.7,897.0,57.1,31.2,Grass
66,599,Local,13.6,Healthy,None,2.4,Kurunegala,16.34,176.1,1450.0,82.7,66.0,Grass
96,567,Jersey,16.6,Healthy,None,2.9,Puttalam,15.84,176.6,1626.0,86.5,46.3,Mixed
35,464,Jersey,9.4,Healthy,None,3.5,Kurunegala,12.54,144.7,1128.0,81.4,44.7,Grass
66,433,Local,8.5,Healthy,None,2.3,Anuradhapura,11.68,130.0,1206.0,64.3,39.1,Grass
21,413,Jersey,4.2,Healthy,None,3.3,Polonnaruwa,10.75,124.2,974.0,65.8,37.2,Grass
116,549,Jersey,5.6,Severe,Mastitis,3.9,Badulla,14.29,154.6,1284.0,79.6,55.8,Grass
25,362,Local,1.6,Healthy,None,3.8,Monaragala,9.21,106.8,939.0,44.7,33.4,Grass
112,433,Friesian,13.1,Mild,Lumpy Skin Disease,3.0,Monaragala,12.14,142.4,1169.0,68.3,37.2,Grass
81,527,Ayrshire,9.3,Healthy,None,3.2,Puttalam,14.11,148.9,1215.0,80.5,39.9,Grass
18,419,Jersey,11.8,Mild,Lumpy Skin Disease,3.6,Kurunegala,11.66,133.3,1205.0,72.2,37.9,Grass
36,550,Jersey,12.6,Mild,Foot Rot,3.1,Puttalam,15.01,174.4,1564.0,78.8,61.8,Grass
93,301,Ayrshire,10.2,Healthy,None,3.0,Puttalam,8.54,91.2,753.0,54.6,33.4,Grass
101,412,Jersey,13.5,Mild,Foot Rot,2.1,Matale,11.65,132.8,1207.0,70.8,36.3,Grass
40,443,Ayrshire,5.3,Mild,Lumpy Skin Disease,3.4,Puttalam,11.61,123.8,1156.0,74.3,47.9,Grass
116,540,Friesian,12.9,Healthy,None,2.9,Kurunegala,14.79,161.4,1496.0,84.6,54.7,Grass
81,322,Ayrshire,12.1,Mild,Mastitis,3.2,Monaragala,9.26,101.4,846.0,53.5,38.4,Grass
108,593,Ayrshire,9.3,Healthy,None,2.6,Kurunegala,15.76,170.9,1418.0,73.1,49.8,Grass
110,250,Friesian,13.0,Healthy,None,2.5,Puttalam,7.55,86.5,788.0,47.3,26.4,Grass
62,529,Local,14.0,Healthy,None,2.1,Anuradhapura,14.63,162.7,1496.0,84.9,55.0,Grass
75,287,Friesian,17.1,Healthy,None,3.2,Puttalam,8.89,97.0,925.0,41.3,27.0,Mixed
38,288,Friesian,13.3,Healthy,None,3.5,Badulla,8.53,100.5,877.0,50.4,29.0,Grass
39,560,Local,20.3,Healthy,None,3.5,Badulla,16.03,170.4,1428.0,78.2,60.5,Mixed
111,526,Ayrshire,2.8,Mild,Lumpy Skin Disease,2.4,Anuradhapura,13.43,145.2,1155.0,75.8,53.4,Grass
24,434,Friesian,8.9,Healthy,None,3.0,Kurunegala,11.74,127.8,1153.0,66.9,36.2,Grass
44,337,Ayrshire,14.6,Severe,Lumpy Skin Disease,2.6,Badulla,9.89,114.7,902.0,52.4,34.5,Grass
51,296,Local,12.9,Healthy,None,2.6,Puttalam,8.69,101.2,803.0,46.9,27.5,Grass
51,365,Ayrshire,8.9,Healthy,None,2.3,Monaragala,10.02,107.2,991.0,47.0,37.4,Grass
87,461,Jersey,7.4,Healthy,None,2.3,Monaragala,12.27,142.2,1244.0,65.5,43.6,Grass
78,543,Jersey,7.1,Healthy,None,3.5,Matale,14.29,151.5,1473.0,84.7,50.1,Grass
120,542,Jersey,7.3,Healthy,None,4.3,Monaragala,14.28,164.0,1263.0,92.4,59.4,Grass
42,314,Friesian,14.5,Healthy,None,3.1,Monaragala,9.3,109.6,871.0,60.4,34.2,Grass
94,382,Ayrshire,7.7,Severe,Mastitis,3.4,Matale,10.32,109.5,992.0,57.8,41.3,Grass
76,256,Local,9.1,Healthy,None,3.1,Kurunegala,7.31,78.2,704.0,41.4,30.3,Grass
31,538,Friesian,24.8,Mild,Foot Rot,3.0,Matale,15.93,185.5,1634.0,80.1,59.2,Concentrate
95,492,Friesian,17.7,Healthy,None,2.6,Puttalam,14.07,155.1,1370.0,82.5,47.3,Mixed
60,371,Friesian,11.8,Mild,Lumpy Skin Disease,3.9,Polonnaruwa,10.46,122.0,893.0,64.2,33.7,Grass
80,600,Friesian,8.9,Severe,Mastitis,3.9,Polonnaruwa,15.89,169.6,1660.0,85.6,62.9,Grass
111,463,Friesian,15.5,Healthy,None,2.7,Monaragala,13.13,141.5,1332.0,78.5,50.7,Mixed
65,278,Jersey,15.2,Healthy,None,3.5,Matale,8.47,96.7,788.0,51.3,29.9,Mixed
21,338,Jersey,15.1,Mild,Mastitis,2.2,Badulla,9.96,115.4,896.0,53.9,40.7,Mixed
43,390,Ayrshire,8.4,Mild,Foot Rot,2.9,Puttalam,10.59,116.7,1096.0,62.1,33.2,Grass
94,478,Jersey,11.6,Severe,Lumpy Skin Disease,3.3,Badulla,13.11,147.7,1206.0,63.3,53.1,Grass
106,296,Ayrshire,12.9,Healthy,None,2.3,Anuradhapura,8.69,91.8,887.0,52.7,26.9,Grass
100,365,Jersey,13.9,Healthy,None,3.3,Kurunegala,10.52,116.1,898.0,63.8,40.8,Grass
78,317,Jersey,14.8,Healthy,None,3.5,Badulla,9.41,98.9,847.0,57.5,30.4,Grass
100,390,Local,16.2,Mild,Lumpy Skin Disease,3.2,Matale,11.37,126.2,1016.0,58.0,40.1,Mixed
68,549,Friesian,11.6,Healthy,None,2.2,Matale,14.89,175.7,1553.0,92.0,53.4,Grass
95,394,Ayrshire,14.1,Mild,Lumpy Skin Disease,3.1,Polonnaruwa,11.26,119.2,1180.0,65.1,45.1,Grass
101,583,Ayrshire,13.4,Healthy,None,2.4,Monaragala,15.92,177.9,1430.0,73.4,63.7,Grass
94,456,Ayrshire,6.6,Mild,Foot Rot,3.5,Puttalam,12.06,127.0,1145.0,61.4,49.1,Grass
67,268,Jersey,11.8,Healthy,None,3.3,Badulla,7.88,90.0,778.0,45.5,27.3,Grass
63,509,Ayrshire,12.1,Mild,Foot Rot,3.0,Polonnaruwa,13.94,162.3,1235.0,65.5,41.5,Grass
110,536,Jersey,16.7,Severe,Lumpy Skin Disease,2.7,Puttalam,15.07,171.1,1348.0,74.5,60.6,Mixed
118,419,Ayrshire,12.5,Healthy,None,2.8,Matale,11.73,127.6,1197.0,63.8,47.1,Grass
92,567,Friesian,9.8,Healthy,None,2.8,Puttalam,15.16,163.0,1325.0,88.9,53.7,Grass
24,327,Jersey,13.1,Severe,Lumpy Skin Disease,2.8,Polonnaruwa,9.49,104.7,915.0,59.9,32.7,Grass
109,342,Friesian,18.3,Healthy,None,2.6,Polonnaruwa,10.38,117.5,919.0,59.9,29.1,Mixed
44,336,Jersey,11.1,Healthy,None,2.8,Puttalam,9.51,109.3,825.0,54.5,35.1,Grass
72,494,Local,19.2,Healthy,None,3.1,Monaragala,14.27,159.7,1421.0,91.3,57.8,Mixed
85,347,Friesian,17.2,Mild,Foot Rot,2.3,Kurunegala,10.4,119.1,931.0,65.0,33.7,Mixed
67,507,Ayrshire,13.3,Healthy,None,3.4,Matale,14.01,162.1,1274.0,71.2,53.5,Grass
85,422,Local,12.4,Mild,Mastitis,3.5,Monaragala,11.79,129.0,1215.0,61.5,36.1,Grass
69,259,Jersey,9.4,Healthy,None,3.7,Kurunegala,7.42,87.4,662.0,33.7,26.0,Grass
64,583,Friesian,23.5,Healthy,None,2.8,Kurunegala,16.93,191.9,1700.0,97.3,61.5,Concentrate
102,305,Friesian,9.8,Healthy,None,3.7,Badulla,8.61,91.7,808.0,40.9,27.2,Grass
37,355,Friesian,19.9,Healthy,None,2.7,Anuradhapura,10.87,123.5,1068.0,54.8,39.7,Mixed
71,303,Friesian,9.9,Healthy,None,2.9,Monaragala,8.56,98.6,813.0,48.9,33.3,Grass
84,353,Ayrshire,5.3,Mild,Lumpy Skin Disease,2.5,Puttalam,9.36,100.2,898.0,59.2,35.2,Grass
60,370,Friesian,7.0,Healthy,None,2.6,Kurunegala,9.95,105.6,868.0,56.2,34.7,Grass
117,511,Friesian,11.8,Mild,Mastitis,3.1,Polonnaruwa,13.96,163.0,1366.0,75.6,58.2,Grass
77,275,Friesian,19.8,Mild,Mastitis,2.5,Kurunegala,8.86,102.8,817.0,51.9,30.1,Mixed
30,273,Friesian,16.9,Mild,Foot Rot,2.9,Polonnaruwa,8.52,96.6,780.0,53.6,35.2,Mixed
111,297,Ayrshire,11.8,Mild,Mastitis,3.3,Badulla,8.61,91.7,801.0,46.6,34.2,Grass
79,465,Jersey,6.4,Healthy,None,3.2,Puttalam,12.27,139.9,1057.0,78.3,37.1,Grass
93,497,Local,12.8,Healthy,None,3.2,Monaragala,13.71,150.7,1264.0,62.5,51.5,Grass
111,316,Local,13.4,Severe,Mastitis,4.2,Kurunegala,9.24,107.7,867.0,42.8,34.3,Grass
108,597,Jersey,8.8,Severe,Foot Rot,2.7,Puttalam,15.81,184.0,1508.0,92.9,58.0,Grass
102,377,Local,8.9,Healthy,None,2.7,Matale,10.32,117.4,957.0,63.8,37.0,Grass
24,255,Jersey,8.8,Healthy,None,3.6,Polonnaruwa,7.25,80.5,688.0,35.0,27.9,Grass
48,419,Ayrshire,19.1,Healthy,None,2.7,Puttalam,12.39,133.7,1213.0,65.7,38.8,Mixed
74,543,Local,7.8,Healthy,None,3.2,Kurunegala,14.36,160.1,1311.0,92.8,55.2,Grass
31,456,Local,9.2,Healthy,None,3.3,Badulla,12.32,138.2,1251.0,74.9,51.1,Grass
56,510,Jersey,13.0,Mild,Lumpy Skin Disease,2.2,Puttalam,14.05,164.9,1296.0,64.8,43.7,Grass
60,536,Local,19.7,Mild,Lumpy Skin Disease,3.9,Polonnaruwa,15.37,175.7,1342.0,92.5,47.8,Mixed
63,574,Ayrshire,8.9,Healthy,None,2.8,Monaragala,15.24,167.4,1328.0,95.9,53.2,Grass
109,459,Friesian,13.4,Healthy,None,3.2,Monaragala,12.82,137.9,1121.0,79.5,39.8,Grass
118,347,Ayrshire,15.3,Healthy,None,4.0,Monaragala,10.21,112.7,1057.0,63.0,37.0,Mixed
75,484,Jersey,11.1,Severe,Mastitis,2.6,Puttalam,13.21,147.8,1136.0,84.2,52.5,Grass
83,340,Jersey,5.1,Mild,Mastitis,2.6,Puttalam,9.01,95.8,884.0,51.5,29.3,Grass
71,561,Jersey,11.8,Healthy,None,3.9,Puttalam,15.21,178.8,1588.0,82.2,45.4,Grass
95,512,Ayrshire,9.4,Mild,Foot Rot,3.1,Anuradhapura,13.74,159.6,1364.0,87.5,50.6,Grass
44,569,Ayrshire,11.9,Mild,Foot Rot,3.6,Matale,15.42,164.6,1530.0,99.5,47.0,Grass
106,576,Ayrshire,24.6,Mild,Lumpy Skin Disease,2.7,Badulla,16.86,189.4,1630.0,107.7,64.0,Concentrate
113,523,Ayrshire,9.6,Mild,Lumpy Skin Disease,3.5,Badulla,14.04,162.2,1340.0,63.9,42.2,Grass
25,352,Ayrshire,15.4,Mild,Mastitis,3.9,Monaragala,10.34,121.8,1020.0,49.6,29.8,Mixed
55,354,Friesian,14.9,Healthy,None,2.8,Anuradhapura,10.34,114.7,1006.0,60.5,37.1,Grass
113,581,Local,15.0,Healthy,None,3.6,Puttalam,16.02,184.5,1618.0,81.3,59.8,Grass
67,463,Ayrshire,16.1,Severe,Mastitis,3.3,Monaragala,13.19,138.7,1187.0,75.7,51.4,Mixed
74,365,Ayrshire,17.3,Mild,Foot Rot,3.6,Puttalam,10.86,124.5,966.0,64.6,33.3,Mixed
40,599,Friesian,18.9,Healthy,None,3.3,Matale,16.87,180.9,1607.0,88.6,57.4,Mixed
51,316,Jersey,11.2,Healthy,None,3.1,Anuradhapura,9.02,97.7,826.0,53.4,27.2,Grass
59,555,Friesian,18.0,Mild,Foot Rot,2.6,Polonnaruwa,15.68,177.2,1540.0,85.9,56.5,Mixed
27,412,Jersey,13.8,Severe,Foot Rot,2.8,Kurunegala,11.68,123.7,1111.0,62.3,41.5,Grass
62,363,Jersey,12.1,Mild,Lumpy Skin Disease,3.6,Matale,10.29,112.9,920.0,61.8,36.5,Grass
114,582,Friesian,13.0,Healthy,None,3.0,Anuradhapura,15.85,173.6,1423.0,91.7,64.8,Grass
23,599,Ayrshire,5.2,Healthy,None,3.4,Kurunegala,15.5,178.8,1353.0,77.7,59.1,Grass
84,441,Local,15.2,Healthy,None,4.1,Kurunegala,12.54,136.5,1229.0,64.5,36.6,Mixed
39,525,Friesian,10.5,Healthy,None,3.1,Monaragala,14.18,152.8,1384.0,69.9,53.3,Grass
31,355,Local,13.2,Healthy,None,3.8,Polonnaruwa,10.2,119.6,1019.0,49.0,35.1,Grass
22,294,Friesian,11.5,Healthy,None,3.1,Polonnaruwa,8.5,98.0,817.0,48.0,26.5,Grass
70,448,Local,15.0,Healthy,None,3.1,Badulla,12.7,140.5,1084.0,74.3,45.1,Grass
110,566,Friesian,9.8,Mild,Foot Rot,3.1,Polonnaruwa,15.13,159.8,1543.0,78.9,53.0,Grass
118,404,Friesian,17.4,Healthy,None,2.5,Anuradhapura,11.84,138.6,1097.0,72.7,33.7,Mixed
86,362,Jersey,12.7,Mild,Foot Rot,2.6,Monaragala,10.32,112.3,1008.0,52.6,41.7,Grass
111,581,Ayrshire,18.0,Severe,Mastitis,2.2,Matale,16.32,183.1,1568.0,77.5,45.8,Mixed
68,525,Friesian,9.2,Healthy,None,3.2,Badulla,14.04,161.1,1447.0,72.8,47.4,Grass
83,322,Jersey,19.8,Healthy,None,3.0,Matale,10.03,113.4,903.0,47.4,37.5,Mixed
24,531,Local,9.2,Healthy,None,3.9,Matale,14.2,150.5,1398.0,71.0,43.7,Grass
80,419,Ayrshire,4.8,Healthy,None,1.9,Polonnaruwa,10.96,124.4,954.0,62.9,44.5,Grass
80,480,Ayrshire,14.2,Healthy,None,2.7,Polonnaruwa,13.42,146.2,1297.0,75.6,44.4,Grass
72,336,Friesian,6.9,Healthy,None,3.4,Polonnaruwa,9.09,104.7,902.0,52.6,29.0,Grass
35,597,Ayrshire,13.2,Mild,Lumpy Skin Disease,2.7,Badulla,16.25,180.0,1633.0,89.0,48.0,Grass
95,291,Ayrshire,5.6,Mild,Mastitis,3.4,Badulla,7.83,91.3,696.0,46.7,28.8,Grass
27,259,Friesian,15.3,Mild,Foot Rot,3.0,Matale,8.01,88.3,775.0,50.6,28.6,Mixed
87,491,Jersey,21.2,Healthy,None,2.5,Puttalam,14.39,155.3,1445.0,85.9,46.2,Mixed
82,511,Friesian,4.4,Healthy,None,2.7,Matale,13.21,147.3,1298.0,81.8,51.9,Grass
105,334,Jersey,11.8,Healthy,None,3.1,Badulla,9.53,102.3,991.0,55.5,39.6,Grass
111,497,Ayrshire,10.8,Healthy,None,3.2,Badulla,13.51,155.2,1211.0,67.9,42.3,Grass
44,515,Ayrshire,5.7,Healthy,None,3.7,Kurunegala,13.45,157.3,1380.0,61.6,49.9,Grass
108,516,Ayrshire,11.6,Mild,Lumpy Skin Disease,3.6,Matale,14.06,158.2,1355.0,73.9,46.8,Grass
101,289,Ayrshire,13.7,Healthy,None,3.2,Puttalam,8.6,100.4,820.0,44.8,34.5,Grass
119,496,Friesian,14.8,Healthy,None,3.2,Anuradhapura,13.88,148.2,1226.0,64.6,51.4,Grass
37,345,Jersey,15.2,Healthy,None,3.7,Badulla,10.14,115.9,886.0,50.3,39.9,Mixed
32,496,Local,13.0,Healthy,None,3.4,Anuradhapura,13.7,154.4,1342.0,72.9,43.0,Grass
91,553,Jersey,11.6,Healthy,None,3.7,Anuradhapura,14.99,167.4,1541.0,71.9,45.5,Grass
84,457,Friesian,8.6,Mild,Foot Rot,3.9,Puttalam,12.29,139.6,1114.0,57.4,42.1,Grass
79,337,Jersey,11.8,Mild,Foot Rot,2.3,Matale,9.61,102.7,929.0,58.0,35.3,Grass
51,335,Ayrshire,12.6,Severe,Foot Rot,2.7,Anuradhapura,9.63,108.5,863.0,50.8,28.4,Grass
84,508,Local,16.2,Mild,Foot Rot,2.7,Monaragala,14.32,152.2,1353.0,82.0,40.9,Mixed
86,507,Friesian,9.8,Healthy,None,2.1,Monaragala,13.66,155.1,1408.0,76.2,38.3,Grass
104,582,Local,9.7,Healthy,None,1.8,Monaragala,15.52,170.4,1333.0,86.3,48.4,Grass
79,445,Ayrshire,4.1,Healthy,None,3.4,Anuradhapura,11.54,132.3,1157.0,68.0,33.9,Grass
50,494,Jersey,15.9,Severe,Mastitis,3.2,Badulla,13.94,151.5,1429.0,74.1,42.7,Mixed
113,253,Friesian,7.2,Healthy,None,3.0,Kurunegala,7.04,77.4,627.0,43.0,23.7,Grass
37,468,Ayrshire,12.0,Healthy,None,2.4,Puttalam,12.9,144.4,1242.0,73.8,54.0,Grass
114,354,Local,19.5,Healthy,None,3.4,Polonnaruwa,10.8,121.2,957.0,60.7,37.6,Mixed
91,426,Local,10.9,Mild,Foot Rot,3.0,Kurunegala,11.74,125.1,1052.0,71.2,48.5,Grass
45,510,Local,13.0,Mild,Foot Rot,2.0,Badulla,14.05,158.7,1387.0,64.7,47.0,Grass
18,296,Jersey,10.8,Healthy,None,2.7,Matale,8.48,95.7,736.0,42.6,28.1,Grass
22,446,Local,7.0,Healthy,None,2.9,Monaragala,11.85,132.5,1176.0,67.5,48.9,Grass
40,577,Local,21.0,Healthy,None,3.3,Kurunegala,16.53,177.9,1622.0,101.0,52.9,Mixed
118,556,Jersey,9.1,Healthy,None,3.3,Kurunegala,14.81,168.5,1365.0,86.0,61.7,Grass
53,454,Ayrshire,19.0,Mild,Lumpy Skin Disease,3.5,Kurunegala,13.25,149.2,1263.0,79.2,38.4,Mixed
88,395,Ayrshire,12.3,Healthy,None,2.7,Puttalam,11.11,128.4,995.0,71.4,38.2,Grass
91,252,Ayrshire,15.5,Healthy,None,3.2,Kurunegala,7.85,87.6,755.0,43.2,25.7,Mixed
120,512,Ayrshire,16.5,Mild,Foot Rot,3.3,Anuradhapura,14.45,156.4,1356.0,75.9,50.2,Mixed
114,423,Local,17.2,Mild,Foot Rot,2.7,Monaragala,12.3,142.9,1164.0,61.7,41.0,Mixed
46,596,Jersey,18.6,Mild,Lumpy Skin Disease,3.1,Anuradhapura,16.76,196.8,1598.0,75.7,66.5,Mixed
54,297,Local,22.4,Mild,Lumpy Skin Disease,2.7,Matale,9.67,102.5,1002.0,52.7,31.9,Concentrate
52,343,Jersey,20.7,Healthy,None,3.1,Anuradhapura,10.65,114.6,1062.0,66.5,32.9,Mixed
49,566,Ayrshire,8.7,Healthy,None,2.8,Matale,15.02,159.8,1553.0,87.9,56.0,Grass
18,527,Friesian,10.4,Mild,Lumpy Skin Disease,3.2,Monaragala,14.21,160.7,1348.0,91.9,57.6,Grass
53,501,Jersey,14.6,Severe,Foot Rot,2.7,Monaragala,13.98,151.9,1250.0,79.0,40.2,Grass
72,494,Friesian,11.9,Healthy,None,4.1,Badulla,13.54,149.1,1337.0,65.7,56.4,Grass
84,485,Ayrshire,20.6,Mild,Mastitis,3.2,Monaragala,14.19,161.4,1314.0,66.7,46.9,Mixed
51,345,Ayrshire,12.2,Healthy,None,3.1,Anuradhapura,9.85,109.5,958.0,51.5,34.5,Grass
71,440,Ayrshire,15.1,Mild,Lumpy Skin Disease,2.5,Monaragala,12.51,138.7,1206.0,80.8,47.0,Mixed
30,388,Jersey,10.7,Healthy,None,2.2,Puttalam,10.77,125.1,958.0,65.7,41.3,Grass
19,340,Local,14.0,Healthy,None,3.3,Monaragala,9.9,116.8,1010.0,54.8,37.7,Grass
80,403,Ayrshire,9.6,Healthy,None,3.8,Monaragala,11.04,124.1,1026.0,64.9,31.8,Grass
50,493,Friesian,5.9,Healthy,None,2.3,Polonnaruwa,12.92,141.3,1191.0,72.6,53.0,Grass
62,260,Local,13.1,Healthy,None,3.5,Badulla,7.81,90.8,814.0,38.3,28.2,Grass
86,339,Ayrshire,20.4,Healthy,None,2.8,Puttalam,10.52,119.7,997.0,62.8,42.6,Mixed
96,396,Local,17.4,Healthy,None,3.0,Badulla,11.64,124.4,1028.0,71.2,38.1,Mixed
96,542,Local,11.1,Mild,Mastitis,3.4,Badulla,14.66,155.4,1347.0,75.2,54.5,Grass
52,559,Local,15.3,Healthy,None,2.2,Puttalam,15.51,171.8,1586.0,81.1,56.2,Mixed
70,335,Jersey,19.4,Mild,Mastitis,3.7,Kurunegala,10.31,118.0,1013.0,65.8,39.0,Mixed
44,335,Local,8.9,Healthy,None,3.2,Puttalam,9.27,98.1,951.0,51.9,26.3,Grass
85,292,Friesian,14.5,Healthy,None,3.1,Anuradhapura,8.75,93.6,858.0,54.9,28.3,Grass
112,395,Local,9.2,Healthy,None,2.7,Monaragala,10.79,115.1,1098.0,49.2,40.2,Grass
59,493,Local,11.9,Severe,Foot Rot,3.6,Matale,13.52,158.4,1298.0,64.5,55.8,Grass
40,552,Local,14.7,Healthy,None,2.8,Polonnaruwa,15.27,173.0,1470.0,84.7,56.4,Grass
62,496,Jersey,15.9,Mild,Lumpy Skin Disease,1.6,Matale,13.99,152.5,1304.0,67.3,39.4,Mixed
115,319,Ayrshire,17.7,Healthy,None,2.1,Polonnaruwa,9.75,109.2,963.0,53.5,37.6,Mixed
19,470,Ayrshire,10.2,Healthy,None,2.4,Puttalam,12.77,147.3,1225.0,62.3,51.5,Grass
68,377,Jersey,5.5,Mild,Foot Rot,3.6,Anuradhapura,9.98,109.8,924.0,50.2,33.8,Grass
84,563,Ayrshire,9.7,Healthy,None,3.2,Anuradhapura,15.05,172.6,1523.0,80.2,60.1,Grass
35,398,Friesian,11.8,Healthy,None,3.2,Kurunegala,11.13,125.8,1007.0,63.9,34.1,Grass
37,275,Friesian,12.4,Healthy,None,2.4,Anuradhapura,8.12,86.3,734.0,48.2,31.0,Grass
29,327,Friesian,17.0,Healthy,None,2.8,Puttalam,9.88,108.1,901.0,60.3,41.5,Mixed
107,266,Ayrshire,4.2,Healthy,None,2.8,Matale,7.07,81.1,622.0,35.6,23.7,Grass
78,342,Jersey,19.5,Mild,Lumpy Skin Disease,3.4,Anuradhapura,10.5,121.4,1066.0,49.8,40.7,Mixed
67,476,Jersey,10.3,Mild,Mastitis,2.8,Anuradhapura,12.93,139.1,1289.0,60.6,48.3,Grass
78,449,Ayrshire,10.4,Severe,Mastitis,4.0,Polonnaruwa,12.27,138.9,1053.0,78.2,43.3,Grass
79,576,Ayrshire,13.9,Healthy,None,3.2,Badulla,15.79,184.0,1615.0,77.9,46.7,Grass
73,416,Friesian,17.2,Healthy,None,3.1,Kurunegala,12.12,131.6,1059.0,73.7,34.1,Mixed
92,493,Jersey,10.7,Healthy,None,2.9,Monaragala,13.4,142.3,1181.0,62.7,49.1,Grass
98,280,Friesian,11.6,Healthy,None,3.0,Polonnaruwa,8.16,87.3,781.0,38.5,28.4,Grass
89,580,Ayrshire,15.6,Mild,Lumpy Skin Disease,3.0,Polonnaruwa,16.06,183.9,1372.0,84.4,61.3,Mixed
23,498,Local,15.7,Healthy,None,3.0,Polonnaruwa,14.02,157.1,1329.0,79.0,49.9,Mixed
111,489,Ayrshire,12.4,Mild,Foot Rot,2.0,Polonnaruwa,13.47,157.4,1294.0,62.5,40.6,Grass
51,527,Ayrshire,16.6,Healthy,None,3.2,Matale,14.84,170.8,1412.0,88.6,59.9,Mixed
64,567,Jersey,17.0,Healthy,None,1.6,Badulla,15.88,168.0,1657.0,97.5,48.7,Mixed
81,532,Jersey,22.4,Healthy,None,2.9,Kurunegala,15.54,169.7,1520.0,73.4,54.9,Concentrate
23,316,Jersey,17.5,Mild,Mastitis,2.5,Puttalam,9.65,102.7,857.0,44.0,35.7,Mixed
102,500,Ayrshire,15.1,Healthy,None,2.5,Badulla,14.01,151.1,1392.0,63.4,57.3,Mixed
80,290,Local,8.9,Mild,Mastitis,4.0,Monaragala,8.14,89.3,813.0,51.1,32.2,Grass
108,279,Ayrshire,11.0,Healthy,None,3.1,Matale,8.08,92.6,822.0,37.6,25.1,Grass
30,301,Jersey,16.4,Healthy,None,3.2,Anuradhapura,9.17,98.5,876.0,45.8,33.7,Mixed
89,535,Local,12.8,Mild,Foot Rot,3.2,Kurunegala,14.66,164.9,1444.0,86.6,49.8,Grass
39,342,Local,24.0,Healthy,None,3.0,Polonnaruwa,10.95,124.3,1048.0,62.4,45.0,Concentrate
88,416,Ayrshire,13.0,Healthy,None,3.5,Matale,11.7,132.5,1188.0,60.2,36.7,Grass
45,442,Ayrshire,17.5,Healthy,None,3.6,Polonnaruwa,12.8,141.9,1334.0,57.6,36.5,Mixed
94,258,Jersey,15.2,Severe,Lumpy Skin Disease,2.4,Monaragala,7.97,83.8,834.0,39.3,25.8,Mixed
106,391,Jersey,20.2,Healthy,None,2.4,Anuradhapura,11.79,130.9,1039.0,59.3,47.7,Mixed
47,381,Ayrshire,13.5,Healthy,None,2.6,Monaragala,10.88,119.9,1125.0,64.9,41.5,Grass
79,338,Local,11.7,Mild,Foot Rot,3.2,Kurunegala,9.62,109.8,975.0,45.1,35.6,Grass
111,545,Local,13.6,Healthy,None,3.2,Puttalam,14.98,158.4,1504.0,77.8,59.1,Grass
33,366,Friesian,20.1,Healthy,None,3.2,Matale,11.16,126.4,961.0,61.9,36.2,Mixed
37,417,Jersey,10.8,Healthy,None,3.5,Matale,11.51,130.9,1208.0,74.1,44.4,Grass
82,296,Jersey,17.9,Healthy,None,2.4,Badulla,9.19,105.9,808.0,47.5,31.9,Mixed
24,530,Local,15.0,Healthy,None,3.4,Puttalam,14.75,162.5,1382.0,87.0,57.0,Grass
89,351,Local,10.5,Healthy,None,3.7,Anuradhapura,9.83,110.5,946.0,63.8,34.7,Grass
27,386,Local,11.2,Healthy,None,3.1,Polonnaruwa,10.77,126.0,935.0,62.9,36.5,Grass
42,414,Ayrshire,11.1,Healthy,None,3.0,Monaragala,11.46,120.7,1044.0,74.2,42.0,Grass
74,569,Jersey,6.5,Healthy,None,2.3,Badulla,14.88,174.1,1334.0,87.4,44.9,Grass
28,307,Friesian,20.0,Healthy,None,2.6,Polonnaruwa,9.68,109.5,851.0,59.7,31.0,Mixed
106,306,Ayrshire,7.0,Healthy,None,1.9,Matale,8.35,87.9,745.0,46.6,25.8,Grass
114,382,Local,8.8,Healthy,None,2.3,Badulla,10.43,123.0,1032.0,60.9,34.7,Grass
85,272,Ayrshire,20.2,Healthy,None,3.5,Badulla,8.82,95.9,889.0,50.6,25.4,Mixed
19,284,Local,8.6,Mild,Foot Rot,4.1,Monaragala,7.96,92.4,782.0,49.6,22.5,Grass
101,447,Jersey,16.9,Severe,Foot Rot,2.8,Matale,12.87,151.5,1120.0,66.0,51.7,Mixed
29,345,Jersey,0.0,Healthy,None,4.1,Matale,8.62,95.6,892.0,39.2,27.1,Grass
57,420,Local,5.1,Healthy,None,2.2,Anuradhapura,11.01,117.9,1012.0,57.3,40.5,Grass
82,391,Friesian,17.1,Healthy,None,4.2,Matale,11.49,133.8,1181.0,70.4,32.6,Mixed
53,365,Jersey,18.9,Healthy,None,3.3,Badulla,11.02,121.3,967.0,65.7,38.9,Mixed
96,570,Jersey,15.0,Healthy,None,3.4,Puttalam,15.75,177.1,1473.0,80.7,57.4,Grass
87,317,Jersey,15.8,Mild,Foot Rot,3.1,Badulla,9.51,106.5,961.0,59.2,30.7,Mixed
85,319,Local,12.5,Severe,Mastitis,3.0,Matale,9.23,104.8,889.0,44.5,26.7,Grass
110,310,Jersey,8.2,Healthy,None,2.9,Puttalam,8.57,99.8,853.0,51.7,34.6,Grass
70,405,Local,3.5,Mild,Foot Rot,3.0,Anuradhapura,10.47,122.6,947.0,63.4,30.9,Grass
21,563,Ayrshire,7.1,Healthy,None,2.4,Kurunegala,14.79,167.1,1434.0,73.4,42.0,Grass
106,494,Jersey,12.9,Healthy,None,3.7,Puttalam,13.64,153.9,1354.0,71.6,54.5,Grass
78,320,Jersey,16.6,Healthy,None,2.2,Puttalam,9.66,101.8,969.0,43.8,30.7,Mixed
46,593,Jersey,7.1,Mild,Mastitis,3.5,Badulla,15.54,166.7,1618.0,83.6,56.9,Grass
59,484,Jersey,7.1,Healthy,None,2.9,Puttalam,12.81,147.4,1245.0,78.8,48.8,Grass
96,542,Friesian,14.8,Healthy,None,2.5,Matale,15.03,166.6,1526.0,68.9,63.0,Grass
86,452,Friesian,12.5,Healthy,None,2.3,Puttalam,12.55,140.2,1225.0,57.7,40.3,Grass
56,396,Local,9.0,Healthy,None,3.2,Puttalam,10.8,117.5,1117.0,63.5,43.9,Grass
100,481,Friesian,4.0,Mild,Mastitis,3.2,Puttalam,12.43,133.4,1202.0,78.2,44.3,Grass
70,415,Local,11.9,Healthy,None,3.3,Kurunegala,11.56,128.2,1190.0,72.7,46.7,Grass
50,415,Jersey,13.1,Mild,Mastitis,3.7,Badulla,11.69,124.1,1159.0,67.4,34.1,Grass
67,511,Jersey,12.6,Healthy,None,2.8,Badulla,14.04,154.4,1409.0,88.8,50.4,Grass
37,333,Jersey,12.6,Healthy,None,3.3,Puttalam,9.59,109.6,896.0,49.1,37.2,Grass
54,570,Jersey,12.2,Healthy,None,3.0,Puttalam,15.47,165.1,1378.0,88.9,48.8,Grass
81,505,Friesian,8.5,Healthy,None,2.7,Puttalam,13.47,150.1,1203.0,78.4,46.3,Grass
28,557,Friesian,5.0,Healthy,None,3.9,Kurunegala,14.43,161.8,1405.0,81.0,57.1,Grass
41,325,Friesian,5.8,Mild,Mastitis,2.7,Polonnaruwa,8.71,93.1,746.0,49.3,31.7,Grass
29,275,Friesian,8.4,Healthy,None,3.4,Matale,7.71,82.7,759.0,44.1,29.1,Grass
91,537,Jersey,10.5,Severe,Foot Rot,3.6,Polonnaruwa,14.48,162.9,1501.0,67.9,46.6,Grass
66,284,Local,8.6,Mild,Mastitis,3.1,Matale,7.96,86.6,698.0,46.9,25.3,Grass
70,518,Jersey,7.8,Mild,Foot Rot,4.1,Kurunegala,13.73,145.2,1324.0,88.7,48.6,Grass
79,559,Ayrshire,6.1,Healthy,None,3.2,Anuradhapura,14.59,169.3,1316.0,82.4,53.6,Grass
96,538,Local,15.2,Healthy,None,3.2,Badulla,14.97,169.5,1420.0,72.8,54.7,Mixed
55,349,Friesian,11.1,Healthy,None,2.9,Matale,9.83,109.2,992.0,58.7,30.4,Grass
71,461,Friesian,12.2,Healthy,None,2.9,Polonnaruwa,12.75,143.2,1246.0,57.7,39.3,Grass
50,284,Ayrshire,16.8,Healthy,None,4.1,Puttalam,8.78,98.5,881.0,41.5,28.7,Mixed
110,541,Friesian,9.2,Mild,Mastitis,2.3,Monaragala,14.45,157.9,1326.0,84.5,59.0,Grass
22,580,Jersey,11.6,Healthy,None,4.3,Monaragala,15.66,177.2,1610.0,87.3,51.2,Grass
70,278,Ayrshire,8.0,Healthy,None,3.8,Polonnaruwa,7.75,88.2,745.0,35.2,28.0,Grass
120,431,Friesian,20.4,Severe,Lumpy Skin Disease,2.7,Anuradhapura,12.82,148.6,1177.0,67.3,45.5,Mixed
91,560,Local,14.8,Healthy,None,3.8,Badulla,15.48,164.9,1558.0,79.2,61.9,Grass
22,389,Local,10.1,Healthy,None,2.9,Matale,10.74,125.0,993.0,66.1,34.6,Grass
56,339,Friesian,9.1,Healthy,None,2.5,Monaragala,9.38,98.9,835.0,43.9,32.9,Grass
79,506,Jersey,8.8,Healthy,None,2.4,Anuradhapura,13.53,158.3,1348.0,75.1,52.6,Grass
116,300,Jersey,12.2,Healthy,None,2.6,Polonnaruwa,8.72,92.0,809.0,54.3,25.8,Grass
23,554,Friesian,13.2,Healthy,None,2.2,Kurunegala,15.17,176.8,1321.0,91.5,58.3,Grass
91,409,Jersey,13.7,Healthy,None,3.4,Kurunegala,11.6,124.7,1050.0,59.6,39.6,Grass
52,326,Jersey,2.0,Healthy,None,3.2,Polonnaruwa,8.35,87.8,814.0,46.2,25.8,Grass
88,413,Ayrshire,18.1,Healthy,None,2.4,Matale,12.14,138.6,1101.0,60.6,35.2,Mixed
61,526,Local,20.4,Healthy,None,3.2,Kurunegala,15.19,160.1,1566.0,69.9,50.7,Mixed
72,450,Jersey,8.5,Mild,Foot Rot,3.0,Polonnaruwa,12.1,137.0,1196.0,65.2,39.9,Grass
43,593,Friesian,14.8,Severe,Lumpy Skin Disease,3.0,Kurunegala,16.3,183.2,1416.0,99.5,61.6,Grass
76,408,Local,14.7,Healthy,None,2.5,Polonnaruwa,11.67,136.9,1025.0,73.4,36.9,Grass
68,343,Ayrshire,12.8,Mild,Lumpy Skin Disease,2.3,Puttalam,9.86,109.3,844.0,53.7,32.5,Grass
39,394,Ayrshire,11.4,Healthy,None,2.5,Polonnaruwa,10.99,117.2,957.0,67.4,43.0,Grass
89,582,Friesian,8.3,Mild,Foot Rot,3.6,Anuradhapura,15.38,170.7,1489.0,76.5,48.3,Grass
79,446,Friesian,17.5,Healthy,None,3.3,Monaragala,12.9,149.1,1249.0,78.3,44.0,Mixed
61,528,Jersey,6.5,Healthy,None,2.8,Kurunegala,13.85,157.5,1382.0,82.0,55.0,Grass
93,555,Local,18.1,Healthy,None,3.1,Matale,15.69,166.7,1473.0,80.3,52.8,Mixed
31,600,Local,23.6,Healthy,None,3.2,Matale,17.36,196.8,1497.0,85.7,52.0,Concentrate
114,575,Friesian,13.0,Mild,Foot Rot,2.8,Anuradhapura,15.68,167.7,1499.0,82.8,56.6,Grass
44,598,Ayrshire,12.7,Healthy,None,2.9,Badulla,16.22,187.1,1599.0,102.8,66.7,Grass
62,295,Friesian,15.5,Healthy,None,3.5,Matale,8.93,99.7,910.0,55.4,25.8,Mixed
24,250,Ayrshire,8.1,Healthy,None,2.3,Badulla,7.06,76.7,605.0,37.9,25.6,Grass
58,445,Local,2.8,Healthy,None,3.3,Puttalam,11.4,127.8,1120.0,62.1,34.9,Grass
64,463,Jersey,6.5,Healthy,None,1.9,Anuradhapura,12.23,142.3,1070.0,55.3,45.3,Grass
110,499,Local,13.9,Severe,Mastitis,4.2,Monaragala,13.87,147.2,1357.0,74.0,47.7,Grass
107,559,Local,12.0,Healthy,None,3.4,Anuradhapura,15.18,168.4,1419.0,93.2,50.7,Grass
41,467,Friesian,12.4,Healthy,None,3.0,Matale,12.92,149.9,1159.0,71.1,43.6,Grass
91,437,Friesian,16.6,Severe,Foot Rot,2.9,Kurunegala,12.59,140.1,1163.0,71.3,52.2,Mixed
36,519,Ayrshire,13.3,Healthy,None,3.2,Badulla,14.31,151.7,1471.0,66.9,49.5,Grass
102,592,Friesian,8.7,Mild,Foot Rot,3.5,Monaragala,15.67,180.8,1430.0,72.2,51.4,Grass
19,490,Local,11.1,Healthy,None,2.6,Monaragala,13.36,148.4,1332.0,71.4,55.4,Grass
55,398,Jersey,14.7,Healthy,None,2.6,Kurunegala,11.42,133.6,1142.0,68.0,41.0,Grass
98,492,Jersey,12.1,Healthy,None,3.0,Puttalam,13.51,153.4,1227.0,80.7,38.3,Grass
28,314,Friesian,17.4,Mild,Lumpy Skin Disease,3.2,Badulla,9.59,103.8,933.0,48.4,30.3,Mixed
32,559,Jersey,11.9,Severe,Foot Rot,3.4,Badulla,15.17,162.3,1425.0,92.8,48.0,Grass
48,498,Jersey,19.0,Mild,Mastitis,3.3,Anuradhapura,14.35,157.1,1244.0,68.7,58.9,Mixed
81,461,Local,12.1,Healthy,None,2.3,Polonnaruwa,12.73,140.9,1244.0,62.7,48.7,Grass
24,578,Ayrshire,6.7,Mild,Mastitis,2.8,Monaragala,15.12,159.8,1426.0,82.4,52.4,Grass
86,369,Local,9.0,Mild,Lumpy Skin Disease,2.9,Monaragala,10.12,112.5,890.0,63.2,28.5,Grass
75,445,Ayrshire,12.3,Severe,Foot Rot,3.3,Monaragala,12.36,145.1,1075.0,68.8,40.7,Grass
73,562,Ayrshire,11.6,Healthy,None,3.2,Monaragala,15.21,165.0,1323.0,88.4,50.9,Grass
104,373,Jersey,12.3,Healthy,None,2.0,Kurunegala,10.56,120.2,1107.0,54.1,29.7,Grass
26,256,Local,7.3,Healthy,None,2.9,Anuradhapura,7.13,75.8,670.0,35.2,22.8,Grass
22,262,Friesian,6.0,Healthy,None,3.3,Kurunegala,7.15,80.6,736.0,35.3,26.0,Grass
108,311,Friesian,19.7,Mild,Mastitis,3.6,Anuradhapura,9.75,107.1,978.0,56.5,38.3,Mixed
32,344,Ayrshire,10.9,Healthy,None,3.7,Monaragala,9.69,110.1,838.0,52.4,40.6,Grass
72,591,Ayrshire,12.7,Healthy,None,2.8,Kurunegala,16.05,184.8,1453.0,74.2,53.7,Grass
51,385,Jersey,8.9,Healthy,None,2.8,Puttalam,10.52,117.2,1090.0,60.2,32.1,Grass
31,323,Local,10.1,Healthy,None,3.1,Kurunegala,9.09,103.0,939.0,53.9,26.8,Grass
27,542,Ayrshire,12.8,Mild,Mastitis,3.0,Badulla,14.83,173.0,1305.0,85.7,60.9,Grass
67,386,Jersey,14.2,Mild,Lumpy Skin Disease,3.6,Puttalam,11.07,124.5,1055.0,70.6,38.6,Grass
69,285,Jersey,16.7,Healthy,None,2.3,Polonnaruwa,8.79,103.2,891.0,48.0,31.6,Mixed
60,599,Ayrshire,0.0,Healthy,None,3.5,Polonnaruwa,14.98,169.6,1561.0,70.1,53.2,Grass
28,485,Ayrshire,5.2,Healthy,None,2.9,Badulla,12.64,135.6,1084.0,66.6,38.8,Grass
67,304,Ayrshire,6.1,Healthy,None,2.1,Kurunegala,8.21,95.7,770.0,40.1,23.4,Grass
110,553,Jersey,14.7,Healthy,None,3.4,Monaragala,15.3,161.9,1466.0,78.3,54.3,Grass
75,258,Friesian,9.1,Healthy,None,1.7,Badulla,7.36,80.5,732.0,39.1,22.8,Grass
103,517,Local,9.3,Severe,Foot Rot,3.2,Anuradhapura,13.86,148.2,1339.0,88.0,39.5,Grass
80,584,Friesian,4.6,Healthy,None,3.1,Anuradhapura,15.06,176.1,1294.0,88.9,44.9,Grass
98,275,Ayrshire,11.9,Mild,Mastitis,3.3,Kurunegala,8.06,89.4,713.0,45.8,31.8,Grass
32,504,Jersey,12.6,Healthy,None,2.5,Puttalam,13.86,149.2,1272.0,85.5,53.1,Grass
59,311,Jersey,18.0,Healthy,None,2.9,Kurunegala,9.58,112.6,855.0,44.0,29.2,Mixed
33,390,Jersey,11.9,Mild,Mastitis,2.5,Kurunegala,10.94,124.8,1051.0,58.8,44.8,Grass
35,301,Local,9.8,Mild,Mastitis,2.6,Badulla,8.51,99.1,737.0,38.4,34.9,Grass
101,553,Ayrshire,11.1,Healthy,None,3.9,Badulla,14.94,172.6,1501.0,87.9,46.1,Grass
52,517,Local,5.1,Healthy,None,2.2,Puttalam,13.44,157.5,1307.0,61.5,41.0,Grass
96,295,Ayrshire,19.4,Healthy,None,2.9,Kurunegala,9.31,97.8,835.0,44.1,33.0,Mixed
97,435,Jersey,8.7,Healthy,None,3.5,Anuradhapura,11.74,132.8,1047.0,54.1,34.7,Grass
105,492,Local,9.0,Healthy,None,3.9,Puttalam,13.2,150.1,1133.0,76.4,42.2,Grass
50,421,Local,15.4,Healthy,None,2.8,Puttalam,12.07,138.4,1249.0,58.6,47.1,Mixed
83,309,Friesian,22.8,Mild,Foot Rot,2.7,Polonnaruwa,10.01,110.9,967.0,53.4,38.5,Concentrate
47,306,Ayrshire,15.7,Healthy,None,3.1,Kurunegala,9.22,99.7,860.0,45.2,37.3,Mixed
78,549,Local,18.5,Healthy,None,3.8,Polonnaruwa,15.58,172.4,1392.0,89.1,47.5,Mixed
35,484,Jersey,12.2,Healthy,None,2.6,Kurunegala,13.32,156.8,1186.0,63.3,50.2,Grass
53,319,Friesian,14.3,Mild,Lumpy Skin Disease,2.7,Anuradhapura,9.41,103.9,943.0,46.5,30.2,Grass
119,576,Jersey,22.1,Healthy,None,3.1,Monaragala,16.61,186.3,1488.0,88.4,58.6,Concentrate
45,552,Local,10.2,Mild,Lumpy Skin Disease,3.1,Puttalam,14.82,155.9,1387.0,92.6,46.6,Grass
92,363,Jersey,5.3,Severe,Mastitis,2.5,Matale,9.61,106.1,825.0,62.3,36.8,Grass
22,467,Local,18.0,Healthy,None,2.7,Matale,13.48,155.5,1367.0,72.9,42.3,Mixed
114,256,Local,6.8,Severe,Mastitis,3.3,Badulla,7.08,77.6,636.0,46.0,20.0,Grass
57,332,Local,17.9,Mild,Foot Rot,3.4,Badulla,10.09,113.6,1055.0,54.8,30.2,Mixed
69,344,Ayrshire,17.0,Healthy,None,2.6,Badulla,10.3,117.6,876.0,59.3,34.4,Mixed
60,521,Friesian,4.9,Healthy,None,3.8,Anuradhapura,13.52,155.2,1338.0,77.4,48.7,Grass
118,600,Friesian,10.4,Healthy,None,2.9,Polonnaruwa,16.04,175.4,1662.0,88.7,65.3,Grass
24,306,Local,18.6,Healthy,None,3.3,Kurunegala,9.51,107.5,878.0,46.1,34.1,Mixed
89,354,Jersey,14.3,Severe,Mastitis,4.1,Monaragala,10.28,115.2,1007.0,61.4,39.6,Grass
107,357,Jersey,8.8,Healthy,None,3.5,Polonnaruwa,9.81,114.5,933.0,52.4,28.2,Grass
62,481,Local,12.3,Healthy,None,3.1,Polonnaruwa,13.26,153.5,1252.0,73.8,52.5,Grass
75,567,Ayrshire,19.6,Mild,Foot Rot,3.3,Puttalam,16.14,186.4,1676.0,74.7,65.3,Mixed
29,291,Local,14.7,Mild,Lumpy Skin Disease,3.5,Anuradhapura,8.75,102.8,757.0,42.3,25.9,Grass
81,327,Jersey,10.2,Healthy,None,2.6,Anuradhapura,9.2,104.1,836.0,59.2,32.7,Grass
78,427,Local,6.8,Healthy,None,2.0,Anuradhapura,11.36,128.8,1032.0,52.6,45.7,Grass
84,580,Ayrshire,22.3,Healthy,None,2.4,Badulla,16.73,183.1,1638.0,86.2,60.7,Concentrate
85,530,Local,10.9,Healthy,None,2.9,Anuradhapura,14.34,161.1,1477.0,73.3,56.0,Grass
79,440,Ayrshire,13.5,Mild,Mastitis,3.4,Anuradhapura,12.35,132.1,1120.0,79.2,45.3,Grass
109,524,Ayrshire,16.3,Healthy,None,2.7,Anuradhapura,14.73,158.0,1461.0,92.9,57.6,Mixed
48,309,Friesian,11.2,Severe,Foot Rot,3.1,Kurunegala,8.85,94.4,798.0,43.1,31.7,Grass
103,412,Ayrshire,10.8,Healthy,None,3.8,Kurunegala,11.38,126.1,1189.0,63.4,33.8,Grass
69,505,Jersey,14.5,Severe,Lumpy Skin Disease,3.4,Badulla,14.07,150.6,1469.0,78.7,49.4,Grass
108,401,Local,15.3,Mild,Foot Rot,3.6,Polonnaruwa,11.55,131.3,1166.0,68.8,47.3,Mixed
106,307,Local,12.9,Severe,Mastitis,2.4,Anuradhapura,8.96,102.0,783.0,40.8,32.8,Grass
75,432,Friesian,14.0,Healthy,None,2.7,Monaragala,12.2,137.7,1085.0,67.7,47.5,Grass
53,350,Friesian,9.4,Healthy,None,3.3,Puttalam,9.69,112.4,955.0,62.2,40.4,Grass
42,501,Ayrshire,18.2,Healthy,None,3.0,Badulla,14.35,160.2,1236.0,83.7,48.2,Mixed
72,439,Local,13.5,Healthy,None,3.9,Kurunegala,12.33,134.0,1135.0,79.6,49.6,Grass
45,477,Local,13.2,Mild,Lumpy Skin Disease,4.3,Puttalam,13.25,141.9,1319.0,83.4,50.6,Grass
35,550,Friesian,14.8,Healthy,None,2.1,Matale,15.23,165.9,1596.0,84.5,49.8,Grass
114,442,Friesian,15.8,Healthy,None,3.2,Matale,12.63,143.1,1143.0,61.3,43.5,Mixed
114,320,Jersey,18.4,Healthy,None,3.3,Monaragala,9.84,108.2,945.0,45.1,38.9,Mixed
92,405,Local,11.3,Healthy,None,2.4,Badulla,11.26,125.0,963.0,50.7,35.7,Grass
99,491,Friesian,11.0,Mild,Lumpy Skin Disease,2.6,Kurunegala,13.38,147.7,1269.0,78.6,42.0,Grass
115,391,Local,9.1,Severe,Mastitis,3.3,Polonnaruwa,10.69,120.6,986.0,58.4,36.5,Grass
98,493,Friesian,20.3,Healthy,None,3.2,Anuradhapura,14.36,164.5,1226.0,72.1,51.9,Mixed
58,486,Jersey,6.0,Healthy,None,3.2,Kurunegala,12.75,134.8,1176.0,73.6,52.7,Grass
55,399,Friesian,18.0,Healthy,None,2.7,Matale,11.78,135.4,1044.0,55.2,45.4,Mixed
59,411,Ayrshire,11.3,Healthy,None,3.0,Anuradhapura,11.41,130.2,1053.0,63.5,37.6,Grass
19,320,Ayrshire,8.1,Healthy,None,3.3,Anuradhapura,8.81,98.1,809.0,55.7,25.9,Grass
82,363,Jersey,11.4,Mild,Foot Rot,3.2,Matale,10.22,115.5,1039.0,56.7,36.2,Grass
107,308,Local,7.6,Healthy,None,2.8,Polonnaruwa,8.46,89.7,858.0,53.7,29.4,Grass
106,435,Jersey,15.6,Mild,Foot Rot,2.8,Badulla,12.44,139.1,1299.0,60.3,40.1,Mixed
33,363,Jersey,20.6,Mild,Mastitis,2.8,Puttalam,11.14,126.9,1015.0,54.8,46.5,Mixed
106,307,Friesian,13.1,Healthy,None,3.5,Badulla,8.99,100.1,842.0,44.0,25.6,Grass
83,553,Friesian,4.9,Healthy,None,2.1,Kurunegala,14.32,167.3,1230.0,73.1,40.3,Grass
118,313,Jersey,4.4,Healthy,None,3.6,Badulla,8.27,89.0,814.0,37.7,24.8,Grass
53,546,Ayrshire,9.2,Healthy,None,4.3,Kurunegala,14.57,169.2,1466.0,83.4,51.1,Grass
30,546,Friesian,9.2,Healthy,None,3.1,Kurunegala,14.57,166.5,1519.0,70.6,56.2,Grass
110,300,Jersey,19.7,Severe,Foot Rot,4.0,Kurunegala,9.47,105.3,937.0,46.1,35.4,Mixed
41,431,Local,22.3,Healthy,None,3.6,Puttalam,13.01,145.3,1212.0,78.4,42.2,Concentrate
32,516,Jersey,17.1,Healthy,None,3.3,Puttalam,14.61,160.3,1326.0,86.8,42.6,Mixed
32,447,Ayrshire,15.9,Healthy,None,2.7,Puttalam,12.77,146.3,1261.0,78.9,39.8,Mixed
55,469,Jersey,7.9,Mild,Lumpy Skin Disease,3.0,Badulla,12.52,146.7,1156.0,56.7,46.9,Grass
31,452,Local,11.1,Healthy,None,2.8,Kurunegala,12.41,141.2,1084.0,65.6,46.8,Grass
112,336,Friesian,15.5,Healthy,None,3.5,Anuradhapura,9.95,107.1,886.0,61.6,33.5,Mixed
72,505,Ayrshire,12.4,Mild,Foot Rot,3.7,Polonnaruwa,13.87,156.3,1389.0,84.6,57.2,Grass
78,591,Local,6.3,Severe,Foot Rot,2.9,Puttalam,15.41,167.4,1547.0,72.7,48.6,Grass
47,571,Jersey,8.4,Healthy,None,2.1,Anuradhapura,15.12,173.3,1536.0,83.1,42.9,Grass
66,559,Ayrshire,11.6,Healthy,None,2.9,Monaragala,15.14,171.2,1316.0,70.4,58.3,Grass
81,488,Jersey,19.6,Healthy,None,3.3,Matale,14.16,157.8,1347.0,79.1,55.7,Mixed
87,259,Friesian,6.9,Severe,Mastitis,3.9,Kurunegala,7.17,78.9,655.0,37.7,24.7,Grass
40,535,Ayrshire,18.1,Mild,Mastitis,3.3,Kurunegala,15.19,169.2,1332.0,90.1,52.9,Mixed
90,595,Local,10.9,Mild,Foot Rot,2.5,Kurunegala,15.96,178.8,1507.0,89.8,48.2,Grass
68,384,Local,10.1,Healthy,None,3.5,Kurunegala,10.61,116.6,1045.0,64.0,33.9,Grass
21,552,Friesian,21.4,Healthy,None,3.8,Badulla,15.94,175.0,1613.0,90.3,61.7,Mixed
61,444,Friesian,9.6,Healthy,None,2.4,Anuradhapura,12.06,142.2,1124.0,55.6,37.9,Grass
100,409,Friesian,12.7,Severe,Mastitis,2.1,Kurunegala,11.5,133.7,1004.0,55.7,40.9,Grass
76,586,Local,13.6,Healthy,None,2.9,Polonnaruwa,16.01,186.9,1446.0,94.3,58.0,Grass
66,542,Local,9.7,Healthy,None,2.2,Puttalam,14.52,154.3,1376.0,85.4,44.8,Grass
82,591,Ayrshire,14.6,Healthy,None,2.7,Monaragala,16.23,176.7,1694.0,79.6,59.9,Grass
27,524,Jersey,6.2,Healthy,None,1.6,Badulla,13.72,144.9,1440.0,72.8,42.8,Grass
29,546,Friesian,11.9,Healthy,None,3.9,Polonnaruwa,14.84,161.1,1430.0,82.5,50.4,Grass
119,289,Ayrshire,20.3,Healthy,None,2.8,Polonnaruwa,9.26,100.8,910.0,47.5,31.3,Mixed
97,513,Local,9.0,Mild,Foot Rot,3.2,Matale,13.73,147.4,1172.0,81.1,55.0,Grass
81,359,Local,7.0,Healthy,None,3.2,Matale,9.67,109.6,978.0,60.0,39.4,Grass
111,570,Friesian,15.8,Healthy,None,3.6,Polonnaruwa,15.83,173.7,1392.0,76.0,59.5,Mixed
73,460,Ayrshire,11.5,Mild,Mastitis,2.9,Anuradhapura,12.65,143.2,1289.0,63.7,40.5,Grass
50,557,Jersey,7.6,Healthy,None,2.6,Puttalam,14.69,156.4,1305.0,73.3,58.1,Grass
80,536,Local,10.9,Healthy,None,3.2,Monaragala,14.49,169.2,1290.0,73.1,41.2,Grass
120,392,Jersey,16.6,Healthy,None,2.6,Kurunegala,11.46,121.0,1140.0,69.5,33.0,Mixed
58,558,Ayrshire,19.5,Mild,Lumpy Skin Disease,2.9,Monaragala,15.9,185.5,1565.0,99.7,53.4,Mixed
110,321,Jersey,11.9,Healthy,None,2.6,Monaragala,9.21,105.5,955.0,51.1,36.5,Grass
85,378,Local,0.0,Mild,Mastitis,3.4,Badulla,9.45,106.6,949.0,48.4,37.5,Grass
67,370,Local,15.7,Healthy,None,2.9,Monaragala,10.82,115.1,966.0,54.6,36.5,Mixed
93,278,Local,12.3,Healthy,None,3.3,Anuradhapura,8.18,93.3,714.0,45.7,28.3,Grass
53,324,Ayrshire,4.2,Healthy,None,2.7,Kurunegala,8.52,93.5,777.0,49.3,34.7,Grass
112,589,Friesian,16.0,Mild,Foot Rot,2.4,Polonnaruwa,16.33,176.6,1569.0,83.6,67.6,Mixed
105,312,Jersey,13.5,Mild,Lumpy Skin Disease,2.3,Polonnaruwa,9.15,96.2,954.0,58.1,37.4,Grass
29,370,Ayrshire,14.3,Healthy,None,3.0,Monaragala,10.68,124.5,1103.0,61.5,43.1,Grass
100,458,Friesian,3.9,Healthy,None,3.6,Monaragala,11.84,125.6,1191.0,64.9,45.4,Grass
60,466,Friesian,8.3,Mild,Foot Rot,2.6,Matale,12.48,135.3,1077.0,66.7,47.7,Grass
112,417,Local,13.0,Mild,Mastitis,3.6,Kurunegala,11.73,132.9,1040.0,63.2,43.4,Grass
69,352,Ayrshire,6.9,Healthy,None,3.0,Monaragala,9.49,100.7,837.0,52.5,39.5,Grass
101,316,Local,14.1,Mild,Lumpy Skin Disease,3.3,Matale,9.31,103.2,954.0,44.4,28.3,Grass
59,394,Jersey,12.9,Healthy,None,2.8,Matale,11.14,122.3,1035.0,58.5,44.2,Grass
46,260,Friesian,7.9,Severe,Foot Rot,3.0,Polonnaruwa,7.29,82.3,653.0,34.1,25.1,Grass
107,336,Friesian,6.6,Healthy,None,1.5,Matale,9.06,100.2,817.0,42.4,30.0,Grass
33,257,Local,14.2,Mild,Lumpy Skin Disease,3.5,Monaragala,7.85,90.9,745.0,38.8,24.2,Grass
118,386,Ayrshire,0.2,Mild,Lumpy Skin Disease,2.5,Polonnaruwa,9.67,103.2,988.0,55.1,40.5,Grass
111,596,Jersey,15.1,Healthy,None,4.0,Matale,16.41,181.0,1443.0,83.4,52.0,Mixed
75,377,Ayrshire,12.1,Healthy,None,2.6,Badulla,10.64,120.7,923.0,57.9,42.8,Grass
68,358,Local,11.1,Mild,Foot Rot,3.7,Anuradhapura,10.06,113.4,870.0,56.5,28.9,Grass
78,431,Friesian,8.8,Healthy,None,2.6,Anuradhapura,11.66,130.1,1080.0,75.3,43.6,Grass
89,271,Jersey,9.6,Healthy,None,2.5,Polonnaruwa,7.74,86.3,802.0,48.4,23.1,Grass
108,521,Local,12.6,Healthy,None,3.8,Monaragala,14.29,152.2,1227.0,68.0,57.5,Grass
53,434,Local,13.6,Healthy,None,2.9,Polonnaruwa,12.21,142.1,1188.0,73.5,38.7,Grass
73,334,Ayrshire,10.5,Mild,Lumpy Skin Disease,2.2,Monaragala,9.4,108.0,827.0,58.3,35.0,Grass
74,277,Jersey,16.4,Healthy,None,3.0,Puttalam,8.57,92.5,735.0,43.0,32.5,Mixed
32,503,Friesian,11.1,Healthy,None,4.5,Badulla,13.69,161.3,1317.0,74.1,40.5,Grass
36,313,Ayrshire,13.5,Healthy,None,2.6,Polonnaruwa,9.18,106.8,813.0,44.4,32.2,Grass
90,589,Jersey,9.9,Healthy,None,3.6,Kurunegala,15.72,184.9,1502.0,88.7,53.2,Grass
49,505,Friesian,12.6,Mild,Mastitis,2.3,Kurunegala,13.88,150.9,1452.0,65.8,46.1,Grass
59,328,Friesian,16.6,Healthy,None,2.7,Matale,9.86,114.2,968.0,53.3,40.8,Mixed
102,252,Ayrshire,21.4,Severe,Foot Rot,3.5,Monaragala,8.44,95.4,794.0,54.0,35.4,Mixed
90,316,Jersey,9.8,Mild,Foot Rot,3.6,Matale,8.88,96.5,897.0,53.2,31.7,Grass
66,297,Local,12.3,Healthy,None,3.4,Anuradhapura,8.66,93.6,870.0,45.9,24.5,Grass
38,448,Local,14.4,Healthy,None,2.6,Puttalam,12.64,145.1,1240.0,59.9,44.1,Grass
112,408,Jersey,8.8,Healthy,None,3.5,Puttalam,11.08,117.7,1023.0,54.3,37.9,Grass
78,387,Local,10.3,Healthy,None,2.8,Kurunegala,10.71,118.3,989.0,52.2,39.4,Grass
23,512,Ayrshire,7.2,Severe,Foot Rot,3.2,Badulla,13.52,145.9,1335.0,65.0,47.2,Grass
100,518,Friesian,22.3,Healthy,None,2.5,Anuradhapura,15.18,168.0,1566.0,82.8,45.7,Concentrate
105,403,Jersey,12.1,Healthy,None,3.7,Kurunegala,11.29,122.9,970.0,52.5,32.3,Grass
83,467,Local,11.6,Healthy,None,3.2,Kurunegala,12.84,145.9,1237.0,64.3,40.5,Grass
116,507,Friesian,6.7,Healthy,None,3.2,Kurunegala,13.35,151.7,1183.0,64.9,44.7,Grass
71,402,Ayrshire,11.1,Healthy,None,3.5,Monaragala,11.16,123.8,1098.0,64.1,35.4,Grass
41,358,Jersey,17.9,Healthy,None,4.3,Kurunegala,10.74,126.5,969.0,62.8,36.6,Mixed
18,452,Friesian,14.9,Healthy,None,3.2,Badulla,12.79,145.2,1205.0,67.9,47.6,Grass
95,499,Ayrshire,13.0,Healthy,None,2.8,Puttalam,13.78,162.1,1271.0,80.6,51.9,Grass
120,404,Friesian,13.7,Healthy,None,2.9,Monaragala,11.47,120.6,1001.0,52.0,47.7,Grass
21,357,Local,12.8,Healthy,None,3.7,Anuradhapura,10.21,115.8,957.0,58.7,39.9,Grass
29,404,Local,7.0,Healthy,None,3.6,Puttalam,10.8,119.3,943.0,68.1,41.4,Grass
80,491,Friesian,18.6,Mild,Foot Rot,2.9,Polonnaruwa,14.14,152.9,1285.0,87.1,47.3,Mixed
19,302,Local,1.4,Severe,Lumpy Skin Disease,2.7,Puttalam,7.69,88.1,745.0,43.1,24.7,Grass
69,498,Local,18.5,Healthy,None,3.0,Polonnaruwa,14.3,151.3,1221.0,80.8,51.1,Mixed
100,463,Local,7.0,Healthy,None,2.7,Anuradhapura,12.28,138.9,1203.0,66.3,41.9,Grass
54,348,Local,16.2,Healthy,None,3.3,Matale,10.32,111.5,923.0,65.2,33.8,Mixed
109,586,Local,10.8,Healthy,None,2.8,Badulla,15.73,171.2,1561.0,101.0,62.4,Grass
101,434,Local,10.0,Mild,Mastitis,2.5,Anuradhapura,11.85,134.0,1074.0,71.1,44.2,Grass
40,352,Jersey,20.1,Healthy,None,2.8,Anuradhapura,10.81,114.9,1009.0,70.1,34.9,Mixed
89,274,Friesian,18.1,Healthy,None,3.8,Matale,8.66,93.9,853.0,42.0,34.7,Mixed
22,282,Ayrshire,17.0,Healthy,None,2.8,Polonnaruwa,8.75,98.9,765.0,43.3,27.7,Mixed
118,431,Friesian,14.0,Mild,Foot Rot,3.0,Badulla,12.18,132.1,1072.0,71.6,42.9,Grass
31,275,Local,7.5,Mild,Mastitis,3.2,Kurunegala,7.62,89.7,767.0,43.6,30.5,Grass
89,271,Friesian,6.1,Healthy,None,3.6,Badulla,7.39,78.7,659.0,38.6,28.2,Grass
74,509,Local,9.7,Mild,Mastitis,3.1,Anuradhapura,13.7,146.6,1264.0,84.1,40.7,Grass
74,462,Friesian,13.4,Healthy,None,2.9,Polonnaruwa,12.89,148.9,1184.0,71.0,37.6,Grass
109,462,Ayrshire,14.9,Healthy,None,2.8,Anuradhapura,13.04,141.1,1305.0,72.5,50.9,Grass
120,469,Local,16.4,Severe,Lumpy Skin Disease,2.3,Puttalam,13.37,156.9,1274.0,78.4,55.1,Mixed
36,255,Friesian,12.6,Healthy,None,4.0,Monaragala,7.63,83.2,798.0,36.8,22.0,Grass
22,588,Jersey,7.0,Severe,Mastitis,2.7,Polonnaruwa,15.4,181.3,1611.0,93.9,62.0,Grass
71,455,Ayrshire,14.6,Mild,Lumpy Skin Disease,3.1,Anuradhapura,12.84,150.0,1093.0,65.0,45.4,Grass
107,456,Local,13.8,Healthy,None,3.2,Polonnaruwa,12.78,148.9,1246.0,73.3,43.7,Grass
118,582,Local,15.2,Mild,Lumpy Skin Disease,3.6,Anuradhapura,16.07,170.5,1539.0,84.8,61.2,Mixed
84,526,Ayrshire,14.0,Healthy,None,2.9,Kurunegala,14.55,162.5,1328.0,75.4,53.7,Grass
21,526,Ayrshire,15.4,Healthy,None,3.9,Kurunegala,14.69,169.0,1462.0,95.1,43.4,Mixed
65,382,Ayrshire,11.3,Healthy,None,2.5,Kurunegala,10.68,122.6,1109.0,57.6,38.5,Grass
76,423,Jersey,17.5,Mild,Foot Rot,2.9,Matale,12.33,138.5,1269.0,71.0,43.7,Mixed
47,429,Ayrshire,1.1,Healthy,None,3.4,Matale,10.84,124.9,1076.0,63.4,41.2,Grass
112,376,Friesian,9.3,Healthy,None,3.0,Badulla,10.33,116.3,1048.0,53.9,30.3,Grass
72,460,Friesian,13.7,Healthy,None,3.1,Badulla,12.87,142.2,1127.0,63.4,37.4,Grass
85,456,Local,15.5,Mild,Foot Rot,2.8,Puttalam,12.95,144.4,1210.0,69.7,53.1,Mixed
111,463,Jersey,14.6,Healthy,None,2.9,Monaragala,13.04,139.1,1294.0,62.1,49.4,Grass
85,310,Jersey,15.7,Healthy,None,3.3,Kurunegala,9.32,98.3,821.0,52.4,38.1,Mixed
95,459,Friesian,7.3,Healthy,None,3.5,Polonnaruwa,12.21,137.3,1048.0,58.7,40.5,Grass
56,400,Local,9.3,Healthy,None,3.4,Polonnaruwa,10.93,116.8,1100.0,58.4,44.9,Grass
54,360,Jersey,13.8,Mild,Lumpy Skin Disease,3.9,Puttalam,10.38,109.0,996.0,48.1,29.7,Grass
91,408,Local,10.9,Severe,Lumpy Skin Disease,2.8,Matale,11.29,125.5,1122.0,64.5,43.7,Grass
99,485,Local,11.9,Mild,Mastitis,2.8,Puttalam,13.31,154.7,1218.0,81.2,49.7,Grass
67,369,Local,16.0,Healthy,None,2.2,Kurunegala,10.82,114.3,1065.0,58.3,34.5,Mixed
39,262,Ayrshire,6.7,Healthy,None,2.5,Matale,7.22,77.0,694.0,35.3,26.5,Grass
114,277,Jersey,16.8,Mild,Foot Rot,3.9,Kurunegala,8.61,100.4,753.0,54.9,26.3,Mixed
53,355,Jersey,11.5,Mild,Foot Rot,2.9,Kurunegala,10.03,111.1,1014.0,57.3,33.7,Grass
80,261,Ayrshire,12.4,Healthy,None,3.6,Kurunegala,7.77,85.8,794.0,39.9,24.6,Grass
30,527,Jersey,7.4,Healthy,None,3.1,Badulla,13.92,149.5,1397.0,66.9,57.5,Grass
39,280,Ayrshire,16.9,Healthy,None,3.3,Polonnaruwa,8.69,99.3,790.0,40.8,26.1,Mixed
51,442,Friesian,12.9,Healthy,None,3.5,Matale,12.34,133.4,1196.0,61.4,43.3,Grass
67,308,Ayrshire,0.0,Healthy,None,3.3,Anuradhapura,7.7,85.5,717.0,42.1,26.0,Grass
20,387,Friesian,8.7,Healthy,None,2.1,Kurunegala,10.54,118.3,1061.0,53.9,35.5,Grass
99,506,Jersey,14.6,Mild,Mastitis,3.7,Puttalam,14.11,155.0,1477.0,85.6,50.1,Grass
89,481,Friesian,11.3,Healthy,None,3.5,Kurunegala,13.16,146.1,1337.0,66.8,54.8,Grass
25,496,Ayrshire,20.1,Healthy,None,3.7,Matale,14.41,167.0,1334.0,75.0,53.1,Mixed
83,394,Friesian,20.2,Healthy,None,3.4,Monaragala,11.87,132.9,1026.0,55.5,44.8,Mixed
35,534,Ayrshire,12.4,Mild,Mastitis,2.2,Polonnaruwa,14.59,164.8,1520.0,74.9,54.8,Grass
99,383,Local,10.8,Healthy,None,2.6,Polonnaruwa,10.66,121.1,975.0,52.5,44.2,Grass
20,318,Friesian,22.9,Healthy,None,2.9,Badulla,10.24,107.6,872.0,49.6,36.6,Concentrate
108,500,Local,12.6,Healthy,None,3.3,Monaragala,13.76,158.6,1348.0,64.1,39.1,Grass
103,477,Friesian,12.2,Healthy,None,3.8,Monaragala,13.15,152.0,1335.0,68.6,40.1,Grass
107,254,Friesian,8.9,Healthy,None,3.1,Polonnaruwa,7.24,84.8,680.0,35.8,20.5,Grass
105,433,Jersey,8.3,Healthy,None,2.3,Puttalam,11.66,131.7,1062.0,69.2,36.5,Grass
64,268,Ayrshire,8.9,Healthy,None,3.0,Badulla,7.59,86.6,737.0,34.3,31.7,Grass
68,306,Ayrshire,9.9,Healthy,None,2.7,Badulla,8.64,96.3,830.0,50.3,31.0,Grass
95,539,Jersey,5.0,Healthy,None,3.0,Anuradhapura,13.98,149.1,1206.0,70.2,50.3,Grass
84,390,Jersey,4.5,Mild,Mastitis,3.4,Matale,10.2,120.3,1008.0,56.8,32.2,Grass
76,251,Local,12.4,Healthy,None,2.3,Puttalam,7.52,88.2,647.0,48.0,25.6,Grass
53,312,Local,10.5,Healthy,None,2.6,Puttalam,8.85,98.9,760.0,52.6,25.4,Grass
86,479,Ayrshire,13.6,Healthy,None,3.7,Badulla,13.34,143.4,1156.0,75.3,37.8,Grass
46,466,Friesian,2.6,Severe,Mastitis,3.1,Puttalam,11.91,127.6,1086.0,68.5,35.0,Grass
73,262,Ayrshire,11.2,Mild,Mastitis,3.3,Polonnaruwa,7.67,81.6,689.0,39.7,22.1,Grass
84,371,Friesian,13.1,Mild,Foot Rot,2.6,Kurunegala,10.59,117.2,920.0,57.1,31.5,Grass
22,443,Ayrshire,10.4,Mild,Foot Rot,2.6,Polonnaruwa,12.12,128.3,1061.0,76.8,41.4,Grass
96,570,Local,17.4,Healthy,None,3.0,Kurunegala,15.99,182.0,1538.0,81.4,53.3,Mixed
97,460,Jersey,21.5,Mild,Foot Rot,3.0,Matale,13.65,154.4,1284.0,74.1,46.4,Mixed
97,301,Ayrshire,8.5,Mild,Foot Rot,2.2,Kurunegala,8.38,96.5,788.0,43.2,25.7,Grass
19,554,Friesian,3.0,Healthy,None,2.2,Polonnaruwa,14.15,164.0,1459.0,67.2,49.7,Grass
71,496,Local,13.3,Healthy,None,3.3,Matale,13.73,146.6,1179.0,65.3,49.7,Grass
101,433,Ayrshire,4.1,Healthy,None,3.4,Polonnaruwa,11.24,125.9,988.0,61.1,41.0,Grass
65,254,Jersey,9.6,Healthy,None,3.1,Anuradhapura,7.31,81.6,743.0,45.4,24.8,Grass
43,577,Jersey,20.1,Mild,Lumpy Skin Disease,3.4,Badulla,16.44,176.7,1554.0,96.7,56.8,Mixed
60,546,Ayrshire,10.7,Healthy,None,2.6,Kurunegala,14.72,162.6,1299.0,79.6,57.5,Grass
81,362,Friesian,1.2,Healthy,None,2.6,Monaragala,9.17,104.5,865.0,45.2,31.8,Grass
60,442,Jersey,10.9,Healthy,None,2.5,Matale,12.14,140.5,1034.0,54.9,40.1,Grass
32,322,Ayrshire,11.3,Healthy,None,3.0,Anuradhapura,9.18,103.9,948.0,47.9,38.2,Grass
43,395,Jersey,10.9,Healthy,None,2.7,Anuradhapura,10.96,118.8,970.0,67.9,34.5,Grass
20,340,Ayrshire,12.8,Severe,Mastitis,3.2,Polonnaruwa,9.78,113.3,858.0,56.8,39.5,Grass
44,406,Local,6.5,Healthy,None,3.7,Matale,10.8,124.8,1061.0,68.9,45.0,Grass
73,283,Friesian,11.5,Healthy,None,3.0,Polonnaruwa,8.22,96.2,829.0,40.1,27.4,Grass
58,556,Local,15.5,Severe,Mastitis,3.1,Polonnaruwa,15.45,180.7,1549.0,87.7,61.7,Mixed
119,326,Ayrshire,16.8,Healthy,None,3.1,Matale,9.83,111.3,891.0,46.7,34.5,Mixed
80,357,Friesian,8.9,Mild,Foot Rot,3.2,Monaragala,9.82,111.0,868.0,51.8,39.6,Grass
83,441,Local,6.3,Healthy,None,3.1,Puttalam,11.66,125.1,1157.0,64.7,40.5,Grass
78,387,Local,11.8,Healthy,None,2.9,Puttalam,10.86,125.2,1064.0,53.4,44.0,Grass
48,452,Jersey,11.4,Healthy,None,2.1,Matale,12.44,145.0,1200.0,79.3,41.3,Grass
28,318,Friesian,9.3,Healthy,None,3.0,Polonnaruwa,8.88,99.2,796.0,40.7,31.2,Grass
72,480,Local,12.8,Healthy,None,2.5,Puttalam,13.28,145.8,1261.0,67.0,37.6,Grass
47,385,Friesian,18.3,Healthy,None,2.6,Monaragala,11.46,121.6,1167.0,63.3,42.4,Mixed
53,366,Friesian,16.8,Healthy,None,3.2,Polonnaruwa,10.83,118.8,1039.0,56.0,40.6,Mixed
56,599,Ayrshire,8.8,Healthy,None,3.9,Matale,15.86,179.0,1392.0,98.5,60.3,Grass
51,254,Ayrshire,6.0,Healthy,None,3.5,Monaragala,6.95,76.1,729.0,44.4,27.5,Grass
101,256,Local,17.0,Mild,Mastitis,2.7,Anuradhapura,8.1,94.2,725.0,48.2,25.1,Mixed
84,550,Local,19.0,Mild,Lumpy Skin Disease,2.9,Badulla,15.65,171.3,1357.0,96.9,53.2,Mixed
71,357,Local,13.4,Healthy,None,3.1,Badulla,10.27,115.3,950.0,58.1,30.6,Grass
19,505,Ayrshire,11.3,Healthy,None,3.4,Matale,13.76,152.0,1358.0,73.0,53.5,Grass
56,416,Friesian,16.0,Healthy,None,2.1,Matale,12.0,126.5,1053.0,77.5,50.3,Mixed
98,558,Local,18.5,Severe,Mastitis,2.2,Polonnaruwa,15.8,185.4,1363.0,83.3,54.7,Mixed
90,481,Ayrshire,17.2,Healthy,None,3.6,Puttalam,13.75,146.2,1321.0,62.8,51.8,Mixed
21,345,Jersey,6.5,Healthy,None,2.8,Kurunegala,9.28,109.1,841.0,46.1,34.6,Grass
76,279,Ayrshire,6.5,Healthy,None,2.9,Kurunegala,7.63,81.8,780.0,40.6,23.0,Grass
34,524,Local,10.5,Healthy,None,3.4,Anuradhapura,14.15,149.8,1473.0,88.2,42.2,Grass
57,471,Local,18.6,Healthy,None,3.7,Puttalam,13.64,153.4,1244.0,66.9,51.9,Mixed
53,353,Friesian,9.2,Severe,Lumpy Skin Disease,2.9,Matale,9.75,103.2,907.0,59.6,34.5,Grass
80,485,Local,3.6,Healthy,None,2.6,Badulla,12.48,143.0,1133.0,78.1,42.9,Grass
109,402,Local,16.8,Healthy,None,3.8,Badulla,11.73,135.5,1038.0,58.6,47.6,Mixed
73,484,Local,5.8,Severe,Mastitis,2.7,Monaragala,12.68,144.7,1102.0,74.8,36.3,Grass
38,390,Ayrshire,11.9,Mild,Mastitis,3.1,Monaragala,10.94,124.8,1088.0,54.0,38.2,Grass
88,312,Ayrshire,8.0,Healthy,None,3.2,Polonnaruwa,8.6,91.5,863.0,44.3,29.5,Grass
44,509,Friesian,9.6,Healthy,None,3.0,Badulla,13.69,145.0,1354.0,82.1,45.6,Grass
69,349,Local,14.7,Healthy,None,3.0,Puttalam,10.2,110.4,1012.0,48.7,38.1,Grass
80,486,Friesian,9.8,Healthy,None,2.9,Polonnaruwa,13.13,149.1,1303.0,70.6,45.4,Grass
38,337,Friesian,11.6,Healthy,None,2.8,Badulla,9.59,102.9,839.0,57.4,29.1,Grass
115,255,Ayrshire,10.7,Healthy,None,3.8,Anuradhapura,7.45,81.7,666.0,34.0,27.9,Grass
74,274,Friesian,14.8,Healthy,None,2.9,Monaragala,8.33,90.8,717.0,37.6,32.3,Grass
43,377,Ayrshire,15.5,Severe,Mastitis,2.8,Anuradhapura,10.98,116.6,1026.0,71.1,35.9,Mixed
105,592,Friesian,17.9,Healthy,None,3.2,Anuradhapura,16.59,193.2,1675.0,102.2,50.4,Mixed
23,462,Friesian,11.5,Mild,Lumpy Skin Disease,3.2,Puttalam,12.7,142.6,1128.0,62.4,45.2,Grass
33,368,Jersey,4.1,Healthy,None,2.4,Anuradhapura,9.61,104.9,820.0,55.8,27.1,Grass
76,362,Friesian,6.0,Mild,Lumpy Skin Disease,3.1,Polonnaruwa,9.65,109.5,891.0,44.7,30.0,Grass
116,556,Local,20.7,Severe,Mastitis,4.1,Polonnaruwa,15.97,182.5,1610.0,101.3,57.4,Mixed
30,557,Ayrshire,15.2,Severe,Foot Rot,3.3,Anuradhapura,15.45,170.0,1599.0,93.4,46.1,Mixed
99,412,Local,3.0,Healthy,None,2.7,Badulla,10.6,111.5,1094.0,57.2,37.3,Grass
47,507,Friesian,8.1,Healthy,None,2.7,Monaragala,13.49,152.5,1389.0,69.0,51.7,Grass
49,567,Friesian,11.2,Healthy,None,2.8,Kurunegala,15.29,168.0,1390.0,73.4,47.2,Grass
48,556,Local,2.1,Mild,Lumpy Skin Disease,3.4,Monaragala,14.11,150.6,1289.0,85.7,40.3,Grass
71,581,Ayrshire,6.6,Mild,Mastitis,3.1,Badulla,15.19,176.2,1392.0,75.7,54.0,Grass
49,363,Local,22.4,Healthy,None,2.5,Anuradhapura,11.32,121.6,1105.0,52.4,39.5,Concentrate
24,574,Jersey,0.0,Severe,Mastitis,2.9,Anuradhapura,14.35,152.4,1390.0,88.4,58.9,Grass
82,290,Local,17.5,Mild,Lumpy Skin Disease,4.0,Polonnaruwa,9.0,96.4,801.0,48.1,32.8,Mixed
54,545,Local,5.9,Severe,Mastitis,3.2,Puttalam,14.21,154.2,1430.0,66.2,59.1,Grass
66,335,Local,9.7,Healthy,None,2.9,Monaragala,9.35,104.3,932.0,56.3,36.9,Grass
79,260,Local,25.2,Healthy,None,2.2,Matale,9.02,95.7,930.0,46.0,32.0,Concentrate
111,339,Ayrshire,13.3,Healthy,None,3.2,Polonnaruwa,9.8,106.8,889.0,55.1,34.0,Grass
35,490,Jersey,17.4,Healthy,None,3.0,Puttalam,13.99,150.3,1193.0,77.0,53.4,Mixed
69,462,Local,13.5,Severe,Lumpy Skin Disease,2.8,Kurunegala,12.9,141.9,1176.0,83.5,37.4,Grass
33,447,Jersey,13.3,Healthy,None,2.8,Matale,12.51,138.5,1127.0,79.1,47.7,Grass
108,500,Ayrshire,15.1,Mild,Foot Rot,2.8,Monaragala,14.01,154.1,1310.0,70.0,48.6,Mixed
64,573,Friesian,13.9,Mild,Foot Rot,3.0,Anuradhapura,15.72,168.1,1527.0,100.4,47.3,Grass
95,546,Jersey,17.6,Healthy,None,3.0,Matale,15.41,177.2,1508.0,97.6,51.7,Mixed
28,515,Jersey,3.1,Mild,Mastitis,3.6,Badulla,13.19,152.7,1188.0,67.3,54.8,Grass
66,550,Ayrshire,7.5,Mild,Foot Rot,2.7,Monaragala,14.5,168.6,1264.0,81.9,56.8,Grass
36,387,Jersey,9.0,Severe,Lumpy Skin Disease,3.7,Kurunegala,10.58,120.7,901.0,51.2,36.9,Grass
26,463,Local,1.3,Mild,Foot Rot,4.5,Puttalam,11.71,129.5,1037.0,57.1,35.0,Grass
41,507,Friesian,17.3,Healthy,None,3.1,Monaragala,14.41,166.6,1278.0,66.5,44.0,Mixed
42,382,Local,11.7,Healthy,None,3.1,Kurunegala,10.72,125.3,935.0,61.9,31.2,Grass
66,313,Ayrshire,14.6,Healthy,None,3.3,Kurunegala,9.29,97.9,833.0,50.8,35.9,Grass
25,386,Friesian,14.8,Mild,Mastitis,3.0,Monaragala,11.13,118.3,1062.0,50.2,40.6,Grass
52,498,Local,11.0,Mild,Foot Rot,2.9,Monaragala,13.55,149.8,1252.0,85.1,56.9,Grass
48,434,Local,11.0,Healthy,None,3.6,Puttalam,11.95,126.4,1101.0,61.7,35.1,Grass
107,455,Jersey,15.0,Healthy,None,1.5,Anuradhapura,12.88,137.3,1231.0,82.5,49.6,Grass
65,481,Local,15.3,Healthy,None,3.1,Polonnaruwa,13.55,153.9,1153.0,78.3,55.8,Mixed
20,574,Ayrshire,11.9,Mild,Foot Rot,2.8,Matale,15.54,169.7,1459.0,88.8,52.2,Grass
119,291,Ayrshire,17.6,Healthy,None,3.5,Kurunegala,9.04,105.9,937.0,58.5,36.2,Mixed
111,447,Ayrshire,8.1,Healthy,None,3.2,Badulla,11.99,137.0,1228.0,75.0,46.7,Grass
82,266,Jersey,7.1,Healthy,None,2.3,Puttalam,7.36,78.1,748.0,47.8,30.8,Grass
39,478,Friesian,8.9,Healthy,None,3.4,Badulla,12.84,143.8,1154.0,62.2,52.9,Grass
29,304,Local,16.8,Severe,Mastitis,3.3,Anuradhapura,9.28,99.4,961.0,58.5,35.9,Mixed
110,381,Local,15.6,Severe,Foot Rot,3.3,Kurunegala,11.09,118.2,973.0,61.8,42.3,Mixed
119,420,Jersey,8.8,Severe,Foot Rot,3.2,Badulla,11.38,120.4,1045.0,71.9,43.7,Grass
66,584,Local,16.0,Mild,Mastitis,3.4,Matale,16.2,175.6,1471.0,76.5,53.1,Mixed
42,309,Ayrshire,17.9,Healthy,None,3.4,Matale,9.52,103.8,882.0,56.9,30.8,Mixed
86,347,Local,13.8,Severe,Lumpy Skin Disease,3.5,Badulla,10.06,115.7,1016.0,64.1,29.9,Grass
95,552,Jersey,11.9,Healthy,None,2.6,Polonnaruwa,14.99,157.6,1530.0,76.9,59.1,Grass
46,505,Local,11.2,Healthy,None,2.6,Kurunegala,13.74,149.3,1373.0,85.2,54.4,Grass
94,413,Ayrshire,8.6,Healthy,None,2.9,Badulla,11.19,127.5,1012.0,69.3,40.3,Grass
45,503,Ayrshire,8.0,Mild,Lumpy Skin Disease,2.8,Monaragala,13.38,141.5,1354.0,64.3,50.9,Grass
111,365,Friesian,2.5,Severe,Mastitis,3.1,Monaragala,9.38,108.9,934.0,47.8,37.0,Grass
38,261,Local,12.0,Healthy,None,2.6,Matale,7.73,88.0,810.0,46.5,25.9,Grass
111,394,Ayrshire,15.3,Mild,Mastitis,3.5,Monaragala,11.38,129.9,1092.0,53.4,37.0,Mixed
92,277,Ayrshire,4.0,Healthy,None,2.6,Anuradhapura,7.33,78.5,643.0,43.2,23.5,Grass
44,361,Jersey,8.2,Mild,Mastitis,2.5,Monaragala,9.85,108.1,1006.0,46.3,38.4,Grass
36,442,Local,16.1,Mild,Mastitis,2.9,Kurunegala,12.66,148.2,1100.0,81.6,38.6,Mixed
33,513,Ayrshire,10.7,Healthy,None,2.0,Anuradhapura,13.9,163.5,1356.0,73.8,39.6,Grass
68,500,Ayrshire,15.2,Mild,Mastitis,2.4,Badulla,14.02,159.1,1297.0,82.5,54.9,Mixed
29,487,Local,12.3,Healthy,None,3.1,Puttalam,13.41,152.2,1238.0,63.6,39.1,Grass
100,592,Jersey,18.8,Healthy,None,2.3,Monaragala,16.68,187.6,1609.0,84.2,64.1,Mixed
93,342,Local,0.0,Healthy,None,3.1,Kurunegala,8.55,96.9,801.0,48.2,25.1,Grass
109,525,Jersey,21.0,Healthy,None,3.6,Matale,15.22,173.7,1414.0,93.4,59.3,Mixed
80,282,Friesian,13.0,Mild,Mastitis,2.8,Anuradhapura,8.35,98.2,860.0,40.6,30.4,Grass
18,534,Local,16.0,Mild,Mastitis,2.5,Polonnaruwa,14.95,157.7,1443.0,86.8,43.7,Mixed
114,267,Friesian,14.4,Severe,Foot Rot,3.3,Badulla,8.12,88.4,847.0,39.3,33.8,Grass
18,377,Ayrshire,17.3,Healthy,None,4.4,Anuradhapura,11.16,130.9,1151.0,56.8,39.6,Mixed
91,501,Ayrshire,14.0,Healthy,None,2.7,Kurunegala,13.93,164.1,1282.0,77.7,43.1,Grass
102,272,Jersey,11.9,Healthy,None,2.1,Matale,7.99,85.4,816.0,39.4,23.9,Grass
45,552,Ayrshire,8.5,Healthy,None,2.8,Badulla,14.65,167.7,1369.0,82.0,46.4,Grass
38,454,Local,9.4,Healthy,None,3.1,Kurunegala,12.29,133.1,1149.0,72.4,43.6,Grass
98,387,Jersey,7.9,Mild,Foot Rot,3.6,Anuradhapura,10.46,118.8,1061.0,59.7,35.4,Grass
58,472,Local,12.0,Healthy,None,3.0,Matale,13.0,146.7,1125.0,61.7,38.4,Grass
70,283,Ayrshire,10.4,Healthy,None,3.1,Anuradhapura,8.12,89.1,744.0,41.0,32.6,Grass
53,255,Friesian,16.1,Healthy,None,2.6,Anuradhapura,7.99,94.0,740.0,37.6,32.7,Mixed
85,406,Local,8.7,Healthy,None,2.8,Kurunegala,11.02,120.7,1063.0,55.8,35.0,Grass
24,337,Ayrshire,5.3,Severe,Lumpy Skin Disease,2.6,Matale,8.96,96.2,906.0,52.5,35.0,Grass
94,456,Local,9.6,Healthy,None,3.4,Anuradhapura,12.36,133.9,1220.0,73.3,46.0,Grass
66,540,Ayrshire,13.3,Healthy,None,3.1,Matale,14.83,169.7,1550.0,87.7,46.7,Grass
71,484,Jersey,16.3,Healthy,None,2.9,Matale,13.73,150.5,1296.0,69.7,56.8,Mixed
109,367,Ayrshire,14.0,Healthy,None,2.9,Badulla,10.58,112.3,964.0,63.9,42.1,Grass
28,289,Jersey,13.3,Severe,Mastitis,2.7,Monaragala,8.55,96.2,741.0,43.4,35.1,Grass
19,467,Jersey,0.0,Healthy,None,2.9,Puttalam,11.68,130.5,1226.0,73.3,44.1,Grass
19,565,Jersey,19.1,Severe,Foot Rot,3.5,Badulla,16.04,168.6,1500.0,89.3,52.7,Mixed
102,520,Friesian,16.8,Healthy,None,3.6,Anuradhapura,14.68,172.5,1446.0,92.0,51.9,Mixed
40,288,Ayrshire,12.4,Mild,Foot Rot,3.1,Kurunegala,8.44,92.5,726.0,46.3,25.6,Grass
61,597,Jersey,8.9,Mild,Mastitis,2.8,Badulla,15.82,172.1,1498.0,79.6,44.3,Grass
90,451,Jersey,15.1,Severe,Foot Rot,3.6,Monaragala,12.79,142.9,1316.0,81.5,51.8,Mixed
80,279,Ayrshire,11.3,Healthy,None,2.8,Badulla,8.11,90.0,738.0,38.2,26.7,Grass
41,455,Ayrshire,12.0,Healthy,None,3.3,Puttalam,12.57,139.0,1118.0,69.9,51.0,Grass
33,499,Friesian,4.8,Healthy,None,1.9,Puttalam,12.96,147.1,1160.0,68.6,41.7,Grass
41,524,Ayrshire,9.2,Healthy,None,2.4,Puttalam,14.02,155.2,1427.0,67.6,46.2,Grass
18,433,Jersey,9.5,Healthy,None,2.9,Kurunegala,11.78,128.1,1033.0,62.9,38.4,Grass
38,591,Jersey,9.7,Severe,Foot Rot,3.7,Badulla,15.75,185.5,1376.0,86.3,55.0,Grass
109,315,Ayrshire,13.6,Mild,Lumpy Skin Disease,3.2,Kurunegala,9.23,102.9,955.0,57.1,30.9,Grass
31,260,Jersey,15.1,Healthy,None,2.4,Polonnaruwa,8.01,89.3,804.0,39.8,30.0,Mixed
72,555,Friesian,17.2,Healthy,None,3.0,Anuradhapura,15.6,169.7,1478.0,93.9,49.1,Mixed
111,511,Jersey,15.4,Healthy,None,2.5,Monaragala,14.32,164.6,1465.0,92.9,45.1,Mixed
72,351,Local,4.2,Mild,Mastitis,3.4,Matale,9.2,105.0,874.0,44.7,38.5,Grass
98,574,Jersey,13.9,Healthy,None,2.5,Puttalam,15.74,168.0,1350.0,102.0,64.5,Grass
20,565,Jersey,7.7,Healthy,None,3.6,Anuradhapura,14.89,157.3,1387.0,76.1,54.9,Grass
46,422,Local,6.1,Healthy,None,3.8,Polonnaruwa,11.16,124.6,1092.0,57.0,35.5,Grass
62,464,Jersey,7.5,Healthy,None,3.3,Anuradhapura,12.35,130.4,1060.0,56.9,47.5,Grass
54,491,Ayrshire,10.4,Severe,Mastitis,3.3,Kurunegala,13.32,147.3,1199.0,73.0,43.5,Grass
30,592,Friesian,9.3,Mild,Mastitis,2.9,Matale,15.73,171.9,1570.0,82.2,61.2,Grass
95,440,Jersey,12.2,Mild,Mastitis,2.5,Matale,12.22,137.6,1060.0,57.6,45.0,Grass
33,271,Jersey,15.7,Healthy,None,2.7,Polonnaruwa,8.35,92.5,726.0,53.3,30.6,Mixed
110,492,Jersey,10.9,Healthy,None,2.5,Monaragala,13.39,143.3,1172.0,71.5,50.8,Grass
89,427,Ayrshire,0.0,Healthy,None,2.9,Matale,10.68,122.1,1102.0,49.5,36.2,Grass
119,261,Jersey,24.1,Healthy,None,3.4,Monaragala,8.94,102.0,783.0,41.0,32.1,Concentrate
106,347,Local,11.9,Healthy,None,2.9,Matale,9.87,110.5,940.0,45.9,33.7,Grass
67,537,Local,12.1,Healthy,None,3.3,Badulla,14.64,158.9,1298.0,70.6,45.5,Grass
19,512,Local,6.1,Healthy,None,3.6,Polonnaruwa,13.41,153.4,1209.0,83.2,43.1,Grass
88,310,Jersey,15.6,Healthy,None,3.4,Polonnaruwa,9.31,104.2,846.0,53.8,38.3,Mixed
35,388,Friesian,14.2,Healthy,None,3.0,Polonnaruwa,11.12,120.4,1128.0,61.9,31.2,Grass
98,559,Ayrshire,15.4,Healthy,None,3.3,Matale,15.52,182.1,1594.0,78.0,46.4,Mixed
55,416,Friesian,10.2,Healthy,None,2.7,Polonnaruwa,11.42,120.1,1052.0,68.1,36.4,Grass
20,525,Friesian,12.5,Mild,Foot Rot,3.8,Matale,14.38,158.1,1410.0,89.7,53.0,Grass
44,476,Jersey,5.8,Healthy,None,2.3,Puttalam,12.48,134.3,1218.0,77.6,41.9,Grass
47,472,Ayrshire,12.8,Healthy,None,3.0,Anuradhapura,13.08,145.5,1242.0,70.9,51.6,Grass
42,541,Local,12.9,Severe,Mastitis,3.1,Puttalam,14.82,168.1,1266.0,71.5,45.2,Grass
105,561,Jersey,10.9,Healthy,None,3.7,Kurunegala,15.12,160.2,1359.0,95.5,62.9,Grass
110,519,Jersey,4.0,Mild,Mastitis,2.6,Monaragala,13.38,151.0,1238.0,60.8,52.9,Grass
100,272,Jersey,11.5,Healthy,None,2.2,Kurunegala,7.95,84.3,698.0,45.8,22.4,Grass
119,304,Ayrshire,11.1,Mild,Mastitis,3.8,Anuradhapura,8.71,93.7,824.0,49.0,29.8,Grass
57,419,Local,12.1,Healthy,None,3.1,Monaragala,11.69,123.6,1155.0,67.3,34.7,Grass
23,302,Ayrshire,5.7,Healthy,None,2.7,Anuradhapura,8.12,94.6,758.0,36.6,25.3,Grass
72,447,Jersey,10.1,Healthy,None,2.8,Badulla,12.19,132.5,1261.0,71.5,45.9,Grass
32,501,Jersey,18.4,Severe,Mastitis,3.3,Kurunegala,14.37,152.8,1496.0,74.9,52.6,Mixed
64,293,Friesian,6.4,Healthy,None,3.1,Anuradhapura,7.96,85.4,761.0,45.4,29.9,Grass
103,404,Ayrshire,14.5,Healthy,None,3.6,Monaragala,11.55,122.8,1193.0,67.3,47.4,Grass
109,289,Friesian,19.9,Mild,Mastitis,2.5,Monaragala,9.21,106.0,810.0,44.2,31.5,Mixed
118,494,Friesian,7.9,Healthy,None,2.4,Anuradhapura,13.14,145.3,1308.0,62.9,42.7,Grass
41,447,Ayrshire,10.8,Healthy,None,3.2,Polonnaruwa,12.26,135.5,1212.0,65.3,47.9,Grass
35,584,Jersey,16.9,Healthy,None,3.0,Anuradhapura,16.29,182.7,1560.0,89.4,57.8,Mixed
67,292,Local,10.4,Healthy,None,3.1,Polonnaruwa,8.34,96.0,844.0,41.2,24.4,Grass
18,354,Friesian,7.8,Healthy,None,4.0,Polonnaruwa,9.63,107.0,844.0,45.5,39.3,Grass
117,321,Ayrshire,4.0,Healthy,None,3.1,Anuradhapura,8.43,97.7,810.0,53.6,28.6,Grass
46,278,Jersey,22.1,Healthy,None,3.0,Puttalam,9.16,104.5,805.0,54.7,34.6,Concentrate
65,277,Friesian,11.0,Mild,Mastitis,2.8,Anuradhapura,8.03,89.3,778.0,38.7,24.1,Grass
28,375,Friesian,11.1,Healthy,None,3.7,Anuradhapura,10.48,121.4,978.0,63.2,36.2,Grass
113,520,Ayrshire,0.9,Healthy,None,3.8,Kurunegala,13.09,149.7,1229.0,75.8,36.9,Grass
37,280,Friesian,4.9,Healthy,None,2.9,Puttalam,7.49,80.3,661.0,39.6,25.4,Grass
88,382,Ayrshire,9.9,Mild,Lumpy Skin Disease,3.3,Anuradhapura,10.54,123.4,953.0,49.4,35.1,Grass
113,358,Local,4.0,Healthy,None,3.2,Monaragala,9.35,100.8,829.0,56.0,33.5,Grass
27,489,Local,22.1,Healthy,None,2.3,Badulla,14.44,163.7,1466.0,69.7,56.7,Concentrate
72,349,Ayrshire,12.9,Healthy,None,2.7,Polonnaruwa,10.02,106.2,973.0,62.1,28.4,Grass
38,527,Friesian,14.1,Healthy,None,3.0,Badulla,14.59,164.5,1461.0,74.7,52.1,Grass
22,373,Ayrshire,8.8,Healthy,None,3.2,Kurunegala,10.21,114.8,877.0,66.1,35.5,Grass
58,297,Ayrshire,21.0,Healthy,None,2.9,Monaragala,9.53,104.5,864.0,50.5,29.3,Mixed
68,432,Jersey,15.6,Mild,Mastitis,2.4,Monaragala,12.36,135.1,1272.0,68.1,43.3,Mixed
37,262,Local,7.2,Healthy,None,3.2,Kurunegala,7.27,84.5,623.0,35.1,27.3,Grass
98,297,Jersey,19.4,Mild,Foot Rot,3.2,Matale,9.37,106.4,941.0,45.2,38.9,Mixed
111,561,Ayrshire,10.4,Healthy,None,3.0,Kurunegala,15.07,160.8,1369.0,86.6,62.0,Grass
109,599,Local,5.7,Healthy,None,3.3,Puttalam,15.55,183.4,1510.0,99.8,55.9,Grass
30,257,Jersey,16.4,Mild,Lumpy Skin Disease,2.8,Kurunegala,8.07,90.5,842.0,48.9,23.6,Mixed
76,410,Jersey,9.6,Severe,Mastitis,3.1,Badulla,11.21,118.7,1082.0,58.4,32.5,Grass
116,485,Ayrshire,9.8,Severe,Lumpy Skin Disease,3.0,Matale,13.11,150.7,1230.0,83.2,54.0,Grass
80,270,Ayrshire,22.5,Mild,Lumpy Skin Disease,2.9,Matale,9.0,99.3,877.0,52.8,30.8,Concentrate
97,410,Ayrshire,10.2,Healthy,None,2.7,Kurunegala,11.27,124.4,1059.0,70.5,47.2,Grass
97,579,Friesian,15.7,Mild,Mastitis,2.9,Puttalam,16.05,183.1,1544.0,77.2,47.3,Mixed
38,541,Local,8.8,Mild,Mastitis,3.7,Badulla,14.41,158.6,1358.0,67.5,49.7,Grass
86,488,Friesian,19.1,Healthy,None,2.7,Anuradhapura,14.11,161.6,1458.0,89.5,54.7,Mixed
69,418,Friesian,2.7,Healthy,None,3.5,Polonnaruwa,10.72,126.4,1015.0,63.3,37.2,Grass
76,269,Jersey,8.6,Severe,Mastitis,3.4,Puttalam,7.59,86.0,694.0,34.6,27.6,Grass
25,435,Local,2.1,Severe,Mastitis,3.4,Polonnaruwa,11.09,117.2,1135.0,71.0,41.7,Grass
50,575,Jersey,5.9,Healthy,None,3.4,Monaragala,14.96,158.4,1393.0,76.2,56.8,Grass
71,518,Jersey,12.1,Mild,Lumpy Skin Disease,2.5,Monaragala,14.16,152.1,1219.0,89.1,48.1,Grass
56,334,Jersey,10.0,Healthy,None,3.3,Badulla,9.35,103.3,884.0,55.0,28.3,Grass
73,431,Local,12.5,Mild,Foot Rot,3.3,Matale,12.03,138.6,1166.0,56.0,44.9,Grass
36,415,Ayrshire,21.9,Healthy,None,2.2,Monaragala,12.56,146.5,1302.0,69.1,40.7,Mixed
104,458,Ayrshire,20.1,Healthy,None,3.1,Puttalam,13.46,141.4,1265.0,83.0,40.1,Mixed
99,546,Friesian,7.5,Healthy,None,2.3,Matale,14.4,165.2,1278.0,84.9,55.9,Grass
66,360,Ayrshire,11.1,Healthy,None,3.5,Polonnaruwa,10.11,108.7,997.0,64.8,33.5,Grass
20,404,Ayrshire,11.4,Healthy,None,3.8,Puttalam,11.24,130.7,1113.0,65.2,38.6,Grass
63,430,Local,4.7,Healthy,None,3.0,Anuradhapura,11.22,129.0,979.0,54.4,38.1,Grass
88,554,Jersey,5.7,Healthy,None,3.2,Polonnaruwa,14.42,158.6,1469.0,84.7,49.2,Grass
107,567,Friesian,16.4,Severe,Mastitis,2.8,Badulla,15.82,168.0,1350.0,100.7,46.6,Mixed
114,569,Friesian,0.0,Healthy,None,3.1,Anuradhapura,14.23,158.7,1439.0,83.0,56.8,Grass
46,482,Local,14.2,Healthy,None,3.2,Puttalam,13.47,156.4,1401.0,70.1,52.7,Grass
70,580,Local,18.2,Healthy,None,2.5,Polonnaruwa,16.32,179.3,1460.0,82.7,65.8,Mixed
57,462,Jersey,15.4,Healthy,None,3.6,Monaragala,13.09,152.9,1121.0,59.6,51.1,Mixed
84,557,Ayrshire,3.1,Healthy,None,3.2,Anuradhapura,14.24,167.3,1493.0,71.0,59.3,Grass
96,579,Local,9.5,Mild,Foot Rot,3.0,Puttalam,15.43,170.6,1601.0,81.5,58.9,Grass
58,514,Jersey,13.7,Healthy,None,2.8,Monaragala,14.22,151.2,1437.0,78.3,52.4,Grass
68,571,Ayrshire,8.6,Mild,Mastitis,3.0,Badulla,15.13,177.5,1348.0,70.9,51.6,Grass
116,553,Jersey,6.6,Healthy,None,2.5,Badulla,14.49,165.5,1498.0,67.5,48.3,Grass
111,316,Local,15.4,Healthy,None,2.4,Anuradhapura,9.44,108.7,838.0,54.8,29.4,Mixed
86,375,Local,15.3,Mild,Foot Rot,3.2,Matale,10.91,115.3,945.0,52.2,30.9,Mixed
31,306,Local,3.4,Severe,Mastitis,2.7,Puttalam,7.99,85.0,724.0,50.3,23.4,Grass
64,356,Local,18.0,Healthy,None,2.5,Anuradhapura,10.7,123.4,998.0,58.6,39.3,Mixed
105,464,Local,9.7,Mild,Foot Rot,3.2,Anuradhapura,12.57,146.8,1272.0,61.1,35.4,Grass
102,540,Friesian,15.9,Healthy,None,2.9,Kurunegala,15.09,165.2,1387.0,97.9,54.9,Mixed
38,517,Ayrshire,9.0,Severe,Mastitis,3.7,Anuradhapura,13.83,156.1,1324.0,76.6,53.5,Grass
64,308,Jersey,20.7,Healthy,None,3.5,Polonnaruwa,9.77,104.3,847.0,57.5,29.1,Mixed
79,352,Friesian,12.4,Healthy,None,2.6,Matale,10.04,112.6,912.0,60.1,35.1,Grass
69,348,Ayrshire,7.8,Healthy,None,3.3,Matale,9.48,108.0,974.0,48.0,31.8,Grass
119,550,Ayrshire,14.1,Healthy,None,3.7,Matale,15.16,163.2,1508.0,81.4,51.9,Grass
113,389,Ayrshire,15.3,Healthy,None,2.2,Badulla,11.26,127.1,1054.0,63.4,37.4,Mixed
26,480,Jersey,17.3,Mild,Foot Rot,2.5,Matale,13.73,148.7,1280.0,78.4,55.3,Mixed
63,453,Friesian,10.1,Healthy,None,3.1,Anuradhapura,12.34,142.5,1155.0,60.1,38.8,Grass
102,440,Ayrshire,22.0,Healthy,None,4.5,Anuradhapura,13.2,144.0,1125.0,77.6,50.2,Mixed
77,540,Ayrshire,15.0,Mild,Foot Rot,2.9,Matale,15.0,158.8,1360.0,73.9,46.6,Grass
53,561,Friesian,14.7,Healthy,None,3.4,Anuradhapura,15.5,175.8,1529.0,83.2,61.1,Grass
43,275,Local,10.4,Healthy,None,3.9,Polonnaruwa,7.92,93.4,740.0,37.6,24.1,Grass
93,446,Jersey,13.2,Healthy,None,3.2,Puttalam,12.47,135.6,1220.0,77.5,52.2,Grass
54,317,Local,15.3,Healthy,None,3.2,Puttalam,9.46,105.9,904.0,49.0,26.7,Mixed
30,462,Ayrshire,16.2,Healthy,None,2.7,Matale,13.17,151.2,1225.0,73.9,42.7,Mixed
24,451,Ayrshire,9.2,Mild,Lumpy Skin Disease,2.4,Matale,12.2,135.9,1193.0,77.1,48.6,Grass
31,264,Jersey,14.2,Healthy,None,3.4,Puttalam,8.02,84.3,699.0,41.3,30.2,Grass
46,337,Friesian,14.3,Healthy,None,3.8,Badulla,9.86,115.1,911.0,62.2,41.3,Grass
24,382,Friesian,12.0,Healthy,None,3.3,Monaragala,10.75,126.1,930.0,55.5,39.3,Grass
66,388,Jersey,6.5,Severe,Foot Rot,2.8,Monaragala,10.35,114.9,906.0,64.4,39.9,Grass
70,576,Local,15.5,Mild,Foot Rot,3.4,Polonnaruwa,15.95,178.4,1540.0,92.9,66.5,Mixed
116,497,Jersey,10.5,Healthy,None,3.0,Anuradhapura,13.48,155.0,1338.0,70.2,53.5,Grass
102,581,Jersey,4.4,Mild,Mastitis,2.8,Monaragala,14.96,176.0,1290.0,67.7,46.4,Grass
67,346,Local,16.5,Healthy,None,3.3,Monaragala,10.3,110.9,997.0,57.2,41.2,Mixed
57,482,Jersey,14.5,Mild,Mastitis,3.0,Monaragala,13.5,157.8,1207.0,70.6,56.2,Grass
97,512,Jersey,12.0,Mild,Mastitis,2.7,Matale,14.0,148.2,1308.0,82.2,57.8,Grass
100,302,Jersey,15.5,Healthy,None,3.2,Polonnaruwa,9.1,96.8,794.0,41.3,31.4,Mixed
21,493,Local,14.5,Healthy,None,2.7,Puttalam,13.78,146.8,1323.0,71.8,42.7,Grass
82,470,Ayrshire,1.2,Healthy,None,3.5,Puttalam,11.87,128.8,1032.0,68.8,45.4,Grass
42,400,Jersey,9.6,Healthy,None,2.6,Badulla,10.96,123.5,1048.0,60.1,37.3,Grass
24,580,Jersey,15.5,Severe,Mastitis,2.8,Matale,16.05,170.9,1652.0,90.7,50.3,Mixed
30,391,Jersey,17.3,Mild,Foot Rot,3.3,Badulla,11.51,131.6,1069.0,54.1,44.1,Mixed
52,503,Jersey,15.4,Healthy,None,2.3,Kurunegala,14.12,152.0,1380.0,83.5,45.2,Mixed
30,344,Local,18.1,Mild,Foot Rot,3.1,Puttalam,10.41,112.5,950.0,48.3,31.9,Mixed
36,256,Local,10.2,Healthy,None,3.1,Monaragala,7.42,78.1,775.0,46.5,22.5,Grass
19,554,Ayrshire,3.1,Severe,Foot Rot,3.2,Kurunegala,14.16,148.7,1451.0,77.1,40.5,Grass
90,598,Ayrshire,6.9,Mild,Foot Rot,2.3,Monaragala,15.64,174.4,1566.0,94.6,46.0,Grass
112,421,Local,4.4,Healthy,None,3.6,Puttalam,10.96,120.1,1051.0,63.9,34.6,Grass
19,430,Ayrshire,8.9,Mild,Foot Rot,3.8,Kurunegala,11.64,133.9,1189.0,73.4,42.3,Grass
52,515,Friesian,9.3,Healthy,None,2.1,Kurunegala,13.8,152.3,1234.0,89.5,45.5,Grass
49,545,Local,6.4,Healthy,None,3.6,Polonnaruwa,14.27,163.6,1268.0,91.5,52.7,Grass
98,597,Local,11.2,Severe,Foot Rot,2.7,Matale,16.05,172.2,1656.0,83.4,52.4,Grass
71,391,Ayrshire,12.8,Healthy,None,3.3,Monaragala,11.05,124.3,1094.0,68.2,32.8,Grass
76,540,Ayrshire,17.6,Healthy,None,3.7,Anuradhapura,15.26,179.5,1449.0,89.6,52.7,Mixed
84,398,Jersey,10.2,Healthy,None,2.3,Polonnaruwa,10.97,119.3,1108.0,49.7,31.3,Grass
93,313,Friesian,9.9,Healthy,None,3.1,Anuradhapura,8.81,92.6,811.0,54.3,25.3,Grass
62,395,Jersey,7.2,Severe,Foot Rot,2.5,Kurunegala,10.6,115.0,1112.0,51.9,38.4,Grass
55,362,Friesian,13.7,Healthy,None,3.0,Kurunegala,10.42,114.2,1055.0,60.2,35.3,Grass
51,404,Ayrshire,12.2,Healthy,None,2.6,Monaragala,11.32,125.3,1161.0,69.2,33.9,Grass
43,378,Jersey,10.8,Healthy,None,2.5,Puttalam,10.53,113.3,959.0,53.6,43.2,Grass
87,343,Local,16.5,Mild,Lumpy Skin Disease,3.5,Badulla,10.23,108.7,977.0,60.2,35.9,Mixed
109,433,Local,2.8,Healthy,None,2.5,Kurunegala,11.11,123.4,1158.0,60.2,45.3,Grass
116,465,Friesian,4.5,Mild,Foot Rot,2.7,Matale,12.07,141.0,1216.0,68.3,40.1,Grass
87,539,Ayrshire,11.6,Healthy,None,2.3,Monaragala,14.64,169.8,1281.0,85.5,50.5,Grass
84,485,Friesian,7.4,Healthy,None,2.5,Monaragala,12.87,139.7,1348.0,60.7,46.7,Grass
55,539,Local,13.0,Mild,Mastitis,3.0,Badulla,14.78,157.5,1429.0,81.6,56.2,Grass
44,514,Jersey,8.4,Healthy,None,3.1,Anuradhapura,13.69,161.0,1201.0,86.1,50.6,Grass
56,571,Ayrshire,9.3,Mild,Mastitis,2.9,Anuradhapura,15.21,175.6,1483.0,74.6,44.0,Grass
95,311,Friesian,20.4,Healthy,None,3.7,Kurunegala,9.82,104.4,840.0,54.1,32.9,Mixed
56,457,Local,5.5,Severe,Mastitis,3.4,Monaragala,11.98,138.9,1149.0,73.6,45.0,Grass
102,565,Friesian,16.1,Healthy,None,2.4,Anuradhapura,15.73,178.2,1395.0,96.5,58.5,Mixed
83,529,Jersey,16.1,Healthy,None,3.8,Badulla,14.84,161.4,1460.0,95.2,51.8,Mixed
53,450,Local,6.4,Mild,Mastitis,2.5,Kurunegala,11.89,132.0,1204.0,57.0,38.0,Grass
90,449,Friesian,17.1,Healthy,None,3.1,Polonnaruwa,12.94,136.4,1268.0,75.2,44.3,Mixed
35,489,Local,14.8,Healthy,None,3.2,Polonnaruwa,13.71,161.5,1263.0,85.2,48.0,Grass
108,518,Local,14.0,Healthy,None,2.3,Puttalam,14.35,153.9,1263.0,83.4,51.5,Grass
109,321,Ayrshire,17.2,Mild,Foot Rot,3.6,Puttalam,9.75,106.2,906.0,61.7,36.1,Mixed
78,560,Jersey,10.9,Healthy,None,3.0,Polonnaruwa,15.09,176.6,1517.0,83.8,45.0,Grass
93,547,Ayrshire,4.3,Healthy,None,3.3,Anuradhapura,14.11,163.4,1218.0,64.3,54.0,Grass
30,590,Friesian,14.9,Healthy,None,3.0,Badulla,16.24,184.9,1486.0,80.6,63.0,Grass
119,371,Friesian,17.6,Mild,Mastitis,2.8,Kurunegala,11.04,126.4,1023.0,71.2,45.2,Mixed
96,378,Friesian,14.8,Healthy,None,2.5,Kurunegala,10.93,125.4,1026.0,57.4,40.3,Grass
40,414,Friesian,11.9,Mild,Lumpy Skin Disease,2.9,Puttalam,11.54,123.2,1128.0,64.8,35.5,Grass
74,597,Ayrshire,13.1,Healthy,None,2.8,Kurunegala,16.23,186.1,1520.0,90.2,63.4,Grass
92,262,Friesian,11.3,Healthy,None,3.4,Matale,7.68,88.7,790.0,40.1,25.9,Grass
27,424,Jersey,9.8,Mild,Foot Rot,2.2,Puttalam,11.58,131.3,1099.0,71.4,41.7,Grass
82,430,Ayrshire,20.7,Healthy,None,3.7,Puttalam,12.82,143.9,1125.0,59.4,43.6,Mixed
27,541,Friesian,5.5,Healthy,None,3.3,Matale,14.08,157.3,1225.0,77.4,40.4,Grass
60,261,Jersey,9.5,Mild,Lumpy Skin Disease,3.1,Monaragala,7.48,87.5,673.0,44.2,21.7,Grass
38,397,Friesian,13.5,Healthy,None,2.9,Matale,11.28,122.0,1076.0,64.5,36.5,Grass
25,529,Friesian,8.1,Healthy,None,2.7,Puttalam,14.04,164.5,1470.0,81.5,39.9,Grass
51,352,Ayrshire,7.4,Mild,Mastitis,2.6,Badulla,9.54,101.9,915.0,56.9,39.1,Grass
25,370,Local,11.7,Healthy,None,2.6,Kurunegala,10.42,122.3,1074.0,61.5,40.3,Grass
62,286,Local,15.4,Healthy,None,3.7,Polonnaruwa,8.69,98.2,753.0,48.7,35.8,Mixed
110,271,Friesian,9.1,Healthy,None,3.1,Monaragala,7.69,85.8,754.0,41.2,24.8,Grass
47,260,Friesian,14.5,Healthy,None,3.2,Badulla,7.95,91.6,707.0,45.4,26.5,Grass
112,259,Local,12.4,Healthy,None,3.4,Anuradhapura,7.72,88.7,764.0,41.4,26.2,Grass
32,474,Friesian,14.4,Mild,Lumpy Skin Disease,2.4,Kurunegala,13.29,145.6,1221.0,84.2,41.6,Grass
93,255,Jersey,16.3,Healthy,None,3.4,Monaragala,8.01,91.9,810.0,44.6,22.9,Mixed
19,377,Friesian,8.2,Healthy,None,3.0,Badulla,10.25,109.3,908.0,47.0,33.7,Grass
49,399,Jersey,15.4,Healthy,None,2.9,Matale,11.52,128.1,1007.0,53.6,36.3,Mixed
44,503,Ayrshire,17.4,Mild,Mastitis,4.2,Monaragala,14.32,158.6,1304.0,74.9,51.2,Mixed
101,375,Ayrshire,8.1,Healthy,None,2.3,Matale,10.19,114.2,887.0,52.9,34.4,Grass
80,393,Friesian,13.5,Healthy,None,3.4,Anuradhapura,11.18,119.4,1169.0,55.5,42.9,Grass
33,440,Jersey,10.8,Healthy,None,3.7,Kurunegala,12.08,130.5,1133.0,72.8,49.9,Grass
81,267,Ayrshire,5.3,Healthy,None,3.3,Matale,7.21,79.3,732.0,33.7,23.0,Grass
67,503,Friesian,9.0,Mild,Lumpy Skin Disease,3.9,Matale,13.48,149.3,1206.0,70.9,50.2,Grass
24,588,Ayrshire,22.0,Healthy,None,2.6,Polonnaruwa,16.9,194.2,1753.0,106.8,65.2,Mixed
51,552,Jersey,9.3,Mild,Lumpy Skin Disease,3.4,Badulla,14.73,168.6,1435.0,91.8,57.4,Grass
114,279,Friesian,10.1,Healthy,None,3.0,Matale,7.99,93.8,828.0,40.5,33.5,Grass
77,467,Ayrshire,12.1,Healthy,None,2.0,Kurunegala,12.89,141.7,1288.0,81.8,38.5,Grass
53,599,Ayrshire,11.9,Healthy,None,2.7,Matale,16.17,175.0,1550.0,83.7,54.2,Grass
53,435,Ayrshire,9.5,Mild,Foot Rot,3.7,Polonnaruwa,11.82,136.6,1148.0,56.1,42.5,Grass
51,341,Local,5.7,Healthy,None,3.4,Monaragala,9.1,100.8,858.0,58.5,31.6,Grass
89,361,Local,10.6,Healthy,None,2.9,Kurunegala,10.09,118.3,913.0,57.7,32.7,Grass
74,342,Ayrshire,16.0,Mild,Lumpy Skin Disease,3.2,Monaragala,10.15,110.0,963.0,50.3,30.9,Mixed
97,585,Friesian,14.9,Healthy,None,3.5,Polonnaruwa,16.12,183.0,1430.0,88.9,55.1,Grass
23,533,Jersey,10.3,Healthy,None,2.7,Monaragala,14.36,164.1,1295.0,72.0,53.8,Grass
63,526,Friesian,6.6,Healthy,None,2.6,Anuradhapura,13.81,151.3,1195.0,74.4,48.5,Grass
44,416,Ayrshire,26.7,Mild,Foot Rot,3.6,Polonnaruwa,13.07,144.3,1279.0,81.7,39.2,Concentrate
95,434,Ayrshire,5.2,Severe,Foot Rot,2.3,Polonnaruwa,11.37,124.9,1181.0,57.9,32.3,Grass
23,398,Jersey,14.4,Severe,Mastitis,3.3,Badulla,11.39,121.2,1016.0,58.4,43.3,Grass
83,547,Ayrshire,14.7,Severe,Lumpy Skin Disease,2.9,Badulla,15.15,175.4,1298.0,90.2,50.5,Grass
28,289,Jersey,11.4,Healthy,None,3.2,Kurunegala,8.37,98.7,817.0,50.0,29.8,Grass
85,276,Local,12.4,Mild,Foot Rot,1.9,Anuradhapura,8.14,90.1,736.0,50.2,26.1,Grass
60,374,Ayrshire,10.9,Healthy,None,2.6,Puttalam,10.44,113.9,1090.0,61.5,35.7,Grass
64,290,Ayrshire,12.9,Healthy,None,4.5,Monaragala,8.54,90.5,788.0,46.7,26.7,Grass
71,367,Jersey,13.8,Severe,Mastitis,2.8,Polonnaruwa,10.56,121.5,984.0,59.9,31.6,Grass
119,396,Ayrshire,16.6,Healthy,None,3.2,Badulla,11.56,122.6,1080.0,74.8,41.7,Mixed
116,351,Jersey,14.1,Mild,Mastitis,3.3,Puttalam,10.19,109.2,951.0,61.5,38.7,Grass
113,301,Jersey,22.3,Mild,Lumpy Skin Disease,2.4,Matale,9.76,102.8,862.0,45.3,34.4,Concentrate
67,466,Ayrshire,14.4,Healthy,None,2.5,Monaragala,13.09,149.3,1176.0,66.6,42.8,Grass
61,552,Friesian,14.8,Severe,Mastitis,2.5,Badulla,15.28,161.9,1580.0,97.8,62.3,Grass
75,473,Ayrshire,9.9,Mild,Foot Rot,2.9,Matale,12.82,136.9,1137.0,77.3,52.3,Grass
28,327,Friesian,16.9,Healthy,None,3.5,Matale,9.87,108.4,967.0,51.9,33.7,Mixed
110,551,Ayrshire,5.8,Severe,Mastitis,3.0,Matale,14.36,155.1,1362.0,66.0,50.6,Grass
92,510,Local,8.5,Healthy,None,2.4,Badulla,13.6,149.6,1362.0,87.1,38.9,Grass
111,357,Local,10.9,Healthy,None,2.8,Kurunegala,10.02,112.7,975.0,47.1,32.1,Grass
54,390,Local,24.1,Healthy,None,3.2,Monaragala,12.16,141.7,1104.0,77.0,50.9,Concentrate
31,368,Ayrshire,5.1,Healthy,None,2.7,Kurunegala,9.71,104.6,988.0,58.4,27.6,Grass
87,525,Jersey,17.1,Healthy,None,4.0,Matale,14.84,171.9,1269.0,72.8,61.1,Mixed
72,477,Jersey,4.1,Mild,Lumpy Skin Disease,2.1,Puttalam,12.34,144.3,1226.0,78.2,36.6,Grass
81,384,Friesian,21.4,Mild,Lumpy Skin Disease,3.2,Monaragala,11.74,134.4,1025.0,61.1,34.2,Mixed
46,288,Ayrshire,7.7,Healthy,None,3.3,Kurunegala,7.97,87.2,750.0,47.6,29.8,Grass
108,411,Friesian,0.0,Healthy,None,3.0,Badulla,10.28,120.4,1037.0,52.8,40.9,Grass
98,268,Friesian,13.6,Healthy,None,3.5,Puttalam,8.06,90.8,826.0,39.8,24.8,Grass
37,498,Jersey,6.9,Mild,Lumpy Skin Disease,3.0,Badulla,13.14,140.2,1284.0,61.5,46.3,Grass
113,359,Friesian,7.4,Healthy,None,3.1,Badulla,9.71,108.1,944.0,57.5,27.7,Grass
51,564,Local,7.5,Healthy,None,2.8,Polonnaruwa,14.85,160.5,1366.0,82.6,61.4,Grass
47,399,Local,7.0,Healthy,None,3.3,Anuradhapura,10.68,120.9,1035.0,59.7,34.3,Grass
32,397,Local,16.3,Severe,Lumpy Skin Disease,2.9,Badulla,11.56,125.1,1081.0,56.1,47.8,Mixed
32,427,Local,12.2,Mild,Lumpy Skin Disease,2.3,Kurunegala,11.9,137.9,1217.0,67.9,44.8,Grass
55,387,Jersey,10.5,Mild,Lumpy Skin Disease,3.0,Puttalam,10.73,113.5,1078.0,53.9,34.8,Grass
74,467,Local,25.1,Healthy,None,2.4,Kurunegala,14.19,150.0,1344.0,70.1,52.4,Concentrate
57,479,Local,19.3,Healthy,None,3.5,Matale,13.91,161.9,1331.0,84.3,41.1,Mixed
96,418,Jersey,13.4,Healthy,None,3.9,Badulla,11.79,124.1,1172.0,72.0,34.5,Grass
60,430,Friesian,13.9,Mild,Foot Rot,3.2,Puttalam,12.14,130.8,1162.0,78.6,48.2,Grass
109,367,Ayrshire,11.7,Mild,Lumpy Skin Disease,3.6,Kurunegala,10.35,113.1,924.0,61.8,42.6,Grass
20,519,Friesian,17.5,Healthy,None,2.7,Badulla,14.73,169.8,1265.0,74.6,41.7,Mixed
116,376,Friesian,5.4,Healthy,None,2.9,Badulla,9.94,106.0,1001.0,57.8,29.7,Grass
52,293,Friesian,8.0,Healthy,None,3.0,Monaragala,8.12,92.9,814.0,43.3,22.9,Grass
87,559,Jersey,18.2,Healthy,None,2.8,Monaragala,15.8,178.0,1467.0,97.4,63.2,Mixed
59,467,Friesian,11.8,Healthy,None,3.0,Puttalam,12.86,142.7,1119.0,82.8,46.4,Grass
55,469,Friesian,16.2,Healthy,None,1.9,Matale,13.35,147.2,1209.0,67.7,50.5,Mixed
49,445,Friesian,9.0,Severe,Foot Rot,3.1,Anuradhapura,12.03,132.5,1112.0,67.3,35.5,Grass
91,262,Local,18.0,Mild,Lumpy Skin Disease,2.8,Monaragala,8.35,91.7,804.0,48.3,27.3,Mixed
98,292,Friesian,2.6,Healthy,None,3.3,Puttalam,7.56,81.4,785.0,43.0,22.1,Grass
96,492,Jersey,8.8,Healthy,None,2.4,Kurunegala,13.18,146.8,1229.0,78.8,52.3,Grass
59,539,Local,8.9,Mild,Lumpy Skin Disease,2.9,Polonnaruwa,14.37,163.8,1438.0,87.5,51.2,Grass
101,370,Ayrshire,9.0,Healthy,None,1.9,Kurunegala,10.15,112.9,975.0,60.7,38.8,Grass
72,289,Local,16.5,Healthy,None,3.6,Monaragala,8.88,93.4,847.0,42.1,27.3,Mixed
32,269,Local,15.3,Healthy,None,2.4,Puttalam,8.26,93.5,789.0,39.5,33.2,Mixed
69,254,Ayrshire,11.0,Healthy,None,3.0,Polonnaruwa,7.45,87.9,741.0,46.6,23.7,Grass
96,440,Jersey,15.0,Healthy,None,3.3,Matale,12.5,139.8,1114.0,71.6,47.5,Grass
95,378,Local,8.3,Healthy,None,3.0,Anuradhapura,10.28,120.5,1064.0,61.1,41.1,Grass
39,518,Local,14.3,Healthy,None,3.7,Polonnaruwa,14.38,158.8,1266.0,66.6,59.9,Grass
107,346,Jersey,15.5,Mild,Foot Rot,3.4,Kurunegala,10.2,113.2,886.0,58.6,37.0,Mixed
62,575,Jersey,12.4,Healthy,None,3.7,Puttalam,15.62,164.3,1388.0,79.2,63.7,Grass
92,406,Ayrshire,14.0,Healthy,None,2.6,Kurunegala,11.55,127.3,1041.0,64.5,43.0,Grass
93,328,Friesian,19.0,Mild,Lumpy Skin Disease,3.3,Badulla,10.1,108.4,972.0,48.0,35.7,Mixed
116,446,Ayrshire,9.8,Healthy,None,2.8,Matale,12.13,140.8,1178.0,78.0,46.5,Grass
103,492,Jersey,13.5,Healthy,None,3.2,Anuradhapura,13.65,157.2,1430.0,63.9,53.6,Grass
36,334,Local,13.0,Mild,Lumpy Skin Disease,3.2,Puttalam,9.65,102.3,1007.0,46.1,37.9,Grass
103,491,Ayrshire,20.5,Healthy,None,3.5,Badulla,14.33,164.6,1287.0,75.8,55.7,Mixed
78,431,Ayrshire,13.0,Mild,Lumpy Skin Disease,3.5,Badulla,12.08,135.2,1240.0,74.7,50.0,Grass
53,323,Local,6.8,Healthy,None,3.2,Puttalam,8.76,97.6,883.0,51.4,31.4,Grass
101,428,Jersey,21.0,Healthy,None,2.9,Anuradhapura,12.8,140.5,1207.0,74.8,48.9,Mixed
96,536,Jersey,7.8,Healthy,None,2.7,Matale,14.18,152.2,1417.0,64.1,48.5,Grass
42,252,Ayrshire,6.6,Healthy,None,2.6,Polonnaruwa,6.96,81.3,719.0,38.3,19.6,Grass
22,581,Ayrshire,10.1,Healthy,None,2.3,Kurunegala,15.54,171.2,1630.0,91.8,49.5,Grass
91,265,Local,12.1,Severe,Foot Rot,3.5,Matale,7.83,86.8,693.0,47.0,29.0,Grass
31,269,Ayrshire,7.5,Healthy,None,3.8,Anuradhapura,7.48,87.2,659.0,44.7,30.1,Grass
28,464,Friesian,14.6,Healthy,None,3.5,Monaragala,13.06,148.0,1126.0,61.3,46.5,Grass
42,585,Friesian,8.7,Healthy,None,3.4,Matale,15.49,176.2,1595.0,97.5,47.0,Grass
110,437,Friesian,6.5,Severe,Lumpy Skin Disease,3.4,Monaragala,11.58,127.9,1139.0,53.5,35.6,Grass
82,325,Ayrshire,12.9,Healthy,None,3.3,Anuradhapura,9.41,104.2,852.0,46.1,33.0,Grass
99,251,Ayrshire,6.1,Healthy,None,2.6,Matale,6.89,75.5,633.0,38.8,26.0,Grass
77,295,Friesian,15.0,Severe,Mastitis,2.5,Monaragala,8.88,101.7,788.0,50.5,36.9,Grass
39,255,Jersey,14.3,Healthy,None,2.3,Badulla,7.8,86.6,800.0,49.8,25.2,Grass
100,347,Jersey,16.2,Healthy,None,2.4,Puttalam,10.3,113.2,935.0,52.1,37.0,Mixed
46,346,Ayrshire,14.8,Mild,Mastitis,3.3,Polonnaruwa,10.13,119.3,914.0,54.5,29.7,Grass
92,436,Ayrshire,8.5,Mild,Foot Rot,3.3,Monaragala,11.75,130.2,1147.0,72.4,33.5,Grass
92,447,Jersey,13.3,Healthy,None,2.7,Monaragala,12.51,134.8,1239.0,65.0,49.2,Grass
54,356,Ayrshire,7.0,Mild,Foot Rot,2.0,Anuradhapura,9.6,107.7,959.0,48.4,33.8,Grass
51,361,Local,13.7,Healthy,None,2.2,Puttalam,10.39,121.5,991.0,59.9,36.0,Grass
93,415,Ayrshire,12.5,Healthy,None,2.9,Polonnaruwa,11.62,132.0,1197.0,59.8,34.2,Grass
19,331,Local,15.4,Healthy,None,2.8,Anuradhapura,9.82,107.4,1012.0,47.9,32.4,Mixed
77,529,Jersey,10.4,Mild,Lumpy Skin Disease,3.4,Puttalam,14.27,164.8,1343.0,80.7,48.6,Grass
78,374,Ayrshire,13.7,Mild,Foot Rot,3.2,Anuradhapura,10.72,117.3,1057.0,54.7,44.6,Grass
115,509,Friesian,14.3,Healthy,None,2.2,Matale,14.16,162.9,1474.0,75.1,40.2,Grass
39,403,Jersey,15.8,Severe,Foot Rot,3.3,Kurunegala,11.66,133.8,1021.0,60.2,48.3,Mixed
57,322,Ayrshire,6.9,Healthy,None,2.9,Polonnaruwa,8.74,93.6,743.0,41.9,35.3,Grass
57,291,Jersey,11.8,Healthy,None,2.9,Monaragala,8.46,91.1,734.0,42.2,31.8,Grass
117,441,Friesian,13.7,Healthy,None,3.7,Puttalam,12.39,135.6,1170.0,72.8,46.8,Grass
103,442,Local,17.4,Mild,Mastitis,2.3,Polonnaruwa,12.79,140.7,1169.0,81.5,43.0,Mixed
54,595,Local,15.1,Healthy,None,3.7,Kurunegala,16.39,183.5,1507.0,95.7,68.2,Mixed
46,561,Jersey,13.9,Mild,Lumpy Skin Disease,3.5,Puttalam,15.42,169.2,1465.0,69.4,56.1,Grass
27,580,Jersey,22.1,Healthy,None,3.5,Badulla,16.71,179.5,1491.0,89.7,54.7,Concentrate
41,467,Jersey,13.2,Healthy,None,3.5,Puttalam,13.0,143.0,1319.0,59.4,53.8,Grass
40,333,Local,12.7,Mild,Mastitis,3.0,Monaragala,9.6,106.6,832.0,56.4,28.2,Grass
69,256,Jersey,10.2,Healthy,None,3.8,Badulla,7.42,83.5,688.0,40.1,25.8,Grass
69,466,Friesian,7.9,Healthy,None,3.8,Puttalam,12.44,134.8,1215.0,71.0,48.8,Grass
82,440,Local,14.5,Mild,Foot Rot,2.3,Monaragala,12.45,146.5,1086.0,60.5,42.3,Grass
67,595,Friesian,13.8,Healthy,None,1.9,Monaragala,16.25,177.7,1685.0,92.3,50.0,Grass
96,482,Local,15.1,Healthy,None,3.4,Matale,13.56,147.3,1186.0,74.3,44.9,Mixed
105,439,Ayrshire,9.0,Healthy,None,3.1,Polonnaruwa,11.88,135.2,1192.0,54.0,37.7,Grass
63,463,Friesian,21.8,Healthy,None,2.7,Matale,13.76,149.8,1179.0,65.0,52.6,Mixed
112,452,Jersey,6.7,Healthy,None,3.7,Polonnaruwa,11.97,134.0,1048.0,57.3,41.8,Grass
62,484,Jersey,21.8,Severe,Foot Rot,3.0,Kurunegala,14.28,165.2,1376.0,65.4,46.5,Mixed
36,561,Friesian,17.1,Healthy,None,3.7,Puttalam,15.74,185.3,1363.0,100.0,60.6,Mixed
69,261,Jersey,8.3,Severe,Lumpy Skin Disease,2.8,Kurunegala,7.36,84.2,735.0,34.3,30.0,Grass
119,348,Ayrshire,18.2,Severe,Foot Rot,3.8,Polonnaruwa,10.52,117.5,1074.0,52.5,41.2,Mixed
91,492,Jersey,14.8,Mild,Lumpy Skin Disease,2.6,Kurunegala,13.78,149.6,1361.0,67.1,48.3,Grass
95,454,Jersey,21.9,Mild,Lumpy Skin Disease,2.7,Polonnaruwa,13.54,142.3,1207.0,82.1,50.4,Mixed
52,486,Ayrshire,10.3,Healthy,None,3.2,Badulla,13.18,142.2,1307.0,65.1,48.2,Grass
109,561,Local,19.8,Healthy,None,3.4,Kurunegala,16.0,181.2,1465.0,84.4,65.6,Mixed
61,424,Ayrshire,14.1,Healthy,None,3.2,Badulla,12.01,133.0,1132.0,71.9,37.2,Grass
39,594,Local,12.2,Healthy,None,3.3,Matale,16.07,169.4,1640.0,103.4,59.2,Grass
62,292,Jersey,0.0,Mild,Foot Rot,2.9,Kurunegala,7.3,80.2,663.0,37.5,27.3,Grass
37,569,Jersey,13.2,Healthy,None,2.4,Polonnaruwa,15.55,174.7,1451.0,93.8,59.9,Grass
89,501,Jersey,13.9,Healthy,None,2.9,Puttalam,13.92,155.9,1289.0,89.1,41.4,Grass
45,358,Friesian,20.8,Healthy,None,3.8,Puttalam,11.03,118.4,973.0,66.8,42.2,Mixed
88,459,Ayrshire,9.7,Mild,Lumpy Skin Disease,2.9,Badulla,12.45,145.3,1128.0,75.2,45.8,Grass
105,574,Ayrshire,11.6,Healthy,None,2.8,Polonnaruwa,15.51,173.6,1388.0,82.3,59.9,Grass
75,330,Jersey,13.0,Healthy,None,2.6,Badulla,9.55,100.3,970.0,57.5,35.5,Grass
30,446,Local,6.3,Severe,Lumpy Skin Disease,3.3,Matale,11.78,126.6,1008.0,58.3,43.0,Grass
28,556,Local,15.1,Severe,Lumpy Skin Disease,2.6,Polonnaruwa,15.41,174.0,1361.0,88.6,57.9,Mixed
20,557,Local,16.5,Healthy,None,2.7,Monaragala,15.58,181.1,1589.0,75.1,51.7,Mixed
48,339,Local,13.3,Severe,Mastitis,3.4,Puttalam,9.8,107.0,890.0,61.6,30.3,Grass
76,375,Local,11.8,Severe,Mastitis,3.2,Polonnaruwa,10.55,124.1,1002.0,49.8,38.5,Grass
38,375,Local,9.4,Mild,Mastitis,2.9,Puttalam,10.31,108.3,883.0,60.4,41.4,Grass
67,286,Local,11.0,Severe,Foot Rot,2.6,Badulla,8.25,92.4,819.0,47.1,34.5,Grass
21,474,Local,11.1,Mild,Mastitis,2.2,Polonnaruwa,12.96,141.0,1205.0,79.6,50.2,Grass
69,511,Local,9.5,Healthy,None,2.9,Monaragala,13.72,146.3,1206.0,68.9,54.3,Grass
119,307,Jersey,10.7,Healthy,None,2.9,Polonnaruwa,8.75,99.3,769.0,43.6,30.4,Grass
30,418,Friesian,11.7,Healthy,None,3.2,Badulla,11.62,132.7,1163.0,69.9,38.1,Grass
74,419,Local,16.4,Mild,Foot Rot,2.7,Kurunegala,12.12,131.6,1039.0,57.9,42.8,Mixed
46,439,Ayrshire,6.0,Mild,Lumpy Skin Disease,2.5,Puttalam,11.58,135.8,1021.0,66.8,40.1,Grass
104,400,Jersey,9.6,Mild,Foot Rot,2.8,Anuradhapura,10.96,116.9,1065.0,68.2,34.6,Grass
21,358,Ayrshire,8.2,Healthy,None,2.4,Matale,9.77,102.7,902.0,53.9,39.3,Grass
69,494,Jersey,9.7,Severe,Foot Rot,3.1,Monaragala,13.32,142.6,1359.0,68.3,44.3,Grass
80,581,Jersey,15.0,Mild,Lumpy Skin Disease,2.7,Polonnaruwa,16.02,171.9,1649.0,72.5,66.1,Grass
46,408,Jersey,9.9,Healthy,None,2.5,Polonnaruwa,11.19,121.5,1125.0,68.0,41.5,Grass
81,485,Friesian,11.8,Mild,Foot Rot,2.6,Badulla,13.3,155.2,1328.0,69.5,37.9,Grass
30,418,Friesian,14.9,Healthy,None,2.1,Monaragala,11.94,140.3,1217.0,66.6,34.8,Grass
25,478,Jersey,10.2,Healthy,None,3.2,Anuradhapura,12.97,149.6,1150.0,82.7,51.9,Grass
106,483,Jersey,12.9,Healthy,None,4.3,Monaragala,13.37,151.0,1284.0,62.6,41.0,Grass
26,317,Ayrshire,13.7,Healthy,None,2.5,Matale,9.3,100.4,899.0,52.7,32.1,Grass
118,276,Ayrshire,11.5,Mild,Mastitis,2.1,Matale,8.05,86.6,703.0,37.6,24.8,Grass
93,360,Local,11.6,Healthy,None,2.6,Puttalam,10.16,106.8,951.0,64.1,38.7,Grass
117,579,Jersey,16.6,Healthy,None,2.7,Puttalam,16.14,182.8,1616.0,104.7,50.9,Mixed
94,388,Local,11.4,Healthy,None,2.7,Polonnaruwa,10.84,118.5,1026.0,54.9,40.1,Grass
86,377,Ayrshire,20.7,Healthy,None,2.8,Anuradhapura,11.5,129.1,1049.0,61.9,47.9,Mixed
80,253,Ayrshire,21.2,Mild,Foot Rot,3.4,Polonnaruwa,8.45,93.9,746.0,39.1,28.8,Mixed
30,476,Ayrshire,14.4,Healthy,None,3.2,Anuradhapura,13.34,149.4,1183.0,80.8,51.6,Grass
57,506,Ayrshire,14.0,Healthy,None,2.0,Matale,14.05,157.2,1223.0,71.7,51.3,Grass
104,329,Ayrshire,10.6,Healthy,None,3.4,Anuradhapura,9.29,106.8,936.0,57.6,33.9,Grass
59,514,Local,11.8,Mild,Lumpy Skin Disease,2.3,Monaragala,14.03,161.5,1268.0,89.3,48.6,Grass
56,439,Jersey,11.7,Healthy,None,3.9,Matale,12.15,139.1,1234.0,62.3,39.3,Grass
68,463,Friesian,18.2,Mild,Lumpy Skin Disease,3.0,Puttalam,13.4,141.7,1249.0,77.6,40.1,Mixed
116,390,Friesian,16.8,Mild,Mastitis,2.8,Polonnaruwa,11.43,123.1,1135.0,58.2,38.0,Mixed
72,445,Ayrshire,3.5,Healthy,None,2.5,Polonnaruwa,11.47,131.5,1158.0,65.8,39.2,Grass
31,288,Jersey,19.8,Healthy,None,2.9,Kurunegala,9.18,105.0,953.0,52.2,37.9,Mixed
117,587,Local,10.8,Mild,Foot Rot,2.9,Kurunegala,15.76,175.5,1428.0,90.0,52.4,Grass
25,577,Ayrshire,21.5,Healthy,None,3.8,Badulla,16.57,181.9,1715.0,78.2,49.5,Mixed
27,416,Local,23.1,Mild,Mastitis,2.9,Polonnaruwa,12.71,143.2,1226.0,71.5,43.4,Concentrate
91,529,Ayrshire,13.5,Healthy,None,2.2,Monaragala,14.58,168.6,1440.0,69.7,56.5,Grass
118,410,Ayrshire,19.4,Severe,Lumpy Skin Disease,2.4,Polonnaruwa,12.19,139.8,1089.0,62.7,38.0,Mixed
60,351,Ayrshire,13.1,Healthy,None,2.5,Puttalam,10.09,115.8,862.0,47.8,34.1,Grass
80,274,Friesian,9.1,Severe,Foot Rot,2.6,Monaragala,7.76,85.2,747.0,50.4,32.2,Grass
120,417,Local,9.0,Healthy,None,2.7,Matale,11.33,123.9,978.0,52.7,33.2,Grass
117,307,Jersey,9.3,Mild,Mastitis,3.4,Kurunegala,8.61,96.8,813.0,49.9,26.4,Grass
116,600,Local,6.5,Mild,Lumpy Skin Disease,3.1,Kurunegala,15.65,173.5,1606.0,93.6,58.1,Grass
41,581,Ayrshire,18.1,Healthy,None,2.7,Puttalam,16.34,188.2,1631.0,104.5,66.1,Mixed
91,400,Friesian,8.4,Healthy,None,2.9,Monaragala,10.84,119.3,923.0,55.8,32.6,Grass
46,549,Ayrshire,17.9,Healthy,None,3.1,Badulla,15.52,176.1,1381.0,95.3,63.6,Mixed
91,328,Jersey,9.3,Mild,Mastitis,3.2,Kurunegala,9.13,99.5,794.0,50.8,37.6,Grass
117,315,Ayrshire,6.5,Severe,Lumpy Skin Disease,3.3,Anuradhapura,8.53,99.2,883.0,49.6,26.3,Grass
72,388,Jersey,14.0,Severe,Mastitis,2.8,Kurunegala,11.1,127.7,950.0,69.4,45.8,Grass
66,263,Local,7.8,Mild,Foot Rot,2.6,Monaragala,7.36,79.3,633.0,39.6,22.7,Grass
66,552,Friesian,14.7,Healthy,None,3.6,Monaragala,15.27,163.8,1577.0,90.8,45.4,Grass
44,311,Local,8.8,Mild,Lumpy Skin Disease,3.2,Monaragala,8.66,99.4,791.0,42.3,36.2,Grass
82,434,Local,1.6,Healthy,None,2.7,Puttalam,11.01,117.2,1036.0,49.7,43.2,Grass
30,431,Ayrshire,11.8,Severe,Mastitis,2.5,Kurunegala,11.96,132.3,1219.0,61.0,50.2,Grass
101,579,Local,7.3,Mild,Mastitis,2.7,Anuradhapura,15.21,178.5,1376.0,88.1,49.5,Grass
49,340,Friesian,13.5,Healthy,None,2.9,Monaragala,9.85,105.4,974.0,59.3,28.4,Grass
44,588,Ayrshire,0.8,Healthy,None,1.9,Anuradhapura,14.78,163.2,1303.0,71.6,60.8,Grass
112,592,Jersey,9.0,Healthy,None,3.2,Puttalam,15.7,183.7,1581.0,71.6,48.4,Grass
98,441,Ayrshire,0.0,Healthy,None,2.8,Badulla,11.03,116.2,943.0,50.3,38.1,Grass
36,458,Friesian,9.4,Healthy,None,3.7,Polonnaruwa,12.39,142.4,1232.0,60.0,36.4,Grass
46,297,Local,10.1,Severe,Mastitis,3.2,Puttalam,8.44,99.2,796.0,45.0,34.2,Grass
35,558,Friesian,12.7,Healthy,None,1.9,Polonnaruwa,15.22,169.1,1569.0,72.4,56.6,Grass
96,592,Friesian,15.8,Healthy,None,3.1,Anuradhapura,16.38,187.9,1671.0,80.1,50.9,Mixed
36,365,Friesian,14.5,Mild,Foot Rot,4.5,Anuradhapura,10.57,116.5,1086.0,49.8,32.9,Grass
111,587,Ayrshire,1.6,Healthy,None,3.9,Polonnaruwa,14.84,174.6,1460.0,82.2,53.5,Grass
115,317,Ayrshire,10.6,Healthy,None,3.1,Monaragala,8.99,102.1,868.0,57.3,25.6,Grass
67,573,Friesian,11.8,Mild,Mastitis,2.8,Puttalam,15.51,163.1,1515.0,95.7,48.6,Grass
59,255,Local,9.2,Healthy,None,3.2,Puttalam,7.29,79.8,711.0,44.7,26.3,Grass
45,482,Ayrshire,4.4,Healthy,None,3.4,Polonnaruwa,12.49,133.1,1131.0,75.4,51.1,Grass
41,380,Ayrshire,9.9,Mild,Lumpy Skin Disease,2.4,Monaragala,10.49,120.7,987.0,49.2,41.9,Grass
84,384,Friesian,9.7,Mild,Lumpy Skin Disease,3.6,Puttalam,10.57,119.8,1102.0,50.2,33.0,Grass
32,311,Ayrshire,9.3,Healthy,None,3.2,Monaragala,8.71,95.4,819.0,48.8,35.8,Grass
82,343,Local,8.3,Mild,Foot Rot,3.4,Badulla,9.41,101.2,958.0,46.5,26.6,Grass
113,431,Jersey,15.4,Healthy,None,3.9,Badulla,12.32,137.9,1059.0,68.6,43.8,Mixed
85,335,Ayrshire,11.1,Healthy,None,3.3,Monaragala,9.48,107.9,926.0,58.9,29.5,Grass
109,327,Local,12.5,Mild,Lumpy Skin Disease,3.6,Matale,9.43,99.6,984.0,50.0,31.5,Grass
71,493,Local,8.4,Healthy,None,3.4,Badulla,13.17,150.6,1198.0,61.2,49.9,Grass
57,356,Friesian,11.0,Healthy,None,3.0,Monaragala,10.0,110.3,879.0,61.4,38.7,Grass
49,450,Jersey,12.5,Healthy,None,3.1,Polonnaruwa,12.5,137.6,1111.0,77.1,36.2,Grass
35,455,Friesian,11.4,Mild,Foot Rot,3.1,Monaragala,12.52,146.8,1102.0,67.4,46.8,Grass
59,255,Friesian,19.9,Healthy,None,3.5,Puttalam,8.37,93.6,841.0,47.7,26.2,Mixed
56,313,Local,16.3,Healthy,None,2.8,Kurunegala,9.46,110.2,947.0,56.2,38.1,Mixed
66,380,Friesian,7.6,Healthy,None,3.5,Puttalam,10.26,113.4,907.0,60.7,41.2,Grass
115,399,Jersey,16.4,Healthy,None,3.7,Anuradhapura,11.62,123.3,1158.0,74.6,46.6,Mixed
103,503,Local,9.0,Healthy,None,2.9,Polonnaruwa,13.48,152.7,1379.0,68.2,51.4,Grass
50,577,Ayrshire,3.8,Healthy,None,2.8,Monaragala,14.81,171.6,1550.0,69.1,43.6,Grass
80,374,Local,17.0,Healthy,None,2.8,Puttalam,11.05,122.3,998.0,71.8,43.7,Mixed
89,560,Local,15.2,Healthy,None,2.9,Monaragala,15.52,180.5,1526.0,71.1,45.8,Mixed
119,579,Friesian,13.6,Healthy,None,2.4,Matale,15.84,168.7,1588.0,82.7,59.3,Grass
71,451,Friesian,12.4,Healthy,None,1.5,Puttalam,12.52,144.3,1278.0,70.7,44.2,Grass
98,471,Friesian,11.1,Healthy,None,2.2,Puttalam,12.88,138.3,1257.0,66.4,41.3,Grass
120,264,Local,18.0,Mild,Lumpy Skin Disease,3.4,Polonnaruwa,8.4,92.1,829.0,43.7,34.9,Mixed
75,274,Ayrshire,14.3,Healthy,None,3.8,Monaragala,8.28,97.6,747.0,50.4,25.6,Grass
88,581,Ayrshire,7.3,Mild,Lumpy Skin Disease,3.9,Polonnaruwa,15.26,175.7,1350.0,83.9,44.6,Grass
96,525,Jersey,16.7,Healthy,None,2.9,Matale,14.79,161.2,1528.0,69.2,49.8,Mixed
81,577,Jersey,17.7,Mild,Mastitis,2.4,Polonnaruwa,16.2,175.7,1606.0,84.3,63.6,Mixed
114,331,Jersey,7.9,Healthy,None,2.7,Matale,9.07,96.5,876.0,57.3,34.3,Grass
55,536,Jersey,9.4,Healthy,None,2.5,Badulla,14.34,163.5,1276.0,67.1,52.2,Grass
69,384,Jersey,18.1,Mild,Foot Rot,2.9,Badulla,11.41,125.1,1000.0,60.1,45.4,Mixed
120,400,Friesian,13.8,Healthy,None,2.7,Polonnaruwa,11.38,122.8,1155.0,56.8,34.3,Grass
21,503,Jersey,2.9,Mild,Mastitis,3.1,Kurunegala,12.87,139.2,1152.0,74.6,39.9,Grass
55,374,Friesian,2.4,Mild,Lumpy Skin Disease,3.0,Puttalam,9.59,111.1,895.0,53.7,34.5,Grass
41,515,Local,5.2,Healthy,None,4.0,Polonnaruwa,13.39,156.1,1400.0,80.3,50.7,Grass
120,384,Local,16.6,Healthy,None,3.1,Badulla,11.26,131.4,1168.0,57.9,37.2,Mixed
35,414,Jersey,18.3,Mild,Foot Rot,2.6,Puttalam,12.18,129.9,1274.0,73.9,42.8,Mixed
86,410,Friesian,14.7,Mild,Foot Rot,3.1,Monaragala,11.72,126.5,1078.0,69.2,48.8,Grass
46,488,Ayrshire,13.3,Healthy,None,3.6,Anuradhapura,13.53,143.0,1317.0,74.3,46.1,Grass
20,536,Local,15.7,Healthy,None,3.1,Badulla,14.97,158.3,1377.0,93.3,45.0,Mixed
63,283,Ayrshire,3.7,Healthy,None,2.5,Badulla,7.45,87.4,742.0,44.2,26.0,Grass
115,318,Local,11.4,Healthy,None,3.0,Matale,9.09,100.8,871.0,53.2,29.7,Grass
120,510,Local,6.3,Healthy,None,4.2,Matale,13.38,149.9,1320.0,68.6,37.6,Grass
24,433,Friesian,19.6,Mild,Mastitis,3.3,Anuradhapura,12.79,144.5,1223.0,76.2,48.9,Mixed
94,341,Jersey,12.4,Healthy,None,2.9,Puttalam,9.77,114.4,973.0,50.4,28.6,Grass
91,600,Local,7.2,Mild,Lumpy Skin Disease,3.0,Polonnaruwa,15.72,179.3,1380.0,81.5,46.1,Grass
40,470,Ayrshire,13.3,Healthy,None,2.4,Badulla,13.08,140.5,1217.0,64.8,54.7,Grass
28,423,Local,13.7,Mild,Foot Rot,2.9,Badulla,11.95,129.5,1226.0,55.2,42.8,Grass
65,298,Jersey,2.5,Healthy,None,2.6,Monaragala,7.7,90.7,656.0,39.7,24.9,Grass
90,538,Ayrshire,9.9,Mild,Mastitis,3.9,Polonnaruwa,14.44,155.2,1407.0,70.2,44.8,Grass
30,599,Jersey,14.8,Healthy,None,2.3,Anuradhapura,16.46,185.1,1693.0,97.3,66.4,Grass
82,326,Local,14.4,Healthy,None,2.2,Monaragala,9.59,101.2,918.0,61.5,39.5,Grass
57,399,Friesian,17.4,Healthy,None,2.8,Matale,11.72,125.8,1118.0,73.8,41.0,Mixed
37,563,Ayrshire,11.5,Severe,Foot Rot,3.7,Matale,15.23,170.8,1413.0,82.2,45.1,Grass
26,423,Jersey,5.6,Healthy,None,2.3,Polonnaruwa,11.14,120.4,1129.0,54.3,37.5,Grass
25,495,Friesian,9.1,Mild,Mastitis,3.5,Matale,13.29,151.0,1215.0,73.8,47.9,Grass
84,451,Jersey,4.4,Healthy,None,1.6,Puttalam,11.71,125.0,1174.0,59.6,43.1,Grass
73,443,Friesian,9.7,Healthy,None,3.3,Puttalam,12.05,134.2,1102.0,65.9,40.3,Grass
118,397,Friesian,18.0,Healthy,None,2.8,Matale,11.73,123.8,1219.0,60.0,42.5,Mixed
87,338,Ayrshire,9.9,Mild,Foot Rot,3.6,Matale,9.44,99.5,985.0,49.7,31.1,Grass
24,600,Local,2.7,Mild,Foot Rot,2.8,Anuradhapura,15.27,177.2,1453.0,89.5,43.7,Grass
30,484,Jersey,13.0,Mild,Foot Rot,3.2,Matale,13.4,146.3,1330.0,73.6,48.2,Grass
19,273,Local,9.5,Healthy,None,3.0,Monaragala,7.78,88.7,805.0,35.1,24.4,Grass
60,340,Local,0.0,Mild,Lumpy Skin Disease,2.7,Matale,8.5,99.4,791.0,40.9,30.9,Grass
103,382,Local,14.3,Mild,Foot Rot,2.5,Badulla,10.98,127.6,1071.0,53.9,44.3,Grass
52,459,Friesian,12.3,Healthy,None,3.2,Puttalam,12.71,140.3,1151.0,80.1,50.1,Grass
50,557,Friesian,10.3,Healthy,None,3.1,Anuradhapura,14.96,164.8,1480.0,80.8,55.8,Grass
27,576,Friesian,7.2,Healthy,None,2.9,Badulla,15.12,176.5,1433.0,73.6,49.3,Grass
50,598,Local,15.1,Healthy,None,3.1,Puttalam,16.46,179.0,1681.0,82.7,63.6,Mixed
43,294,Local,9.1,Healthy,None,3.1,Kurunegala,8.26,92.3,708.0,45.1,24.4,Grass
67,344,Friesian,15.6,Mild,Mastitis,2.0,Matale,10.16,109.9,989.0,54.6,30.5,Mixed
116,271,Jersey,17.8,Mild,Foot Rot,2.8,Polonnaruwa,8.55,93.3,824.0,54.7,28.0,Mixed
40,429,Local,14.1,Healthy,None,3.6,Kurunegala,12.14,137.6,1127.0,58.3,39.0,Grass
46,344,Jersey,5.1,Healthy,None,2.6,Matale,9.11,104.2,779.0,49.0,36.3,Grass
85,397,Jersey,10.6,Healthy,None,2.6,Matale,10.99,129.2,947.0,64.5,37.1,Grass
20,566,Jersey,20.7,Mild,Lumpy Skin Disease,2.6,Puttalam,16.22,178.1,1425.0,76.4,50.7,Mixed
18,538,Friesian,9.2,Mild,Foot Rot,3.1,Kurunegala,14.37,153.1,1286.0,82.7,51.6,Grass
20,582,Local,6.0,Severe,Foot Rot,2.8,Anuradhapura,15.15,166.7,1495.0,79.9,61.7,Grass
105,501,Ayrshire,13.6,Healthy,None,2.8,Matale,13.88,163.6,1306.0,88.0,41.8,Grass
64,364,Jersey,11.5,Healthy,None,2.7,Anuradhapura,10.25,117.4,1069.0,54.1,32.4,Grass
65,260,Local,4.4,Mild,Mastitis,3.2,Puttalam,6.94,73.3,647.0,43.4,27.7,Grass
34,570,Ayrshire,20.8,Healthy,None,3.0,Puttalam,16.33,180.1,1677.0,88.5,56.1,Mixed
77,436,Ayrshire,13.1,Healthy,None,3.3,Anuradhapura,12.21,134.5,1214.0,60.0,37.9,Grass
90,349,Ayrshire,5.7,Severe,Foot Rot,3.9,Puttalam,9.29,108.0,937.0,48.8,30.0,Grass
36,490,Friesian,13.0,Healthy,None,3.8,Puttalam,13.55,150.2,1397.0,86.9,54.4,Grass
24,352,Jersey,8.3,Healthy,None,3.9,Puttalam,9.63,112.3,946.0,61.4,32.8,Grass
21,355,Local,15.9,Healthy,None,3.3,Badulla,10.46,112.2,1095.0,61.3,40.6,Mixed
69,544,Jersey,13.2,Healthy,None,2.9,Puttalam,14.92,162.8,1342.0,89.2,57.7,Grass
58,562,Friesian,18.0,Mild,Mastitis,3.1,Monaragala,15.85,168.2,1350.0,98.7,45.6,Mixed
29,410,Ayrshire,2.2,Healthy,None,2.4,Polonnaruwa,10.47,112.0,935.0,64.7,34.6,Grass
92,478,Local,11.1,Healthy,None,3.2,Anuradhapura,13.06,140.1,1189.0,79.7,39.5,Grass
38,462,Friesian,11.7,Healthy,None,3.6,Polonnaruwa,12.72,143.8,1121.0,71.3,44.0,Grass
106,377,Friesian,2.2,Mild,Mastitis,3.1,Puttalam,9.65,112.7,839.0,44.2,38.9,Grass
66,494,Jersey,2.9,Mild,Foot Rot,3.4,Anuradhapura,12.64,144.0,1281.0,80.4,45.7,Grass
75,260,Local,11.5,Severe,Foot Rot,3.2,Anuradhapura,7.65,83.7,702.0,35.7,25.4,Grass
35,569,Ayrshire,7.7,Mild,Mastitis,3.6,Badulla,15.0,159.7,1556.0,96.3,46.1,Grass
59,399,Friesian,17.2,Healthy,None,3.3,Anuradhapura,11.7,137.8,1110.0,67.2,42.4,Mixed
64,379,Jersey,11.4,Healthy,None,3.3,Anuradhapura,10.62,125.1,1095.0,48.3,34.5,Grass
24,582,Jersey,8.5,Mild,Lumpy Skin Disease,3.4,Monaragala,15.4,170.7,1442.0,70.5,59.3,Grass
102,484,Friesian,20.2,Healthy,None,3.5,Matale,14.12,148.8,1446.0,89.7,39.7,Mixed
20,404,Local,8.4,Healthy,None,3.2,Puttalam,10.94,121.6,1015.0,64.4,34.8,Grass
60,437,Local,5.5,Healthy,None,3.3,Puttalam,11.48,125.6,1192.0,68.2,41.0,Grass
54,386,Friesian,14.3,Severe,Foot Rot,2.1,Kurunegala,11.08,117.6,1089.0,56.9,38.9,Grass
20,315,Friesian,6.2,Healthy,None,2.9,Kurunegala,8.5,91.2,734.0,48.0,26.6,Grass
27,254,Friesian,10.5,Mild,Lumpy Skin Disease,2.4,Monaragala,7.4,86.1,720.0,35.6,27.2,Grass
76,573,Ayrshire,13.9,Mild,Mastitis,3.1,Kurunegala,15.72,177.6,1354.0,75.1,64.2,Grass
41,296,Friesian,11.0,Healthy,None,2.6,Polonnaruwa,8.5,98.0,762.0,39.1,24.7,Grass
98,521,Jersey,17.2,Healthy,None,3.8,Polonnaruwa,14.75,158.7,1545.0,84.2,45.1,Mixed
111,596,Friesian,9.6,Healthy,None,2.7,Matale,15.86,177.0,1373.0,102.3,50.3,Grass
91,346,Friesian,14.5,Mild,Mastitis,2.8,Puttalam,10.1,108.5,1030.0,60.7,31.5,Grass
99,553,Ayrshire,11.3,Healthy,None,3.4,Badulla,14.96,166.9,1357.0,80.1,59.2,Grass
48,521,Friesian,2.5,Mild,Foot Rot,3.7,Polonnaruwa,13.28,143.8,1329.0,61.5,38.4,Grass
111,280,Local,12.4,Healthy,None,2.8,Kurunegala,8.24,94.7,818.0,37.3,31.7,Grass
58,551,Ayrshire,11.6,Mild,Foot Rot,3.0,Puttalam,14.94,170.0,1290.0,75.1,59.4,Grass
63,495,Ayrshire,3.3,Healthy,None,3.7,Matale,12.71,146.1,1160.0,82.6,39.0,Grass
39,271,Ayrshire,12.2,Healthy,None,3.2,Puttalam,8.0,93.2,732.0,48.7,33.0,Grass
77,487,Local,16.8,Healthy,None,2.5,Monaragala,13.86,158.8,1285.0,88.7,55.8,Mixed
58,445,Jersey,14.4,Healthy,None,2.9,Matale,12.56,132.1,1266.0,73.1,38.2,Grass
41,361,Friesian,16.2,Healthy,None,1.9,Anuradhapura,10.64,118.3,962.0,52.1,37.2,Mixed
56,531,Ayrshire,11.5,Healthy,None,2.7,Anuradhapura,14.43,160.6,1435.0,77.4,59.5,Grass
80,590,Friesian,14.2,Healthy,None,3.2,Anuradhapura,16.17,172.0,1683.0,95.6,59.0,Grass
48,515,Local,8.5,Mild,Lumpy Skin Disease,2.6,Polonnaruwa,13.72,152.8,1429.0,79.1,44.9,Grass
105,566,Local,11.4,Healthy,None,2.6,Badulla,15.29,172.5,1462.0,79.2,50.8,Grass
34,439,Local,16.2,Healthy,None,2.8,Anuradhapura,12.6,139.6,1176.0,62.0,41.0,Mixed
58,574,Local,0.0,Mild,Foot Rot,2.8,Polonnaruwa,14.35,157.0,1448.0,84.6,58.3,Grass
118,573,Jersey,6.8,Mild,Foot Rot,2.2,Kurunegala,15.01,162.2,1522.0,82.2,51.9,Grass
58,511,Friesian,5.8,Healthy,None,3.1,Badulla,13.36,142.9,1222.0,74.3,46.1,Grass
52,284,Local,18.6,Healthy,None,3.2,Monaragala,8.96,96.3,900.0,53.1,29.7,Mixed
25,492,Jersey,9.0,Healthy,None,3.2,Monaragala,13.2,138.7,1216.0,75.8,47.3,Grass
52,413,Local,9.7,Severe,Foot Rot,2.7,Matale,11.3,131.6,1006.0,69.2,34.6,Grass
95,311,Ayrshire,6.2,Mild,Foot Rot,2.1,Puttalam,8.39,97.7,801.0,46.2,26.4,Grass
72,255,Ayrshire,10.1,Healthy,None,3.1,Kurunegala,7.38,78.9,631.0,42.8,28.5,Grass
65,488,Jersey,11.5,Healthy,None,2.8,Polonnaruwa,13.35,146.8,1177.0,71.9,43.3,Grass
76,391,Jersey,7.3,Mild,Lumpy Skin Disease,3.3,Kurunegala,10.51,114.2,1017.0,54.1,29.7,Grass
59,532,Local,5.4,Healthy,None,3.4,Badulla,13.84,151.0,1376.0,77.5,50.9,Grass
59,452,Jersey,7.0,Healthy,None,2.6,Matale,12.0,139.0,1028.0,60.8,43.1,Grass
23,511,Friesian,4.7,Mild,Foot Rot,2.7,Matale,13.25,141.4,1143.0,61.4,39.9,Grass
38,370,Friesian,16.9,Mild,Lumpy Skin Disease,3.3,Matale,10.94,119.7,1020.0,65.7,38.2,Mixed
25,518,Local,16.9,Healthy,None,3.3,Puttalam,14.64,161.3,1290.0,90.0,57.7,Mixed
38,309,Ayrshire,6.5,Healthy,None,2.8,Badulla,8.38,88.6,827.0,38.1,31.0,Grass
46,495,Friesian,8.1,Healthy,None,3.7,Polonnaruwa,13.19,151.5,1372.0,84.5,39.5,Grass
59,448,Local,6.0,Healthy,None,3.4,Matale,11.8,135.6,1119.0,68.9,44.6,Grass
26,270,Jersey,16.5,Healthy,None,3.9,Matale,8.4,90.5,812.0,37.9,31.8,Mixed
65,510,Jersey,10.0,Healthy,None,3.4,Polonnaruwa,13.75,147.1,1171.0,79.1,50.5,Grass
89,441,Local,23.4,Healthy,None,2.7,Polonnaruwa,13.37,143.9,1299.0,69.1,43.6,Concentrate
68,311,Ayrshire,4.3,Healthy,None,2.1,Anuradhapura,8.21,91.0,857.0,48.0,31.8,Grass
41,307,Friesian,15.6,Healthy,None,2.1,Badulla,9.24,98.3,958.0,45.4,35.7,Mixed
113,402,Jersey,10.1,Mild,Lumpy Skin Disease,3.2,Monaragala,11.06,121.3,952.0,63.6,39.7,Grass
50,361,Friesian,12.9,Healthy,None,3.2,Badulla,10.32,111.3,915.0,53.3,36.1,Grass
67,417,Local,13.1,Severe,Foot Rot,3.6,Monaragala,11.74,134.8,1214.0,64.1,42.7,Grass
103,377,Friesian,7.2,Healthy,None,2.7,Polonnaruwa,10.15,118.2,1036.0,58.2,40.6,Grass
18,405,Local,8.1,Healthy,None,3.4,Anuradhapura,10.94,122.9,965.0,50.4,33.9,Grass
72,440,Friesian,16.5,Healthy,None,3.2,Anuradhapura,12.65,143.6,1151.0,57.8,37.5,Mixed
51,483,Jersey,17.9,Healthy,None,2.4,Puttalam,13.87,157.1,1443.0,84.4,55.9,Mixed
40,257,Friesian,20.3,Healthy,None,3.8,Polonnaruwa,8.46,91.4,866.0,47.9,30.3,Mixed
20,538,Local,15.7,Healthy,None,3.9,Kurunegala,15.02,171.2,1341.0,79.5,50.0,Mixed
81,471,Local,3.7,Healthy,None,2.7,Monaragala,12.14,142.8,1172.0,55.7,35.1,Grass
53,394,Local,8.3,Healthy,None,3.4,Badulla,10.68,115.9,1051.0,68.6,32.7,Grass
75,250,Friesian,6.7,Mild,Lumpy Skin Disease,3.4,Badulla,6.92,77.7,685.0,42.1,26.3,Grass
24,396,Ayrshire,18.9,Healthy,None,3.3,Polonnaruwa,11.79,129.4,1196.0,65.9,39.2,Mixed
110,532,Jersey,13.4,Healthy,None,2.5,Polonnaruwa,14.64,165.9,1364.0,82.9,48.6,Grass
116,399,Jersey,7.8,Mild,Lumpy Skin Disease,3.6,Polonnaruwa,10.76,122.4,1002.0,69.1,31.4,Grass
35,420,Ayrshire,15.9,Healthy,None,3.0,Polonnaruwa,12.09,134.0,1158.0,70.9,48.9,Mixed
82,570,Jersey,9.9,Healthy,None,2.0,Anuradhapura,15.24,170.7,1549.0,73.4,59.7,Grass
119,355,Local,6.6,Healthy,None,4.0,Kurunegala,9.54,105.4,832.0,52.5,27.3,Grass
91,252,Ayrshire,5.6,Severe,Foot Rot,3.1,Puttalam,6.86,80.4,685.0,40.3,26.8,Grass
32,416,Ayrshire,17.0,Healthy,None,2.4,Badulla,12.1,133.3,1187.0,64.0,43.7,Mixed
70,304,Jersey,12.9,Healthy,None,3.5,Kurunegala,8.89,98.6,904.0,55.9,27.2,Grass
119,508,Friesian,12.1,Healthy,None,4.4,Polonnaruwa,13.91,162.6,1376.0,71.1,53.7,Grass
44,527,Friesian,3.7,Severe,Mastitis,3.5,Monaragala,13.54,142.6,1159.0,64.2,41.4,Grass
105,286,Friesian,11.1,Healthy,None,3.4,Badulla,8.26,96.9,772.0,43.1,27.8,Grass
94,403,Ayrshire,14.2,Healthy,None,2.6,Matale,11.5,123.9,1076.0,65.3,39.9,Grass
93,271,Local,13.1,Severe,Lumpy Skin Disease,2.1,Puttalam,8.09,88.3,693.0,47.7,32.4,Grass
114,525,Friesian,15.0,Healthy,None,3.1,Kurunegala,14.62,164.7,1500.0,93.5,55.0,Grass
66,269,Local,15.2,Mild,Mastitis,3.5,Badulla,8.25,91.7,791.0,38.5,31.5,Mixed
98,298,Local,13.8,Healthy,None,3.1,Matale,8.83,96.6,857.0,48.0,28.7,Grass
117,481,Jersey,7.6,Healthy,None,2.6,Kurunegala,12.79,135.9,1262.0,72.7,47.9,Grass
82,477,Friesian,17.9,Healthy,None,3.7,Badulla,13.71,152.2,1357.0,72.3,56.1,Mixed
110,274,Ayrshire,10.8,Healthy,None,3.0,Anuradhapura,7.93,90.5,752.0,50.0,25.5,Grass
23,398,Ayrshire,7.5,Healthy,None,3.6,Anuradhapura,10.7,121.9,1117.0,49.8,37.2,Grass
18,448,Jersey,15.3,Mild,Mastitis,4.0,Puttalam,12.73,138.7,1139.0,79.3,46.0,Mixed
47,477,Friesian,7.6,Healthy,None,2.8,Puttalam,12.69,135.5,1267.0,81.1,45.5,Grass
81,437,Local,13.2,Healthy,None,3.3,Puttalam,12.25,137.0,1211.0,70.7,36.1,Grass
22,392,Local,10.9,Healthy,None,2.6,Polonnaruwa,10.89,120.3,940.0,54.7,45.0,Grass
78,455,Jersey,16.4,Severe,Mastitis,3.4,Puttalam,13.02,138.8,1149.0,73.4,48.6,Mixed
102,529,Ayrshire,7.4,Healthy,None,3.7,Kurunegala,13.97,155.4,1459.0,81.2,50.5,Grass
89,270,Jersey,17.9,Healthy,None,3.1,Matale,8.54,93.0,853.0,45.1,28.4,Mixed
118,256,Friesian,12.4,Healthy,None,3.3,Polonnaruwa,7.64,82.9,730.0,39.0,30.1,Grass
49,495,Jersey,7.7,Healthy,None,3.0,Badulla,13.14,146.1,1243.0,61.7,43.9,Grass
98,527,Friesian,1.2,Healthy,None,3.4,Matale,13.29,141.7,1265.0,82.7,38.5,Grass
27,539,Jersey,4.2,Healthy,None,3.8,Polonnaruwa,13.9,159.6,1415.0,72.6,43.3,Grass
70,280,Local,10.3,Healthy,None,2.9,Polonnaruwa,8.03,87.7,746.0,39.2,30.7,Grass
68,480,Jersey,8.9,Mild,Mastitis,2.9,Monaragala,12.89,143.4,1340.0,71.1,43.4,Grass
114,575,Jersey,19.1,Healthy,None,1.8,Puttalam,16.29,182.1,1547.0,75.8,59.3,Mixed
26,537,Friesian,18.4,Mild,Mastitis,3.2,Badulla,15.27,175.7,1310.0,77.2,48.8,Mixed
61,405,Ayrshire,6.0,Severe,Lumpy Skin Disease,2.5,Badulla,10.72,119.7,994.0,66.9,40.3,Grass
89,599,Jersey,20.4,Healthy,None,2.5,Badulla,17.02,180.7,1613.0,88.2,60.0,Mixed
26,378,Ayrshire,6.2,Severe,Lumpy Skin Disease,3.6,Anuradhapura,10.07,113.5,902.0,64.0,32.8,Grass
90,347,Ayrshire,13.7,Severe,Mastitis,2.5,Puttalam,10.05,116.3,958.0,53.5,31.9,Grass
103,587,Jersey,13.1,Mild,Mastitis,2.5,Badulla,15.99,184.6,1579.0,78.0,60.1,Grass
87,533,Ayrshire,17.5,Healthy,None,3.5,Polonnaruwa,15.08,167.4,1439.0,71.4,57.5,Mixed
99,376,Jersey,14.7,Healthy,None,3.2,Polonnaruwa,10.87,123.1,997.0,68.2,42.8,Grass
49,450,Local,20.8,Mild,Foot Rot,3.0,Kurunegala,13.33,147.9,1224.0,66.8,38.7,Mixed
66,531,Local,6.1,Healthy,None,3.2,Matale,13.88,149.1,1439.0,88.2,47.7,Grass
92,391,Local,22.4,Healthy,None,2.5,Puttalam,12.02,127.0,1125.0,77.7,43.7,Concentrate
73,448,Ayrshire,10.2,Healthy,None,3.2,Monaragala,12.22,131.2,1127.0,74.6,35.1,Grass
26,392,Friesian,11.7,Healthy,None,2.5,Anuradhapura,10.97,119.0,1104.0,69.7,41.3,Grass
23,588,Friesian,17.6,Healthy,None,4.2,Anuradhapura,16.46,180.1,1605.0,83.2,56.0,Mixed
46,566,Ayrshire,13.0,Severe,Lumpy Skin Disease,2.5,Anuradhapura,15.45,179.1,1360.0,86.6,50.1,Grass
39,446,Jersey,4.3,Healthy,None,3.1,Polonnaruwa,11.58,121.9,1021.0,65.3,42.4,Grass
80,313,Friesian,17.5,Healthy,None,3.2,Anuradhapura,9.57,105.5,860.0,54.7,38.7,Mixed
53,304,Friesian,12.0,Healthy,None,2.7,Anuradhapura,8.8,95.9,850.0,50.2,29.4,Grass
47,301,Friesian,6.5,Healthy,None,3.4,Monaragala,8.18,90.6,720.0,51.3,32.6,Grass
66,261,Ayrshire,16.6,Healthy,None,2.2,Kurunegala,8.19,93.2,768.0,51.2,26.9,Mixed
81,509,Local,19.9,Mild,Foot Rot,3.3,Badulla,14.72,158.5,1294.0,68.5,58.5,Mixed
66,336,Local,19.0,Healthy,None,2.3,Anuradhapura,10.3,112.4,959.0,51.5,33.0,Mixed
66,557,Local,5.2,Severe,Foot Rot,2.9,Monaragala,14.45,169.3,1299.0,85.2,49.6,Grass
20,449,Ayrshire,14.5,Healthy,None,3.9,Puttalam,12.68,133.5,1188.0,68.4,43.0,Grass
50,428,Jersey,15.5,Healthy,None,2.9,Matale,12.25,143.1,1105.0,59.0,38.1,Mixed
100,514,Jersey,6.9,Mild,Lumpy Skin Disease,3.6,Kurunegala,13.54,148.6,1357.0,63.4,55.3,Grass
96,533,Friesian,7.2,Healthy,None,3.8,Puttalam,14.05,157.1,1266.0,67.4,42.1,Grass
53,345,Jersey,10.6,Healthy,None,3.8,Matale,9.69,103.8,837.0,60.5,35.6,Grass
101,340,Ayrshire,15.4,Healthy,None,2.9,Anuradhapura,10.04,117.7,1033.0,49.9,39.5,Mixed
95,289,Friesian,9.4,Mild,Lumpy Skin Disease,2.8,Monaragala,8.17,94.5,724.0,38.8,28.2,Grass
65,341,Jersey,14.1,Healthy,None,3.0,Polonnaruwa,9.94,106.8,1001.0,51.2,30.2,Grass
83,260,Friesian,9.0,Healthy,None,2.9,Matale,7.4,79.3,698.0,45.8,23.2,Grass
65,543,Ayrshire,12.4,Healthy,None,1.9,Matale,14.82,164.4,1470.0,87.8,44.9,Grass
114,271,Friesian,14.3,Severe,Mastitis,2.5,Puttalam,8.21,86.2,774.0,50.1,30.8,Grass
88,527,Local,6.2,Mild,Lumpy Skin Disease,2.2,Badulla,13.8,162.2,1433.0,71.9,50.3,Grass
113,457,Ayrshire,3.0,Healthy,None,2.3,Anuradhapura,11.73,129.4,1115.0,64.5,46.1,Grass
27,557,Ayrshire,8.5,Mild,Mastitis,4.0,Polonnaruwa,14.78,166.8,1378.0,77.6,49.1,Grass
80,351,Friesian,9.4,Healthy,None,3.1,Monaragala,9.71,111.7,971.0,52.4,35.2,Grass
113,321,Ayrshire,14.0,Healthy,None,3.1,Puttalam,9.43,100.8,971.0,59.5,29.7,Grass
77,488,Ayrshire,11.6,Mild,Lumpy Skin Disease,2.4,Badulla,13.36,142.5,1392.0,66.7,40.1,Grass
30,401,Ayrshire,19.3,Healthy,None,3.9,Matale,11.96,132.8,1109.0,69.5,40.7,Mixed
55,431,Local,3.6,Healthy,None,2.5,Polonnaruwa,11.13,131.1,1135.0,51.6,36.3,Grass
82,334,Friesian,10.6,Severe,Mastitis,2.5,Badulla,9.41,107.9,906.0,43.5,33.1,Grass
84,440,Friesian,14.5,Healthy,None,2.6,Polonnaruwa,12.45,136.1,1211.0,64.7,40.6,Grass
24,514,Friesian,22.8,Mild,Lumpy Skin Disease,3.6,Badulla,15.13,167.4,1442.0,88.2,54.0,Concentrate
90,509,Friesian,13.1,Severe,Mastitis,3.5,Badulla,14.04,164.4,1300.0,81.7,48.0,Grass
99,386,Jersey,17.5,Healthy,None,2.7,Kurunegala,11.4,133.3,990.0,60.1,38.2,Mixed
23,405,Friesian,7.9,Severe,Mastitis,3.0,Puttalam,10.91,120.5,970.0,66.5,44.0,Grass
88,540,Ayrshire,16.3,Severe,Mastitis,3.1,Puttalam,15.13,158.9,1306.0,94.1,48.0,Mixed
118,283,Jersey,4.1,Healthy,None,2.6,Puttalam,7.49,88.2,775.0,41.1,21.8,Grass
61,565,Ayrshire,11.6,Mild,Lumpy Skin Disease,3.0,Badulla,15.29,172.0,1467.0,96.4,58.7,Grass
103,417,Jersey,21.9,Mild,Foot Rot,2.3,Anuradhapura,12.62,142.2,1245.0,77.1,49.1,Mixed
46,261,Local,14.5,Healthy,None,3.7,Puttalam,7.98,87.2,760.0,43.9,30.4,Grass
24,552,Ayrshire,23.4,Mild,Lumpy Skin Disease,2.8,Anuradhapura,16.14,171.7,1420.0,79.8,62.9,Concentrate
77,328,Friesian,14.5,Mild,Foot Rot,3.3,Kurunegala,9.65,105.9,964.0,51.5,31.5,Grass
49,333,Local,13.0,Severe,Foot Rot,3.0,Monaragala,9.63,101.9,879.0,60.5,32.8,Grass
73,328,Local,14.2,Healthy,None,1.7,Puttalam,9.62,101.4,998.0,45.6,30.1,Grass
68,551,Jersey,15.4,Healthy,None,3.1,Anuradhapura,15.32,177.8,1390.0,87.6,46.4,Mixed
94,417,Local,10.9,Mild,Mastitis,4.0,Puttalam,11.52,122.2,1163.0,52.0,41.0,Grass
29,581,Jersey,8.6,Severe,Mastitis,2.8,Badulla,15.38,170.9,1317.0,78.2,61.2,Grass
105,432,Friesian,22.0,Healthy,None,2.6,Kurunegala,13.0,151.6,1191.0,59.5,47.0,Mixed
96,250,Jersey,9.2,Mild,Lumpy Skin Disease,2.9,Monaragala,7.17,83.0,680.0,36.1,23.0,Grass
85,286,Ayrshire,16.2,Healthy,None,3.1,Matale,8.77,97.4,895.0,42.2,34.1,Mixed
30,504,Jersey,5.5,Mild,Mastitis,2.7,Puttalam,13.15,144.8,1207.0,63.5,45.5,Grass
63,510,Ayrshire,9.0,Healthy,None,3.0,Monaragala,13.65,155.8,1270.0,83.5,42.7,Grass
57,591,Ayrshire,14.1,Healthy,None,3.2,Kurunegala,16.19,179.7,1604.0,74.0,46.7,Grass
36,305,Local,3.1,Healthy,None,3.5,Anuradhapura,7.94,90.8,720.0,41.0,25.8,Grass
109,496,Local,13.3,Healthy,None,3.7,Polonnaruwa,13.73,160.8,1351.0,80.2,52.5,Grass
108,357,Local,14.2,Mild,Lumpy Skin Disease,3.6,Monaragala,10.35,110.8,919.0,47.9,29.4,Grass
120,379,Local,14.3,Healthy,None,3.7,Polonnaruwa,10.9,121.5,1070.0,57.7,41.3,Grass
75,318,Ayrshire,14.6,Mild,Foot Rot,3.0,Badulla,9.41,104.0,859.0,59.6,33.8,Grass
41,253,Jersey,23.4,Severe,Lumpy Skin Disease,3.4,Anuradhapura,8.66,92.0,888.0,44.8,24.8,Concentrate
48,512,Local,14.9,Severe,Mastitis,2.4,Badulla,14.29,163.4,1334.0,86.3,52.6,Grass
61,564,Ayrshire,5.6,Healthy,None,3.1,Anuradhapura,14.66,155.9,1472.0,94.4,45.2,Grass
60,598,Ayrshire,12.7,Healthy,None,2.7,Puttalam,16.22,189.1,1701.0,92.9,59.3,Grass
116,270,Local,12.7,Severe,Foot Rot,3.8,Polonnaruwa,8.02,89.9,768.0,48.2,23.0,Grass
20,458,Friesian,15.5,Healthy,None,2.4,Anuradhapura,13.0,151.3,1347.0,82.3,47.5,Mixed
58,552,Jersey,11.4,Healthy,None,2.6,Matale,14.94,162.7,1465.0,68.4,46.6,Grass
50,452,Ayrshire,10.1,Healthy,None,2.8,Kurunegala,12.31,132.9,1101.0,75.6,38.6,Grass
73,274,Friesian,9.6,Mild,Lumpy Skin Disease,2.4,Monaragala,7.81,87.4,804.0,49.8,22.0,Grass
111,577,Ayrshire,11.4,Mild,Foot Rot,2.7,Polonnaruwa,15.57,164.5,1631.0,76.7,58.0,Grass
117,309,Jersey,0.0,Severe,Lumpy Skin Disease,4.0,Badulla,7.73,86.8,708.0,43.2,23.8,Grass
72,290,Ayrshire,17.4,Healthy,None,2.8,Polonnaruwa,8.99,105.5,768.0,42.8,34.6,Mixed
39,586,Ayrshire,12.1,Mild,Lumpy Skin Disease,2.4,Monaragala,15.86,169.9,1483.0,94.5,52.4,Grass
54,408,Friesian,20.5,Healthy,None,3.9,Kurunegala,12.25,131.1,1071.0,78.1,50.7,Mixed
117,388,Jersey,12.8,Healthy,None,3.5,Puttalam,10.98,121.7,960.0,66.2,42.7,Grass
83,312,Local,12.9,Mild,Lumpy Skin Disease,2.3,Monaragala,9.09,104.7,837.0,42.6,27.7,Grass
42,529,Ayrshire,9.9,Mild,Foot Rot,3.1,Anuradhapura,14.22,164.2,1434.0,66.4,41.1,Grass
61,332,Jersey,9.7,Healthy,None,2.9,Monaragala,9.27,108.5,905.0,42.3,37.0,Grass
114,471,Friesian,11.5,Mild,Lumpy Skin Disease,3.0,Badulla,12.93,139.3,1148.0,74.7,50.2,Grass
107,284,Jersey,12.3,Mild,Lumpy Skin Disease,2.5,Kurunegala,8.33,93.5,784.0,42.9,27.6,Grass
22,481,Jersey,8.4,Healthy,None,2.4,Puttalam,12.87,141.1,1348.0,82.0,47.7,Grass
113,253,Ayrshire,16.9,Mild,Mastitis,1.9,Matale,8.02,85.6,697.0,44.4,31.1,Mixed
35,492,Local,17.8,Healthy,None,3.7,Monaragala,14.08,157.9,1411.0,66.7,55.4,Mixed
99,412,Jersey,10.5,Healthy,None,1.7,Polonnaruwa,11.35,131.3,1031.0,70.6,32.7,Grass
103,320,Ayrshire,10.2,Mild,Mastitis,3.0,Polonnaruwa,9.02,98.0,920.0,58.3,37.6,Grass
27,505,Ayrshire,6.9,Mild,Lumpy Skin Disease,2.7,Monaragala,13.31,140.1,1393.0,68.6,50.5,Grass
35,518,Friesian,19.7,Healthy,None,3.3,Anuradhapura,14.92,158.5,1347.0,77.1,60.3,Mixed
91,358,Friesian,7.4,Healthy,None,2.2,Monaragala,9.69,105.2,987.0,54.3,34.5,Grass
28,531,Ayrshire,10.4,Severe,Foot Rot,2.9,Puttalam,14.32,155.9,1474.0,86.0,40.9,Grass
29,586,Ayrshire,14.5,Healthy,None,2.7,Kurunegala,16.1,170.1,1391.0,103.0,58.3,Grass
79,271,Local,14.6,Mild,Lumpy Skin Disease,4.0,Monaragala,8.23,92.2,743.0,46.8,29.5,Grass
49,291,Ayrshire,16.1,Healthy,None,3.0,Kurunegala,8.89,100.8,857.0,55.4,32.7,Mixed
78,361,Jersey,11.1,Healthy,None,2.8,Kurunegala,10.13,119.0,1036.0,55.9,42.4,Grass
105,517,Ayrshire,17.9,Healthy,None,2.7,Puttalam,14.71,168.4,1498.0,80.7,46.1,Mixed
45,563,Local,12.2,Healthy,None,3.0,Matale,15.3,171.1,1406.0,81.2,55.5,Grass
54,387,Jersey,9.5,Healthy,None,2.3,Kurunegala,10.62,123.8,1053.0,53.2,38.7,Grass
32,457,Jersey,13.6,Mild,Foot Rot,3.0,Badulla,12.79,136.4,1134.0,73.9,38.0,Grass
49,317,Friesian,14.5,Healthy,None,2.7,Anuradhapura,9.38,101.5,806.0,43.6,31.4,Grass
53,307,Friesian,18.1,Mild,Foot Rot,2.6,Puttalam,9.49,101.0,939.0,50.6,31.1,Mixed
36,325,Friesian,20.6,Mild,Lumpy Skin Disease,2.1,Badulla,10.19,119.9,943.0,56.4,32.5,Mixed
43,575,Jersey,14.2,Healthy,None,3.2,Puttalam,15.79,173.0,1617.0,98.2,58.9,Grass
80,390,Local,8.0,Healthy,None,3.2,Kurunegala,10.55,110.8,995.0,48.8,42.7,Grass
113,484,Ayrshire,18.4,Healthy,None,1.9,Monaragala,13.94,148.4,1265.0,70.6,42.5,Mixed
19,492,Friesian,14.5,Healthy,None,1.8,Polonnaruwa,13.75,150.6,1346.0,74.2,51.8,Grass
79,449,Ayrshire,7.2,Healthy,None,3.8,Puttalam,11.95,128.9,1232.0,54.2,37.4,Grass
67,362,Jersey,9.1,Healthy,None,2.4,Badulla,9.96,113.9,951.0,58.6,31.7,Grass
84,408,Local,11.0,Healthy,None,4.0,Monaragala,11.3,127.0,1160.0,56.3,36.1,Grass
49,592,Jersey,2.8,Healthy,None,2.5,Badulla,15.08,177.5,1283.0,96.8,49.1,Grass
116,533,Local,19.5,Healthy,None,3.9,Monaragala,15.28,160.5,1358.0,72.1,49.3,Mixed
72,378,Ayrshire,11.5,Healthy,None,2.4,Polonnaruwa,10.6,120.0,1043.0,68.1,38.1,Grass
30,444,Local,22.5,Healthy,None,3.8,Monaragala,13.35,155.6,1221.0,83.0,44.1,Concentrate
48,522,Ayrshire,15.4,Healthy,None,2.6,Anuradhapura,14.59,161.4,1404.0,85.8,43.0,Mixed
47,460,Friesian,11.8,Healthy,None,2.9,Matale,12.68,139.9,1330.0,58.9,47.6,Grass
74,319,Jersey,13.7,Mild,Mastitis,3.7,Kurunegala,9.35,102.7,802.0,42.3,33.9,Grass
53,579,Local,16.4,Mild,Mastitis,2.5,Monaragala,16.12,176.4,1447.0,76.4,63.3,Mixed
94,524,Jersey,18.9,Healthy,None,3.2,Kurunegala,14.99,170.8,1436.0,87.2,56.6,Mixed
80,360,Local,15.4,Mild,Mastitis,3.7,Puttalam,10.54,111.9,1019.0,66.9,33.6,Mixed
107,428,Ayrshire,6.4,Mild,Foot Rot,3.0,Kurunegala,11.34,129.3,970.0,53.2,41.7,Grass
103,390,Jersey,9.3,Healthy,None,2.2,Anuradhapura,10.68,114.3,1065.0,63.7,32.8,Grass
43,317,Ayrshire,13.7,Healthy,None,4.3,Badulla,9.3,105.6,832.0,44.4,27.6,Grass
44,437,Ayrshire,2.8,Mild,Lumpy Skin Disease,3.0,Kurunegala,11.21,119.9,967.0,70.6,38.8,Grass
39,441,Friesian,15.2,Healthy,None,3.1,Anuradhapura,12.54,142.8,1290.0,59.2,48.5,Mixed
27,328,Local,11.4,Healthy,None,2.4,Matale,9.34,100.9,946.0,47.0,33.0,Grass
104,521,Ayrshire,13.2,Mild,Mastitis,2.6,Puttalam,14.35,166.1,1390.0,83.5,44.5,Grass
72,338,Local,1.1,Healthy,None,3.6,Kurunegala,8.56,92.8,764.0,51.1,33.2,Grass
43,457,Ayrshire,16.8,Healthy,None,3.0,Badulla,13.11,146.8,1357.0,81.9,38.8,Mixed
34,277,Jersey,13.1,Mild,Foot Rot,3.5,Matale,8.24,96.7,719.0,45.0,33.6,Grass
109,319,Friesian,13.1,Healthy,None,3.5,Matale,9.29,104.1,833.0,44.2,37.8,Grass
95,528,Friesian,10.5,Healthy,None,3.7,Polonnaruwa,14.25,159.9,1308.0,79.4,45.1,Grass
88,319,Jersey,13.6,Healthy,None,3.1,Badulla,9.34,104.0,950.0,44.6,36.5,Grass
99,295,Jersey,5.6,Healthy,None,3.1,Polonnaruwa,7.93,84.0,788.0,44.4,30.4,Grass
76,334,Ayrshire,7.8,Severe,Lumpy Skin Disease,2.7,Badulla,9.13,96.2,916.0,55.3,35.5,Grass
21,265,Friesian,7.9,Healthy,None,2.5,Anuradhapura,7.42,85.2,751.0,42.1,21.6,Grass
79,300,Local,22.6,Mild,Foot Rot,3.7,Kurunegala,9.76,110.7,841.0,56.2,40.6,Concentrate
110,326,Ayrshire,21.6,Healthy,None,2.4,Polonnaruwa,10.31,117.3,1040.0,56.8,33.1,Mixed
51,331,Friesian,12.4,Healthy,None,2.4,Matale,9.52,101.8,936.0,53.1,30.5,Grass
116,289,Jersey,8.5,Healthy,None,2.5,Puttalam,8.08,92.9,768.0,49.1,26.2,Grass
23,509,Local,18.2,Healthy,None,2.8,Puttalam,14.55,153.6,1251.0,84.7,58.8,Mixed
62,575,Ayrshire,17.3,Healthy,None,3.3,Kurunegala,16.11,184.3,1458.0,77.3,53.6,Mixed
48,461,Jersey,23.5,Mild,Foot Rot,2.3,Monaragala,13.88,149.9,1269.0,80.8,46.0,Concentrate
39,545,Local,18.3,Mild,Foot Rot,3.6,Puttalam,15.46,176.7,1507.0,71.2,47.8,Mixed
95,564,Local,7.1,Healthy,None,3.5,Monaragala,14.81,170.6,1264.0,85.1,54.7,Grass
85,344,Jersey,13.7,Healthy,None,2.9,Monaragala,9.97,108.2,857.0,47.3,33.4,Grass
85,313,Friesian,7.9,Healthy,None,2.6,Puttalam,8.62,98.7,899.0,49.9,30.7,Grass
81,377,Jersey,22.2,Healthy,None,3.0,Anuradhapura,11.65,133.9,1113.0,53.9,37.0,Concentrate
104,283,Jersey,15.9,Mild,Foot Rot,2.6,Badulla,8.67,98.7,863.0,48.1,32.1,Mixed
111,407,Local,8.1,Healthy,None,3.5,Badulla,10.99,115.7,1127.0,66.1,32.8,Grass
110,520,Local,5.3,Healthy,None,2.8,Monaragala,13.53,147.5,1361.0,63.1,54.4,Grass
67,399,Local,12.2,Healthy,None,3.1,Anuradhapura,11.2,131.4,1036.0,56.9,45.1,Grass
69,367,Ayrshire,11.1,Healthy,None,3.2,Kurunegala,10.29,117.2,935.0,66.0,41.9,Grass
103,293,Local,15.5,Healthy,None,3.4,Monaragala,8.88,98.0,804.0,45.1,32.0,Mixed
85,508,Friesian,7.1,Mild,Foot Rot,2.9,Monaragala,13.41,142.7,1205.0,79.0,47.3,Grass
53,419,Jersey,18.0,Healthy,None,3.4,Badulla,12.28,142.2,1059.0,72.2,35.0,Mixed
99,279,Ayrshire,5.1,Healthy,None,3.2,Monaragala,7.49,87.6,668.0,45.2,24.7,Grass
85,381,Ayrshire,2.1,Mild,Mastitis,3.0,Kurunegala,9.74,107.3,871.0,46.6,28.7,Grass
109,557,Local,21.5,Healthy,None,2.5,Anuradhapura,16.07,183.8,1619.0,89.8,58.6,Mixed
48,553,Friesian,7.8,Healthy,None,3.4,Anuradhapura,14.61,157.2,1305.0,77.6,47.5,Grass
23,458,Friesian,4.3,Mild,Mastitis,2.7,Polonnaruwa,11.88,138.9,1155.0,65.5,45.9,Grass
67,298,Local,15.0,Severe,Lumpy Skin Disease,2.7,Anuradhapura,8.95,103.0,890.0,49.7,25.2,Grass
44,263,Friesian,10.8,Healthy,None,3.4,Matale,7.66,83.8,715.0,42.9,30.4,Grass
19,375,Local,14.1,Healthy,None,3.1,Matale,10.79,122.2,1024.0,64.3,42.6,Grass
33,462,Friesian,10.3,Mild,Foot Rot,3.2,Kurunegala,12.58,135.6,1162.0,76.5,37.6,Grass
27,409,Friesian,11.4,Mild,Foot Rot,3.2,Anuradhapura,11.37,128.8,1097.0,53.6,36.5,Grass
68,521,Local,9.5,Healthy,None,2.9,Monaragala,13.97,147.2,1226.0,90.7,42.9,Grass
110,330,Jersey,7.1,Healthy,None,3.0,Puttalam,8.96,100.0,775.0,48.4,29.3,Grass
27,297,Ayrshire,7.9,Severe,Foot Rot,2.4,Badulla,8.21,94.2,818.0,39.1,29.1,Grass
23,437,Friesian,13.3,Mild,Lumpy Skin Disease,3.1,Badulla,12.26,132.5,1272.0,65.7,50.9,Grass
23,515,Friesian,15.9,Healthy,None,2.8,Anuradhapura,14.46,154.3,1455.0,65.6,41.3,Mixed
25,516,Jersey,14.0,Healthy,None,3.3,Puttalam,14.3,157.5,1389.0,87.7,55.3,Grass
37,600,Local,14.2,Healthy,None,2.6,Polonnaruwa,16.42,192.5,1466.0,105.2,63.6,Grass
61,432,Friesian,12.7,Mild,Foot Rot,3.2,Puttalam,12.07,135.4,1131.0,56.9,44.4,Grass
72,537,Jersey,12.0,Healthy,None,2.0,Kurunegala,14.62,172.2,1486.0,74.3,60.6,Grass
48,405,Friesian,12.8,Mild,Lumpy Skin Disease,4.1,Matale,11.41,131.4,1048.0,56.8,45.7,Grass
112,520,Jersey,10.2,Healthy,None,2.6,Kurunegala,14.02,151.1,1373.0,80.3,41.7,Grass
103,439,Local,13.9,Mild,Mastitis,3.2,Badulla,12.37,139.6,1063.0,64.8,44.4,Grass
26,398,Ayrshire,18.0,Healthy,None,2.4,Monaragala,11.75,137.7,1167.0,63.5,37.1,Mixed
39,456,Local,15.7,Mild,Foot Rot,3.3,Badulla,12.97,149.8,1328.0,75.4,51.4,Mixed
95,557,Local,11.3,Healthy,None,3.2,Badulla,15.06,168.4,1324.0,91.4,54.4,Grass
90,377,Jersey,17.1,Healthy,None,3.4,Matale,11.14,118.5,952.0,61.3,36.0,Mixed
119,349,Jersey,6.3,Mild,Mastitis,3.4,Anuradhapura,9.36,100.5,942.0,57.5,30.1,Grass
117,470,Local,11.7,Healthy,None,3.0,Matale,12.92,151.8,1112.0,74.2,36.6,Grass
78,329,Local,12.4,Healthy,None,2.9,Anuradhapura,9.46,105.0,883.0,59.4,35.0,Grass
113,360,Ayrshire,18.0,Healthy,None,3.0,Badulla,10.8,127.4,967.0,61.7,35.2,Mixed
95,435,Jersey,6.4,Mild,Foot Rot,2.8,Polonnaruwa,11.52,123.0,1186.0,69.3,45.7,Grass
18,426,Local,12.9,Mild,Mastitis,3.6,Kurunegala,11.94,140.6,1230.0,67.3,40.7,Grass
88,325,Local,15.0,Healthy,None,2.6,Monaragala,9.62,105.5,948.0,51.6,30.5,Grass
88,445,Local,24.4,Healthy,None,3.1,Monaragala,13.56,153.5,1403.0,66.9,48.6,Concentrate
72,300,Jersey,18.4,Mild,Foot Rot,2.9,Monaragala,9.34,101.9,857.0,59.3,27.7,Mixed
42,386,Local,14.7,Healthy,None,3.4,Badulla,11.12,120.2,1122.0,57.0,39.1,Grass
23,265,Jersey,18.1,Healthy,None,3.5,Puttalam,8.44,91.1,718.0,52.4,28.8,Mixed
67,282,Friesian,16.4,Healthy,None,2.8,Anuradhapura,8.69,102.3,806.0,42.6,25.3,Mixed
96,421,Friesian,9.1,Healthy,None,3.2,Polonnaruwa,11.44,121.1,1093.0,65.5,36.5,Grass
98,560,Friesian,16.7,Mild,Lumpy Skin Disease,2.9,Anuradhapura,15.67,165.6,1460.0,76.1,57.7,Mixed
92,476,Local,17.3,Healthy,None,3.7,Puttalam,13.63,144.0,1259.0,78.7,43.3,Mixed
74,476,Ayrshire,7.4,Healthy,None,2.6,Monaragala,12.64,133.7,1313.0,79.3,48.2,Grass
70,593,Jersey,11.3,Healthy,None,3.2,Badulla,15.96,174.7,1534.0,74.8,64.2,Grass
98,492,Local,9.4,Severe,Mastitis,3.7,Kurunegala,13.24,148.8,1372.0,61.3,51.5,Grass
68,518,Ayrshire,14.1,Healthy,None,3.0,Polonnaruwa,14.36,154.4,1279.0,71.3,59.1,Grass
63,337,Jersey,4.8,Healthy,None,2.3,Kurunegala,8.91,104.7,777.0,49.8,25.9,Grass
44,334,Friesian,13.4,Healthy,None,1.9,Monaragala,9.69,103.8,897.0,47.8,32.9,Grass
83,592,Ayrshire,17.1,Healthy,None,2.9,Anuradhapura,16.51,184.0,1593.0,85.7,49.0,Mixed
75,288,Ayrshire,28.2,Healthy,None,4.2,Kurunegala,10.02,112.9,997.0,48.5,36.2,Concentrate
36,452,Ayrshire,11.1,Healthy,None,2.9,Anuradhapura,12.41,146.0,1078.0,62.7,52.0,Grass
75,354,Ayrshire,17.0,Mild,Lumpy Skin Disease,3.9,Monaragala,10.55,117.2,920.0,50.5,36.4,Mixed
81,591,Jersey,3.8,Severe,Mastitis,2.1,Monaragala,15.16,159.5,1338.0,71.0,52.9,Grass
93,524,Jersey,8.9,Healthy,None,3.3,Matale,13.99,150.4,1334.0,90.2,42.5,Grass
61,501,Local,14.5,Healthy,None,3.5,Kurunegala,13.98,154.5,1419.0,87.4,49.7,Grass
83,340,Ayrshire,6.0,Healthy,None,1.8,Puttalam,9.1,99.6,878.0,49.1,34.9,Grass
118,551,Local,16.3,Healthy,None,2.6,Monaragala,15.41,180.4,1347.0,84.1,44.5,Mixed
81,370,Local,1.9,Healthy,None,3.1,Puttalam,9.44,109.0,965.0,42.8,36.5,Grass
87,323,Friesian,16.0,Mild,Mastitis,2.9,Puttalam,9.68,103.9,945.0,49.9,29.3,Mixed
104,587,Ayrshire,9.7,Healthy,None,2.9,Puttalam,15.65,171.1,1640.0,99.8,58.9,Grass
90,326,Friesian,10.1,Healthy,None,2.3,Matale,9.16,105.4,811.0,59.2,27.4,Grass
68,483,Friesian,8.4,Healthy,None,3.3,Matale,12.92,144.6,1274.0,64.2,47.5,Grass
54,529,Friesian,13.6,Severe,Mastitis,3.1,Matale,14.59,170.1,1251.0,75.3,41.5,Grass
106,367,Local,7.0,Severe,Foot Rot,2.9,Polonnaruwa,9.88,112.9,889.0,63.6,36.6,Grass
95,422,Friesian,1.1,Healthy,None,3.1,Monaragala,10.66,115.9,1002.0,59.6,36.7,Grass
114,268,Local,19.1,Healthy,None,2.3,Puttalam,8.61,100.7,772.0,48.1,29.5,Mixed
43,526,Jersey,9.1,Healthy,None,3.2,Kurunegala,14.06,158.9,1272.0,85.2,58.3,Grass
110,571,Local,18.3,Healthy,None,2.8,Puttalam,16.11,180.3,1493.0,77.3,59.2,Mixed
82,504,Jersey,8.5,Mild,Mastitis,2.0,Monaragala,13.45,146.8,1298.0,73.8,51.8,Grass
100,522,Ayrshire,12.5,Mild,Mastitis,4.0,Kurunegala,14.3,157.6,1269.0,82.2,44.8,Grass
107,387,Friesian,13.4,Mild,Lumpy Skin Disease,3.0,Puttalam,11.02,126.5,1023.0,65.6,36.0,Grass
90,269,Friesian,13.6,Mild,Mastitis,3.0,Polonnaruwa,8.09,87.9,775.0,49.0,26.5,Grass
52,378,Jersey,7.9,Severe,Lumpy Skin Disease,3.4,Matale,10.24,113.7,951.0,49.0,40.5,Grass
55,345,Jersey,13.1,Healthy,None,3.0,Puttalam,9.94,106.1,951.0,56.2,31.6,Grass
46,349,Friesian,7.1,Healthy,None,3.7,Matale,9.43,101.0,817.0,55.3,30.7,Grass
115,422,Local,15.3,Healthy,None,2.7,Matale,12.08,141.7,1121.0,77.8,36.7,Mixed
46,363,Ayrshire,17.0,Healthy,None,2.8,Matale,10.78,124.1,996.0,53.3,45.1,Mixed
31,536,Local,8.1,Healthy,None,2.6,Monaragala,14.21,149.7,1391.0,78.7,58.8,Grass
89,416,Friesian,3.1,Healthy,None,3.2,Kurunegala,10.71,123.0,1076.0,54.3,33.9,Grass
42,406,Friesian,2.8,Mild,Foot Rot,2.4,Matale,10.43,120.7,902.0,64.3,42.5,Grass
79,334,Friesian,1.6,Healthy,None,3.0,Kurunegala,8.51,98.6,780.0,42.3,33.3,Grass
64,357,Local,11.2,Healthy,None,2.8,Kurunegala,10.04,109.7,944.0,51.7,32.7,Grass
45,338,Ayrshire,6.8,Healthy,None,2.4,Kurunegala,9.13,98.4,853.0,54.4,37.7,Grass
48,468,Local,14.3,Mild,Mastitis,2.7,Monaragala,13.13,138.1,1279.0,84.1,39.5,Grass
100,305,Ayrshire,13.6,Severe,Mastitis,2.6,Kurunegala,8.98,94.7,827.0,48.6,32.9,Grass
107,552,Local,12.9,Healthy,None,3.7,Polonnaruwa,15.09,170.3,1535.0,90.8,42.4,Grass
34,370,Ayrshire,14.9,Healthy,None,2.8,Monaragala,10.74,125.2,1114.0,60.3,43.8,Grass
72,463,Friesian,13.3,Severe,Foot Rot,2.9,Polonnaruwa,12.91,144.1,1302.0,69.7,44.1,Grass
39,320,Local,12.0,Mild,Foot Rot,2.8,Polonnaruwa,9.2,100.6,918.0,53.7,32.7,Grass
111,551,Local,11.2,Severe,Lumpy Skin Disease,3.1,Polonnaruwa,14.89,171.6,1516.0,75.6,52.2,Grass
96,310,Friesian,7.0,Mild,Lumpy Skin Disease,2.5,Kurunegala,8.45,99.5,723.0,53.8,23.7,Grass
23,329,Ayrshire,5.1,Healthy,None,2.2,Anuradhapura,8.73,94.3,855.0,43.3,36.2,Grass
100,309,Ayrshire,5.9,Mild,Mastitis,3.1,Badulla,8.32,89.6,761.0,45.4,29.4,Grass
99,467,Jersey,7.5,Mild,Lumpy Skin Disease,3.3,Matale,12.43,135.4,1268.0,69.0,41.5,Grass
97,501,Jersey,12.2,Healthy,None,2.0,Badulla,13.75,159.6,1441.0,68.0,47.1,Grass
118,475,Ayrshire,15.3,Healthy,None,3.4,Badulla,13.41,143.4,1142.0,70.2,47.2,Mixed
108,335,Ayrshire,7.0,Healthy,None,3.2,Badulla,9.07,106.4,784.0,44.8,35.7,Grass
87,304,Jersey,7.7,Healthy,None,3.0,Kurunegala,8.37,88.6,745.0,40.1,33.3,Grass
98,406,Friesian,5.7,Healthy,None,2.1,Puttalam,10.72,122.8,1101.0,59.4,36.2,Grass
38,354,Local,10.1,Healthy,None,2.9,Badulla,9.86,110.4,989.0,52.3,37.4,Grass
76,340,Jersey,10.0,Mild,Lumpy Skin Disease,2.4,Polonnaruwa,9.5,105.5,857.0,61.2,34.1,Grass
79,319,Local,10.0,Healthy,None,3.1,Monaragala,8.98,101.0,769.0,43.0,26.3,Grass
117,592,Local,11.8,Healthy,None,3.1,Monaragala,15.98,181.5,1435.0,75.2,45.9,Grass
41,475,Friesian,8.6,Healthy,None,3.6,Badulla,12.73,136.6,1198.0,62.8,43.5,Grass
111,361,Jersey,6.1,Severe,Mastitis,3.2,Matale,9.63,105.2,852.0,54.4,34.6,Grass
45,460,Jersey,17.9,Severe,Foot Rot,3.2,Polonnaruwa,13.29,146.9,1217.0,82.5,38.6,Mixed
48,533,Jersey,11.0,Healthy,None,2.7,Matale,14.43,154.6,1415.0,85.2,45.3,Grass
87,354,Ayrshire,17.2,Healthy,None,2.3,Badulla,10.57,115.2,987.0,57.9,39.1,Mixed
113,502,Jersey,7.1,Healthy,None,2.8,Monaragala,13.26,146.0,1193.0,60.2,43.3,Grass
50,545,Local,18.2,Healthy,None,3.2,Monaragala,15.45,176.8,1369.0,83.3,61.1,Mixed
92,474,Friesian,7.2,Healthy,None,2.8,Matale,12.57,134.8,1086.0,58.0,39.5,Grass
77,519,Local,8.9,Mild,Mastitis,2.6,Matale,13.87,154.5,1427.0,71.5,50.1,Grass
84,374,Jersey,16.9,Healthy,None,2.3,Puttalam,11.04,127.6,1105.0,51.9,43.2,Mixed
111,277,Jersey,20.0,Healthy,None,3.4,Badulla,8.93,104.0,806.0,50.1,32.6,Mixed
77,515,Local,17.5,Healthy,None,2.8,Matale,14.62,157.5,1459.0,86.4,48.6,Mixed
63,344,Jersey,11.3,Healthy,None,2.3,Monaragala,9.73,107.2,839.0,60.1,37.5,Grass
116,270,Jersey,9.4,Healthy,None,3.2,Matale,7.69,90.5,690.0,40.6,22.4,Grass
119,543,Ayrshire,18.5,Healthy,None,2.4,Badulla,15.43,163.3,1569.0,74.5,47.7,Mixed
91,297,Friesian,10.2,Mild,Foot Rot,2.9,Polonnaruwa,8.45,95.1,850.0,50.4,30.6,Grass
102,262,Friesian,5.0,Healthy,None,3.3,Matale,7.05,78.4,691.0,42.1,21.6,Grass
43,252,Local,8.4,Severe,Mastitis,2.9,Anuradhapura,7.14,76.9,692.0,33.5,29.7,Grass
68,274,Jersey,9.7,Mild,Mastitis,2.6,Puttalam,7.82,84.2,683.0,45.9,29.6,Grass
70,488,Jersey,12.0,Healthy,None,2.9,Puttalam,13.4,151.3,1339.0,62.7,39.6,Grass
31,316,Jersey,10.1,Healthy,None,2.6,Badulla,8.91,100.7,763.0,42.5,29.2,Grass
85,474,Jersey,13.6,Healthy,None,3.8,Puttalam,13.21,149.4,1316.0,60.4,47.6,Grass
66,422,Jersey,12.7,Healthy,None,3.5,Monaragala,11.82,134.3,1112.0,73.9,46.5,Grass
84,303,Jersey,5.0,Mild,Lumpy Skin Disease,3.1,Puttalam,8.07,86.6,700.0,36.7,28.9,Grass
98,518,Jersey,6.5,Severe,Mastitis,2.3,Puttalam,13.6,153.0,1245.0,64.9,49.4,Grass
34,258,Jersey,8.3,Mild,Lumpy Skin Disease,3.6,Monaragala,7.28,85.9,670.0,38.3,28.4,Grass
112,585,Friesian,16.8,Mild,Mastitis,3.1,Matale,16.3,186.3,1571.0,84.6,63.4,Mixed
81,258,Friesian,4.3,Healthy,None,2.9,Matale,6.88,76.3,604.0,33.6,28.3,Grass
59,526,Ayrshire,13.5,Healthy,None,3.1,Kurunegala,14.5,166.6,1270.0,89.8,45.9,Grass
113,329,Friesian,2.8,Healthy,None,2.6,Puttalam,8.5,94.6,732.0,40.3,31.1,Grass
47,535,Local,11.7,Healthy,None,3.3,Kurunegala,14.54,155.8,1416.0,78.3,55.4,Grass
73,468,Friesian,1.0,Healthy,None,2.9,Kurunegala,11.8,125.9,1206.0,65.6,48.7,Grass
61,413,Ayrshire,12.7,Severe,Mastitis,3.4,Badulla,11.6,134.3,1145.0,67.1,36.1,Grass
54,266,Jersey,15.5,Healthy,None,3.3,Matale,8.2,86.3,757.0,51.7,33.9,Mixed
116,577,Local,8.0,Healthy,None,2.0,Badulla,15.23,177.6,1388.0,70.5,52.1,Grass
117,428,Ayrshire,10.0,Healthy,None,3.5,Anuradhapura,11.7,135.7,1216.0,58.5,46.5,Grass
50,486,Local,19.0,Healthy,None,3.4,Kurunegala,14.05,148.3,1211.0,66.6,54.8,Mixed
22,356,Friesian,14.1,Mild,Foot Rot,3.2,Monaragala,10.31,118.9,991.0,48.5,34.6,Grass
29,500,Jersey,9.2,Healthy,None,2.9,Polonnaruwa,13.42,141.7,1144.0,63.0,51.2,Grass
75,304,Jersey,20.3,Healthy,None,2.5,Kurunegala,9.63,112.0,839.0,49.9,27.8,Mixed
43,510,Friesian,20.1,Healthy,None,2.8,Kurunegala,14.76,156.9,1271.0,87.5,48.2,Mixed
54,434,Ayrshire,18.6,Healthy,None,2.3,Kurunegala,12.71,136.8,1182.0,60.1,39.1,Mixed
90,472,Jersey,14.9,Healthy,None,2.6,Matale,13.29,154.4,1309.0,71.7,50.3,Grass
50,504,Friesian,4.9,Healthy,None,3.1,Monaragala,13.09,147.0,1200.0,85.1,51.4,Grass
43,560,Local,17.0,Healthy,None,2.6,Puttalam,15.7,181.4,1629.0,99.6,62.4,Mixed
73,326,Friesian,4.5,Healthy,None,3.0,Kurunegala,8.6,91.0,772.0,41.1,34.4,Grass
22,279,Ayrshire,11.6,Healthy,None,3.3,Monaragala,8.13,89.9,742.0,42.0,29.5,Grass
26,309,Friesian,16.7,Healthy,None,3.0,Badulla,9.39,104.5,886.0,59.4,26.8,Mixed
101,384,Jersey,21.3,Healthy,None,3.1,Monaragala,11.73,137.5,1013.0,69.6,45.3,Mixed
108,573,Ayrshire,10.3,Healthy,None,2.2,Anuradhapura,15.36,167.6,1511.0,90.9,49.8,Grass
23,380,Friesian,10.7,Mild,Lumpy Skin Disease,2.8,Monaragala,10.57,119.9,1025.0,58.1,43.1,Grass
95,520,Local,16.8,Healthy,None,3.2,Monaragala,14.68,166.5,1306.0,83.4,55.2,Mixed
71,445,Ayrshire,6.1,Healthy,None,3.1,Kurunegala,11.73,137.0,1221.0,56.3,40.8,Grass
80,495,Ayrshire,15.4,Healthy,None,3.8,Badulla,13.91,161.1,1394.0,74.7,43.1,Mixed
83,592,Ayrshire,16.4,Healthy,None,3.4,Badulla,16.44,192.1,1725.0,88.6,46.4,Mixed
51,334,Local,12.3,Mild,Foot Rot,3.2,Matale,9.58,102.3,855.0,44.1,33.0,Grass
39,304,Friesian,18.2,Healthy,None,2.3,Badulla,9.42,109.2,925.0,54.8,34.7,Mixed
98,382,Friesian,10.3,Mild,Foot Rot,2.6,Monaragala,10.58,124.1,1068.0,52.6,39.8,Grass
96,542,Local,13.9,Severe,Mastitis,3.6,Matale,14.94,158.5,1403.0,67.9,59.3,Grass
98,550,Ayrshire,9.0,Severe,Foot Rot,1.8,Puttalam,14.65,154.4,1486.0,68.0,52.2,Grass
51,405,Jersey,9.9,Healthy,None,3.5,Badulla,11.12,118.5,1156.0,69.7,39.3,Grass
47,542,Local,14.7,Severe,Lumpy Skin Disease,3.2,Polonnaruwa,15.02,166.3,1280.0,72.8,59.1,Grass
87,273,Local,10.6,Healthy,None,2.4,Puttalam,7.88,87.6,685.0,48.7,31.4,Grass
90,293,Ayrshire,14.6,Healthy,None,2.6,Puttalam,8.79,93.3,861.0,41.0,26.6,Grass
104,552,Ayrshire,22.9,Mild,Foot Rot,3.3,Monaragala,16.09,183.0,1548.0,88.6,55.5,Concentrate
68,546,Local,9.1,Mild,Mastitis,2.7,Monaragala,14.56,157.9,1409.0,72.2,43.2,Grass
29,547,Local,11.5,Healthy,None,2.9,Puttalam,14.83,164.0,1407.0,83.1,46.7,Grass
54,595,Jersey,17.6,Healthy,None,3.1,Monaragala,16.64,182.9,1450.0,105.9,60.1,Mixed
102,593,Local,8.3,Healthy,None,3.9,Polonnaruwa,15.66,177.5,1608.0,99.5,59.2,Grass
96,442,Local,12.2,Healthy,None,3.4,Matale,12.27,140.3,1273.0,65.8,38.9,Grass
57,327,Friesian,9.0,Healthy,None,3.2,Polonnaruwa,9.08,97.1,833.0,47.9,27.5,Grass
92,374,Local,13.6,Healthy,None,2.1,Monaragala,10.71,120.1,910.0,68.9,44.4,Grass
46,386,Local,22.1,Healthy,None,3.6,Polonnaruwa,11.86,132.3,1154.0,74.3,35.5,Concentrate
68,495,Jersey,10.0,Severe,Foot Rot,2.4,Kurunegala,13.38,148.2,1291.0,71.6,49.1,Grass
29,403,Friesian,13.7,Healthy,None,3.0,Polonnaruwa,11.45,132.6,1108.0,68.9,43.7,Grass
102,557,Jersey,13.8,Severe,Mastitis,3.1,Kurunegala,15.31,175.0,1334.0,75.4,58.3,Grass
61,345,Jersey,14.5,Healthy,None,3.7,Monaragala,10.07,109.1,968.0,47.2,32.9,Grass
107,261,Jersey,14.8,Healthy,None,2.5,Matale,8.01,94.1,801.0,44.0,25.4,Grass
30,469,Ayrshire,18.8,Mild,Mastitis,3.8,Monaragala,13.61,155.2,1231.0,82.7,46.0,Mixed
26,490,Local,27.8,Mild,Foot Rot,2.4,Matale,15.03,159.1,1433.0,88.7,54.6,Concentrate
114,529,Friesian,13.2,Healthy,None,2.0,Matale,14.55,170.9,1449.0,90.7,50.1,Grass
36,299,Ayrshire,14.8,Healthy,None,2.7,Monaragala,8.96,97.2,854.0,58.2,35.0,Grass
59,568,Jersey,21.6,Severe,Foot Rot,2.6,Matale,16.36,179.8,1477.0,87.4,61.0,Mixed
49,547,Local,3.6,Mild,Foot Rot,2.8,Monaragala,14.04,155.5,1455.0,73.9,45.5,Grass
29,417,Ayrshire,2.1,Healthy,None,3.4,Anuradhapura,10.64,125.3,1075.0,48.9,31.6,Grass
110,556,Jersey,1.7,Healthy,None,3.0,Puttalam,14.07,160.3,1330.0,73.5,53.1,Grass
106,272,Ayrshire,1.6,Healthy,None,2.8,Matale,6.96,77.4,650.0,41.5,21.7,Grass
86,534,Local,20.2,Healthy,None,3.2,Matale,15.37,167.7,1433.0,91.0,45.7,Mixed
92,383,Ayrshire,7.7,Healthy,None,3.0,Badulla,10.35,109.4,980.0,47.6,37.6,Grass
91,404,Jersey,12.1,Healthy,None,3.2,Puttalam,11.31,133.0,1018.0,52.0,46.2,Grass
105,390,Local,5.2,Healthy,None,3.3,Monaragala,10.27,113.3,940.0,55.2,31.1,Grass
119,409,Ayrshire,0.0,Healthy,None,2.7,Matale,10.23,112.3,1024.0,53.0,41.4,Grass
75,407,Ayrshire,9.6,Severe,Mastitis,3.3,Monaragala,11.14,128.3,1126.0,50.8,33.2,Grass
118,439,Ayrshire,12.1,Mild,Lumpy Skin Disease,2.3,Badulla,12.19,140.4,1244.0,59.3,41.3,Grass
55,277,Friesian,7.1,Healthy,None,3.1,Badulla,7.64,83.5,742.0,37.9,22.0,Grass
104,467,Jersey,11.6,Mild,Mastitis,2.7,Puttalam,12.84,137.7,1167.0,82.5,50.3,Grass
79,586,Local,9.6,Healthy,None,3.3,Kurunegala,15.61,166.6,1426.0,72.3,44.3,Grass
40,393,Friesian,9.4,Healthy,None,3.0,Monaragala,10.77,125.8,1099.0,66.0,33.9,Grass
84,577,Local,22.8,Severe,Mastitis,2.3,Matale,16.71,192.0,1748.0,75.7,57.9,Concentrate
68,496,Local,2.7,Severe,Mastitis,3.4,Polonnaruwa,12.67,136.3,1097.0,71.7,51.1,Grass
74,256,Ayrshire,8.6,Healthy,None,2.8,Monaragala,7.26,85.6,676.0,36.5,22.0,Grass
72,288,Jersey,8.1,Mild,Mastitis,2.9,Puttalam,8.01,84.7,766.0,39.7,30.9,Grass
61,366,Local,20.0,Healthy,None,3.4,Matale,11.15,125.6,1034.0,67.0,32.0,Mixed
62,575,Jersey,16.3,Healthy,None,2.3,Matale,16.0,173.5,1524.0,81.9,47.6,Mixed
106,369,Ayrshire,6.2,Mild,Lumpy Skin Disease,1.6,Puttalam,9.84,113.5,1029.0,49.6,28.0,Grass
50,406,Ayrshire,8.0,Healthy,None,3.5,Kurunegala,10.95,121.6,1093.0,68.3,43.6,Grass
32,321,Jersey,14.6,Healthy,None,2.9,Badulla,9.48,108.3,891.0,57.3,34.7,Grass
111,501,Friesian,11.9,Healthy,None,2.7,Badulla,13.71,160.0,1275.0,67.4,51.1,Grass
100,597,Jersey,13.0,Healthy,None,3.4,Anuradhapura,16.23,171.1,1661.0,91.1,54.1,Grass
27,493,Ayrshire,3.9,Mild,Foot Rot,3.1,Anuradhapura,12.72,142.5,1285.0,59.0,49.6,Grass
23,380,Ayrshire,16.7,Mild,Mastitis,2.8,Badulla,11.17,117.8,1085.0,68.0,34.9,Mixed
87,507,Jersey,15.5,Healthy,None,4.4,Kurunegala,14.23,165.9,1304.0,70.6,45.9,Mixed
107,574,Friesian,11.5,Healthy,None,3.2,Kurunegala,15.5,177.2,1440.0,84.4,49.6,Grass
72,426,Jersey,8.3,Healthy,None,3.1,Kurunegala,11.48,124.3,1130.0,59.9,36.4,Grass
86,357,Ayrshire,14.3,Mild,Lumpy Skin Disease,3.1,Kurunegala,10.36,116.9,926.0,61.2,37.0,Grass
100,583,Ayrshire,6.9,Healthy,None,3.1,Badulla,15.27,172.2,1343.0,82.7,53.5,Grass
50,525,Local,19.3,Mild,Foot Rot,3.2,Monaragala,15.05,169.4,1577.0,83.6,58.5,Mixed
106,556,Friesian,16.8,Healthy,None,2.9,Kurunegala,15.58,183.5,1474.0,92.0,61.9,Mixed
53,480,Jersey,15.7,Healthy,None,3.1,Matale,13.57,146.6,1373.0,84.5,56.7,Mixed
113,445,Ayrshire,7.2,Healthy,None,3.2,Puttalam,11.85,126.5,1056.0,66.5,36.9,Grass
38,516,Jersey,7.0,Healthy,None,2.7,Matale,13.6,156.8,1197.0,64.3,50.4,Grass
81,265,Local,12.9,Severe,Mastitis,3.1,Matale,7.92,92.9,763.0,51.2,27.9,Grass
24,545,Jersey,6.1,Healthy,None,3.5,Kurunegala,14.23,151.7,1442.0,64.5,44.4,Grass
20,282,Local,14.9,Healthy,None,2.6,Matale,8.54,93.9,734.0,38.9,34.0,Grass
103,535,Local,4.3,Mild,Mastitis,2.9,Monaragala,13.8,145.1,1196.0,70.3,45.8,Grass
29,397,Friesian,9.8,Severe,Mastitis,3.1,Kurunegala,10.91,127.3,990.0,56.1,34.3,Grass
93,511,Friesian,10.2,Mild,Lumpy Skin Disease,2.0,Anuradhapura,13.79,152.3,1379.0,85.7,51.0,Grass
58,408,Local,10.1,Mild,Foot Rot,2.8,Badulla,11.21,122.3,1104.0,52.6,31.4,Grass
116,258,Local,15.2,Mild,Lumpy Skin Disease,2.7,Polonnaruwa,7.97,93.2,678.0,48.9,25.4,Mixed
113,551,Local,20.4,Healthy,None,2.0,Badulla,15.82,167.6,1351.0,93.0,54.0,Mixed
67,466,Ayrshire,18.6,Healthy,None,2.9,Kurunegala,13.51,142.1,1323.0,85.5,43.5,Mixed
108,296,Jersey,16.3,Severe,Mastitis,3.0,Matale,9.03,104.3,865.0,42.5,33.0,Mixed
52,566,Local,17.7,Healthy,None,2.8,Puttalam,15.92,179.9,1470.0,89.5,48.9,Mixed
88,353,Ayrshire,6.5,Healthy,None,3.7,Puttalam,9.48,104.2,943.0,53.4,31.9,Grass
95,485,Friesian,11.4,Healthy,None,3.1,Kurunegala,13.27,148.6,1276.0,73.5,49.0,Grass
78,520,Local,18.2,Mild,Mastitis,2.5,Puttalam,14.82,162.6,1370.0,84.2,45.2,Mixed
27,541,Local,15.0,Mild,Mastitis,2.7,Puttalam,15.03,171.4,1349.0,68.3,43.9,Grass
107,433,Local,11.3,Mild,Foot Rot,3.0,Polonnaruwa,11.96,133.7,1150.0,74.7,39.9,Grass
28,533,Friesian,4.5,Mild,Foot Rot,2.6,Polonnaruwa,13.78,151.3,1210.0,64.0,47.5,Grass
83,410,Friesian,18.8,Healthy,None,3.4,Polonnaruwa,12.13,134.6,1202.0,70.9,36.3,Mixed
67,558,Jersey,11.7,Mild,Mastitis,3.1,Kurunegala,15.12,169.4,1526.0,87.5,45.4,Grass
95,553,Local,10.5,Severe,Lumpy Skin Disease,3.7,Matale,14.88,161.4,1313.0,84.9,51.6,Grass
93,288,Local,11.0,Healthy,None,3.1,Polonnaruwa,8.3,94.8,871.0,52.0,31.6,Grass
52,317,Friesian,17.7,Mild,Lumpy Skin Disease,2.6,Puttalam,9.7,110.4,897.0,59.8,27.8,Mixed
117,508,Jersey,19.8,Healthy,None,2.2,Kurunegala,14.68,165.2,1285.0,91.6,51.3,Mixed
108,544,Friesian,20.1,Severe,Mastitis,2.8,Puttalam,15.61,165.2,1452.0,99.1,63.3,Mixed
53,277,Local,10.8,Healthy,None,2.1,Matale,8.01,92.7,725.0,49.9,33.6,Grass
38,536,Ayrshire,9.7,Mild,Lumpy Skin Disease,2.5,Monaragala,14.37,151.0,1247.0,79.6,59.3,Grass
84,343,Jersey,9.0,Mild,Foot Rot,2.9,Matale,9.48,105.1,823.0,61.5,27.5,Grass
119,441,Friesian,16.8,Healthy,None,3.1,Kurunegala,12.71,134.4,1170.0,71.5,48.0,Mixed
29,309,Ayrshire,13.5,Severe,Foot Rot,2.5,Badulla,9.08,97.4,856.0,55.5,37.9,Grass
29,411,Jersey,7.6,Healthy,None,3.9,Monaragala,11.04,126.6,948.0,57.7,45.5,Grass
119,475,Friesian,8.3,Mild,Mastitis,3.8,Polonnaruwa,12.71,136.8,1089.0,59.0,43.2,Grass
105,257,Friesian,10.8,Severe,Lumpy Skin Disease,3.0,Matale,7.51,87.7,763.0,43.6,30.3,Grass
118,409,Ayrshire,17.4,Mild,Mastitis,3.6,Matale,11.97,138.3,1051.0,67.5,41.4,Mixed
89,543,Jersey,11.4,Mild,Lumpy Skin Disease,2.8,Kurunegala,14.72,161.2,1426.0,74.5,50.9,Grass
70,295,Jersey,11.7,Severe,Mastitis,3.2,Badulla,8.54,98.6,864.0,39.8,34.7,Grass
117,286,Friesian,16.5,Healthy,None,3.0,Anuradhapura,8.8,92.9,810.0,49.5,32.2,Mixed
105,343,Friesian,15.1,Healthy,None,3.8,Puttalam,10.09,109.8,1054.0,61.2,38.5,Mixed
50,518,Jersey,13.9,Healthy,None,3.2,Matale,14.34,167.7,1340.0,66.3,57.5,Grass
73,269,Local,4.4,Healthy,None,1.7,Polonnaruwa,7.17,80.8,641.0,42.6,22.6,Grass
87,507,Jersey,13.9,Healthy,None,3.0,Monaragala,14.07,165.4,1285.0,69.7,57.5,Grass
98,402,Local,9.4,Severe,Foot Rot,3.1,Polonnaruwa,10.99,116.1,1008.0,59.2,37.6,Grass
108,275,Local,11.7,Healthy,None,3.6,Anuradhapura,8.04,90.9,740.0,42.0,27.0,Grass
90,343,Friesian,12.4,Healthy,None,2.6,Puttalam,9.82,110.0,900.0,59.2,29.0,Grass
98,408,Friesian,17.0,Mild,Foot Rot,2.9,Puttalam,11.9,126.5,1067.0,76.2,49.9,Mixed
117,509,Local,14.6,Healthy,None,2.8,Puttalam,14.19,167.2,1212.0,73.2,45.6,Grass
105,449,Friesian,8.8,Mild,Mastitis,3.0,Anuradhapura,12.11,129.8,1035.0,71.9,40.2,Grass
58,387,Friesian,12.1,Mild,Mastitis,3.2,Monaragala,10.89,127.0,1071.0,53.0,44.2,Grass
119,539,Ayrshire,10.7,Mild,Mastitis,2.1,Kurunegala,14.55,153.0,1487.0,87.6,55.0,Grass
28,413,Friesian,9.8,Healthy,None,3.4,Monaragala,11.31,131.4,1172.0,71.4,37.2,Grass
101,551,Ayrshire,10.5,Healthy,None,2.9,Monaragala,14.83,172.9,1361.0,79.7,42.4,Grass
81,301,Local,16.9,Mild,Mastitis,2.6,Matale,9.21,102.3,884.0,58.6,34.9,Mixed
104,437,Friesian,4.3,Severe,Foot Rot,2.9,Badulla,11.36,130.4,981.0,51.3,38.1,Grass
97,360,Ayrshire,9.6,Mild,Mastitis,2.5,Anuradhapura,9.96,107.2,1025.0,47.2,31.8,Grass
22,359,Local,11.1,Healthy,None,3.2,Polonnaruwa,10.08,113.9,1053.0,51.1,29.2,Grass
98,564,Friesian,12.0,Severe,Foot Rot,3.2,Polonnaruwa,15.3,167.3,1489.0,96.1,63.4,Grass
62,374,Ayrshire,21.1,Mild,Lumpy Skin Disease,2.8,Puttalam,11.46,122.5,1057.0,53.2,33.0,Mixed
90,545,Friesian,13.4,Healthy,None,2.7,Kurunegala,14.96,164.8,1400.0,94.7,59.2,Grass
27,529,Local,7.8,Mild,Lumpy Skin Disease,2.7,Matale,14.01,151.9,1409.0,88.1,58.8,Grass
52,598,Jersey,9.6,Mild,Mastitis,3.2,Polonnaruwa,15.91,180.8,1534.0,80.8,57.5,Grass
46,260,Friesian,23.7,Healthy,None,2.6,Kurunegala,8.87,98.4,889.0,54.9,29.0,Concentrate
45,332,Ayrshire,9.9,Mild,Mastitis,3.0,Puttalam,9.29,103.5,973.0,47.6,27.7,Grass
41,396,Friesian,14.0,Healthy,None,3.1,Matale,11.3,122.4,1092.0,65.0,42.1,Grass
107,326,Jersey,18.4,Mild,Lumpy Skin Disease,1.8,Matale,9.99,109.2,868.0,45.3,39.0,Mixed
23,579,Local,0.1,Mild,Mastitis,2.8,Puttalam,14.49,158.9,1233.0,87.4,51.5,Grass
83,379,Jersey,17.5,Healthy,None,2.2,Monaragala,11.22,130.7,980.0,59.1,38.4,Mixed
35,565,Friesian,0.0,Healthy,None,3.3,Monaragala,14.12,160.7,1471.0,89.6,48.6,Grass
90,534,Local,13.2,Healthy,None,2.5,Monaragala,14.67,164.8,1302.0,71.0,56.2,Grass
72,409,Jersey,7.1,Healthy,None,2.5,Anuradhapura,10.94,118.2,1114.0,58.4,42.9,Grass
120,254,Jersey,12.6,Healthy,None,2.7,Kurunegala,7.61,83.4,675.0,38.1,31.8,Grass
106,555,Jersey,14.5,Healthy,None,1.6,Badulla,15.32,169.7,1330.0,79.5,46.4,Grass
114,531,Friesian,7.7,Healthy,None,2.4,Badulla,14.04,155.3,1462.0,66.0,54.9,Grass
102,337,Friesian,10.7,Healthy,None,2.7,Badulla,9.5,111.0,957.0,52.7,38.7,Grass
18,437,Friesian,16.0,Healthy,None,2.1,Matale,12.53,144.2,1191.0,61.7,41.6,Mixed
88,291,Ayrshire,12.2,Healthy,None,3.3,Puttalam,8.5,94.4,888.0,41.1,32.0,Grass
89,514,Friesian,21.3,Mild,Lumpy Skin Disease,2.8,Monaragala,14.98,175.2,1417.0,90.3,56.6,Mixed
45,284,Local,13.6,Healthy,None,2.1,Matale,8.46,90.5,873.0,46.2,25.7,Grass
53,419,Ayrshire,0.0,Mild,Foot Rot,3.4,Anuradhapura,10.48,111.3,999.0,50.7,40.4,Grass
18,277,Jersey,12.0,Healthy,None,3.6,Anuradhapura,8.12,91.8,777.0,46.7,32.3,Grass
35,589,Jersey,5.1,Healthy,None,3.3,Badulla,15.24,161.8,1380.0,98.7,56.6,Grass
34,518,Friesian,21.3,Healthy,None,3.2,Badulla,15.08,177.4,1570.0,85.3,57.2,Mixed
19,594,Jersey,13.4,Mild,Foot Rot,3.0,Badulla,16.19,170.3,1388.0,79.6,46.5,Grass
107,326,Jersey,4.1,Mild,Mastitis,3.7,Kurunegala,8.56,97.9,813.0,53.1,25.5,Grass
49,440,Jersey,8.9,Healthy,None,3.3,Kurunegala,11.89,136.9,1042.0,55.7,38.9,Grass
70,379,Local,4.2,Healthy,None,2.4,Anuradhapura,9.89,112.6,1004.0,51.3,38.7,Grass
74,483,Local,19.2,Healthy,None,2.8,Kurunegala,14.0,163.4,1217.0,78.0,41.8,Mixed
105,261,Jersey,19.3,Severe,Mastitis,3.0,Puttalam,8.46,93.4,869.0,49.7,32.5,Mixed
56,443,Friesian,2.8,Mild,Mastitis,3.4,Kurunegala,11.36,127.9,1183.0,56.1,46.8,Grass
51,376,Ayrshire,9.1,Healthy,None,3.3,Anuradhapura,10.31,113.4,910.0,58.1,40.4,Grass
33,464,Local,12.1,Healthy,None,2.2,Puttalam,12.81,135.4,1193.0,80.3,53.2,Grass
68,485,Friesian,12.8,Healthy,None,4.1,Puttalam,13.41,153.0,1389.0,62.6,47.2,Grass
64,435,Friesian,14.5,Healthy,None,3.0,Puttalam,12.32,134.0,1235.0,61.7,45.8,Grass
73,450,Jersey,17.4,Mild,Foot Rot,3.1,Polonnaruwa,12.99,149.4,1290.0,73.2,42.6,Mixed
100,559,Local,13.0,Healthy,None,2.5,Monaragala,15.28,164.2,1557.0,80.5,52.1,Grass
33,295,Ayrshire,13.2,Severe,Lumpy Skin Disease,3.5,Polonnaruwa,8.7,93.8,811.0,41.5,34.5,Grass
101,534,Ayrshire,7.8,Healthy,None,3.7,Kurunegala,14.13,151.1,1393.0,87.6,52.1,Grass
86,502,Friesian,11.5,Mild,Lumpy Skin Disease,2.6,Kurunegala,13.7,146.5,1230.0,70.2,54.1,Grass
102,557,Local,17.0,Healthy,None,2.9,Polonnaruwa,15.62,168.1,1434.0,77.8,46.7,Mixed
76,345,Ayrshire,15.8,Mild,Lumpy Skin Disease,2.9,Monaragala,10.21,114.3,914.0,51.3,31.5,Mixed
22,373,Friesian,11.7,Healthy,None,3.2,Polonnaruwa,10.5,121.6,1071.0,58.4,35.4,Grass
110,386,Ayrshire,13.5,Mild,Foot Rot,2.0,Monaragala,11.0,121.1,1087.0,64.4,38.5,Grass
76,455,Ayrshire,6.4,Mild,Foot Rot,3.5,Matale,12.02,131.5,1070.0,77.3,41.0,Grass
78,388,Local,11.3,Healthy,None,2.7,Puttalam,10.83,124.0,1089.0,57.0,42.6,Grass
44,393,Jersey,5.2,Healthy,None,2.5,Matale,10.35,113.3,956.0,57.7,42.1,Grass
60,566,Ayrshire,1.9,Healthy,None,2.9,Monaragala,14.34,165.8,1272.0,76.0,43.0,Grass
65,544,Local,9.0,Healthy,None,2.5,Puttalam,14.5,168.2,1285.0,90.0,45.5,Grass
53,319,Jersey,11.7,Healthy,None,3.2,Monaragala,9.14,104.5,957.0,46.0,30.5,Grass
54,276,Ayrshire,22.5,Mild,Foot Rot,2.2,Kurunegala,9.15,98.4,923.0,44.1,30.9,Concentrate
56,412,Ayrshire,17.8,Healthy,None,3.5,Puttalam,12.08,139.6,1136.0,64.3,44.9,Mixed
46,303,Friesian,8.1,Healthy,None,3.1,Polonnaruwa,8.38,95.0,835.0,46.0,29.7,Grass
39,322,Friesian,9.7,Healthy,None,3.1,Polonnaruwa,9.02,103.3,847.0,57.1,32.3,Grass
38,357,Ayrshire,19.5,Mild,Foot Rot,3.3,Monaragala,10.88,118.2,1120.0,58.4,44.3,Mixed
76,382,Ayrshire,14.5,Mild,Foot Rot,2.8,Anuradhapura,11.0,128.2,1045.0,52.0,33.8,Grass
100,596,Friesian,4.6,Mild,Lumpy Skin Disease,2.9,Puttalam,15.36,177.2,1574.0,94.3,47.8,Grass
77,481,Jersey,18.0,Healthy,None,2.2,Kurunegala,13.83,152.4,1265.0,67.4,47.8,Mixed
53,281,Friesian,6.7,Severe,Foot Rot,3.1,Kurunegala,7.7,87.9,780.0,47.2,31.6,Grass
21,438,Ayrshire,7.1,Healthy,None,2.6,Monaragala,11.66,132.4,1002.0,53.1,35.1,Grass
105,341,Jersey,9.9,Healthy,None,2.3,Puttalam,9.52,102.3,897.0,59.0,29.3,Grass
21,559,Ayrshire,7.1,Healthy,None,3.4,Puttalam,14.69,165.2,1481.0,88.7,45.6,Grass
85,571,Friesian,5.5,Healthy,None,2.2,Polonnaruwa,14.83,158.9,1271.0,70.3,49.4,Grass
62,328,Local,8.8,Healthy,None,3.4,Monaragala,9.08,103.8,881.0,44.2,34.7,Grass
80,376,Ayrshire,11.0,Healthy,None,2.8,Badulla,10.5,115.3,1022.0,64.6,42.0,Grass
45,370,Jersey,12.2,Healthy,None,2.1,Anuradhapura,10.47,118.6,1051.0,56.4,39.6,Grass
84,558,Jersey,14.5,Healthy,None,3.2,Monaragala,15.4,169.0,1455.0,90.7,62.4,Grass
46,431,Jersey,10.0,Healthy,None,3.5,Puttalam,11.78,130.2,1022.0,61.3,33.6,Grass
29,275,Local,6.4,Healthy,None,3.6,Matale,7.52,80.8,731.0,45.7,22.3,Grass
38,352,Local,12.8,Healthy,None,2.8,Monaragala,10.08,106.0,882.0,53.4,33.2,Grass
88,363,Jersey,11.9,Mild,Lumpy Skin Disease,2.9,Polonnaruwa,10.27,116.7,1046.0,55.1,38.9,Grass
86,382,Local,18.1,Healthy,None,2.5,Anuradhapura,11.36,124.1,1137.0,54.1,35.1,Mixed
106,328,Jersey,8.2,Severe,Foot Rot,3.5,Anuradhapura,9.02,100.7,881.0,54.2,28.9,Grass
62,536,Jersey,9.0,Mild,Foot Rot,3.5,Polonnaruwa,14.3,168.6,1396.0,69.6,54.7,Grass
69,279,Local,20.5,Healthy,None,2.8,Kurunegala,9.03,105.2,947.0,46.7,30.0,Mixed
67,374,Local,15.4,Mild,Mastitis,2.4,Badulla,10.89,115.3,1067.0,60.6,34.6,Mixed
119,501,Ayrshire,15.8,Healthy,None,3.1,Polonnaruwa,14.11,152.5,1336.0,72.4,56.4,Mixed
116,312,Ayrshire,14.4,Healthy,None,2.7,Badulla,9.24,107.7,799.0,55.9,28.1,Grass
25,510,Ayrshire,3.7,Mild,Mastitis,3.3,Polonnaruwa,13.12,147.5,1304.0,76.3,43.8,Grass
111,391,Local,1.7,Healthy,None,2.8,Badulla,9.95,108.6,959.0,60.7,40.9,Grass
26,438,Friesian,16.7,Healthy,None,3.1,Polonnaruwa,12.62,144.3,1091.0,71.1,51.6,Mixed
60,469,Ayrshire,21.7,Healthy,None,3.5,Anuradhapura,13.9,162.8,1207.0,82.6,50.4,Mixed
93,414,Local,8.7,Healthy,None,3.0,Anuradhapura,11.22,123.0,995.0,61.2,31.4,Grass
20,379,Jersey,11.8,Healthy,None,2.2,Kurunegala,10.65,114.0,908.0,61.2,39.5,Grass
35,588,Friesian,7.3,Healthy,None,2.7,Matale,15.43,163.5,1374.0,77.0,58.7,Grass
69,486,Local,1.8,Healthy,None,3.0,Puttalam,12.33,138.5,1177.0,60.8,37.4,Grass
79,368,Friesian,10.8,Mild,Mastitis,2.2,Polonnaruwa,10.28,109.7,1008.0,60.1,29.2,Grass
107,545,Local,14.0,Healthy,None,3.4,Badulla,15.03,166.0,1349.0,86.8,46.5,Grass
105,542,Ayrshire,13.1,Healthy,None,2.8,Kurunegala,14.86,167.7,1450.0,78.2,48.0,Grass
83,594,Ayrshire,15.0,Healthy,None,3.3,Monaragala,16.35,174.3,1405.0,77.5,47.4,Grass
21,428,Local,13.5,Mild,Lumpy Skin Disease,2.6,Puttalam,12.05,142.1,1160.0,65.2,49.3,Grass
18,275,Friesian,13.4,Healthy,None,3.6,Monaragala,8.21,96.5,774.0,42.0,29.2,Grass
73,504,Local,9.0,Healthy,None,4.0,Puttalam,13.5,149.6,1269.0,69.1,55.6,Grass
43,447,Ayrshire,9.4,Healthy,None,3.0,Anuradhapura,12.12,142.9,1092.0,62.6,34.3,Grass
63,411,Jersey,8.6,Healthy,None,3.1,Matale,11.13,117.4,1111.0,71.8,40.0,Grass
41,487,Local,3.3,Healthy,None,2.7,Puttalam,12.51,145.7,1205.0,65.3,45.0,Grass
46,414,Jersey,6.5,Healthy,None,3.1,Kurunegala,11.0,120.8,1038.0,49.7,36.5,Grass
38,520,Jersey,17.0,Healthy,None,3.3,Polonnaruwa,14.7,167.2,1375.0,73.1,42.8,Mixed
96,398,Ayrshire,0.1,Healthy,None,4.0,Polonnaruwa,9.96,109.1,903.0,57.9,31.3,Grass
114,384,Ayrshire,13.5,Mild,Lumpy Skin Disease,2.6,Kurunegala,10.95,125.1,1103.0,66.6,35.3,Grass
68,541,Jersey,12.8,Mild,Mastitis,3.1,Polonnaruwa,14.8,171.4,1538.0,74.3,53.4,Grass
46,544,Ayrshire,8.7,Mild,Lumpy Skin Disease,3.1,Anuradhapura,14.47,152.3,1450.0,89.3,54.7,Grass
36,364,Friesian,9.0,Healthy,None,2.8,Anuradhapura,10.0,111.5,876.0,59.5,38.1,Grass
91,592,Ayrshire,8.6,Healthy,None,2.3,Puttalam,15.66,167.6,1634.0,101.7,60.5,Grass
34,281,Jersey,12.7,Healthy,None,3.3,Matale,8.29,92.2,712.0,42.7,33.6,Grass
62,348,Ayrshire,14.6,Healthy,None,3.4,Monaragala,10.16,117.0,939.0,55.3,36.8,Grass
117,314,Friesian,13.6,Healthy,None,2.7,Kurunegala,9.21,97.2,834.0,49.4,29.7,Grass
36,562,Jersey,16.2,Healthy,None,2.3,Anuradhapura,15.67,181.3,1376.0,93.6,51.7,Mixed
117,308,Jersey,7.5,Mild,Lumpy Skin Disease,2.5,Puttalam,8.45,92.4,785.0,44.0,32.0,Grass
42,419,Ayrshire,17.4,Healthy,None,3.5,Monaragala,12.22,141.6,1274.0,68.6,41.6,Mixed
28,543,Jersey,14.4,Severe,Lumpy Skin Disease,3.5,Puttalam,15.02,171.5,1443.0,73.3,56.7,Grass
67,363,Friesian,7.6,Healthy,None,3.2,Anuradhapura,9.84,115.3,945.0,45.2,30.4,Grass
42,458,Jersey,11.4,Severe,Foot Rot,3.4,Anuradhapura,12.59,134.4,1286.0,61.6,43.3,Grass
51,458,Jersey,11.4,Mild,Mastitis,2.8,Badulla,12.59,137.1,1237.0,74.6,42.6,Grass
106,595,Local,14.7,Mild,Foot Rot,3.4,Badulla,16.34,189.2,1400.0,99.4,68.4,Grass
58,322,Ayrshire,8.7,Healthy,None,3.0,Badulla,8.92,100.4,767.0,55.9,33.1,Grass
102,499,Local,6.7,Mild,Mastitis,1.8,Polonnaruwa,13.15,146.0,1167.0,60.2,40.6,Grass
25,329,Jersey,13.0,Healthy,None,3.3,Matale,9.53,109.9,880.0,43.8,28.8,Grass
96,393,Local,13.3,Healthy,None,2.0,Monaragala,11.16,119.8,1116.0,66.5,43.0,Grass
38,351,Jersey,10.2,Healthy,None,1.9,Anuradhapura,9.79,115.4,954.0,48.6,29.3,Grass
60,455,Friesian,18.8,Healthy,None,2.5,Puttalam,13.26,154.4,1188.0,65.5,41.8,Mixed
74,284,Friesian,18.3,Mild,Lumpy Skin Disease,3.5,Puttalam,8.93,102.9,824.0,54.8,30.5,Mixed
36,494,Ayrshire,7.5,Mild,Lumpy Skin Disease,2.4,Anuradhapura,13.1,141.8,1310.0,63.5,48.4,Grass
25,290,Jersey,13.8,Severe,Foot Rot,2.6,Kurunegala,8.63,97.1,866.0,52.9,26.2,Grass
45,388,Jersey,12.5,Healthy,None,2.8,Monaragala,10.95,122.7,1031.0,70.0,42.9,Grass
112,258,Friesian,3.1,Healthy,None,1.9,Polonnaruwa,6.76,72.4,597.0,41.2,21.7,Grass
25,474,Local,13.1,Severe,Lumpy Skin Disease,2.7,Monaragala,13.16,149.5,1262.0,78.4,54.5,Grass
78,578,Local,9.2,Healthy,None,3.3,Monaragala,15.37,166.6,1339.0,93.3,56.0,Grass
41,385,Friesian,17.9,Healthy,None,2.9,Monaragala,11.41,129.3,1022.0,71.3,39.0,Mixed
104,490,Jersey,10.3,Healthy,None,3.3,Monaragala,13.28,154.5,1146.0,63.9,48.3,Grass
92,425,Local,5.2,Healthy,None,3.1,Anuradhapura,11.14,124.7,1106.0,70.5,42.5,Grass
49,498,Jersey,14.8,Healthy,None,3.3,Anuradhapura,13.93,154.4,1398.0,64.8,42.6,Grass
28,294,Friesian,2.3,Healthy,None,2.6,Badulla,7.58,84.1,722.0,37.7,24.9,Grass
88,462,Friesian,7.6,Mild,Mastitis,3.0,Kurunegala,12.31,136.5,1059.0,75.7,39.5,Grass
120,572,Jersey,14.4,Healthy,None,3.7,Polonnaruwa,15.74,172.5,1523.0,90.3,49.6,Grass
40,556,Ayrshire,9.5,Mild,Mastitis,2.8,Puttalam,14.85,165.5,1314.0,71.0,51.8,Grass
113,380,Jersey,17.7,Healthy,None,3.1,Anuradhapura,11.27,125.0,995.0,58.8,36.1,Mixed
32,442,Jersey,18.3,Healthy,None,3.1,Monaragala,12.88,140.6,1304.0,73.2,47.7,Mixed
42,349,Friesian,6.2,Mild,Mastitis,2.3,Monaragala,9.34,100.5,848.0,47.7,37.6,Grass
20,406,Local,4.2,Healthy,None,3.3,Anuradhapura,10.57,119.0,968.0,53.3,29.9,Grass
19,441,Local,17.9,Mild,Foot Rot,3.9,Badulla,12.82,140.4,1247.0,80.1,39.3,Mixed
75,504,Ayrshire,16.2,Healthy,None,3.6,Matale,14.22,166.0,1322.0,82.0,44.0,Mixed
112,412,Local,9.1,Healthy,None,2.4,Anuradhapura,11.21,120.4,1159.0,61.1,43.9,Grass
63,540,Jersey,16.3,Healthy,None,3.2,Matale,15.13,160.4,1407.0,84.5,45.4,Mixed
35,264,Ayrshire,12.5,Healthy,None,3.2,Monaragala,7.85,91.9,691.0,39.8,22.8,Grass
116,460,Jersey,13.6,Healthy,None,3.6,Anuradhapura,12.86,144.9,1174.0,75.0,46.5,Grass
73,375,Local,18.5,Mild,Mastitis,3.3,Monaragala,11.22,127.2,992.0,64.5,36.1,Mixed
41,271,Local,16.2,Healthy,None,3.3,Matale,8.39,91.8,757.0,46.4,31.1,Mixed
61,299,Jersey,9.7,Healthy,None,3.4,Polonnaruwa,8.45,89.9,829.0,50.9,24.1,Grass
91,523,Jersey,5.0,Mild,Mastitis,3.5,Monaragala,13.58,143.7,1329.0,65.9,40.9,Grass
40,289,Ayrshire,6.0,Mild,Foot Rot,3.1,Monaragala,7.83,89.0,804.0,46.4,27.8,Grass
73,528,Local,7.8,Healthy,None,3.3,Kurunegala,13.98,164.8,1272.0,63.1,54.1,Grass
85,417,Ayrshire,11.8,Healthy,None,2.2,Monaragala,11.61,122.8,1059.0,59.3,34.7,Grass
104,250,Friesian,14.1,Mild,Mastitis,2.7,Matale,7.66,86.1,728.0,48.8,26.2,Grass
79,375,Ayrshire,16.4,Healthy,None,3.0,Monaragala,11.02,126.8,1148.0,63.6,35.2,Mixed
69,409,Friesian,14.0,Healthy,None,2.5,Anuradhapura,11.63,133.1,1039.0,67.7,34.4,Grass
109,473,Jersey,9.1,Healthy,None,2.8,Anuradhapura,12.74,137.0,1087.0,74.9,36.5,Grass
96,379,Jersey,16.3,Mild,Mastitis,3.8,Monaragala,11.11,120.7,1052.0,61.4,44.8,Mixed
107,307,Friesian,8.0,Healthy,None,3.5,Matale,8.48,95.8,747.0,51.1,30.7,Grass
96,392,Friesian,1.2,Mild,Foot Rot,2.4,Puttalam,9.92,113.2,865.0,55.5,28.6,Grass
72,459,Friesian,7.2,Mild,Foot Rot,2.3,Badulla,12.2,130.8,1038.0,55.0,50.2,Grass
38,526,Ayrshire,4.1,Healthy,None,3.2,Polonnaruwa,13.56,149.4,1389.0,61.1,50.0,Grass
40,388,Jersey,10.9,Mild,Mastitis,3.2,Puttalam,10.79,121.0,918.0,56.2,40.6,Grass
96,337,Friesian,15.5,Healthy,None,3.1,Puttalam,9.98,110.0,988.0,48.2,34.3,Mixed
49,366,Jersey,15.3,Mild,Mastitis,3.0,Anuradhapura,10.68,124.4,1015.0,67.1,40.0,Mixed
45,497,Local,6.1,Severe,Mastitis,3.5,Monaragala,13.04,145.5,1274.0,81.7,54.1,Grass
114,456,Jersey,9.1,Healthy,None,2.5,Kurunegala,12.31,130.9,1153.0,62.9,47.9,Grass
27,347,Jersey,11.1,Mild,Mastitis,2.5,Matale,9.79,105.4,876.0,56.0,28.8,Grass
83,364,Ayrshire,9.9,Mild,Lumpy Skin Disease,3.2,Badulla,10.09,115.6,1005.0,46.7,35.0,Grass
115,260,Local,13.7,Severe,Lumpy Skin Disease,2.6,Badulla,7.87,87.7,684.0,36.1,30.4,Grass
65,547,Jersey,9.6,Healthy,None,3.5,Polonnaruwa,14.64,170.8,1402.0,68.8,54.4,Grass
49,288,Jersey,14.5,Healthy,None,4.0,Kurunegala,8.65,95.8,806.0,46.9,30.3,Grass
63,553,Local,17.9,Healthy,None,3.6,Puttalam,15.62,174.8,1405.0,91.9,51.4,Mixed
40,595,Friesian,5.1,Severe,Foot Rot,3.4,Puttalam,15.38,164.5,1428.0,80.5,63.6,Grass
86,446,Jersey,11.7,Healthy,None,2.7,Polonnaruwa,12.32,135.0,1252.0,58.8,42.2,Grass
96,509,Jersey,12.8,Healthy,None,3.5,Monaragala,14.01,151.2,1267.0,75.2,51.7,Grass
74,402,Jersey,14.5,Healthy,None,2.6,Matale,11.5,129.8,1080.0,66.2,34.5,Grass
70,466,Ayrshire,15.7,Healthy,None,2.7,Matale,13.22,146.3,1287.0,72.3,47.4,Mixed
118,554,Local,13.1,Healthy,None,2.8,Matale,15.16,172.6,1366.0,78.9,55.6,Grass
54,457,Ayrshire,10.9,Healthy,None,3.4,Kurunegala,12.52,139.7,1265.0,76.4,49.9,Grass
70,486,Jersey,6.8,Healthy,None,4.0,Matale,12.83,142.4,1333.0,66.5,43.1,Grass
86,523,Friesian,2.9,Severe,Lumpy Skin Disease,2.7,Monaragala,13.37,153.9,1279.0,67.3,43.4,Grass
95,335,Local,13.9,Mild,Lumpy Skin Disease,3.3,Puttalam,9.77,114.8,854.0,61.3,27.8,Grass
35,484,Friesian,11.5,Healthy,None,3.0,Anuradhapura,13.25,144.1,1286.0,61.2,52.7,Grass
52,523,Ayrshire,14.1,Healthy,None,2.9,Matale,14.49,154.1,1296.0,81.3,51.5,Grass
42,590,Friesian,19.0,Healthy,None,3.4,Badulla,16.65,181.4,1687.0,93.3,61.0,Mixed
78,384,Friesian,16.4,Healthy,None,2.5,Puttalam,11.24,124.1,1150.0,50.9,46.0,Mixed
118,439,Friesian,11.6,Healthy,None,2.8,Puttalam,12.14,130.8,1197.0,72.1,46.9,Grass
31,553,Ayrshire,7.0,Healthy,None,3.2,Matale,14.53,152.9,1516.0,75.8,46.6,Grass
51,539,Jersey,9.3,Mild,Foot Rot,3.3,Kurunegala,14.41,163.8,1483.0,73.3,49.4,Grass
82,495,Friesian,6.6,Mild,Foot Rot,3.9,Kurunegala,13.04,144.9,1216.0,75.4,37.1,Grass
98,354,Local,7.5,Healthy,None,3.1,Polonnaruwa,9.6,109.4,825.0,48.4,30.9,Grass
34,557,Friesian,16.0,Healthy,None,2.7,Puttalam,15.53,168.6,1427.0,83.0,63.1,Mixed
65,334,Ayrshire,16.3,Severe,Lumpy Skin Disease,2.4,Matale,9.98,106.6,1004.0,47.2,40.7,Mixed
94,473,Local,19.3,Healthy,None,3.0,Kurunegala,13.76,161.2,1381.0,67.0,55.0,Mixed
95,254,Ayrshire,9.0,Healthy,None,2.9,Polonnaruwa,7.25,84.9,710.0,36.9,28.4,Grass
81,407,Local,16.0,Severe,Lumpy Skin Disease,2.7,Matale,11.78,132.0,1163.0,60.7,42.8,Mixed
73,417,Jersey,8.3,Healthy,None,2.9,Monaragala,11.26,130.3,1009.0,55.7,31.6,Grass
28,320,Ayrshire,6.1,Healthy,None,3.9,Matale,8.61,94.3,749.0,50.8,34.5,Grass
25,251,Jersey,9.2,Healthy,None,3.4,Badulla,7.2,81.8,748.0,45.8,20.8,Grass
117,491,Jersey,13.0,Severe,Foot Rot,2.5,Polonnaruwa,13.58,145.1,1418.0,74.5,46.1,Grass
86,578,Jersey,12.0,Healthy,None,3.4,Anuradhapura,15.65,175.6,1553.0,80.5,50.9,Grass
92,592,Ayrshire,11.1,Healthy,None,3.6,Kurunegala,15.91,184.5,1397.0,98.9,46.8,Grass
82,417,Local,17.1,Healthy,None,3.5,Monaragala,12.14,128.8,1048.0,62.8,34.9,Mixed
99,274,Ayrshire,9.7,Healthy,None,2.5,Monaragala,7.82,83.1,735.0,40.0,27.1,Grass
64,576,Jersey,8.9,Healthy,None,3.1,Badulla,15.29,163.4,1434.0,85.0,58.7,Grass
55,307,Local,14.7,Healthy,None,1.9,Polonnaruwa,9.15,103.0,906.0,59.1,31.5,Grass
55,558,Jersey,12.0,Healthy,None,3.1,Matale,15.15,163.6,1442.0,69.1,46.6,Grass
45,465,Friesian,10.6,Mild,Mastitis,3.6,Anuradhapura,12.69,144.6,1139.0,73.5,51.8,Grass
72,269,Local,14.1,Healthy,None,3.7,Anuradhapura,8.14,94.9,824.0,45.7,26.8,Grass
79,528,Local,10.9,Healthy,None,3.5,Polonnaruwa,14.29,155.3,1373.0,69.6,53.7,Grass
41,312,Local,20.2,Mild,Lumpy Skin Disease,3.7,Puttalam,9.82,107.3,964.0,62.4,37.5,Mixed
118,512,Friesian,6.5,Healthy,None,2.9,Polonnaruwa,13.45,151.1,1172.0,72.0,46.7,Grass
53,445,Local,10.3,Healthy,None,3.2,Puttalam,12.15,135.1,1213.0,77.4,44.1,Grass
93,283,Ayrshire,15.4,Healthy,None,2.6,Puttalam,8.62,99.6,756.0,49.2,27.2,Mixed
98,470,Ayrshire,12.3,Severe,Lumpy Skin Disease,2.0,Kurunegala,12.98,137.2,1256.0,73.6,36.9,Grass
32,274,Ayrshire,19.2,Healthy,None,2.7,Badulla,8.77,98.7,839.0,43.6,36.0,Mixed
61,333,Friesian,12.3,Mild,Foot Rot,2.8,Badulla,9.56,107.8,939.0,48.6,30.6,Grass
55,449,Ayrshire,17.7,Mild,Foot Rot,1.6,Badulla,13.0,149.6,1182.0,78.0,52.8,Mixed
96,484,Ayrshire,11.9,Healthy,None,2.9,Polonnaruwa,13.29,149.2,1363.0,81.7,53.8,Grass
99,542,Ayrshire,9.7,Mild,Mastitis,3.9,Anuradhapura,14.52,170.3,1450.0,89.8,41.7,Grass
27,475,Local,7.6,Mild,Foot Rot,3.4,Anuradhapura,12.63,143.5,1241.0,72.8,36.7,Grass
56,520,Jersey,13.8,Healthy,None,3.6,Polonnaruwa,14.38,168.0,1352.0,67.1,40.6,Grass
114,547,Ayrshire,8.7,Severe,Lumpy Skin Disease,2.6,Anuradhapura,14.54,170.2,1472.0,88.4,56.9,Grass
72,504,Jersey,17.5,Healthy,None,3.2,Badulla,14.35,158.0,1370.0,67.0,54.8,Mixed
21,357,Ayrshire,4.3,Mild,Foot Rot,2.7,Puttalam,9.36,99.7,811.0,46.7,39.1,Grass
86,290,Ayrshire,13.9,Severe,Lumpy Skin Disease,3.4,Badulla,8.64,97.2,888.0,39.3,33.8,Grass
110,543,Jersey,8.6,Mild,Lumpy Skin Disease,1.5,Puttalam,14.44,160.4,1241.0,74.1,51.8,Grass
72,549,Jersey,14.6,Healthy,None,2.4,Matale,15.19,175.1,1318.0,93.5,49.2,Grass
86,260,Local,1.9,Severe,Mastitis,1.6,Kurunegala,6.69,76.9,658.0,32.7,25.0,Grass
113,312,Friesian,16.1,Healthy,None,3.1,Anuradhapura,9.41,108.4,815.0,47.0,37.6,Mixed
91,492,Ayrshire,10.9,Healthy,None,3.7,Matale,13.39,155.7,1232.0,66.8,45.5,Grass
25,521,Ayrshire,15.2,Mild,Mastitis,3.8,Anuradhapura,14.54,168.8,1444.0,66.7,47.4,Mixed
56,358,Local,5.0,Healthy,None,3.0,Puttalam,9.45,100.1,868.0,55.7,36.9,Grass
44,444,Local,3.9,Healthy,None,2.9,Puttalam,11.49,127.2,1027.0,59.7,43.8,Grass
90,375,Jersey,10.8,Healthy,None,3.3,Polonnaruwa,10.46,120.7,902.0,47.2,34.2,Grass
114,470,Friesian,12.2,Healthy,None,3.3,Monaragala,12.97,152.3,1219.0,64.8,48.1,Grass
67,442,Jersey,15.5,Healthy,None,4.1,Puttalam,12.6,141.6,1161.0,76.6,37.3,Mixed
55,376,Local,10.4,Severe,Foot Rot,2.5,Puttalam,10.44,110.2,915.0,57.6,32.7,Grass
41,483,Friesian,13.2,Mild,Foot Rot,2.6,Polonnaruwa,13.4,151.1,1406.0,77.7,45.2,Grass
49,401,Jersey,19.4,Healthy,None,2.9,Puttalam,11.96,131.5,1078.0,55.5,45.3,Mixed
27,267,Friesian,9.2,Healthy,None,2.8,Polonnaruwa,7.6,86.7,792.0,39.1,30.8,Grass
86,575,Ayrshire,15.6,Healthy,None,2.9,Badulla,15.94,172.9,1666.0,102.4,45.5,Mixed
89,529,Friesian,8.8,Healthy,None,3.8,Puttalam,14.11,166.1,1202.0,67.5,47.8,Grass
35,510,Friesian,7.7,Healthy,None,3.0,Anuradhapura,13.52,146.5,1222.0,64.0,52.1,Grass
93,412,Jersey,15.3,Severe,Foot Rot,2.2,Badulla,11.83,130.5,1194.0,63.1,39.8,Mixed
114,587,Friesian,14.4,Healthy,None,2.5,Matale,16.12,172.9,1543.0,100.2,66.3,Grass
76,388,Ayrshire,16.1,Mild,Lumpy Skin Disease,2.5,Matale,11.31,120.4,1121.0,69.7,43.8,Mixed
113,482,Jersey,15.5,Mild,Mastitis,3.6,Monaragala,13.6,150.8,1398.0,61.8,56.5,Mixed
88,536,Friesian,16.3,Mild,Lumpy Skin Disease,3.1,Kurunegala,15.03,174.2,1524.0,91.0,58.2,Mixed
43,406,Jersey,10.8,Healthy,None,2.7,Puttalam,11.23,129.0,1157.0,61.9,34.7,Grass
74,583,Ayrshire,19.4,Severe,Mastitis,2.7,Kurunegala,16.52,189.2,1475.0,83.7,57.2,Mixed
50,298,Jersey,6.8,Mild,Foot Rot,3.3,Matale,8.13,85.5,840.0,51.9,26.7,Grass
99,464,Friesian,8.0,Healthy,None,2.5,Kurunegala,12.4,132.3,1087.0,62.4,37.6,Grass
51,284,Jersey,4.8,Mild,Mastitis,2.8,Puttalam,7.58,88.4,737.0,45.1,25.0,Grass
35,253,Ayrshire,11.6,Mild,Mastitis,3.1,Badulla,7.49,78.8,743.0,41.1,27.2,Grass
52,301,Jersey,16.8,Healthy,None,3.3,Kurunegala,9.21,101.1,927.0,56.9,34.1,Mixed
97,497,Ayrshire,11.0,Healthy,None,2.9,Puttalam,13.53,153.2,1189.0,81.2,48.2,Grass
21,550,Local,14.6,Healthy,None,3.6,Anuradhapura,15.21,167.4,1371.0,96.8,51.3,Grass
40,441,Friesian,12.6,Severe,Lumpy Skin Disease,2.8,Badulla,12.29,141.7,1090.0,55.6,48.7,Grass
100,594,Jersey,7.0,Healthy,None,2.3,Polonnaruwa,15.55,165.3,1488.0,89.3,44.3,Grass
66,519,Local,15.3,Healthy,None,3.3,Puttalam,14.51,159.6,1248.0,65.6,51.7,Mixed
106,584,Jersey,14.9,Healthy,None,2.9,Monaragala,16.09,188.4,1618.0,73.4,52.6,Grass
48,450,Local,19.0,Mild,Mastitis,2.8,Kurunegala,13.15,147.8,1169.0,84.4,47.6,Mixed
61,488,Local,16.8,Healthy,None,3.0,Monaragala,13.88,146.3,1206.0,69.2,45.3,Mixed
90,256,Friesian,9.0,Mild,Mastitis,3.3,Puttalam,7.3,82.5,634.0,43.8,20.8,Grass
39,332,Friesian,14.0,Healthy,None,3.2,Kurunegala,9.7,108.7,898.0,44.5,34.1,Grass
101,449,Local,12.4,Healthy,None,3.0,Badulla,12.47,132.9,1261.0,62.4,50.1,Grass
117,393,Local,23.9,Mild,Lumpy Skin Disease,3.6,Puttalam,12.22,130.1,1080.0,74.7,50.7,Concentrate
18,482,Ayrshire,15.6,Healthy,None,3.1,Polonnaruwa,13.61,150.1,1424.0,65.2,42.4,Mixed
55,317,Jersey,17.0,Healthy,None,3.3,Matale,9.62,102.2,894.0,46.1,29.4,Mixed
52,292,Jersey,12.1,Severe,Foot Rot,2.8,Monaragala,8.51,97.4,823.0,43.5,33.6,Grass
78,342,Local,11.6,Healthy,None,1.5,Kurunegala,9.71,104.6,861.0,56.2,32.0,Grass
46,316,Local,13.1,Healthy,None,2.8,Badulla,9.21,104.5,894.0,47.0,33.0,Grass
35,388,Ayrshire,20.0,Mild,Lumpy Skin Disease,3.0,Kurunegala,11.7,131.7,1077.0,61.6,34.9,Mixed
91,591,Friesian,6.1,Healthy,None,3.0,Puttalam,15.38,180.1,1486.0,95.1,46.7,Grass
87,457,Ayrshire,6.8,Mild,Foot Rot,3.2,Matale,12.11,141.1,1091.0,68.0,47.3,Grass
104,465,Jersey,13.5,Healthy,None,3.5,Polonnaruwa,12.97,142.6,1118.0,58.6,45.9,Grass
76,382,Friesian,8.0,Healthy,None,3.0,Matale,10.35,111.8,1050.0,58.1,30.3,Grass
32,542,Friesian,5.2,Healthy,None,3.4,Kurunegala,14.07,159.1,1356.0,65.7,45.3,Grass
69,542,Jersey,14.6,Healthy,None,3.2,Anuradhapura,15.01,176.4,1464.0,92.6,58.5,Grass
53,526,Ayrshire,12.0,Healthy,None,3.2,Anuradhapura,14.35,155.7,1491.0,65.7,43.3,Grass
91,520,Local,20.0,Healthy,None,2.9,Anuradhapura,15.0,165.9,1319.0,93.2,45.5,Mixed
43,501,Jersey,12.7,Mild,Lumpy Skin Disease,2.5,Kurunegala,13.79,161.0,1173.0,67.8,42.8,Grass
20,259,Local,7.7,Healthy,None,3.0,Kurunegala,7.25,78.9,720.0,38.5,22.7,Grass
96,252,Friesian,17.5,Healthy,None,2.9,Kurunegala,8.05,90.5,810.0,52.3,23.9,Mixed
69,251,Friesian,10.8,Healthy,None,2.8,Anuradhapura,7.36,85.5,639.0,41.5,28.2,Grass
48,321,Local,9.3,Healthy,None,3.1,Matale,8.96,99.4,911.0,52.4,36.9,Grass
111,485,Friesian,4.5,Healthy,None,3.6,Kurunegala,12.57,140.8,1253.0,64.1,52.6,Grass
88,467,Local,8.7,Severe,Lumpy Skin Disease,3.4,Matale,12.54,135.7,1079.0,79.5,49.4,Grass
83,391,Jersey,5.7,Healthy,None,3.3,Kurunegala,10.35,110.3,900.0,63.9,42.8,Grass
30,517,Friesian,15.4,Healthy,None,3.2,Matale,14.46,164.3,1390.0,75.8,45.7,Mixed
36,543,Ayrshire,7.0,Healthy,None,3.1,Kurunegala,14.28,150.3,1395.0,87.2,53.3,Grass
64,354,Ayrshire,6.1,Mild,Lumpy Skin Disease,2.9,Matale,9.46,104.4,810.0,48.7,39.0,Grass
94,378,Ayrshire,17.1,Healthy,None,3.4,Kurunegala,11.16,127.4,1141.0,59.9,33.6,Mixed
30,279,Jersey,12.1,Healthy,None,2.5,Kurunegala,8.19,92.9,699.0,39.1,31.8,Grass
106,509,Jersey,15.2,Severe,Foot Rot,3.0,Kurunegala,14.25,153.7,1339.0,90.4,45.7,Mixed
37,450,Jersey,0.4,Healthy,None,3.4,Anuradhapura,11.29,123.6,1160.0,62.0,42.5,Grass
77,366,Ayrshire,11.9,Healthy,None,3.6,Puttalam,10.34,111.2,943.0,66.2,32.2,Grass
20,254,Ayrshire,6.5,Healthy,None,1.5,Badulla,7.0,79.1,734.0,39.3,21.0,Grass
60,304,Friesian,13.4,Mild,Mastitis,3.1,Kurunegala,8.94,101.2,900.0,57.7,29.4,Grass
54,590,Local,3.5,Healthy,None,2.5,Puttalam,15.1,159.2,1424.0,73.2,43.5,Grass
70,262,Friesian,25.8,Healthy,None,2.8,Badulla,9.13,102.5,871.0,49.5,25.9,Concentrate
113,339,Jersey,15.7,Severe,Mastitis,2.7,Kurunegala,10.04,112.8,1052.0,57.8,29.1,Mixed
34,265,Ayrshire,1.5,Severe,Foot Rot,2.9,Anuradhapura,6.78,74.5,644.0,36.3,26.1,Grass
116,382,Ayrshire,10.7,Healthy,None,2.8,Puttalam,10.62,112.1,1089.0,61.7,43.0,Grass
71,362,Ayrshire,11.4,Healthy,None,3.1,Polonnaruwa,10.19,119.8,888.0,47.7,31.9,Grass
81,570,Jersey,11.2,Severe,Lumpy Skin Disease,2.4,Puttalam,15.37,171.2,1352.0,76.4,55.1,Grass
28,501,Local,14.4,Healthy,None,2.0,Monaragala,13.96,149.5,1275.0,65.7,52.4,Grass
76,592,Jersey,1.7,Healthy,None,3.4,Puttalam,14.97,176.4,1425.0,92.7,56.7,Grass
62,454,Jersey,14.5,Mild,Lumpy Skin Disease,3.0,Puttalam,12.8,150.8,1333.0,73.5,43.8,Grass
87,476,Ayrshire,5.0,Mild,Lumpy Skin Disease,2.6,Badulla,12.4,137.8,1260.0,72.2,44.8,Grass
44,435,Friesian,10.7,Healthy,None,2.2,Puttalam,11.95,140.6,1042.0,66.0,41.8,Grass
56,324,Jersey,8.3,Healthy,None,3.3,Puttalam,8.93,103.8,904.0,45.7,28.8,Grass
112,443,Jersey,19.1,Severe,Mastitis,2.8,Badulla,12.99,137.9,1310.0,69.7,41.0,Mixed
114,432,Jersey,15.8,Healthy,None,2.0,Polonnaruwa,12.38,139.2,1095.0,79.7,46.1,Mixed
120,394,Friesian,15.3,Mild,Mastitis,2.6,Kurunegala,11.38,129.4,1107.0,68.8,40.6,Mixed
85,325,Local,13.5,Healthy,None,2.9,Matale,9.47,110.0,886.0,48.4,31.0,Grass
118,397,Jersey,18.6,Mild,Foot Rot,2.6,Puttalam,11.79,131.7,1140.0,63.0,33.4,Mixed
69,382,Friesian,15.1,Healthy,None,2.9,Monaragala,11.06,117.5,962.0,50.7,32.4,Mixed
65,409,Jersey,11.2,Mild,Lumpy Skin Disease,2.9,Badulla,11.35,120.4,1130.0,56.7,32.2,Grass
69,276,Ayrshire,7.8,Healthy,None,3.0,Anuradhapura,7.68,90.1,718.0,47.2,24.1,Grass
30,578,Local,11.7,Healthy,None,3.1,Matale,15.62,165.2,1379.0,101.5,48.1,Grass
75,531,Friesian,12.4,Healthy,None,3.4,Puttalam,14.52,167.7,1244.0,65.7,46.7,Grass
32,373,Friesian,16.6,Mild,Lumpy Skin Disease,2.5,Puttalam,10.99,126.1,1064.0,59.7,40.8,Mixed
23,303,Local,16.3,Mild,Mastitis,2.4,Monaragala,9.21,105.8,956.0,54.0,33.7,Mixed
24,509,Ayrshire,14.9,Healthy,None,3.3,Polonnaruwa,14.22,161.3,1449.0,82.1,56.2,Grass
64,254,Friesian,2.4,Healthy,None,3.0,Kurunegala,6.59,77.4,605.0,34.1,20.0,Grass
20,491,Jersey,9.7,Healthy,None,2.6,Anuradhapura,13.25,150.8,1348.0,73.5,37.2,Grass
117,489,Friesian,18.8,Mild,Lumpy Skin Disease,2.7,Matale,14.11,150.2,1317.0,75.5,50.4,Mixed
32,565,Local,8.0,Severe,Mastitis,3.0,Badulla,14.93,159.3,1330.0,85.0,57.7,Grass
67,378,Local,15.4,Healthy,None,2.9,Puttalam,10.99,117.1,978.0,56.9,34.3,Mixed
71,536,Friesian,17.8,Mild,Mastitis,3.3,Matale,15.18,163.0,1377.0,68.8,57.9,Mixed
64,430,Local,1.1,Mild,Foot Rot,2.7,Anuradhapura,10.86,114.5,960.0,54.4,43.6,Grass
120,319,Jersey,9.2,Mild,Mastitis,3.2,Puttalam,8.89,95.2,902.0,47.0,25.4,Grass
95,592,Local,0.0,Healthy,None,4.3,Monaragala,14.8,171.7,1335.0,86.3,41.9,Grass
74,599,Ayrshire,14.7,Healthy,None,3.1,Polonnaruwa,16.45,186.0,1437.0,93.0,68.7,Grass
107,322,Friesian,17.9,Healthy,None,4.2,Puttalam,9.84,112.7,1001.0,61.9,38.9,Mixed
27,252,Local,16.4,Severe,Mastitis,3.5,Matale,7.94,85.4,682.0,50.7,31.3,Mixed
116,382,Jersey,12.7,Healthy,None,2.9,Anuradhapura,10.82,116.6,1082.0,51.1,38.4,Grass
91,320,Ayrshire,9.6,Healthy,None,2.6,Kurunegala,8.96,97.5,773.0,40.7,28.9,Grass
112,467,Friesian,8.6,Mild,Lumpy Skin Disease,2.3,Puttalam,12.54,145.7,1078.0,59.0,51.1,Grass
78,436,Local,11.6,Mild,Lumpy Skin Disease,2.2,Monaragala,12.06,137.8,1084.0,70.4,49.6,Grass
60,369,Ayrshire,13.0,Healthy,None,3.0,Polonnaruwa,10.53,111.8,964.0,64.7,42.5,Grass
81,465,Ayrshire,12.7,Mild,Mastitis,2.7,Kurunegala,12.89,143.6,1307.0,73.1,43.8,Grass
58,491,Jersey,27.4,Healthy,None,3.7,Monaragala,15.02,164.0,1506.0,93.6,44.9,Concentrate
27,479,Local,5.8,Healthy,None,3.1,Matale,12.56,133.5,1126.0,65.9,45.1,Grass
30,424,Ayrshire,9.0,Healthy,None,2.5,Matale,11.5,126.4,1193.0,52.8,43.0,Grass
77,332,Jersey,5.3,Mild,Mastitis,3.2,Polonnaruwa,8.83,94.5,889.0,47.4,33.8,Grass
116,393,Local,8.6,Mild,Lumpy Skin Disease,3.5,Anuradhapura,10.69,114.2,985.0,57.5,30.3,Grass
25,506,Local,17.0,Healthy,None,3.7,Badulla,14.35,157.8,1295.0,83.3,50.9,Mixed
114,367,Local,7.7,Mild,Mastitis,3.2,Kurunegala,9.95,107.3,943.0,50.9,31.0,Grass
117,345,Local,15.2,Healthy,None,2.8,Badulla,10.14,107.4,923.0,62.8,38.4,Mixed
41,446,Friesian,8.1,Healthy,None,3.8,Puttalam,11.96,128.3,1079.0,71.8,45.0,Grass
36,480,Jersey,13.1,Healthy,None,3.3,Anuradhapura,13.31,154.2,1397.0,71.8,45.3,Grass
19,478,Local,7.9,Mild,Mastitis,2.4,Polonnaruwa,12.74,141.7,1100.0,78.6,39.4,Grass
44,530,Local,9.2,Healthy,None,2.9,Puttalam,14.17,161.5,1306.0,67.3,57.4,Grass
110,508,Local,6.7,Healthy,None,3.0,Matale,13.37,147.4,1316.0,61.0,42.4,Grass
68,552,Jersey,3.6,Healthy,None,2.4,Polonnaruwa,14.16,161.5,1425.0,85.7,44.8,Grass
118,263,Jersey,15.4,Healthy,None,3.3,Monaragala,8.12,91.4,811.0,52.1,26.5,Mixed
75,469,Ayrshire,10.0,Mild,Lumpy Skin Disease,2.5,Badulla,12.73,136.8,1249.0,65.5,43.7,Grass
78,506,Local,6.9,Healthy,None,2.8,Badulla,13.34,145.9,1202.0,71.7,38.8,Grass
21,373,Ayrshire,15.2,Healthy,None,3.5,Puttalam,10.85,116.5,968.0,57.6,43.1,Mixed
111,355,Jersey,9.5,Healthy,None,2.4,Monaragala,9.82,105.4,1020.0,47.1,28.9,Grass
27,487,Ayrshire,13.3,Mild,Lumpy Skin Disease,2.6,Kurunegala,13.51,149.3,1181.0,74.1,45.8,Grass
117,400,Jersey,9.4,Healthy,None,3.7,Matale,10.94,122.6,955.0,55.1,39.1,Grass
88,369,Friesian,16.1,Healthy,None,3.1,Matale,10.84,127.1,1103.0,69.5,30.5,Mixed
40,345,Friesian,5.6,Mild,Foot Rot,3.1,Kurunegala,9.19,101.4,958.0,51.8,32.8,Grass
52,344,Local,17.3,Healthy,None,2.8,Puttalam,10.33,119.6,891.0,57.8,41.5,Mixed
77,259,Jersey,18.8,Mild,Mastitis,3.6,Polonnaruwa,8.36,92.1,743.0,52.5,23.9,Mixed
105,255,Friesian,20.3,Healthy,None,3.2,Polonnaruwa,8.41,90.5,746.0,51.9,25.7,Mixed
66,545,Jersey,14.9,Mild,Lumpy Skin Disease,3.7,Matale,15.12,161.9,1369.0,81.5,63.1,Grass
18,526,Jersey,14.2,Severe,Mastitis,2.7,Polonnaruwa,14.57,167.0,1459.0,75.0,42.0,Grass
96,563,Ayrshire,9.8,Healthy,None,3.1,Anuradhapura,15.06,169.9,1502.0,74.5,51.9,Grass
115,502,Jersey,5.5,Healthy,None,2.9,Polonnaruwa,13.1,139.0,1348.0,62.0,43.8,Grass
101,274,Ayrshire,17.5,Severe,Foot Rot,1.9,Puttalam,8.6,99.4,741.0,53.0,32.7,Mixed
68,580,Ayrshire,19.7,Mild,Lumpy Skin Disease,3.6,Matale,16.47,191.4,1582.0,84.1,68.6,Mixed
80,385,Ayrshire,9.7,Healthy,None,3.3,Kurunegala,10.6,121.3,1008.0,59.3,34.2,Grass
71,503,Ayrshire,12.0,Mild,Mastitis,3.6,Matale,13.78,147.7,1322.0,80.3,56.4,Grass
39,554,Friesian,16.9,Healthy,None,2.3,Monaragala,15.54,178.8,1602.0,94.1,64.1,Mixed
48,567,Friesian,14.9,Healthy,None,2.9,Anuradhapura,15.67,175.6,1618.0,88.8,47.7,Grass
62,348,Jersey,12.4,Healthy,None,2.6,Monaragala,9.94,104.5,878.0,51.8,28.4,Grass
65,583,Ayrshire,20.7,Healthy,None,3.5,Polonnaruwa,16.64,195.8,1452.0,104.3,51.9,Mixed
54,418,Friesian,8.3,Healthy,None,2.3,Badulla,11.28,124.4,1073.0,63.3,40.4,Grass
118,356,Jersey,10.1,Mild,Mastitis,3.2,Anuradhapura,9.91,106.5,874.0,61.4,33.2,Grass
93,468,Jersey,13.2,Healthy,None,3.6,Badulla,13.02,145.8,1197.0,78.0,46.3,Grass
47,312,Jersey,15.9,Mild,Lumpy Skin Disease,3.5,Monaragala,9.39,107.8,815.0,58.8,27.0,Mixed
60,556,Local,13.6,Healthy,None,2.3,Anuradhapura,15.26,177.6,1481.0,72.8,43.9,Grass
49,504,Local,11.0,Healthy,None,3.5,Kurunegala,13.7,152.4,1249.0,71.8,41.4,Grass
67,343,Ayrshire,11.7,Healthy,None,3.3,Kurunegala,9.75,109.6,1005.0,50.5,40.8,Grass
93,317,Jersey,10.4,Healthy,None,2.5,Puttalam,8.96,95.0,803.0,49.0,28.0,Grass
34,466,Ayrshire,11.4,Healthy,None,3.2,Puttalam,12.79,136.8,1305.0,73.7,43.0,Grass
31,322,Friesian,8.7,Mild,Lumpy Skin Disease,2.9,Matale,8.92,95.1,902.0,44.2,25.0,Grass
38,587,Ayrshire,7.3,Healthy,None,3.6,Polonnaruwa,15.41,164.6,1329.0,74.5,45.4,Grass
106,367,Ayrshire,10.5,Healthy,None,3.7,Matale,10.23,111.6,925.0,60.8,30.6,Grass
99,303,Ayrshire,19.6,Healthy,None,3.0,Puttalam,9.54,110.6,910.0,51.4,39.0,Mixed
99,321,Ayrshire,7.0,Healthy,None,2.0,Anuradhapura,8.72,102.6,806.0,52.2,34.9,Grass
29,506,Jersey,4.6,Mild,Lumpy Skin Disease,2.3,Kurunegala,13.11,148.4,1291.0,77.4,46.6,Grass
93,342,Friesian,18.9,Healthy,None,3.1,Monaragala,10.44,117.0,990.0,56.0,38.5,Mixed
91,351,Jersey,13.9,Mild,Mastitis,1.9,Monaragala,10.17,114.6,1065.0,54.5,29.8,Grass
97,279,Jersey,6.0,Healthy,None,3.4,Matale,7.58,86.6,745.0,48.7,24.1,Grass
60,575,Ayrshire,13.4,Mild,Foot Rot,2.9,Badulla,15.71,168.9,1567.0,76.1,61.0,Grass
73,494,Jersey,14.8,Healthy,None,3.8,Badulla,13.83,148.3,1380.0,69.6,48.1,Grass
92,336,Ayrshire,10.9,Healthy,None,3.0,Kurunegala,9.49,102.3,955.0,59.3,36.4,Grass
118,549,Local,13.0,Healthy,None,4.2,Matale,15.03,160.9,1333.0,78.2,58.0,Grass
41,430,Local,1.5,Healthy,None,3.3,Matale,10.9,127.0,992.0,52.8,36.8,Grass
115,378,Jersey,11.4,Healthy,None,3.3,Polonnaruwa,10.59,112.4,1100.0,64.4,33.3,Grass
29,397,Jersey,8.7,Healthy,None,3.0,Monaragala,10.79,124.3,1048.0,62.7,36.2,Grass
106,477,Friesian,15.6,Healthy,None,4.5,Monaragala,13.49,148.6,1217.0,83.1,44.2,Mixed
24,547,Ayrshire,16.0,Healthy,None,2.6,Badulla,15.28,164.1,1445.0,77.5,43.6,Mixed
47,564,Friesian,9.9,Healthy,None,2.8,Matale,15.09,173.4,1456.0,75.3,58.4,Grass
97,340,Jersey,3.0,Healthy,None,2.8,Monaragala,8.8,102.0,764.0,56.3,27.4,Grass
18,273,Local,15.7,Severe,Foot Rot,2.4,Puttalam,8.39,89.7,795.0,38.4,28.2,Mixed
32,600,Local,17.2,Mild,Mastitis,3.2,Badulla,16.72,185.9,1567.0,79.6,53.4,Mixed
85,431,Friesian,8.3,Healthy,None,2.9,Puttalam,11.61,126.8,1094.0,56.9,39.4,Grass
72,587,Jersey,20.0,Mild,Foot Rot,3.4,Kurunegala,16.68,177.6,1746.0,104.6,65.1,Mixed
19,579,Ayrshire,12.0,Healthy,None,2.9,Kurunegala,15.68,166.5,1469.0,74.9,48.3,Grass
67,428,Ayrshire,12.4,Mild,Lumpy Skin Disease,2.7,Badulla,11.94,127.2,1194.0,64.7,41.2,Grass
67,517,Ayrshire,1.5,Healthy,None,4.0,Anuradhapura,13.08,144.5,1352.0,59.7,52.3,Grass
119,378,Ayrshire,12.8,Healthy,None,3.2,Puttalam,10.73,126.3,1088.0,67.2,42.2,Grass
59,424,Friesian,11.7,Healthy,None,2.6,Matale,11.77,130.3,1235.0,72.6,41.1,Grass
90,346,Jersey,11.1,Healthy,None,2.2,Polonnaruwa,9.76,104.8,1002.0,49.5,30.3,Grass
52,386,Friesian,23.4,Mild,Mastitis,2.4,Matale,11.99,129.3,1102.0,72.7,46.9,Concentrate
67,543,Ayrshire,6.8,Healthy,None,2.8,Matale,14.26,163.8,1215.0,74.4,45.8,Grass
65,365,Local,18.4,Mild,Mastitis,3.0,Anuradhapura,10.96,121.0,1056.0,55.5,37.9,Mixed
84,472,Ayrshire,5.8,Healthy,None,3.6,Monaragala,12.38,130.2,1289.0,70.5,38.6,Grass
61,570,Ayrshire,15.7,Healthy,None,3.3,Polonnaruwa,15.82,185.5,1400.0,83.6,50.5,Mixed
117,552,Friesian,15.6,Mild,Mastitis,4.2,Puttalam,15.36,172.9,1373.0,85.5,48.6,Mixed
24,406,Local,22.9,Mild,Foot Rot,2.7,Matale,12.44,137.3,1081.0,61.5,43.6,Concentrate
51,391,Jersey,20.1,Healthy,None,3.2,Badulla,11.79,129.9,1091.0,65.8,40.5,Mixed
62,462,Ayrshire,14.5,Mild,Lumpy Skin Disease,2.2,Monaragala,13.0,138.7,1333.0,78.1,43.8,Grass
118,284,Ayrshire,11.1,Mild,Foot Rot,2.6,Kurunegala,8.21,87.1,759.0,45.4,30.0,Grass
25,326,Local,16.1,Healthy,None,3.5,Polonnaruwa,9.76,111.3,942.0,46.1,37.9,Mixed
60,270,Local,1.6,Healthy,None,3.0,Puttalam,6.91,80.1,641.0,35.1,21.6,Grass
114,469,Friesian,17.6,Healthy,None,2.9,Matale,13.49,142.3,1337.0,72.7,55.0,Mixed
83,375,Jersey,15.6,Healthy,None,3.2,Puttalam,10.94,121.7,1026.0,53.8,43.2,Mixed
107,311,Jersey,13.7,Healthy,None,2.9,Badulla,9.14,98.1,852.0,56.8,37.3,Grass
53,291,Friesian,5.9,Mild,Lumpy Skin Disease,2.4,Polonnaruwa,7.87,87.8,749.0,40.6,27.6,Grass
104,556,Friesian,15.5,Healthy,None,3.0,Anuradhapura,15.45,177.3,1490.0,75.8,58.0,Mixed
107,513,Local,11.3,Severe,Mastitis,2.8,Kurunegala,13.96,160.0,1275.0,90.6,45.4,Grass
103,576,Ayrshire,10.5,Healthy,None,3.5,Monaragala,15.45,165.0,1350.0,83.6,48.9,Grass
89,466,Friesian,10.3,Healthy,None,2.3,Anuradhapura,12.68,139.8,1261.0,57.8,42.4,Grass
25,285,Local,15.7,Mild,Foot Rot,2.9,Monaragala,8.7,101.9,857.0,54.5,30.1,Mixed
92,547,Jersey,12.2,Mild,Foot Rot,3.8,Anuradhapura,14.9,172.7,1290.0,96.7,58.8,Grass
80,311,Jersey,11.9,Healthy,None,3.1,Puttalam,8.96,97.8,920.0,44.0,35.2,Grass
29,484,Friesian,6.1,Healthy,None,2.9,Polonnaruwa,12.71,147.0,1159.0,63.9,42.8,Grass
38,265,Jersey,15.0,Mild,Foot Rot,2.2,Badulla,8.12,90.9,845.0,40.3,32.8,Grass
116,371,Ayrshire,13.0,Healthy,None,3.1,Monaragala,10.58,124.7,1027.0,48.0,33.8,Grass
90,562,Local,12.2,Healthy,None,3.5,Matale,15.27,180.1,1481.0,70.7,50.0,Grass
74,347,Friesian,13.7,Healthy,None,3.7,Matale,10.05,118.5,961.0,64.5,32.0,Grass
83,392,Jersey,7.0,Mild,Foot Rot,3.1,Puttalam,10.5,112.3,1076.0,61.5,40.3,Grass
110,525,Friesian,12.4,Healthy,None,2.5,Badulla,14.37,160.3,1488.0,75.8,47.8,Grass
52,589,Jersey,16.8,Mild,Lumpy Skin Disease,4.2,Kurunegala,16.41,191.1,1568.0,102.2,63.4,Mixed
31,444,Ayrshire,11.9,Mild,Foot Rot,3.3,Kurunegala,12.29,143.8,1206.0,77.5,45.7,Grass
60,250,Jersey,12.4,Severe,Mastitis,2.6,Badulla,7.49,79.8,645.0,42.7,22.6,Grass
56,271,Local,2.9,Mild,Mastitis,2.6,Monaragala,7.07,74.5,690.0,32.3,26.1,Grass
26,482,Jersey,5.0,Healthy,None,3.9,Monaragala,12.55,140.4,1218.0,66.9,38.2,Grass
116,401,Ayrshire,11.4,Mild,Lumpy Skin Disease,2.8,Matale,11.17,128.2,956.0,69.3,38.4,Grass
82,587,Ayrshire,16.4,Severe,Mastitis,2.4,Matale,16.32,185.0,1540.0,82.4,47.4,Mixed
18,466,Friesian,8.2,Mild,Lumpy Skin Disease,3.0,Kurunegala,12.47,144.9,1103.0,67.9,41.8,Grass
89,266,Jersey,17.1,Mild,Mastitis,3.3,Puttalam,8.36,94.6,787.0,48.2,32.8,Mixed
42,594,Ayrshire,13.2,Healthy,None,3.0,Badulla,16.17,174.4,1634.0,85.1,60.0,Grass
50,421,Local,14.0,Mild,Mastitis,3.1,Badulla,11.93,128.0,1190.0,60.7,44.5,Grass
36,402,Jersey,6.9,Mild,Lumpy Skin Disease,3.0,Anuradhapura,10.74,115.8,1041.0,60.9,44.2,Grass
46,484,Ayrshire,6.6,Healthy,None,3.0,Monaragala,12.76,137.0,1317.0,72.0,43.0,Grass
108,280,Jersey,9.6,Healthy,None,4.3,Anuradhapura,7.96,90.3,748.0,37.9,30.7,Grass
66,412,Jersey,11.8,Mild,Foot Rot,2.3,Polonnaruwa,11.48,125.1,1057.0,56.8,44.4,Grass
82,290,Local,11.3,Mild,Lumpy Skin Disease,3.3,Polonnaruwa,8.38,95.4,875.0,52.4,33.2,Grass
83,529,Jersey,20.4,Healthy,None,2.7,Polonnaruwa,15.27,177.7,1472.0,99.2,48.1,Mixed
53,454,Local,4.1,Healthy,None,3.4,Monaragala,11.76,126.5,1030.0,63.0,39.2,Grass
77,559,Local,5.1,Healthy,None,2.8,Monaragala,14.49,153.5,1340.0,74.2,57.1,Grass
103,339,Jersey,10.7,Mild,Lumpy Skin Disease,3.0,Matale,9.54,102.5,911.0,46.5,39.6,Grass
97,315,Friesian,15.4,Healthy,None,2.7,Puttalam,9.41,103.7,982.0,60.2,33.8,Mixed
40,346,Ayrshire,10.6,Healthy,None,3.0,Anuradhapura,9.71,114.4,1002.0,62.1,36.1,Grass
93,558,Jersey,12.7,Healthy,None,3.0,Matale,15.22,174.7,1517.0,94.8,51.1,Grass
77,503,Local,14.2,Healthy,None,3.4,Polonnaruwa,14.0,153.8,1409.0,63.3,41.6,Grass
85,338,Friesian,14.0,Healthy,None,3.2,Polonnaruwa,9.85,114.5,887.0,56.3,31.0,Grass
43,558,Jersey,4.1,Severe,Foot Rot,3.0,Kurunegala,14.36,152.4,1505.0,76.2,40.8,Grass
55,402,Friesian,14.4,Mild,Foot Rot,3.4,Badulla,11.49,131.1,1190.0,55.1,42.1,Grass
26,406,Jersey,8.5,Mild,Lumpy Skin Disease,2.7,Anuradhapura,11.0,126.0,1059.0,54.3,32.6,Grass
84,544,Local,9.1,Healthy,None,3.3,Matale,14.51,169.4,1478.0,78.9,41.3,Grass
87,472,Ayrshire,17.2,Mild,Lumpy Skin Disease,2.8,Polonnaruwa,13.52,147.2,1350.0,78.9,51.1,Mixed
19,418,Jersey,16.5,Healthy,None,3.1,Puttalam,12.1,129.9,1110.0,60.1,43.5,Mixed
72,469,Friesian,11.4,Healthy,None,2.9,Matale,12.87,139.5,1327.0,68.2,52.5,Grass
117,529,Friesian,15.7,Healthy,None,3.2,Puttalam,14.8,171.9,1377.0,70.5,41.5,Mixed
102,436,Jersey,23.4,Healthy,None,2.6,Puttalam,13.24,139.1,1288.0,70.4,54.4,Concentrate
91,420,Local,14.6,Healthy,None,2.7,Monaragala,11.96,137.5,1236.0,69.2,46.4,Grass
18,408,Jersey,7.7,Mild,Lumpy Skin Disease,3.0,Kurunegala,10.97,122.2,959.0,52.9,34.2,Grass
102,349,Local,12.7,Mild,Lumpy Skin Disease,4.5,Anuradhapura,9.99,115.9,869.0,46.0,34.8,Grass
100,336,Friesian,11.1,Healthy,None,2.4,Monaragala,9.51,111.9,820.0,50.8,36.7,Grass
102,341,Friesian,13.4,Healthy,None,2.0,Kurunegala,9.87,107.9,962.0,60.9,35.9,Grass
93,351,Local,11.5,Healthy,None,3.0,Monaragala,9.93,110.2,882.0,59.2,39.1,Grass
57,390,Local,16.0,Healthy,None,3.5,Badulla,11.35,128.2,1142.0,62.3,32.2,Mixed
86,462,Jersey,9.5,Mild,Lumpy Skin Disease,2.9,Puttalam,12.5,147.3,1293.0,78.4,47.1,Grass
70,414,Friesian,8.2,Mild,Foot Rot,2.4,Matale,11.17,118.3,1055.0,51.0,45.6,Grass
117,432,Friesian,13.5,Healthy,None,2.4,Kurunegala,12.15,131.3,1193.0,75.7,44.1,Grass
52,430,Local,9.9,Healthy,None,2.5,Matale,11.74,127.2,1140.0,54.6,45.9,Grass
18,426,Ayrshire,14.7,Healthy,None,3.9,Puttalam,12.12,128.5,1209.0,56.9,49.1,Grass
51,388,Local,5.5,Mild,Mastitis,2.1,Monaragala,10.25,115.7,895.0,54.3,38.0,Grass
78,251,Friesian,11.4,Healthy,None,3.0,Polonnaruwa,7.42,83.6,763.0,45.3,28.2,Grass
57,310,Ayrshire,13.1,Severe,Mastitis,2.8,Monaragala,9.06,102.2,913.0,50.7,27.6,Grass
87,262,Jersey,11.0,Healthy,None,3.2,Anuradhapura,7.65,84.2,675.0,48.8,29.3,Grass
83,440,Local,17.2,Mild,Lumpy Skin Disease,2.0,Matale,12.72,144.0,1258.0,57.8,43.5,Mixed
19,327,Local,10.2,Healthy,None,3.1,Badulla,9.2,103.9,844.0,59.3,30.7,Grass
73,557,Jersey,7.4,Mild,Foot Rot,3.9,Anuradhapura,14.67,158.5,1458.0,69.9,42.2,Grass
95,489,Ayrshire,8.8,Healthy,None,3.0,Monaragala,13.11,138.0,1352.0,82.6,50.7,Grass
73,499,Friesian,14.8,Healthy,None,2.7,Anuradhapura,13.96,164.1,1343.0,90.5,39.9,Grass
23,597,Friesian,2.8,Healthy,None,2.8,Polonnaruwa,15.21,171.9,1457.0,90.4,57.3,Grass
46,290,Friesian,17.1,Healthy,None,2.8,Polonnaruwa,8.96,104.1,788.0,47.3,26.3,Mixed
86,391,Ayrshire,7.8,Healthy,None,3.5,Kurunegala,10.55,115.5,1066.0,52.6,39.3,Grass
94,585,Local,10.3,Healthy,None,2.7,Kurunegala,15.65,184.6,1580.0,91.5,47.3,Grass
58,365,Local,12.7,Mild,Lumpy Skin Disease,3.4,Badulla,10.39,115.5,940.0,61.5,33.4,Grass
107,279,Jersey,23.9,Severe,Mastitis,3.4,Monaragala,9.37,99.4,937.0,47.6,36.0,Concentrate
97,543,Ayrshire,17.8,Mild,Foot Rot,2.7,Puttalam,15.36,166.7,1575.0,84.0,51.3,Mixed
34,458,Jersey,6.9,Healthy,None,3.0,Kurunegala,12.14,138.6,1172.0,77.0,40.2,Grass
35,446,Friesian,12.5,Mild,Lumpy Skin Disease,2.5,Kurunegala,12.4,130.5,1147.0,76.0,50.5,Grass
45,448,Local,11.1,Healthy,None,3.2,Anuradhapura,12.31,144.1,1059.0,61.2,41.3,Grass
73,254,Ayrshire,13.8,Healthy,None,3.3,Polonnaruwa,7.73,88.5,794.0,36.1,28.5,Grass
19,569,Friesian,13.5,Healthy,None,2.7,Monaragala,15.58,168.0,1338.0,73.8,47.2,Grass
112,371,Friesian,9.4,Healthy,None,2.4,Monaragala,10.21,109.0,992.0,52.9,38.4,Grass
76,439,Local,20.9,Mild,Lumpy Skin Disease,3.0,Puttalam,13.07,141.2,1140.0,75.8,40.0,Mixed
23,275,Local,10.9,Healthy,None,2.5,Polonnaruwa,7.96,92.5,750.0,50.4,32.8,Grass
102,414,Ayrshire,26.7,Mild,Foot Rot,2.5,Matale,13.02,146.7,1142.0,66.9,50.1,Concentrate
54,396,Ayrshire,9.9,Healthy,None,3.2,Matale,10.89,115.6,1047.0,62.7,32.3,Grass
94,449,Ayrshire,15.0,Healthy,None,3.5,Polonnaruwa,12.73,142.4,1154.0,78.6,40.7,Grass
68,457,Jersey,21.0,Mild,Foot Rot,3.3,Kurunegala,13.53,156.0,1250.0,64.2,49.6,Mixed
58,458,Local,6.7,Healthy,None,2.9,Polonnaruwa,12.12,142.5,1129.0,74.2,48.2,Grass
87,466,Friesian,13.5,Healthy,None,4.0,Puttalam,13.0,141.5,1330.0,62.5,44.1,Grass
20,317,Jersey,5.0,Healthy,None,3.6,Anuradhapura,8.43,99.4,778.0,44.1,24.4,Grass
105,252,Friesian,12.9,Healthy,None,3.4,Kurunegala,7.59,86.4,742.0,35.5,26.5,Grass
58,466,Friesian,11.5,Healthy,None,2.6,Kurunegala,12.8,141.7,1104.0,60.9,40.4,Grass
44,375,Ayrshire,15.8,Healthy,None,3.3,Badulla,10.96,123.2,944.0,57.5,34.7,Mixed
64,359,Friesian,16.9,Mild,Lumpy Skin Disease,3.0,Badulla,10.66,121.6,1117.0,57.9,30.7,Mixed
76,313,Friesian,9.0,Mild,Foot Rot,2.2,Polonnaruwa,8.72,98.8,834.0,46.8,33.5,Grass
109,457,Jersey,16.1,Healthy,None,3.2,Badulla,13.04,143.5,1140.0,64.8,52.6,Mixed
95,503,Ayrshire,7.2,Healthy,None,2.7,Puttalam,13.3,149.3,1236.0,85.2,44.2,Grass
24,345,Jersey,9.7,Severe,Foot Rot,2.3,Anuradhapura,9.6,106.8,907.0,57.2,34.2,Grass
18,578,Friesian,7.9,Healthy,None,2.4,Anuradhapura,15.24,163.3,1479.0,81.8,47.8,Grass
36,559,Local,9.9,Healthy,None,2.6,Polonnaruwa,14.97,170.5,1335.0,97.3,50.4,Grass
23,345,Jersey,3.9,Healthy,None,4.0,Puttalam,9.02,103.7,914.0,57.5,36.6,Grass
66,566,Jersey,18.3,Healthy,None,2.6,Anuradhapura,15.98,176.9,1652.0,91.8,60.6,Mixed
110,523,Ayrshire,13.4,Mild,Mastitis,3.2,Badulla,14.42,154.0,1424.0,65.5,42.3,Grass
18,283,Local,18.0,Healthy,None,2.6,Anuradhapura,8.88,95.9,897.0,49.1,28.5,Mixed
56,503,Friesian,17.5,Healthy,None,2.7,Polonnaruwa,14.33,160.3,1473.0,64.7,53.6,Mixed
59,293,Ayrshire,5.3,Mild,Foot Rot,3.4,Polonnaruwa,7.86,86.0,809.0,36.3,32.2,Grass
73,541,Friesian,18.5,Healthy,None,4.3,Monaragala,15.38,180.7,1346.0,69.3,61.0,Mixed
54,375,Jersey,6.0,Mild,Mastitis,3.3,Anuradhapura,9.97,114.7,934.0,57.3,38.8,Grass
81,480,Local,10.0,Healthy,None,3.4,Kurunegala,13.0,139.9,1125.0,81.6,45.6,Grass
68,455,Ayrshire,4.6,Mild,Mastitis,2.4,Anuradhapura,11.84,138.6,1111.0,58.2,39.1,Grass
66,267,Ayrshire,8.1,Healthy,None,3.0,Kurunegala,7.49,80.3,712.0,38.3,27.6,Grass
111,269,Local,8.8,Mild,Lumpy Skin Disease,3.3,Badulla,7.61,87.1,667.0,41.8,21.5,Grass
73,492,Ayrshire,17.1,Healthy,None,3.3,Monaragala,14.01,154.9,1309.0,73.4,57.4,Mixed
73,331,Friesian,20.1,Mild,Mastitis,3.2,Badulla,10.29,117.5,914.0,56.8,43.0,Mixed
119,456,Ayrshire,5.9,Severe,Foot Rot,3.7,Badulla,11.99,127.0,1157.0,60.4,43.6,Grass
93,356,Friesian,9.0,Healthy,None,3.5,Badulla,9.8,105.7,948.0,59.2,36.8,Grass
91,527,Ayrshire,19.9,Mild,Foot Rot,3.2,Kurunegala,15.17,174.9,1368.0,96.0,53.2,Mixed
93,567,Ayrshire,4.5,Mild,Mastitis,2.5,Monaragala,14.62,170.0,1417.0,89.2,45.2,Grass
71,473,Ayrshire,18.6,Healthy,None,2.9,Kurunegala,13.69,146.1,1225.0,77.8,55.5,Mixed
34,301,Jersey,12.4,Mild,Foot Rot,3.4,Monaragala,8.77,100.1,900.0,53.6,25.5,Grass
31,418,Ayrshire,15.5,Healthy,None,3.1,Badulla,12.0,131.3,1080.0,54.1,34.8,Mixed
75,473,Jersey,11.0,Healthy,None,2.8,Puttalam,12.93,139.0,1252.0,71.9,52.8,Grass
56,338,Jersey,16.3,Healthy,None,3.3,Matale,10.08,115.2,1007.0,59.4,29.1,Mixed
117,506,Jersey,10.7,Severe,Mastitis,3.5,Polonnaruwa,13.72,147.7,1310.0,76.7,47.7,Grass
102,529,Ayrshire,11.4,Healthy,None,2.6,Badulla,14.37,160.6,1332.0,66.9,54.9,Grass
110,380,Ayrshire,8.2,Healthy,None,2.5,Polonnaruwa,10.32,114.6,1079.0,58.8,42.9,Grass
68,262,Ayrshire,10.6,Healthy,None,3.6,Anuradhapura,7.61,86.7,742.0,42.9,29.8,Grass
104,527,Jersey,8.0,Severe,Foot Rot,3.1,Kurunegala,13.98,162.4,1313.0,68.5,54.9,Grass
87,280,Jersey,8.7,Healthy,None,2.9,Polonnaruwa,7.87,86.6,690.0,37.0,25.6,Grass
111,480,Local,4.4,Severe,Lumpy Skin Disease,2.9,Monaragala,12.44,138.7,1288.0,79.5,40.4,Grass
115,433,Local,11.0,Healthy,None,3.3,Kurunegala,11.93,140.6,1055.0,64.9,38.0,Grass
24,447,Local,13.1,Healthy,None,2.4,Badulla,12.49,143.9,1165.0,69.5,37.3,Grass
25,432,Friesian,17.4,Healthy,None,3.1,Monaragala,12.54,137.4,1147.0,60.3,50.8,Mixed
56,383,Friesian,13.0,Mild,Foot Rot,3.0,Monaragala,10.88,122.9,1128.0,49.1,42.7,Grass
43,353,Local,9.4,Severe,Lumpy Skin Disease,3.1,Monaragala,9.77,102.8,982.0,60.3,38.6,Grass
23,282,Local,14.4,Healthy,None,2.1,Polonnaruwa,8.49,91.9,755.0,53.2,27.3,Grass
37,358,Local,9.3,Healthy,None,2.9,Badulla,9.88,104.3,977.0,58.9,35.1,Grass
86,364,Friesian,13.3,Severe,Lumpy Skin Disease,3.6,Monaragala,10.43,119.6,931.0,60.9,29.4,Grass
73,576,Friesian,8.1,Mild,Lumpy Skin Disease,2.8,Puttalam,15.21,171.5,1557.0,96.4,61.7,Grass
35,389,Ayrshire,9.4,Severe,Foot Rot,2.6,Kurunegala,10.67,115.8,952.0,56.3,33.9,Grass
56,412,Friesian,10.3,Healthy,None,3.4,Matale,11.33,124.2,1138.0,68.0,39.5,Grass
19,543,Ayrshire,6.7,Healthy,None,3.2,Polonnaruwa,14.25,161.5,1275.0,71.3,40.3,Grass
92,571,Friesian,3.5,Healthy,None,2.7,Anuradhapura,14.62,172.2,1243.0,86.8,46.1,Grass
101,272,Jersey,10.4,Severe,Lumpy Skin Disease,3.8,Polonnaruwa,7.84,91.6,761.0,47.2,25.6,Grass
96,258,Local,10.6,Healthy,None,1.9,Badulla,7.51,81.9,644.0,35.2,28.9,Grass
76,491,Ayrshire,2.0,Healthy,None,3.0,Polonnaruwa,12.47,138.4,1212.0,79.9,36.9,Grass
26,512,Local,15.1,Mild,Foot Rot,3.2,Badulla,14.31,160.0,1262.0,64.5,50.5,Mixed
34,560,Ayrshire,12.8,Mild,Foot Rot,3.6,Matale,15.28,177.8,1512.0,93.4,48.7,Grass
71,331,Jersey,9.3,Healthy,None,3.4,Polonnaruwa,9.21,99.3,962.0,49.4,35.3,Grass
110,530,Local,3.8,Mild,Lumpy Skin Disease,2.5,Anuradhapura,13.63,146.1,1273.0,74.4,55.9,Grass
30,477,Jersey,3.0,Mild,Lumpy Skin Disease,2.9,Badulla,12.23,134.8,1246.0,60.3,50.8,Grass
29,440,Friesian,11.8,Severe,Foot Rot,3.1,Anuradhapura,12.18,142.5,1230.0,57.0,43.3,Grass
55,325,Local,12.3,Mild,Lumpy Skin Disease,2.5,Puttalam,9.36,105.1,873.0,52.4,37.2,Grass
37,370,Jersey,11.0,Healthy,None,2.3,Matale,10.35,110.6,1015.0,49.0,38.0,Grass
21,327,Jersey,18.8,Healthy,None,2.8,Monaragala,10.06,114.5,970.0,46.0,39.6,Mixed
72,411,Ayrshire,9.6,Mild,Foot Rot,3.8,Polonnaruwa,11.23,125.8,1098.0,51.8,45.4,Grass
77,478,Ayrshire,5.8,Mild,Mastitis,2.4,Matale,12.53,141.8,1177.0,68.8,40.6,Grass
85,289,Friesian,6.5,Mild,Foot Rot,3.0,Puttalam,7.88,84.9,751.0,41.0,22.8,Grass
95,279,Ayrshire,14.2,Healthy,None,3.4,Monaragala,8.39,98.9,841.0,48.3,25.5,Grass
88,357,Ayrshire,24.9,Healthy,None,1.9,Kurunegala,11.42,126.5,1018.0,51.9,34.5,Concentrate
105,495,Local,15.0,Healthy,None,2.7,Badulla,13.88,150.0,1291.0,65.5,41.1,Grass
118,591,Friesian,9.1,Healthy,None,2.7,Anuradhapura,15.69,171.6,1361.0,98.2,55.9,Grass
90,581,Local,7.5,Mild,Mastitis,3.8,Puttalam,15.28,170.6,1340.0,93.5,56.7,Grass
18,455,Local,16.2,Mild,Foot Rot,3.0,Puttalam,13.0,137.1,1136.0,70.3,38.8,Mixed
117,325,Jersey,18.8,Healthy,None,2.2,Badulla,10.01,113.0,897.0,50.5,37.9,Mixed
73,588,Ayrshire,5.3,Healthy,None,1.9,Puttalam,15.23,168.9,1309.0,90.3,43.6,Grass
59,485,Local,8.5,Mild,Foot Rot,3.1,Puttalam,12.97,150.8,1361.0,63.3,42.7,Grass
19,499,Local,12.5,Healthy,None,3.1,Anuradhapura,13.73,146.0,1214.0,83.9,55.7,Grass
30,415,Ayrshire,4.9,Healthy,None,3.4,Kurunegala,10.87,114.7,1107.0,55.8,40.7,Grass
63,315,Friesian,13.2,Healthy,None,3.4,Badulla,9.2,104.0,906.0,55.0,32.4,Grass
53,384,Friesian,2.5,Healthy,None,3.2,Kurunegala,9.85,116.0,943.0,46.4,28.6,Grass
57,497,Friesian,6.1,Mild,Foot Rot,2.8,Polonnaruwa,13.04,138.7,1148.0,64.6,48.3,Grass
24,351,Local,14.7,Healthy,None,3.0,Monaragala,10.25,113.5,938.0,61.5,40.5,Grass
86,558,Friesian,7.7,Mild,Foot Rot,3.0,Kurunegala,14.72,166.8,1510.0,79.5,50.4,Grass
36,368,Ayrshire,4.3,Mild,Foot Rot,3.6,Puttalam,9.63,104.5,901.0,49.0,32.5,Grass
91,400,Friesian,11.0,Severe,Mastitis,3.6,Monaragala,11.1,128.4,1037.0,69.0,45.9,Grass
20,283,Local,9.4,Healthy,None,2.7,Badulla,8.02,85.6,733.0,39.6,28.1,Grass
44,310,Ayrshire,8.2,Healthy,None,3.4,Badulla,8.57,95.5,806.0,54.3,31.2,Grass
103,325,Local,8.5,Healthy,None,3.3,Kurunegala,8.97,100.1,935.0,54.3,27.7,Grass
35,539,Friesian,10.1,Healthy,None,2.0,Monaragala,14.49,159.1,1436.0,74.0,43.9,Grass
47,366,Jersey,9.1,Healthy,None,2.4,Badulla,10.06,110.5,1055.0,52.8,35.9,Grass
112,380,Jersey,12.2,Healthy,None,2.4,Polonnaruwa,10.72,123.7,916.0,58.2,33.1,Grass
119,446,Local,16.6,Mild,Lumpy Skin Disease,3.0,Matale,12.81,137.4,1120.0,76.7,46.1,Mixed
54,582,Friesian,11.1,Severe,Lumpy Skin Disease,3.3,Kurunegala,15.66,169.9,1623.0,99.6,46.4,Grass
74,251,Ayrshire,16.8,Healthy,None,3.0,Matale,7.96,85.3,703.0,44.0,23.3,Mixed
88,286,Ayrshire,8.1,Mild,Mastitis,2.1,Puttalam,7.96,85.9,798.0,49.2,29.7,Grass
107,279,Ayrshire,8.6,Mild,Mastitis,2.7,Anuradhapura,7.84,89.4,794.0,39.8,30.0,Grass
93,314,Local,12.5,Healthy,None,2.8,Monaragala,9.1,103.1,817.0,44.6,37.4,Grass
37,467,Ayrshire,15.4,Severe,Foot Rot,2.7,Anuradhapura,13.21,139.2,1315.0,74.9,50.1,Mixed
32,535,Jersey,11.7,Healthy,None,3.6,Puttalam,14.54,161.2,1272.0,87.1,60.9,Grass
73,289,Friesian,13.7,Healthy,None,3.0,Kurunegala,8.6,93.8,799.0,42.8,26.2,Grass
35,315,Jersey,9.0,Mild,Mastitis,2.7,Anuradhapura,8.78,95.3,850.0,40.2,35.6,Grass
110,474,Local,7.7,Healthy,None,2.7,Puttalam,12.62,147.1,1196.0,72.4,35.6,Grass
75,564,Friesian,15.8,Healthy,None,2.9,Kurunegala,15.68,177.6,1419.0,83.2,49.9,Mixed
96,334,Jersey,5.3,Healthy,None,3.9,Polonnaruwa,8.88,103.1,766.0,45.4,29.8,Grass
73,407,Jersey,13.6,Mild,Lumpy Skin Disease,2.3,Anuradhapura,11.54,133.4,1006.0,60.8,40.2,Grass
66,361,Friesian,9.8,Healthy,None,3.1,Matale,10.01,115.3,922.0,63.2,33.4,Grass
99,421,Ayrshire,20.5,Healthy,None,2.4,Polonnaruwa,12.58,134.7,1115.0,73.9,41.8,Mixed
29,402,Friesian,16.9,Healthy,None,3.7,Kurunegala,11.74,137.4,1225.0,74.4,41.9,Mixed
40,421,Ayrshire,8.9,Healthy,None,2.9,Monaragala,11.42,130.6,1018.0,72.8,47.5,Grass
54,599,Ayrshire,6.8,Mild,Lumpy Skin Disease,2.9,Kurunegala,15.66,174.2,1388.0,99.0,48.9,Grass
56,490,Jersey,11.8,Severe,Mastitis,3.3,Kurunegala,13.43,145.4,1239.0,70.6,51.5,Grass
65,496,Ayrshire,17.5,Healthy,None,2.6,Matale,14.15,152.2,1304.0,66.9,53.4,Mixed
76,519,Local,2.2,Healthy,None,3.0,Kurunegala,13.2,144.0,1139.0,82.5,37.1,Grass
92,414,Ayrshire,13.5,Healthy,None,3.1,Badulla,11.7,130.4,1096.0,54.9,35.9,Grass
85,441,Friesian,10.4,Healthy,None,3.1,Anuradhapura,12.07,138.1,1155.0,77.6,35.2,Grass
92,293,Ayrshire,19.6,Healthy,None,3.2,Badulla,9.29,98.3,832.0,50.7,31.4,Mixed
31,257,Local,10.1,Mild,Mastitis,2.7,Matale,7.44,83.4,647.0,42.6,25.1,Grass
58,466,Ayrshire,11.2,Healthy,None,3.8,Monaragala,12.77,146.7,1300.0,67.8,45.6,Grass
18,323,Local,11.1,Mild,Foot Rot,3.0,Polonnaruwa,9.19,98.9,951.0,54.6,30.5,Grass
40,350,Friesian,9.6,Healthy,None,3.5,Monaragala,9.71,102.6,863.0,47.3,34.0,Grass
60,581,Ayrshire,21.8,Severe,Mastitis,3.2,Kurunegala,16.71,190.1,1726.0,79.8,53.5,Mixed
30,398,Jersey,12.4,Healthy,None,3.0,Badulla,11.19,123.4,959.0,57.4,35.3,Grass
93,539,Jersey,0.1,Healthy,None,3.4,Badulla,13.49,158.9,1255.0,84.8,41.7,Grass
84,322,Jersey,12.7,Healthy,None,3.2,Matale,9.32,99.5,799.0,60.4,29.1,Grass
34,344,Jersey,8.4,Healthy,None,2.8,Matale,9.44,103.8,926.0,44.3,35.2,Grass
114,273,Friesian,9.9,Healthy,None,3.5,Anuradhapura,7.82,84.2,748.0,38.5,28.2,Grass
47,578,Jersey,10.1,Healthy,None,4.0,Anuradhapura,15.46,172.7,1609.0,73.2,47.9,Grass
111,556,Ayrshire,14.2,Healthy,None,2.4,Anuradhapura,15.32,178.0,1510.0,79.2,47.5,Grass
82,454,Ayrshire,11.4,Mild,Lumpy Skin Disease,2.7,Matale,12.49,141.0,1169.0,56.3,39.6,Grass
73,469,Jersey,1.0,Healthy,None,3.8,Puttalam,11.83,135.7,1178.0,67.0,39.0,Grass
114,482,Local,15.5,Healthy,None,3.3,Badulla,13.6,158.1,1222.0,79.2,48.6,Mixed
64,340,Local,12.8,Mild,Lumpy Skin Disease,2.3,Puttalam,9.78,107.8,983.0,50.6,29.8,Grass
69,439,Ayrshire,9.6,Healthy,None,3.4,Polonnaruwa,11.94,126.4,1131.0,75.2,49.5,Grass
118,376,Friesian,6.7,Healthy,None,1.7,Polonnaruwa,10.07,111.2,916.0,50.7,39.2,Grass
46,377,Local,10.9,Mild,Foot Rot,2.9,Polonnaruwa,10.52,115.5,955.0,56.6,44.1,Grass
115,451,Local,12.7,Mild,Foot Rot,3.4,Puttalam,12.54,135.5,1118.0,71.0,47.2,Grass
34,574,Ayrshire,15.2,Mild,Mastitis,3.1,Puttalam,15.87,172.6,1627.0,93.9,66.4,Mixed
93,327,Ayrshire,18.0,Healthy,None,2.2,Puttalam,9.98,111.0,880.0,54.0,37.0,Mixed
43,570,Jersey,14.5,Healthy,None,3.3,Badulla,15.7,169.2,1542.0,83.5,51.2,Grass
72,376,Friesian,5.8,Healthy,None,2.2,Matale,9.98,106.1,994.0,47.8,35.8,Grass
99,371,Friesian,8.3,Healthy,None,2.7,Puttalam,10.11,110.8,905.0,64.6,29.5,Grass
118,513,Jersey,15.8,Mild,Mastitis,2.7,Puttalam,14.41,151.9,1232.0,88.1,49.9,Mixed
25,491,Jersey,7.7,Mild,Mastitis,2.7,Matale,13.04,152.9,1180.0,74.7,51.4,Grass
109,259,Jersey,17.6,Healthy,None,3.0,Polonnaruwa,8.24,89.5,735.0,39.3,24.5,Mixed
68,350,Ayrshire,11.1,Mild,Lumpy Skin Disease,2.9,Matale,9.86,108.6,902.0,49.9,29.6,Grass
99,334,Local,18.5,Mild,Lumpy Skin Disease,2.6,Kurunegala,10.2,111.7,950.0,64.6,31.3,Mixed
76,321,Ayrshire,18.6,Healthy,None,3.1,Badulla,9.89,108.9,954.0,54.5,36.9,Mixed
32,342,Local,11.2,Mild,Lumpy Skin Disease,4.3,Badulla,9.67,110.6,932.0,45.2,32.6,Grass
21,460,Jersey,6.7,Healthy,None,2.8,Anuradhapura,12.17,131.3,1061.0,57.3,40.7,Grass
62,542,Friesian,5.8,Healthy,None,3.5,Kurunegala,14.13,162.6,1271.0,80.6,54.0,Grass
115,291,Jersey,20.4,Healthy,None,3.8,Monaragala,9.32,101.2,843.0,50.8,34.8,Mixed
79,586,Jersey,18.1,Severe,Lumpy Skin Disease,2.9,Monaragala,16.46,184.2,1432.0,75.6,59.1,Mixed
106,385,Friesian,10.2,Mild,Mastitis,2.2,Polonnaruwa,10.64,123.7,1009.0,52.5,30.9,Grass
87,296,Friesian,22.2,Healthy,None,3.2,Kurunegala,9.62,113.2,929.0,57.0,35.9,Concentrate
116,262,Friesian,9.5,Mild,Foot Rot,3.7,Matale,7.5,87.5,662.0,47.4,22.6,Grass
71,463,Friesian,7.1,Healthy,None,3.2,Matale,12.29,137.7,1053.0,79.0,49.5,Grass
23,376,Ayrshire,11.1,Healthy,None,3.3,Polonnaruwa,10.51,123.4,1055.0,52.7,42.6,Grass
56,533,Ayrshire,11.7,Mild,Mastitis,2.3,Matale,14.5,156.2,1290.0,77.6,54.7,Grass
103,299,Local,12.4,Mild,Foot Rot,3.5,Monaragala,8.71,92.6,901.0,45.9,25.4,Grass
79,300,Friesian,11.9,Mild,Mastitis,3.4,Polonnaruwa,8.69,93.5,762.0,51.4,31.4,Grass
20,319,Ayrshire,6.8,Severe,Foot Rot,3.0,Badulla,8.66,100.7,764.0,55.1,31.0,Grass
29,398,Friesian,8.9,Healthy,None,3.4,Puttalam,10.84,125.7,1021.0,62.5,35.2,Grass
107,288,Jersey,12.2,Severe,Lumpy Skin Disease,3.3,Anuradhapura,8.42,97.7,778.0,44.3,33.7,Grass
95,286,Jersey,17.4,Healthy,None,3.3,Kurunegala,8.89,104.5,762.0,51.3,28.6,Mixed
102,444,Friesian,13.4,Mild,Lumpy Skin Disease,2.5,Kurunegala,12.44,133.4,1217.0,58.9,39.8,Grass
27,371,Friesian,12.0,Severe,Mastitis,2.7,Anuradhapura,10.48,114.6,977.0,61.1,43.5,Grass
67,284,Local,10.3,Healthy,None,2.8,Badulla,8.13,94.0,746.0,52.8,24.8,Grass
81,409,Friesian,7.1,Healthy,None,2.0,Badulla,10.94,123.9,992.0,65.0,31.6,Grass
77,548,Ayrshire,8.7,Healthy,None,3.1,Matale,14.57,170.3,1343.0,76.9,46.6,Grass
94,363,Friesian,5.3,Healthy,None,3.0,Puttalam,9.61,102.2,1007.0,56.7,31.5,Grass
62,589,Local,21.5,Healthy,None,3.5,Anuradhapura,16.88,185.2,1605.0,105.9,67.4,Mixed
75,576,Friesian,20.2,Healthy,None,3.2,Kurunegala,16.42,180.7,1439.0,95.3,55.3,Mixed
51,445,Friesian,17.8,Healthy,None,2.6,Polonnaruwa,12.91,146.7,1119.0,80.3,48.0,Mixed
32,363,Friesian,8.8,Severe,Lumpy Skin Disease,1.6,Kurunegala,9.96,111.2,1037.0,53.2,30.4,Grass
118,512,Local,17.9,Mild,Mastitis,3.8,Puttalam,14.59,169.8,1241.0,84.3,57.5,Mixed
87,556,Friesian,9.2,Mild,Mastitis,2.9,Anuradhapura,14.82,165.0,1419.0,66.9,50.0,Grass
82,306,Friesian,8.2,Healthy,None,3.2,Anuradhapura,8.47,97.7,747.0,42.0,30.3,Grass
40,534,Jersey,17.6,Healthy,None,2.1,Polonnaruwa,15.11,169.2,1427.0,94.2,53.4,Mixed
95,552,Ayrshire,14.0,Healthy,None,2.9,Matale,15.2,165.0,1304.0,91.2,48.3,Grass
120,309,Jersey,12.6,Healthy,None,3.2,Kurunegala,8.99,103.5,891.0,57.3,29.5,Grass
117,410,Jersey,11.1,Healthy,None,2.9,Matale,11.36,130.8,1066.0,54.4,44.0,Grass
93,317,Friesian,10.9,Mild,Lumpy Skin Disease,3.5,Puttalam,9.02,98.1,882.0,57.5,29.8,Grass
89,270,Local,14.1,Healthy,None,3.1,Polonnaruwa,8.16,86.0,845.0,37.0,23.7,Grass
31,568,Ayrshire,5.6,Severe,Foot Rot,2.8,Monaragala,14.76,173.1,1326.0,68.7,48.2,Grass
34,511,Friesian,16.5,Severe,Lumpy Skin Disease,3.0,Badulla,14.43,156.9,1387.0,88.0,46.2,Mixed
34,531,Friesian,15.3,Healthy,None,3.9,Puttalam,14.8,167.7,1458.0,94.0,46.1,Mixed
46,426,Local,17.2,Severe,Foot Rot,3.0,Matale,12.37,140.2,1291.0,72.3,38.6,Mixed
92,309,Jersey,9.4,Healthy,None,1.7,Anuradhapura,8.67,100.3,845.0,54.7,29.7,Grass
110,456,Friesian,11.2,Healthy,None,2.8,Polonnaruwa,12.52,136.9,1145.0,65.0,43.7,Grass
93,542,Ayrshire,14.0,Mild,Mastitis,2.9,Monaragala,14.95,167.6,1354.0,84.5,57.3,Grass
71,558,Local,10.4,Healthy,None,2.1,Monaragala,14.99,158.3,1364.0,94.3,52.9,Grass
87,469,Friesian,7.3,Healthy,None,3.2,Puttalam,12.46,142.6,1156.0,66.5,39.1,Grass
114,389,Ayrshire,20.6,Healthy,None,3.0,Anuradhapura,11.79,124.5,1096.0,56.4,39.9,Mixed
71,589,Friesian,13.6,Healthy,None,3.5,Matale,16.09,187.7,1387.0,83.9,59.4,Grass
53,349,Local,7.9,Mild,Foot Rot,3.2,Polonnaruwa,9.52,107.6,931.0,59.0,30.6,Grass
76,505,Jersey,8.3,Healthy,None,3.4,Badulla,13.46,156.7,1147.0,68.2,41.2,Grass
36,378,Jersey,12.8,Healthy,None,3.1,Anuradhapura,10.73,119.8,1077.0,54.2,36.9,Grass
57,306,Ayrshire,8.1,Healthy,None,3.4,Polonnaruwa,8.46,99.2,786.0,39.9,30.0,Grass
76,394,Friesian,22.4,Healthy,None,2.5,Anuradhapura,12.09,140.1,1164.0,63.6,36.6,Concentrate
65,481,Friesian,10.3,Healthy,None,3.1,Badulla,13.05,150.0,1167.0,62.5,51.1,Grass
94,399,Ayrshire,15.9,Healthy,None,2.7,Anuradhapura,11.57,124.8,1003.0,66.9,47.3,Mixed
85,448,Jersey,0.0,Healthy,None,3.7,Badulla,11.2,117.9,1138.0,64.0,37.5,Grass
97,557,Friesian,15.8,Healthy,None,2.1,Anuradhapura,15.51,164.9,1410.0,74.7,46.4,Mixed
21,404,Friesian,9.0,Healthy,None,3.8,Anuradhapura,11.0,123.2,1104.0,69.4,36.3,Grass
93,340,Local,19.2,Healthy,None,3.5,Anuradhapura,10.42,112.3,1065.0,64.3,35.0,Mixed
63,266,Jersey,11.1,Healthy,None,3.0,Monaragala,7.76,83.8,684.0,35.6,27.5,Grass
63,253,Jersey,11.3,Healthy,None,3.6,Badulla,7.46,82.4,734.0,34.3,26.9,Grass
49,358,Ayrshire,7.6,Healthy,None,2.6,Badulla,9.71,108.1,920.0,55.4,27.2,Grass
20,344,Ayrshire,17.1,Healthy,None,3.0,Badulla,10.31,113.3,914.0,53.4,39.2,Mixed
53,502,Friesian,18.9,Healthy,None,2.7,Matale,14.44,158.5,1507.0,73.9,55.1,Mixed
97,323,Jersey,11.7,Healthy,None,2.5,Badulla,9.25,106.7,850.0,56.5,28.7,Grass
47,292,Local,12.0,Mild,Lumpy Skin Disease,2.3,Puttalam,8.5,94.4,855.0,51.3,27.2,Grass
55,475,Ayrshire,9.6,Mild,Lumpy Skin Disease,2.3,Polonnaruwa,12.84,135.0,1281.0,73.6,52.9,Grass
43,596,Friesian,15.5,Severe,Foot Rot,3.4,Polonnaruwa,16.45,182.4,1562.0,105.9,62.4,Mixed
25,426,Jersey,3.3,Mild,Foot Rot,3.7,Anuradhapura,10.98,128.1,1025.0,52.2,42.8,Grass
88,294,Ayrshire,24.5,Healthy,None,3.0,Anuradhapura,9.8,103.6,963.0,59.7,36.0,Concentrate
34,375,Friesian,8.8,Mild,Lumpy Skin Disease,4.4,Badulla,10.26,114.1,984.0,65.2,29.1,Grass
79,573,Local,5.4,Healthy,None,3.0,Polonnaruwa,14.87,160.9,1309.0,87.3,44.2,Grass
92,329,Friesian,12.9,Mild,Lumpy Skin Disease,3.7,Puttalam,9.52,110.1,908.0,48.3,33.5,Grass
46,504,Friesian,13.8,Healthy,None,2.8,Badulla,13.98,162.2,1358.0,68.3,39.9,Grass
49,482,Ayrshire,7.2,Mild,Mastitis,2.8,Anuradhapura,12.77,143.5,1223.0,80.7,38.4,Grass
107,287,Jersey,7.0,Healthy,None,3.0,Puttalam,7.88,87.2,764.0,45.3,31.5,Grass
96,356,Jersey,9.2,Severe,Foot Rot,2.3,Badulla,9.82,112.2,855.0,57.1,30.3,Grass
81,461,Ayrshire,18.3,Healthy,None,2.8,Kurunegala,13.36,155.6,1227.0,65.7,47.2,Mixed
30,300,Ayrshire,5.7,Mild,Mastitis,2.9,Polonnaruwa,8.07,93.3,816.0,39.0,27.4,Grass
41,470,Local,12.3,Mild,Mastitis,2.1,Polonnaruwa,12.98,151.0,1199.0,79.3,45.2,Grass
58,426,Jersey,13.7,Severe,Mastitis,2.5,Monaragala,12.02,133.9,1222.0,70.3,38.9,Grass
67,564,Local,20.6,Severe,Lumpy Skin Disease,3.3,Polonnaruwa,16.16,180.8,1539.0,91.7,48.9,Mixed
120,545,Ayrshire,10.0,Mild,Mastitis,2.6,Puttalam,14.62,153.9,1362.0,69.8,41.1,Grass
92,316,Local,11.5,Healthy,None,3.3,Kurunegala,9.05,101.3,830.0,42.7,35.7,Grass
71,314,Local,11.9,Mild,Foot Rot,2.9,Kurunegala,9.04,100.7,876.0,44.9,29.4,Grass
96,475,Jersey,12.3,Healthy,None,2.7,Polonnaruwa,13.11,152.6,1342.0,60.9,47.3,Grass
73,586,Ayrshire,10.3,Severe,Mastitis,2.0,Monaragala,15.68,167.6,1394.0,98.6,54.0,Grass
106,592,Friesian,16.9,Healthy,None,3.1,Anuradhapura,16.49,180.5,1564.0,92.9,66.0,Mixed
65,309,Ayrshire,8.1,Mild,Mastitis,3.9,Kurunegala,8.54,94.8,761.0,49.5,30.2,Grass
55,481,Jersey,12.4,Mild,Mastitis,2.5,Matale,13.27,147.0,1322.0,63.9,38.2,Grass
107,388,Ayrshire,16.3,Healthy,None,3.2,Puttalam,11.33,132.6,1074.0,68.3,38.8,Mixed
43,458,Jersey,14.0,Mild,Foot Rot,2.8,Monaragala,12.85,142.0,1093.0,59.6,38.5,Grass
37,263,Friesian,14.3,Mild,Foot Rot,2.9,Monaragala,8.01,91.1,728.0,50.8,23.8,Grass
50,528,Jersey,14.8,Healthy,None,2.0,Kurunegala,14.68,168.5,1372.0,79.3,52.9,Grass
119,510,Jersey,9.8,Severe,Foot Rot,3.9,Badulla,13.73,153.8,1278.0,81.7,50.7,Grass
44,445,Friesian,8.2,Mild,Foot Rot,2.7,Matale,11.95,136.0,1161.0,60.6,40.7,Grass
35,262,Ayrshire,9.8,Severe,Lumpy Skin Disease,2.4,Polonnaruwa,7.53,84.6,766.0,35.6,23.1,Grass
97,439,Friesian,1.0,Severe,Mastitis,2.9,Kurunegala,11.08,121.7,1125.0,71.3,44.6,Grass
31,419,Ayrshire,12.7,Healthy,None,3.0,Badulla,11.75,130.6,1184.0,65.3,44.3,Grass
100,280,Friesian,11.3,Healthy,None,3.0,Kurunegala,8.13,90.9,774.0,47.0,31.1,Grass
54,380,Friesian,17.1,Healthy,None,2.9,Matale,11.21,118.6,1007.0,58.3,37.4,Mixed
61,288,Jersey,9.1,Mild,Mastitis,2.9,Puttalam,8.11,90.7,796.0,40.9,30.0,Grass
57,484,Ayrshire,14.9,Healthy,None,3.7,Puttalam,13.59,143.6,1167.0,78.5,40.0,Grass
84,412,Local,8.9,Healthy,None,3.0,Kurunegala,11.19,119.1,1139.0,60.4,35.4,Grass
95,269,Jersey,13.7,Mild,Foot Rot,2.5,Badulla,8.1,86.1,834.0,45.0,29.0,Grass
44,497,Friesian,12.1,Healthy,None,2.3,Matale,13.64,145.1,1300.0,72.0,56.9,Grass
72,307,Friesian,3.2,Healthy,None,3.2,Badulla,8.0,88.9,813.0,43.0,28.9,Grass
84,353,Jersey,10.1,Healthy,None,3.1,Polonnaruwa,9.84,104.2,1008.0,58.4,39.5,Grass
86,356,Ayrshire,11.9,Healthy,None,2.5,Puttalam,10.09,110.6,966.0,57.3,34.2,Grass
108,326,Ayrshire,11.8,Healthy,None,2.4,Monaragala,9.33,109.5,977.0,52.8,33.9,Grass
83,333,Ayrshire,19.0,Healthy,None,2.3,Puttalam,10.23,112.7,899.0,55.6,39.8,Mixed
60,536,Friesian,11.0,Healthy,None,2.5,Puttalam,14.5,158.5,1469.0,92.2,49.3,Grass
95,356,Friesian,14.9,Mild,Mastitis,2.8,Monaragala,10.39,109.2,1047.0,53.8,31.4,Grass
77,341,Local,9.4,Mild,Lumpy Skin Disease,3.4,Badulla,9.46,106.6,958.0,46.8,30.7,Grass
65,281,Jersey,12.1,Healthy,None,3.3,Anuradhapura,8.23,95.8,761.0,42.0,24.3,Grass
18,528,Local,7.1,Mild,Mastitis,2.3,Monaragala,13.91,155.7,1339.0,75.7,56.2,Grass
19,577,Local,12.5,Mild,Mastitis,2.8,Puttalam,15.68,176.0,1557.0,75.8,54.5,Grass
78,483,Friesian,15.1,Healthy,None,3.0,Puttalam,13.59,156.1,1235.0,69.8,51.2,Mixed
101,508,Local,13.0,Healthy,None,2.2,Kurunegala,14.0,161.2,1207.0,75.4,40.8,Grass
24,322,Ayrshire,21.4,Healthy,None,2.9,Kurunegala,10.19,110.9,925.0,50.3,38.2,Mixed
62,587,Local,15.5,Mild,Foot Rot,2.6,Monaragala,16.23,184.4,1699.0,76.1,59.5,Mixed
109,468,Friesian,13.5,Mild,Foot Rot,2.3,Polonnaruwa,13.05,147.7,1138.0,68.2,47.7,Grass
116,454,Local,14.3,Mild,Lumpy Skin Disease,2.8,Monaragala,12.78,139.1,1242.0,76.0,42.5,Grass
48,349,Ayrshire,12.1,Mild,Mastitis,3.3,Monaragala,9.93,104.5,986.0,47.7,40.8,Grass
54,320,Local,5.8,Mild,Lumpy Skin Disease,2.7,Anuradhapura,8.58,92.3,808.0,42.0,32.4,Grass
29,546,Friesian,14.3,Mild,Mastitis,4.0,Polonnaruwa,15.08,177.6,1494.0,81.7,49.9,Grass
79,593,Jersey,11.3,Healthy,None,3.3,Kurunegala,15.96,183.4,1463.0,97.0,57.8,Grass
60,269,Friesian,11.5,Healthy,None,4.0,Matale,7.88,86.8,800.0,37.8,22.2,Grass
22,318,Local,3.3,Healthy,None,3.0,Polonnaruwa,8.28,93.1,738.0,41.6,28.6,Grass
94,483,Jersey,3.9,Healthy,None,1.7,Kurunegala,12.47,135.6,1185.0,61.3,43.5,Grass
94,345,Friesian,13.5,Healthy,None,3.1,Badulla,9.97,109.9,961.0,61.2,33.3,Grass
82,461,Local,10.6,Mild,Foot Rot,2.9,Puttalam,12.59,145.8,1275.0,57.2,38.9,Grass
106,321,Local,27.5,Healthy,None,2.9,Polonnaruwa,10.78,115.2,1028.0,55.2,38.3,Concentrate
93,335,Local,14.6,Mild,Lumpy Skin Disease,2.7,Badulla,9.84,103.4,996.0,57.8,37.7,Grass
36,260,Local,13.5,Mild,Mastitis,2.9,Matale,7.85,85.5,784.0,47.7,25.5,Grass
21,536,Ayrshire,9.9,Healthy,None,3.9,Anuradhapura,14.39,166.5,1366.0,68.1,59.5,Grass
111,279,Jersey,17.9,Severe,Lumpy Skin Disease,3.1,Badulla,8.77,102.3,894.0,55.4,29.2,Mixed
115,352,Friesian,0.5,Healthy,None,2.8,Matale,8.85,93.6,880.0,50.3,31.3,Grass
93,370,Friesian,25.5,Healthy,None,2.9,Monaragala,11.8,131.9,1175.0,72.2,38.2,Concentrate
86,272,Jersey,17.5,Healthy,None,3.7,Polonnaruwa,8.55,100.7,766.0,50.4,27.3,Mixed
87,557,Jersey,13.1,Healthy,None,2.6,Anuradhapura,15.24,161.0,1521.0,70.1,48.3,Grass
99,477,Local,0.0,Healthy,None,3.3,Kurunegala,11.93,129.0,1114.0,57.8,48.7,Grass
83,292,Jersey,7.9,Severe,Foot Rot,3.1,Monaragala,8.09,91.6,772.0,42.0,33.8,Grass
91,405,Local,5.8,Mild,Lumpy Skin Disease,2.9,Anuradhapura,10.71,123.2,1092.0,66.9,43.7,Grass
27,295,Friesian,12.2,Severe,Foot Rot,3.1,Monaragala,8.6,96.4,767.0,52.1,27.0,Grass
96,471,Local,6.4,Severe,Foot Rot,3.6,Matale,12.42,137.6,1181.0,80.2,36.4,Grass
33,407,Jersey,9.0,Mild,Foot Rot,2.2,Kurunegala,11.08,119.7,1163.0,66.1,36.5,Grass
114,303,Local,11.5,Mild,Lumpy Skin Disease,3.0,Monaragala,8.72,97.0,892.0,48.1,30.3,Grass
34,586,Jersey,12.8,Healthy,None,3.7,Kurunegala,15.93,172.2,1528.0,100.6,59.5,Grass
29,585,Local,10.8,Mild,Foot Rot,2.9,Puttalam,15.71,168.3,1626.0,76.1,47.5,Grass
73,472,Local,6.5,Healthy,None,3.4,Badulla,12.45,141.9,1061.0,73.4,38.3,Grass
68,293,Local,12.9,Severe,Lumpy Skin Disease,2.8,Badulla,8.62,92.4,828.0,49.8,32.3,Grass
86,561,Friesian,2.5,Healthy,None,3.7,Anuradhapura,14.28,160.7,1283.0,73.3,50.7,Grass
59,424,Local,5.9,Healthy,None,2.7,Polonnaruwa,11.19,119.7,1023.0,63.9,39.1,Grass
21,531,Jersey,13.8,Severe,Lumpy Skin Disease,2.4,Badulla,14.66,172.2,1402.0,75.3,60.0,Grass
55,313,Local,4.5,Healthy,None,1.9,Matale,8.28,97.1,768.0,45.3,29.9,Grass
26,321,Ayrshire,15.6,Mild,Lumpy Skin Disease,2.7,Monaragala,9.59,110.7,918.0,51.6,35.6,Mixed
57,519,Local,26.6,Healthy,None,2.5,Anuradhapura,15.64,182.0,1442.0,71.7,59.5,Concentrate
51,388,Jersey,7.4,Healthy,None,2.7,Kurunegala,10.44,115.7,1062.0,57.2,38.6,Grass
98,369,Friesian,13.2,Mild,Foot Rot,2.8,Badulla,10.54,113.4,922.0,62.8,31.7,Grass
19,282,Local,15.1,Mild,Mastitis,2.5,Badulla,8.56,95.4,757.0,51.4,24.2,Mixed
100,557,Ayrshire,5.1,Healthy,None,2.1,Monaragala,14.44,155.0,1293.0,70.4,52.7,Grass
33,574,Friesian,0.9,Healthy,None,2.7,Kurunegala,14.44,168.3,1231.0,92.5,53.3,Grass
35,383,Jersey,10.5,Severe,Foot Rot,2.7,Polonnaruwa,10.63,121.4,933.0,62.8,38.3,Grass
48,490,Ayrshire,18.2,Severe,Foot Rot,3.6,Badulla,14.07,162.5,1335.0,85.3,41.2,Mixed
115,391,Ayrshire,10.3,Healthy,None,2.1,Puttalam,10.8,122.7,1047.0,68.1,40.5,Grass
50,275,Local,9.2,Healthy,None,2.7,Polonnaruwa,7.79,86.8,695.0,45.1,24.6,Grass
46,380,Ayrshire,8.7,Mild,Lumpy Skin Disease,2.7,Monaragala,10.37,114.0,970.0,58.1,36.8,Grass
71,431,Jersey,8.7,Mild,Lumpy Skin Disease,2.8,Badulla,11.64,129.9,1173.0,65.5,46.5,Grass
63,585,Local,8.8,Healthy,None,3.1,Monaragala,15.51,180.1,1576.0,76.5,64.7,Grass
56,515,Ayrshire,13.8,Healthy,None,2.5,Puttalam,14.26,150.3,1401.0,77.3,47.2,Grass
18,510,Ayrshire,18.4,Healthy,None,2.5,Anuradhapura,14.59,167.9,1430.0,88.2,53.3,Mixed
102,582,Ayrshire,3.9,Healthy,None,3.2,Monaragala,14.94,173.8,1488.0,97.0,56.3,Grass
86,266,Ayrshire,7.9,Healthy,None,3.2,Badulla,7.44,85.1,678.0,45.4,24.6,Grass
22,555,Jersey,0.0,Healthy,None,3.7,Anuradhapura,13.88,153.0,1226.0,85.3,39.9,Grass
53,338,Jersey,15.4,Healthy,None,2.2,Anuradhapura,9.99,113.9,938.0,63.2,34.8,Mixed
93,411,Ayrshire,4.6,Healthy,None,3.8,Matale,10.73,125.5,1055.0,69.1,30.1,Grass
21,282,Local,8.3,Healthy,None,2.6,Badulla,7.88,88.5,725.0,41.0,29.5,Grass
107,575,Friesian,0.7,Healthy,None,2.8,Anuradhapura,14.45,158.2,1418.0,92.8,42.4,Grass
61,366,Friesian,10.9,Healthy,None,3.4,Anuradhapura,10.24,113.7,925.0,60.1,38.3,Grass
46,501,Ayrshire,5.0,Healthy,None,2.2,Badulla,13.03,150.3,1296.0,61.3,39.1,Grass
63,544,Friesian,14.3,Healthy,None,3.5,Polonnaruwa,15.03,174.8,1398.0,73.2,51.8,Grass
37,532,Local,4.1,Mild,Lumpy Skin Disease,3.5,Matale,13.71,160.1,1386.0,71.1,51.7,Grass
64,503,Jersey,12.2,Healthy,None,3.5,Kurunegala,13.8,154.8,1360.0,71.7,45.3,Grass
51,573,Local,11.6,Severe,Foot Rot,1.7,Kurunegala,15.49,179.2,1511.0,87.8,50.4,Grass
79,590,Ayrshire,11.2,Healthy,None,3.5,Kurunegala,15.87,174.0,1589.0,78.4,54.5,Grass
115,463,Jersey,7.5,Healthy,None,2.8,Polonnaruwa,12.33,138.2,1075.0,66.7,38.8,Grass
67,298,Jersey,11.1,Mild,Foot Rot,1.6,Monaragala,8.56,93.4,809.0,55.0,32.6,Grass
113,335,Local,20.4,Healthy,None,2.5,Kurunegala,10.41,110.7,1042.0,47.4,32.9,Mixed
83,585,Local,14.5,Healthy,None,3.0,Kurunegala,16.07,169.0,1566.0,74.2,57.8,Grass
95,470,Jersey,18.3,Healthy,None,3.2,Puttalam,13.58,157.5,1405.0,77.3,56.1,Mixed
113,502,Friesian,10.8,Healthy,None,2.6,Anuradhapura,13.63,143.7,1248.0,78.1,49.4,Grass
34,596,Local,16.0,Healthy,None,2.1,Polonnaruwa,16.5,187.8,1435.0,80.0,63.8,Mixed
118,367,Friesian,15.2,Healthy,None,2.5,Kurunegala,10.7,117.1,1110.0,62.2,39.7,Mixed
36,439,Jersey,18.3,Healthy,None,3.1,Badulla,12.81,140.6,1309.0,61.4,39.0,Mixed
48,304,Jersey,15.2,Healthy,None,3.0,Matale,9.12,101.3,915.0,49.1,31.5,Mixed
96,282,Friesian,3.2,Mild,Lumpy Skin Disease,2.6,Kurunegala,7.37,83.0,737.0,42.4,22.6,Grass
84,353,Ayrshire,15.4,Healthy,None,3.1,Kurunegala,10.37,120.8,959.0,65.6,30.3,Mixed
105,584,Jersey,17.9,Mild,Foot Rot,3.2,Puttalam,16.39,182.4,1432.0,94.8,53.3,Mixed
36,599,Friesian,7.2,Severe,Lumpy Skin Disease,2.6,Kurunegala,15.7,177.2,1457.0,95.2,51.4,Grass
75,359,Jersey,12.5,Healthy,None,1.8,Badulla,10.22,118.5,898.0,58.5,39.3,Grass
82,500,Jersey,20.4,Mild,Mastitis,3.2,Kurunegala,14.54,155.6,1409.0,72.6,52.3,Mixed
118,414,Local,18.1,Healthy,None,2.2,Anuradhapura,12.16,135.0,1223.0,57.5,34.5,Mixed
90,513,Local,18.2,Healthy,None,4.1,Monaragala,14.65,162.2,1331.0,90.8,56.2,Mixed
111,291,Ayrshire,5.4,Mild,Mastitis,3.4,Kurunegala,7.82,84.7,714.0,35.4,32.7,Grass
34,580,Local,12.0,Mild,Foot Rot,2.2,Badulla,15.7,169.8,1490.0,89.9,63.5,Grass
57,576,Ayrshire,14.5,Mild,Mastitis,3.4,Anuradhapura,15.85,178.7,1507.0,85.7,53.2,Grass
101,274,Ayrshire,9.0,Healthy,None,3.6,Puttalam,7.75,89.2,781.0,39.1,29.1,Grass
104,428,Ayrshire,3.7,Healthy,None,2.3,Matale,11.07,124.0,1101.0,55.1,37.6,Grass
30,272,Friesian,12.7,Mild,Foot Rot,3.0,Polonnaruwa,8.07,91.7,758.0,37.5,32.4,Grass
30,374,Jersey,8.4,Healthy,None,3.4,Anuradhapura,10.19,107.8,977.0,49.1,28.6,Grass
86,586,Jersey,14.7,Healthy,None,3.4,Badulla,16.12,174.2,1380.0,90.3,49.6,Grass
27,594,Local,11.4,Healthy,None,3.3,Anuradhapura,15.99,182.9,1563.0,79.1,63.6,Grass
86,539,Friesian,9.8,Healthy,None,4.0,Puttalam,14.46,165.0,1516.0,86.4,52.6,Grass
113,511,Ayrshire,7.9,Healthy,None,4.1,Kurunegala,13.57,150.0,1203.0,62.2,44.7,Grass
50,301,Friesian,12.2,Severe,Mastitis,2.3,Monaragala,8.75,97.1,820.0,44.1,29.0,Grass
21,584,Ayrshire,18.8,Healthy,None,3.1,Monaragala,16.48,177.7,1403.0,86.4,63.8,Mixed
92,291,Ayrshire,16.3,Mild,Lumpy Skin Disease,3.6,Matale,8.91,97.7,924.0,47.6,30.8,Mixed
68,426,Ayrshire,13.7,Healthy,None,2.7,Puttalam,12.02,128.0,1066.0,64.4,35.0,Grass
75,600,Friesian,16.9,Mild,Foot Rot,3.0,Matale,16.69,186.1,1557.0,79.8,56.7,Mixed
63,455,Friesian,15.4,Healthy,None,1.9,Anuradhapura,12.91,142.3,1311.0,81.9,44.1,Mixed
21,440,Ayrshire,14.2,Healthy,None,2.7,Badulla,12.42,137.8,1104.0,76.9,43.9,Grass
54,273,Jersey,20.3,Mild,Mastitis,3.3,Puttalam,8.86,100.9,917.0,53.4,28.4,Mixed
26,404,Ayrshire,13.2,Mild,Lumpy Skin Disease,3.2,Badulla,11.42,122.5,1068.0,68.0,32.0,Grass
32,286,Local,7.0,Healthy,None,3.8,Anuradhapura,7.85,83.4,714.0,45.2,23.1,Grass
55,511,Jersey,22.0,Healthy,None,3.2,Puttalam,14.98,165.0,1433.0,80.0,60.5,Mixed
51,495,Friesian,20.0,Mild,Lumpy Skin Disease,2.7,Puttalam,14.38,156.8,1377.0,81.0,52.2,Mixed
20,360,Local,8.0,Healthy,None,3.0,Puttalam,9.8,112.8,878.0,44.7,34.9,Grass
105,558,Jersey,14.2,Healthy,None,2.8,Anuradhapura,15.37,165.9,1566.0,92.7,55.4,Grass
113,324,Friesian,14.7,Mild,Mastitis,3.2,Kurunegala,9.57,106.5,824.0,49.4,29.8,Grass
23,385,Friesian,7.0,Healthy,None,3.3,Anuradhapura,10.32,120.9,907.0,48.4,36.7,Grass
34,512,Jersey,16.3,Healthy,None,3.1,Badulla,14.43,153.8,1282.0,67.5,42.7,Mixed
92,455,Friesian,17.8,Mild,Lumpy Skin Disease,2.4,Badulla,13.16,143.9,1237.0,75.3,51.4,Mixed
84,585,Ayrshire,14.3,Mild,Lumpy Skin Disease,2.4,Polonnaruwa,16.05,187.2,1551.0,86.6,58.4,Grass
38,319,Friesian,6.4,Healthy,None,2.7,Puttalam,8.62,91.7,827.0,45.8,28.2,Grass
63,514,Friesian,7.3,Healthy,None,2.7,Puttalam,13.58,152.0,1182.0,86.7,56.4,Grass
27,502,Jersey,10.9,Healthy,None,3.4,Anuradhapura,13.64,155.4,1421.0,80.7,46.0,Grass
30,458,Jersey,10.4,Mild,Mastitis,2.2,Monaragala,12.49,140.8,1307.0,65.4,41.1,Grass
40,462,Friesian,17.7,Healthy,None,2.6,Kurunegala,13.32,145.1,1242.0,72.9,47.7,Mixed
29,543,Jersey,11.7,Healthy,None,3.2,Puttalam,14.75,168.1,1428.0,83.5,53.4,Grass
85,335,Friesian,13.0,Healthy,None,3.5,Puttalam,9.68,104.2,982.0,53.2,32.9,Grass
62,346,Jersey,14.4,Healthy,None,2.6,Monaragala,10.09,108.9,1056.0,49.3,41.3,Grass
48,289,Local,22.9,Healthy,None,3.1,Polonnaruwa,9.52,106.5,860.0,43.5,38.0,Concentrate
106,558,Friesian,11.3,Healthy,None,3.5,Monaragala,15.08,171.5,1463.0,90.5,50.1,Grass
60,507,Jersey,13.2,Healthy,None,3.2,Matale,14.0,154.7,1461.0,87.3,52.5,Grass
88,313,Jersey,24.5,Healthy,None,2.9,Polonnaruwa,10.28,111.7,1024.0,58.7,31.0,Concentrate
117,425,Friesian,10.4,Healthy,None,3.1,Matale,11.66,126.6,1186.0,68.8,35.7,Grass
26,572,Ayrshire,17.4,Mild,Lumpy Skin Disease,2.2,Anuradhapura,16.04,187.1,1654.0,75.6,60.7,Mixed
108,346,Local,2.2,Mild,Mastitis,2.7,Polonnaruwa,8.87,101.2,824.0,50.1,28.1,Grass
30,356,Ayrshire,3.8,Healthy,None,2.8,Kurunegala,9.28,98.6,861.0,56.2,33.8,Grass
116,490,Local,14.5,Healthy,None,2.6,Puttalam,13.7,157.0,1377.0,78.7,50.8,Grass
107,588,Ayrshire,4.9,Healthy,None,3.0,Badulla,15.19,175.1,1455.0,72.5,48.4,Grass
22,537,Jersey,16.3,Mild,Lumpy Skin Disease,2.2,Monaragala,15.06,167.6,1514.0,73.4,55.9,Mixed
29,464,Local,16.1,Healthy,None,3.4,Puttalam,13.21,139.8,1177.0,84.9,45.7,Mixed
75,264,Local,16.8,Mild,Mastitis,3.6,Anuradhapura,8.28,92.1,741.0,42.1,23.3,Mixed
57,317,Jersey,23.0,Healthy,None,2.8,Monaragala,10.23,117.2,1063.0,48.0,37.5,Concentrate
110,367,Friesian,12.5,Healthy,None,2.8,Kurunegala,10.43,121.9,925.0,51.8,33.8,Grass
30,528,Friesian,12.0,Healthy,None,3.8,Monaragala,14.4,157.0,1301.0,73.3,59.9,Grass
52,329,Friesian,5.3,Healthy,None,2.6,Matale,8.75,95.1,885.0,52.6,24.6,Grass
57,474,Local,18.9,Healthy,None,3.5,Badulla,13.74,160.2,1193.0,80.2,48.4,Mixed
26,422,Local,10.2,Severe,Mastitis,3.4,Anuradhapura,11.57,130.7,1117.0,54.4,40.4,Grass
97,526,Friesian,13.7,Mild,Lumpy Skin Disease,3.8,Polonnaruwa,14.52,153.2,1325.0,83.8,46.8,Grass
29,600,Friesian,12.4,Healthy,None,3.5,Monaragala,16.24,187.9,1506.0,75.6,66.0,Grass
27,263,Jersey,25.2,Healthy,None,3.3,Anuradhapura,9.1,99.3,822.0,54.6,33.0,Concentrate
22,574,Jersey,12.2,Healthy,None,3.4,Puttalam,15.57,171.2,1442.0,88.2,64.0,Grass
94,338,Jersey,10.2,Healthy,None,4.2,Monaragala,9.47,102.3,907.0,44.4,29.8,Grass
26,570,Jersey,12.9,Healthy,None,2.9,Anuradhapura,15.54,163.5,1514.0,77.1,60.8,Grass
53,584,Jersey,7.8,Healthy,None,3.5,Puttalam,15.38,169.1,1514.0,85.0,47.1,Grass
42,353,Ayrshire,16.3,Mild,Foot Rot,2.8,Kurunegala,10.46,118.1,1088.0,52.5,36.2,Mixed
112,519,Local,14.9,Healthy,None,2.2,Polonnaruwa,14.47,163.5,1442.0,79.8,56.2,Grass
54,339,Ayrshire,12.9,Healthy,None,3.2,Polonnaruwa,9.77,109.7,905.0,56.1,29.2,Grass
61,260,Local,20.5,Healthy,None,2.6,Monaragala,8.55,93.6,869.0,48.4,28.1,Mixed
89,574,Ayrshire,5.6,Healthy,None,2.6,Anuradhapura,14.91,173.6,1542.0,92.2,59.8,Grass
90,468,Local,5.3,Healthy,None,3.7,Polonnaruwa,12.23,131.7,1187.0,75.6,42.3,Grass
23,382,Local,19.7,Healthy,None,3.2,Matale,11.52,129.2,1026.0,52.7,41.8,Mixed
61,390,Jersey,18.1,Healthy,None,3.1,Badulla,11.56,135.6,1032.0,58.4,37.0,Mixed
96,580,Local,11.5,Mild,Foot Rot,2.8,Polonnaruwa,15.65,183.9,1465.0,88.9,57.2,Grass
76,258,Local,10.4,Mild,Lumpy Skin Disease,2.2,Monaragala,7.49,85.5,765.0,34.0,30.0,Grass
73,549,Friesian,13.3,Healthy,None,3.0,Monaragala,15.06,163.2,1413.0,70.2,42.7,Grass
45,518,Ayrshire,15.7,Mild,Foot Rot,3.0,Polonnaruwa,14.52,170.1,1364.0,75.1,50.4,Mixed
71,471,Ayrshire,11.2,Healthy,None,2.6,Badulla,12.89,141.0,1236.0,71.0,53.1,Grass
30,446,Local,12.4,Mild,Lumpy Skin Disease,3.4,Anuradhapura,12.39,139.2,1232.0,60.2,39.6,Grass
65,562,Local,6.3,Healthy,None,3.0,Monaragala,14.68,160.4,1507.0,95.2,46.8,Grass
20,580,Ayrshire,13.2,Mild,Lumpy Skin Disease,2.6,Polonnaruwa,15.82,183.7,1527.0,101.2,55.0,Grass
23,319,Ayrshire,9.1,Severe,Foot Rot,3.1,Polonnaruwa,8.88,98.3,839.0,52.4,32.2,Grass
120,478,Friesian,6.3,Healthy,None,3.2,Monaragala,12.58,132.6,1102.0,58.0,50.4,Grass
48,525,Ayrshire,7.5,Mild,Lumpy Skin Disease,3.5,Matale,13.88,153.5,1228.0,72.9,55.0,Grass
119,286,Local,23.7,Mild,Mastitis,2.6,Monaragala,9.52,106.4,864.0,47.5,36.6,Concentrate
89,276,Local,14.7,Healthy,None,2.6,Monaragala,8.37,93.5,748.0,49.7,24.4,Grass
28,322,Local,17.2,Healthy,None,2.4,Anuradhapura,9.77,107.4,896.0,62.9,35.7,Mixed
18,400,Ayrshire,14.4,Healthy,None,2.6,Monaragala,11.44,133.0,1134.0,62.0,40.4,Grass
78,274,Jersey,11.0,Healthy,None,2.5,Polonnaruwa,7.95,87.8,684.0,38.9,27.0,Grass
56,598,Ayrshire,16.1,Healthy,None,2.6,Badulla,16.56,186.7,1541.0,100.4,55.1,Mixed
109,375,Jersey,14.8,Healthy,None,2.8,Badulla,10.86,115.0,1132.0,53.1,36.0,Grass
71,295,Local,11.4,Mild,Foot Rot,3.1,Puttalam,8.52,99.5,801.0,42.1,25.3,Grass
56,393,Ayrshire,8.2,Healthy,None,3.1,Anuradhapura,10.65,124.1,942.0,56.7,31.8,Grass
68,477,Ayrshire,19.7,Mild,Foot Rot,2.6,Monaragala,13.9,157.0,1434.0,88.0,50.7,Mixed
81,385,Local,17.9,Severe,Lumpy Skin Disease,3.7,Monaragala,11.41,128.9,1126.0,66.2,47.0,Mixed
82,421,Jersey,7.9,Healthy,None,2.3,Monaragala,11.32,131.3,1063.0,61.3,35.7,Grass
21,372,Local,13.5,Healthy,None,2.7,Kurunegala,10.65,117.6,1006.0,48.5,42.8,Grass
79,465,Local,21.3,Healthy,None,3.0,Polonnaruwa,13.76,150.0,1292.0,67.4,40.2,Mixed
114,491,Jersey,8.0,Mild,Mastitis,2.4,Kurunegala,13.08,138.3,1266.0,79.5,48.4,Grass
91,392,Friesian,17.4,Mild,Lumpy Skin Disease,2.7,Badulla,11.54,127.1,1148.0,55.4,44.3,Mixed
51,425,Jersey,12.2,Healthy,None,3.5,Polonnaruwa,11.85,139.2,1086.0,68.9,39.2,Grass
41,352,Jersey,9.6,Severe,Lumpy Skin Disease,3.0,Kurunegala,9.76,115.0,953.0,61.8,36.5,Grass
22,383,Local,11.9,Healthy,None,3.3,Monaragala,10.77,127.1,1074.0,50.0,41.2,Grass
57,549,Ayrshire,15.0,Mild,Mastitis,2.9,Badulla,15.23,161.5,1505.0,86.7,54.7,Grass
69,410,Friesian,12.3,Healthy,None,2.8,Puttalam,11.48,122.1,1179.0,63.2,44.2,Grass
118,391,Local,4.6,Healthy,None,3.1,Matale,10.23,111.6,932.0,55.2,41.9,Grass
100,581,Local,21.5,Healthy,None,2.6,Puttalam,16.68,189.6,1511.0,90.5,60.3,Mixed
103,583,Local,8.1,Healthy,None,2.6,Polonnaruwa,15.39,164.5,1497.0,92.0,58.4,Grass
69,425,Ayrshire,15.6,Healthy,None,3.2,Badulla,12.19,138.2,1053.0,72.4,46.1,Mixed
47,251,Jersey,11.2,Healthy,None,2.5,Polonnaruwa,7.4,79.5,692.0,37.5,20.9,Grass
79,598,Jersey,12.5,Healthy,None,2.2,Kurunegala,16.2,179.0,1673.0,75.1,46.6,Grass
45,295,Local,12.7,Healthy,None,3.4,Matale,8.64,94.2,788.0,53.9,26.8,Grass
29,379,Local,5.7,Mild,Foot Rot,2.2,Anuradhapura,10.04,109.9,906.0,51.2,32.4,Grass
18,346,Ayrshire,19.9,Healthy,None,2.7,Anuradhapura,10.64,115.6,908.0,67.0,42.8,Mixed
110,365,Local,17.7,Healthy,None,2.9,Badulla,10.89,126.2,1142.0,60.7,41.9,Mixed
114,458,Local,11.2,Healthy,None,3.2,Anuradhapura,12.57,146.2,1193.0,64.2,38.8,Grass
64,289,Jersey,7.6,Healthy,None,3.1,Puttalam,7.99,87.6,739.0,40.2,32.9,Grass
116,412,Friesian,10.1,Healthy,None,2.3,Anuradhapura,11.31,132.7,1173.0,68.4,37.4,Grass
106,310,Local,13.7,Healthy,None,2.9,Matale,9.12,99.6,935.0,55.8,26.3,Grass
84,405,Friesian,11.2,Severe,Foot Rot,2.4,Monaragala,11.24,132.3,1030.0,68.7,44.7,Grass
32,442,Local,20.0,Healthy,None,3.4,Matale,13.05,147.6,1165.0,64.1,52.1,Mixed
46,409,Friesian,16.8,Healthy,None,2.8,Matale,11.91,136.1,1022.0,54.9,36.6,Mixed
26,382,Local,3.4,Healthy,None,4.0,Anuradhapura,9.89,105.5,961.0,60.7,32.0,Grass
31,561,Ayrshire,11.7,Healthy,None,2.6,Matale,15.2,174.3,1366.0,91.6,43.7,Grass
112,302,Jersey,14.1,Healthy,None,3.6,Kurunegala,8.96,97.7,846.0,43.8,26.2,Grass
55,455,Friesian,11.9,Healthy,None,3.6,Kurunegala,12.56,133.2,1289.0,65.5,38.6,Grass
26,414,Jersey,17.4,Healthy,None,2.5,Kurunegala,12.09,127.9,1102.0,54.7,41.3,Mixed
103,301,Friesian,8.6,Healthy,None,3.5,Monaragala,8.38,97.7,781.0,48.0,27.0,Grass
58,413,Local,0.0,Healthy,None,2.9,Polonnaruwa,10.33,119.7,967.0,62.0,33.3,Grass
33,535,Jersey,4.8,Healthy,None,2.8,Polonnaruwa,13.86,147.3,1291.0,79.4,56.4,Grass
61,328,Friesian,10.5,Healthy,None,2.8,Kurunegala,9.25,105.4,959.0,58.6,36.3,Grass
71,303,Local,9.2,Severe,Lumpy Skin Disease,2.5,Monaragala,8.5,96.9,738.0,39.3,32.8,Grass
107,519,Jersey,23.5,Healthy,None,3.9,Puttalam,15.33,165.9,1548.0,72.8,54.4,Concentrate
82,314,Jersey,6.2,Mild,Foot Rot,3.8,Monaragala,8.47,97.9,780.0,48.9,25.7,Grass
66,566,Local,10.0,Severe,Mastitis,3.1,Badulla,15.15,169.5,1479.0,83.2,59.4,Grass
29,251,Friesian,11.7,Healthy,None,2.7,Badulla,7.45,80.5,732.0,43.0,30.5,Grass
63,502,Jersey,16.9,Mild,Foot Rot,3.1,Kurunegala,14.24,161.1,1224.0,69.8,42.8,Mixed
100,588,Local,9.6,Severe,Lumpy Skin Disease,2.3,Anuradhapura,15.66,175.8,1524.0,93.5,49.4,Grass
89,487,Friesian,7.5,Healthy,None,2.2,Kurunegala,12.93,141.6,1175.0,63.0,49.2,Grass
60,596,Friesian,12.1,Mild,Mastitis,2.4,Kurunegala,16.11,188.3,1675.0,85.4,63.3,Grass
54,532,Friesian,10.7,Healthy,None,3.7,Monaragala,14.37,168.4,1274.0,65.0,56.0,Grass
56,494,Ayrshire,18.0,Healthy,None,3.0,Badulla,14.15,163.4,1399.0,80.9,46.4,Mixed
92,261,Ayrshire,11.6,Mild,Foot Rot,3.9,Badulla,7.69,85.8,766.0,42.4,26.2,Grass
51,354,Friesian,14.6,Healthy,None,2.8,Anuradhapura,10.31,113.5,1006.0,53.7,40.5,Grass
83,536,Local,4.9,Healthy,None,3.2,Badulla,13.89,162.6,1304.0,87.0,45.7,Grass
96,569,Jersey,16.1,Healthy,None,2.7,Anuradhapura,15.84,174.3,1650.0,84.5,47.2,Mixed
93,261,Friesian,13.5,Severe,Foot Rot,2.8,Monaragala,7.88,91.6,757.0,35.6,25.1,Grass
93,391,Local,11.1,Severe,Mastitis,1.8,Polonnaruwa,10.88,124.9,1059.0,53.6,30.7,Grass
33,381,Ayrshire,10.9,Mild,Foot Rot,3.5,Badulla,10.62,113.8,1055.0,53.9,30.8,Grass
114,312,Ayrshire,8.8,Healthy,None,3.0,Anuradhapura,8.68,97.5,746.0,45.3,28.0,Grass
89,372,Ayrshire,8.2,Mild,Foot Rot,3.2,Badulla,10.12,111.6,904.0,46.7,36.3,Grass
46,314,Local,10.9,Healthy,None,2.5,Monaragala,8.94,103.3,806.0,49.4,31.5,Grass
98,520,Local,18.7,Mild,Lumpy Skin Disease,3.5,Monaragala,14.87,163.5,1460.0,84.6,45.1,Mixed
102,589,Jersey,9.0,Mild,Mastitis,3.2,Monaragala,15.63,174.8,1380.0,87.1,43.8,Grass
32,519,Jersey,14.7,Healthy,None,3.3,Puttalam,14.45,158.7,1240.0,91.0,50.9,Grass
86,402,Local,3.5,Healthy,None,3.5,Polonnaruwa,10.4,114.7,987.0,47.2,42.9,Grass
59,532,Jersey,9.2,Healthy,None,2.8,Polonnaruwa,14.22,154.3,1289.0,73.2,51.3,Grass
36,290,Jersey,25.2,Healthy,None,3.2,Monaragala,9.77,105.1,1014.0,50.3,32.1,Concentrate
108,418,Jersey,10.1,Severe,Foot Rot,1.9,Kurunegala,11.46,129.6,1037.0,67.8,47.6,Grass
105,282,Ayrshire,18.9,Severe,Lumpy Skin Disease,2.3,Monaragala,8.94,101.8,936.0,43.0,30.6,Mixed
33,583,Friesian,7.0,Mild,Foot Rot,2.8,Polonnaruwa,15.28,170.2,1377.0,75.6,55.9,Grass
118,412,Friesian,19.1,Mild,Foot Rot,3.4,Matale,12.21,135.1,1254.0,69.9,41.7,Mixed
72,371,Friesian,11.2,Severe,Mastitis,3.2,Kurunegala,10.39,116.7,926.0,62.1,41.0,Grass
32,452,Jersey,9.0,Mild,Mastitis,3.1,Anuradhapura,12.2,140.1,1117.0,66.5,45.1,Grass
53,324,Jersey,12.4,Healthy,None,3.5,Matale,9.34,107.3,942.0,46.0,36.3,Grass
39,495,Local,16.8,Healthy,None,3.2,Badulla,14.05,148.4,1371.0,84.8,47.9,Mixed
24,292,Friesian,10.2,Healthy,None,3.4,Monaragala,8.32,95.9,740.0,42.4,23.4,Grass
60,362,Local,11.5,Mild,Lumpy Skin Disease,2.5,Kurunegala,10.2,117.6,975.0,54.1,39.2,Grass
62,417,Ayrshire,10.0,Healthy,None,3.0,Kurunegala,11.43,133.1,1050.0,64.8,46.3,Grass
96,473,Local,16.6,Mild,Foot Rot,2.9,Kurunegala,13.49,156.1,1255.0,79.6,47.1,Mixed
98,420,Jersey,6.0,Healthy,None,3.0,Matale,11.1,126.6,1120.0,63.8,32.1,Grass
106,328,Ayrshire,12.6,Healthy,None,3.1,Badulla,9.46,108.4,979.0,45.5,33.1,Grass
23,337,Friesian,16.6,Mild,Lumpy Skin Disease,3.5,Badulla,10.09,118.7,1003.0,62.6,37.4,Mixed
45,535,Jersey,9.0,Mild,Foot Rot,2.7,Anuradhapura,14.28,159.2,1311.0,73.4,42.8,Grass
67,343,Local,6.8,Healthy,None,3.3,Polonnaruwa,9.26,108.6,856.0,50.5,32.6,Grass
113,452,Friesian,19.2,Healthy,None,2.8,Kurunegala,13.22,149.3,1344.0,81.5,52.4,Mixed
103,538,Friesian,10.8,Healthy,None,3.7,Badulla,14.53,153.8,1375.0,76.1,43.8,Grass
106,391,Ayrshire,14.5,Healthy,None,3.2,Puttalam,11.23,122.4,1130.0,58.2,42.0,Grass
53,567,Jersey,6.0,Healthy,None,3.3,Matale,14.78,168.1,1329.0,89.6,48.3,Grass
78,389,Local,7.4,Healthy,None,2.4,Kurunegala,10.47,114.7,1053.0,59.3,29.9,Grass
64,416,Ayrshire,10.3,Mild,Lumpy Skin Disease,2.7,Monaragala,11.43,129.7,1133.0,66.0,36.9,Grass
73,524,Local,10.9,Mild,Mastitis,2.3,Badulla,14.19,155.2,1323.0,79.9,58.6,Grass
18,548,Ayrshire,16.8,Mild,Mastitis,3.6,Kurunegala,15.38,171.2,1598.0,90.6,49.5,Mixed
62,357,Ayrshire,2.3,Healthy,None,3.5,Polonnaruwa,9.16,101.7,961.0,53.4,27.1,Grass
100,379,Local,7.9,Healthy,None,3.4,Kurunegala,10.27,110.9,932.0,66.0,32.2,Grass
102,384,Local,11.7,Healthy,None,3.0,Polonnaruwa,10.77,118.0,994.0,69.2,35.2,Grass
31,364,Ayrshire,11.1,Healthy,None,3.6,Polonnaruwa,10.21,120.0,997.0,52.3,34.2,Grass
101,441,Local,5.8,Healthy,None,3.3,Polonnaruwa,11.61,131.9,1022.0,72.2,41.2,Grass
62,532,Friesian,17.5,Mild,Foot Rot,3.4,Matale,15.05,172.7,1516.0,92.9,52.4,Mixed
56,499,Ayrshire,23.6,Severe,Mastitis,2.7,Matale,14.84,168.4,1381.0,71.4,60.2,Concentrate
116,384,Friesian,16.8,Mild,Lumpy Skin Disease,2.9,Badulla,11.28,120.9,1007.0,67.4,44.0,Mixed
56,477,Friesian,18.2,Healthy,None,3.0,Puttalam,13.75,152.7,1238.0,84.1,57.7,Mixed
99,299,Ayrshire,10.1,Mild,Lumpy Skin Disease,3.7,Anuradhapura,8.49,96.5,805.0,51.9,33.5,Grass
55,313,Ayrshire,9.5,Mild,Foot Rot,2.3,Polonnaruwa,8.78,96.1,754.0,52.0,30.7,Grass
65,456,Friesian,9.4,Healthy,None,3.3,Puttalam,12.34,130.0,1199.0,65.1,34.9,Grass
62,565,Friesian,19.0,Mild,Mastitis,3.1,Matale,16.02,184.0,1502.0,73.2,53.5,Mixed
119,580,Ayrshire,18.6,Healthy,None,2.3,Polonnaruwa,16.36,182.2,1532.0,93.2,67.4,Mixed
58,598,Friesian,9.8,Healthy,None,2.9,Monaragala,15.93,181.8,1389.0,97.1,57.5,Grass
48,590,Local,11.4,Healthy,None,3.0,Anuradhapura,15.89,180.8,1463.0,77.8,54.0,Grass
65,594,Ayrshire,15.5,Mild,Foot Rot,2.8,Matale,16.4,180.9,1554.0,88.7,49.0,Mixed
45,388,Friesian,12.7,Severe,Mastitis,3.0,Kurunegala,10.97,126.6,1112.0,65.9,40.1,Grass
52,347,Friesian,7.4,Healthy,None,2.9,Matale,9.42,110.1,859.0,51.7,30.5,Grass
47,471,Local,11.3,Mild,Mastitis,2.9,Monaragala,12.91,140.8,1281.0,76.9,43.6,Grass
26,387,Friesian,12.2,Healthy,None,3.0,Puttalam,10.9,125.3,1139.0,63.6,40.7,Grass
104,366,Ayrshire,9.8,Mild,Lumpy Skin Disease,3.6,Matale,10.13,117.5,975.0,48.7,40.1,Grass
40,425,Jersey,6.2,Severe,Foot Rot,2.6,Polonnaruwa,11.25,124.2,1158.0,61.2,40.8,Grass
108,284,Jersey,25.9,Mild,Foot Rot,2.5,Badulla,9.69,106.7,1006.0,45.6,38.1,Concentrate
34,350,Jersey,5.2,Healthy,None,3.4,Kurunegala,9.27,104.9,819.0,57.8,36.4,Grass
31,549,Local,1.6,Mild,Foot Rot,2.9,Monaragala,13.89,156.1,1452.0,85.9,54.6,Grass
57,451,Ayrshire,22.7,Healthy,None,2.2,Anuradhapura,13.54,146.8,1321.0,71.2,45.0,Concentrate
41,441,Ayrshire,2.1,Healthy,None,2.3,Matale,11.24,131.5,980.0,52.8,43.6,Grass
103,425,Friesian,16.5,Healthy,None,3.6,Anuradhapura,12.28,143.6,1090.0,79.0,46.2,Mixed
25,355,Friesian,9.4,Mild,Mastitis,3.3,Kurunegala,9.81,108.7,1020.0,52.6,31.6,Grass
86,393,Local,19.0,Severe,Lumpy Skin Disease,3.9,Badulla,11.73,129.0,1029.0,53.4,34.1,Mixed
84,374,Jersey,10.8,Healthy,None,1.8,Anuradhapura,10.43,113.1,899.0,49.0,31.9,Grass
87,356,Local,7.9,Healthy,None,2.8,Puttalam,9.69,101.8,917.0,58.7,39.6,Grass
79,273,Friesian,10.7,Severe,Foot Rot,2.9,Puttalam,7.9,89.8,740.0,50.9,24.7,Grass
66,323,Ayrshire,17.6,Healthy,None,3.6,Anuradhapura,9.84,108.7,931.0,60.8,36.3,Mixed
30,505,Jersey,11.1,Healthy,None,3.5,Polonnaruwa,13.73,153.9,1399.0,72.6,39.4,Grass
31,506,Local,13.8,Mild,Mastitis,3.0,Polonnaruwa,14.03,148.1,1441.0,82.0,46.9,Grass
101,418,Local,16.5,Healthy,None,3.0,Kurunegala,12.1,133.8,1101.0,68.7,35.3,Mixed
59,600,Jersey,22.3,Healthy,None,2.3,Kurunegala,17.23,181.4,1735.0,86.2,67.5,Concentrate
90,499,Friesian,9.4,Healthy,None,2.9,Matale,13.42,143.2,1359.0,87.2,50.8,Grass
75,599,Friesian,14.2,Healthy,None,3.6,Puttalam,16.4,173.7,1677.0,92.1,48.2,Grass
87,322,Local,11.9,Healthy,None,2.3,Anuradhapura,9.24,97.1,837.0,43.8,30.2,Grass
26,556,Jersey,16.2,Healthy,None,3.4,Puttalam,15.52,171.0,1362.0,97.0,64.2,Mixed
119,251,Jersey,2.3,Healthy,None,3.0,Matale,6.51,71.9,649.0,39.1,23.2,Grass
76,437,Ayrshire,4.0,Healthy,None,2.7,Polonnaruwa,11.33,121.1,1154.0,64.7,34.9,Grass
87,368,Ayrshire,7.5,Healthy,None,3.4,Anuradhapura,9.95,115.3,973.0,44.9,32.9,Grass
120,417,Friesian,12.6,Healthy,None,2.4,Badulla,11.69,127.9,1053.0,66.0,45.4,Grass
62,312,Friesian,16.4,Mild,Foot Rot,2.3,Matale,9.44,100.1,811.0,57.7,27.6,Mixed
49,346,Friesian,13.7,Healthy,None,2.6,Matale,10.02,110.0,1042.0,56.8,34.8,Grass
19,362,Ayrshire,10.2,Mild,Foot Rot,3.3,Badulla,10.07,111.7,955.0,55.2,40.3,Grass
21,348,Friesian,14.6,Healthy,None,3.7,Anuradhapura,10.16,113.3,1048.0,63.9,32.8,Grass
50,445,Friesian,11.6,Healthy,None,3.2,Badulla,12.29,144.4,1107.0,75.2,47.5,Grass
89,552,Ayrshire,9.8,Healthy,None,3.1,Monaragala,14.78,163.8,1421.0,69.9,52.9,Grass
69,484,Local,14.2,Mild,Lumpy Skin Disease,3.0,Badulla,13.52,157.0,1152.0,68.4,43.7,Grass
109,550,Local,3.0,Mild,Foot Rot,3.2,Anuradhapura,14.05,162.9,1431.0,81.2,48.6,Grass
23,366,Jersey,13.8,Healthy,None,2.7,Polonnaruwa,10.53,118.5,984.0,64.8,40.2,Grass
114,505,Ayrshire,5.6,Severe,Lumpy Skin Disease,3.7,Monaragala,13.19,140.5,1121.0,73.7,53.5,Grass
23,550,Ayrshire,14.5,Mild,Lumpy Skin Disease,2.9,Polonnaruwa,15.2,173.9,1358.0,72.0,44.5,Grass
67,260,Ayrshire,6.3,Mild,Mastitis,2.6,Polonnaruwa,7.13,79.3,671.0,43.2,25.8,Grass
92,403,Local,18.5,Healthy,None,3.1,Puttalam,11.93,127.1,1040.0,65.2,50.0,Mixed
68,407,Local,9.2,Healthy,None,3.3,Matale,11.1,126.3,1021.0,57.5,33.4,Grass
119,483,Jersey,7.9,Healthy,None,3.8,Badulla,12.87,146.6,1148.0,71.0,40.9,Grass
21,354,Friesian,18.8,Healthy,None,2.8,Puttalam,10.73,116.3,1059.0,59.6,35.3,Mixed
19,472,Local,8.9,Mild,Foot Rot,1.7,Puttalam,12.69,143.1,1313.0,81.3,48.3,Grass
26,361,Jersey,4.6,Severe,Foot Rot,2.3,Puttalam,9.48,105.4,924.0,59.0,38.3,Grass
74,555,Ayrshire,12.7,Healthy,None,2.8,Anuradhapura,15.14,173.9,1349.0,85.2,59.9,Grass
66,364,Local,5.3,Healthy,None,2.9,Badulla,9.63,103.4,962.0,57.9,33.0,Grass
118,293,Friesian,14.5,Severe,Mastitis,3.3,Anuradhapura,8.78,103.5,768.0,49.2,29.7,Grass
102,266,Local,2.5,Healthy,None,2.9,Anuradhapura,6.9,80.5,713.0,35.0,20.9,Grass
105,373,Friesian,5.1,Mild,Mastitis,3.5,Monaragala,9.84,111.2,1019.0,49.2,32.8,Grass
69,264,Local,15.9,Healthy,None,2.6,Matale,8.19,96.4,812.0,48.0,23.0,Mixed
62,585,Jersey,8.2,Healthy,None,2.8,Polonnaruwa,15.45,171.0,1585.0,79.5,46.3,Grass
29,319,Ayrshire,0.7,Healthy,None,3.2,Polonnaruwa,8.04,91.9,691.0,48.8,32.2,Grass
50,521,Ayrshire,10.6,Healthy,None,3.5,Matale,14.09,156.7,1465.0,70.3,41.7,Grass
98,516,Friesian,6.5,Healthy,None,2.7,Kurunegala,13.55,148.7,1413.0,85.5,48.0,Grass
59,376,Local,4.5,Healthy,None,2.5,Puttalam,9.85,116.1,1028.0,51.5,38.6,Grass
89,467,Local,6.1,Healthy,None,3.5,Anuradhapura,12.29,129.5,1089.0,60.9,44.6,Grass
39,312,Jersey,8.5,Mild,Lumpy Skin Disease,3.1,Polonnaruwa,8.65,91.2,891.0,49.7,32.9,Grass
89,455,Local,10.1,Severe,Foot Rot,2.4,Matale,12.38,142.5,1216.0,69.1,42.8,Grass
117,497,Jersey,11.2,Severe,Foot Rot,3.3,Anuradhapura,13.54,150.9,1375.0,79.9,42.7,Grass
57,540,Ayrshire,6.0,Mild,Mastitis,3.4,Polonnaruwa,14.1,158.6,1230.0,89.3,50.9,Grass
56,308,Local,7.8,Healthy,None,2.8,Kurunegala,8.48,91.2,752.0,47.6,23.8,Grass
20,415,Friesian,14.7,Mild,Mastitis,2.7,Kurunegala,11.85,132.5,1081.0,69.6,35.7,Grass
36,598,Jersey,12.2,Mild,Foot Rot,2.8,Polonnaruwa,16.17,185.6,1401.0,101.5,53.4,Grass
52,284,Local,12.6,Healthy,None,1.8,Monaragala,8.36,93.2,734.0,52.1,24.2,Grass
52,457,Local,2.9,Healthy,None,3.3,Anuradhapura,11.71,130.1,1148.0,53.1,34.4,Grass
69,598,Local,17.2,Healthy,None,2.5,Puttalam,16.67,178.7,1434.0,103.9,56.0,Mixed
86,424,Ayrshire,10.8,Mild,Mastitis,3.1,Anuradhapura,11.68,125.7,1127.0,61.3,48.3,Grass
48,534,Jersey,15.5,Healthy,None,2.0,Polonnaruwa,14.9,170.1,1270.0,68.5,43.6,Mixed
60,478,Jersey,7.6,Healthy,None,2.8,Matale,12.71,140.1,1100.0,76.0,45.0,Grass
108,301,Local,15.5,Healthy,None,4.2,Monaragala,9.08,99.6,903.0,51.1,31.7,Mixed
79,592,Jersey,10.9,Healthy,None,2.3,Matale,15.89,169.5,1374.0,75.7,47.1,Grass
37,531,Ayrshire,14.0,Healthy,None,3.7,Monaragala,14.68,158.5,1292.0,82.7,58.4,Grass
52,544,Jersey,12.5,Mild,Foot Rot,2.5,Badulla,14.85,162.5,1310.0,93.8,48.7,Grass
65,415,Friesian,16.8,Healthy,None,3.3,Matale,12.05,139.7,1218.0,69.8,35.1,Mixed
39,259,Local,6.9,Healthy,None,3.2,Polonnaruwa,7.17,84.0,653.0,44.6,30.1,Grass
41,403,Local,17.0,Mild,Foot Rot,3.6,Matale,11.78,130.0,1092.0,61.2,34.3,Mixed
48,285,Jersey,11.7,Healthy,None,2.8,Puttalam,8.29,93.2,867.0,50.4,28.7,Grass
48,580,Local,18.1,Mild,Lumpy Skin Disease,2.4,Polonnaruwa,16.31,181.4,1674.0,81.8,50.0,Mixed
43,572,Ayrshire,14.2,Mild,Foot Rot,2.3,Puttalam,15.72,183.4,1499.0,75.9,65.5,Grass
64,493,Friesian,17.3,Healthy,None,2.9,Monaragala,14.06,155.1,1395.0,71.9,57.0,Mixed
104,581,Friesian,18.3,Mild,Foot Rot,3.2,Matale,16.36,191.3,1406.0,100.0,52.0,Mixed
100,259,Ayrshire,5.9,Healthy,None,3.7,Badulla,7.07,78.6,723.0,45.4,26.0,Grass
24,540,Ayrshire,19.8,Healthy,None,3.4,Anuradhapura,15.48,163.9,1532.0,84.6,53.7,Mixed
54,335,Local,8.2,Healthy,None,2.8,Matale,9.2,105.9,910.0,43.9,30.5,Grass
37,266,Jersey,12.7,Healthy,None,2.6,Polonnaruwa,7.92,89.3,682.0,47.7,30.1,Grass
98,280,Friesian,20.5,Mild,Mastitis,3.1,Anuradhapura,9.05,100.5,789.0,53.6,34.9,Mixed
41,452,Ayrshire,0.0,Severe,Lumpy Skin Disease,3.2,Kurunegala,11.3,125.9,1156.0,60.4,47.0,Grass
19,574,Friesian,10.3,Healthy,None,3.0,Matale,15.38,164.0,1495.0,76.1,64.1,Grass
85,389,Local,10.2,Mild,Mastitis,3.4,Monaragala,10.75,115.1,1030.0,53.6,42.0,Grass
100,415,Local,17.6,Mild,Foot Rot,3.1,Anuradhapura,12.13,135.0,1147.0,77.2,50.7,Mixed
94,260,Jersey,10.3,Healthy,None,3.0,Anuradhapura,7.53,86.6,665.0,38.4,28.8,Grass
69,416,Friesian,12.1,Healthy,None,2.6,Badulla,11.61,125.0,1127.0,52.6,33.1,Grass
25,471,Ayrshire,14.9,Mild,Lumpy Skin Disease,3.2,Matale,13.27,140.5,1351.0,68.0,39.9,Grass
80,377,Ayrshire,19.7,Healthy,None,3.6,Anuradhapura,11.4,129.5,981.0,72.3,34.7,Mixed
33,455,Local,8.6,Healthy,None,3.4,Polonnaruwa,12.23,139.9,1223.0,73.0,41.8,Grass
52,542,Jersey,7.2,Healthy,None,3.3,Polonnaruwa,14.27,155.5,1279.0,80.6,51.7,Grass
58,358,Jersey,9.4,Mild,Foot Rot,2.5,Puttalam,9.89,108.3,942.0,55.5,30.8,Grass
43,377,Friesian,13.4,Mild,Mastitis,1.7,Monaragala,10.77,113.4,1019.0,54.4,33.9,Grass
104,356,Friesian,3.2,Healthy,None,2.9,Monaragala,9.22,99.6,841.0,57.1,27.8,Grass
78,379,Friesian,12.4,Healthy,None,2.8,Anuradhapura,10.71,120.0,951.0,65.7,32.3,Grass
47,427,Friesian,4.1,Healthy,None,2.6,Kurunegala,11.09,117.5,953.0,55.4,33.1,Grass
21,499,Friesian,14.0,Healthy,None,3.3,Polonnaruwa,13.88,152.2,1328.0,76.3,54.5,Grass
99,276,Ayrshire,11.9,Healthy,None,3.6,Puttalam,8.09,94.4,820.0,47.3,33.4,Grass
57,286,Friesian,14.0,Healthy,None,2.6,Anuradhapura,8.55,91.5,866.0,53.1,25.5,Grass
83,268,Local,10.6,Mild,Mastitis,2.3,Polonnaruwa,7.76,87.4,791.0,47.7,29.7,Grass
20,428,Jersey,11.5,Mild,Lumpy Skin Disease,3.6,Badulla,11.85,133.8,1067.0,71.4,34.3,Grass
78,306,Ayrshire,15.4,Mild,Lumpy Skin Disease,3.7,Monaragala,9.19,100.8,956.0,57.8,30.8,Mixed
47,338,Jersey,10.5,Severe,Lumpy Skin Disease,3.7,Anuradhapura,9.5,102.8,967.0,50.9,36.5,Grass
27,593,Ayrshire,11.0,Mild,Foot Rot,3.7,Puttalam,15.93,176.2,1455.0,72.0,62.0,Grass
73,287,Ayrshire,11.9,Healthy,None,3.4,Monaragala,8.37,89.6,764.0,47.1,28.0,Grass
63,591,Local,19.4,Healthy,None,2.9,Puttalam,16.71,185.5,1446.0,81.5,51.8,Mixed
21,508,Friesian,13.1,Mild,Foot Rot,3.6,Puttalam,14.01,147.8,1203.0,88.7,54.2,Grass
111,299,Friesian,11.3,Mild,Foot Rot,2.3,Matale,8.61,92.1,875.0,47.8,30.8,Grass
94,356,Friesian,22.7,Healthy,None,2.8,Matale,11.17,131.4,1037.0,52.8,45.9,Concentrate
84,308,Local,12.8,Severe,Lumpy Skin Disease,3.6,Polonnaruwa,8.98,102.6,895.0,42.0,35.4,Grass
71,555,Friesian,9.0,Severe,Foot Rot,2.5,Matale,14.78,155.9,1431.0,76.4,49.7,Grass
86,332,Local,13.3,Healthy,None,2.1,Anuradhapura,9.63,107.7,821.0,61.6,36.6,Grass
18,576,Friesian,10.6,Mild,Lumpy Skin Disease,3.1,Polonnaruwa,15.46,171.3,1510.0,83.7,50.9,Grass
20,488,Jersey,10.7,Mild,Foot Rot,2.2,Matale,13.27,152.8,1383.0,65.6,51.4,Grass
74,516,Ayrshire,20.0,Healthy,None,3.1,Puttalam,14.9,161.4,1558.0,85.2,46.0,Mixed
28,383,Local,19.2,Healthy,None,2.9,Puttalam,11.5,129.2,1195.0,60.5,40.5,Mixed
75,440,Friesian,7.6,Mild,Lumpy Skin Disease,3.1,Puttalam,11.76,135.1,1210.0,54.9,37.9,Grass
23,429,Ayrshire,10.9,Mild,Mastitis,2.4,Badulla,11.82,139.4,1064.0,70.9,41.4,Grass
101,474,Jersey,19.3,Healthy,None,2.7,Polonnaruwa,13.78,147.3,1370.0,65.7,48.8,Mixed
72,419,Jersey,2.8,Healthy,None,3.7,Anuradhapura,10.76,119.6,1017.0,65.5,30.4,Grass
30,443,Local,9.5,Mild,Lumpy Skin Disease,2.7,Polonnaruwa,12.03,128.0,1211.0,74.3,35.5,Grass
88,496,Jersey,3.2,Healthy,None,3.9,Monaragala,12.72,135.3,1148.0,58.7,52.6,Grass
55,422,Ayrshire,5.6,Healthy,None,3.0,Badulla,11.11,117.5,1020.0,63.1,31.6,Grass
110,268,Jersey,16.6,Healthy,None,3.2,Anuradhapura,8.36,93.2,816.0,41.6,29.4,Mixed
57,443,Friesian,11.7,Healthy,None,2.1,Anuradhapura,12.25,128.8,1237.0,74.0,38.6,Grass
116,593,Friesian,8.0,Healthy,None,3.1,Matale,15.63,175.9,1420.0,80.1,57.2,Grass
46,259,Local,8.1,Mild,Foot Rot,3.1,Puttalam,7.29,79.2,683.0,41.1,30.2,Grass
58,388,Local,15.4,Mild,Mastitis,3.5,Matale,11.24,125.5,1067.0,55.0,33.0,Mixed
120,443,Jersey,5.9,Healthy,None,4.1,Anuradhapura,11.67,124.9,1174.0,67.3,33.6,Grass
34,377,Friesian,15.8,Healthy,None,3.0,Puttalam,11.01,128.4,999.0,57.7,42.3,Mixed
31,344,Ayrshire,17.4,Healthy,None,4.2,Matale,10.34,113.5,996.0,47.4,32.8,Mixed
98,334,Friesian,4.8,Healthy,None,2.9,Monaragala,8.83,97.5,827.0,52.3,34.6,Grass
41,361,Jersey,0.1,Healthy,None,3.1,Matale,9.04,101.4,908.0,49.5,33.1,Grass
89,445,Jersey,13.8,Healthy,None,3.0,Monaragala,12.51,136.7,1182.0,71.6,49.5,Grass
54,405,Ayrshire,8.7,Healthy,None,2.0,Polonnaruwa,10.99,117.5,1110.0,55.2,39.3,Grass
86,528,Local,13.9,Healthy,None,3.7,Polonnaruwa,14.59,154.5,1494.0,72.5,42.4,Grass
23,365,Friesian,9.0,Mild,Mastitis,3.2,Badulla,10.03,117.2,859.0,48.2,37.6,Grass
93,312,Ayrshire,4.2,Mild,Foot Rot,3.2,Kurunegala,8.22,94.5,809.0,43.7,27.4,Grass
51,482,Friesian,10.0,Mild,Foot Rot,2.6,Monaragala,13.05,151.2,1142.0,61.4,47.1,Grass
96,314,Ayrshire,8.2,Mild,Lumpy Skin Disease,2.8,Puttalam,8.67,101.8,854.0,41.5,28.0,Grass
70,536,Jersey,13.9,Healthy,None,2.3,Monaragala,14.79,173.9,1322.0,68.9,43.3,Grass
26,514,Friesian,10.0,Healthy,None,3.0,Polonnaruwa,13.85,160.9,1414.0,79.9,44.8,Grass
28,368,Jersey,6.5,Healthy,None,3.9,Puttalam,9.85,104.9,1009.0,57.5,31.9,Grass
22,507,Ayrshire,7.7,Healthy,None,2.7,Puttalam,13.45,151.2,1217.0,61.8,56.5,Grass
76,301,Ayrshire,7.1,Mild,Foot Rot,3.9,Monaragala,8.23,91.3,735.0,37.4,24.2,Grass
63,449,Ayrshire,14.8,Healthy,None,2.5,Puttalam,12.71,135.5,1275.0,68.8,47.4,Grass
94,387,Friesian,17.5,Healthy,None,3.1,Polonnaruwa,11.43,124.0,1022.0,71.0,47.0,Mixed
51,566,Local,13.3,Healthy,None,2.8,Badulla,15.48,181.5,1392.0,73.0,48.3,Grass
96,397,Friesian,8.3,Healthy,None,3.2,Kurunegala,10.76,121.8,1122.0,49.9,42.7,Grass
46,335,Local,9.3,Mild,Lumpy Skin Disease,3.9,Polonnaruwa,9.3,101.9,965.0,54.9,33.3,Grass
80,453,Jersey,5.7,Healthy,None,3.8,Badulla,11.9,137.9,1031.0,77.3,43.4,Grass
60,401,Local,11.4,Mild,Mastitis,3.1,Kurunegala,11.17,122.0,1038.0,58.9,35.8,Grass
53,475,Ayrshire,16.2,Severe,Lumpy Skin Disease,2.7,Badulla,13.5,149.9,1229.0,75.9,52.4,Mixed
92,515,Ayrshire,16.3,Healthy,None,1.6,Monaragala,14.51,162.1,1369.0,91.4,45.6,Mixed
31,262,Friesian,8.4,Severe,Lumpy Skin Disease,2.5,Monaragala,7.39,85.3,629.0,34.3,25.7,Grass
46,584,Local,5.7,Healthy,None,2.9,Kurunegala,15.17,177.2,1470.0,92.8,59.8,Grass
74,520,Friesian,13.9,Healthy,None,3.4,Monaragala,14.39,167.7,1350.0,81.3,55.6,Grass
24,268,Ayrshire,13.2,Healthy,None,2.7,Monaragala,8.02,86.0,697.0,40.7,23.4,Grass
63,421,Local,13.8,Healthy,None,3.1,Matale,11.91,128.6,1068.0,69.4,38.4,Grass
111,458,Ayrshire,16.7,Healthy,None,3.4,Kurunegala,13.12,140.5,1264.0,61.9,51.0,Mixed
45,369,Ayrshire,12.2,Healthy,None,2.6,Monaragala,10.45,109.7,1084.0,48.2,38.3,Grass
92,548,Jersey,8.7,Healthy,None,2.7,Badulla,14.57,160.6,1340.0,86.5,55.4,Grass
96,494,Local,10.4,Healthy,None,3.1,Puttalam,13.39,157.9,1196.0,75.5,43.2,Grass
106,329,Ayrshire,15.6,Healthy,None,3.0,Monaragala,9.79,111.9,862.0,62.0,38.3,Mixed
89,428,Local,12.1,Mild,Foot Rot,3.1,Puttalam,11.91,128.8,1160.0,74.2,44.3,Grass
88,482,Friesian,9.4,Healthy,None,2.5,Monaragala,12.99,137.7,1345.0,64.7,46.9,Grass
33,496,Local,3.2,Healthy,None,2.7,Puttalam,12.72,134.1,1083.0,66.5,47.0,Grass
47,413,Local,14.4,Healthy,None,2.6,Puttalam,11.77,125.4,1169.0,62.1,38.5,Grass
107,550,Jersey,10.8,Severe,Lumpy Skin Disease,3.2,Matale,14.83,170.2,1377.0,78.6,58.5,Grass
106,555,Local,14.6,Healthy,None,2.5,Puttalam,15.34,179.8,1507.0,88.3,50.0,Grass
18,368,Jersey,17.0,Healthy,None,3.6,Puttalam,10.9,116.3,1078.0,70.5,41.6,Mixed
68,548,Jersey,6.4,Healthy,None,2.6,Matale,14.34,152.9,1458.0,83.1,46.8,Grass
40,449,Friesian,18.0,Healthy,None,2.9,Monaragala,13.03,148.1,1312.0,79.4,38.5,Mixed
113,278,Friesian,0.9,Mild,Lumpy Skin Disease,2.3,Polonnaruwa,7.04,74.6,608.0,39.9,21.6,Grass
118,379,Friesian,10.8,Healthy,None,2.4,Matale,10.55,112.0,945.0,48.5,40.5,Grass
35,585,Jersey,9.9,Healthy,None,3.0,Monaragala,15.62,170.2,1631.0,96.3,57.4,Grass
105,537,Local,19.3,Healthy,None,2.9,Polonnaruwa,15.36,165.2,1592.0,71.4,48.7,Mixed
85,313,Local,17.4,Mild,Lumpy Skin Disease,3.7,Polonnaruwa,9.56,112.2,859.0,62.0,38.2,Mixed
58,464,Friesian,19.2,Healthy,None,3.1,Anuradhapura,13.52,144.2,1169.0,87.6,48.2,Mixed
20,460,Jersey,2.2,Mild,Foot Rot,3.2,Kurunegala,11.72,134.1,1089.0,59.5,40.7,Grass
99,572,Jersey,17.2,Mild,Mastitis,3.0,Matale,16.02,172.2,1446.0,75.8,58.9,Mixed
48,466,Jersey,20.7,Healthy,None,3.4,Polonnaruwa,13.72,155.2,1328.0,73.1,47.3,Mixed
19,374,Jersey,14.8,Healthy,None,3.5,Anuradhapura,10.83,121.8,935.0,61.1,33.8,Grass
61,321,Jersey,13.7,Mild,Foot Rot,1.8,Matale,9.39,108.4,949.0,59.4,28.6,Grass
48,486,Ayrshire,9.5,Healthy,None,3.6,Polonnaruwa,13.1,148.2,1198.0,81.5,53.9,Grass
41,564,Local,8.0,Mild,Lumpy Skin Disease,2.9,Badulla,14.9,162.3,1422.0,89.7,46.9,Grass
98,469,Local,6.8,Healthy,None,3.9,Anuradhapura,12.41,144.4,1274.0,57.7,48.4,Grass
46,273,Local,20.4,Healthy,None,2.6,Kurunegala,8.87,100.1,846.0,45.6,31.0,Mixed
60,412,Ayrshire,12.7,Healthy,None,2.7,Badulla,11.57,131.4,1144.0,69.9,47.1,Grass
39,496,Local,15.1,Severe,Mastitis,3.3,Badulla,13.91,149.2,1281.0,65.3,41.9,Mixed
111,386,Local,16.1,Severe,Lumpy Skin Disease,3.2,Puttalam,11.26,120.7,1050.0,70.6,46.8,Mixed
110,261,Jersey,26.7,Healthy,None,2.5,Matale,9.2,100.5,837.0,51.2,25.8,Concentrate
58,426,Local,3.4,Healthy,None,2.8,Matale,10.99,118.6,1034.0,69.6,39.6,Grass
63,500,Ayrshire,4.2,Mild,Mastitis,2.3,Polonnaruwa,12.92,145.1,1264.0,61.9,49.2,Grass
105,293,Friesian,7.0,Healthy,None,2.5,Anuradhapura,8.03,91.4,841.0,51.6,27.6,Grass
108,520,Local,7.2,Healthy,None,3.3,Kurunegala,13.72,150.4,1429.0,74.4,46.7,Grass
38,436,Ayrshire,9.5,Mild,Mastitis,2.9,Puttalam,11.85,127.6,1015.0,53.7,33.9,Grass
49,266,Jersey,16.5,Healthy,None,2.6,Puttalam,8.3,88.9,747.0,47.9,24.9,Mixed
46,337,Friesian,10.7,Healthy,None,3.2,Badulla,9.5,105.6,944.0,52.7,27.7,Grass
74,367,Local,2.3,Severe,Lumpy Skin Disease,1.8,Kurunegala,9.41,105.5,828.0,42.4,28.1,Grass
96,479,Friesian,13.7,Healthy,None,3.2,Badulla,13.35,142.6,1260.0,82.2,38.7,Grass
109,332,Local,22.3,Healthy,None,3.1,Anuradhapura,10.53,116.4,1082.0,60.6,34.3,Concentrate
97,417,Ayrshire,16.1,Healthy,None,2.9,Kurunegala,12.04,137.1,1028.0,77.2,48.6,Mixed
83,308,Ayrshire,13.5,Mild,Lumpy Skin Disease,3.8,Kurunegala,9.05,103.4,793.0,56.6,28.0,Grass
19,357,Local,1.4,Healthy,None,3.2,Badulla,9.07,100.6,794.0,46.7,27.3,Grass
85,368,Friesian,22.7,Mild,Mastitis,3.1,Anuradhapura,11.47,130.4,1132.0,71.7,42.4,Concentrate
76,419,Jersey,20.3,Healthy,None,2.7,Kurunegala,12.51,147.3,1255.0,59.8,51.8,Mixed
95,307,Local,11.8,Mild,Mastitis,3.0,Monaragala,8.86,94.5,902.0,53.8,32.4,Grass
89,491,Ayrshire,0.9,Healthy,None,2.4,Kurunegala,12.37,133.2,1052.0,64.9,50.4,Grass
20,449,Friesian,6.5,Healthy,None,3.4,Polonnaruwa,11.88,128.8,1120.0,54.2,42.4,Grass
118,419,Friesian,16.4,Healthy,None,3.2,Puttalam,12.12,138.7,1053.0,64.4,36.4,Mixed
106,337,Friesian,16.1,Healthy,None,2.9,Badulla,10.04,109.3,877.0,45.3,39.6,Mixed
96,458,Local,18.0,Healthy,None,3.0,Polonnaruwa,13.25,151.5,1178.0,68.4,40.1,Mixed
65,331,Jersey,12.3,Mild,Mastitis,2.9,Monaragala,9.51,108.0,995.0,60.6,30.9,Grass
88,348,Local,15.4,Healthy,None,2.8,Badulla,10.24,116.0,919.0,64.9,39.3,Mixed
109,406,Local,16.9,Severe,Mastitis,2.4,Kurunegala,11.84,138.8,1183.0,69.3,43.0,Mixed
116,304,Friesian,6.5,Healthy,None,3.3,Puttalam,8.25,90.2,728.0,42.5,29.0,Grass
41,487,Local,11.6,Mild,Foot Rot,2.8,Polonnaruwa,13.34,149.4,1241.0,65.9,55.7,Grass
86,550,Friesian,16.5,Severe,Mastitis,2.7,Monaragala,15.4,166.8,1606.0,94.0,54.6,Mixed
82,253,Local,11.0,Healthy,None,3.7,Monaragala,7.43,83.3,642.0,46.6,29.6,Grass
34,341,Jersey,19.7,Healthy,None,3.8,Polonnaruwa,10.5,119.8,1094.0,63.4,39.1,Mixed
94,342,Friesian,10.6,Healthy,None,3.6,Matale,9.61,110.8,925.0,51.8,32.9,Grass
95,295,Friesian,7.3,Mild,Lumpy Skin Disease,2.5,Monaragala,8.11,95.6,819.0,40.1,30.8,Grass
60,489,Local,0.2,Severe,Lumpy Skin Disease,3.8,Puttalam,12.25,142.5,1121.0,76.4,36.1,Grass
18,531,Ayrshire,7.7,Severe,Foot Rot,2.9,Polonnaruwa,14.04,155.9,1460.0,85.6,41.5,Grass
102,335,Jersey,7.4,Healthy,None,3.3,Kurunegala,9.12,98.2,844.0,50.6,35.5,Grass
18,513,Jersey,10.1,Healthy,None,2.3,Matale,13.84,153.1,1384.0,65.9,48.6,Grass
84,550,Jersey,14.2,Healthy,None,2.3,Kurunegala,15.17,178.8,1440.0,80.1,44.7,Grass
113,376,Local,7.8,Healthy,None,1.9,Polonnaruwa,10.18,118.3,986.0,55.3,37.5,Grass
107,451,Friesian,4.9,Severe,Mastitis,3.1,Badulla,11.77,126.8,1160.0,70.6,47.5,Grass
63,324,Ayrshire,2.2,Mild,Foot Rot,2.3,Monaragala,8.32,96.7,792.0,46.0,24.5,Grass
116,382,Jersey,12.0,Severe,Lumpy Skin Disease,2.7,Kurunegala,10.75,118.4,966.0,63.7,43.6,Grass
100,252,Local,22.0,Healthy,None,3.9,Badulla,8.5,95.7,827.0,54.9,33.9,Mixed
101,402,Ayrshire,7.7,Healthy,None,3.3,Polonnaruwa,10.82,123.2,1059.0,54.2,42.4,Grass
32,272,Local,15.7,Healthy,None,2.7,Monaragala,8.37,97.7,740.0,44.8,28.0,Mixed
61,395,Jersey,4.5,Healthy,None,3.0,Kurunegala,10.32,114.4,950.0,58.2,38.9,Grass
120,382,Jersey,11.1,Healthy,None,2.8,Badulla,10.66,121.0,1016.0,67.6,37.5,Grass
99,540,Friesian,14.2,Healthy,None,2.6,Monaragala,14.92,168.4,1502.0,96.0,49.4,Grass
58,480,Jersey,6.2,Severe,Lumpy Skin Disease,3.1,Puttalam,12.62,137.9,1241.0,76.9,36.6,Grass
85,408,Jersey,13.9,Severe,Foot Rot,2.4,Puttalam,11.59,122.3,1180.0,68.2,33.4,Grass
101,593,Friesian,16.6,Mild,Lumpy Skin Disease,2.1,Monaragala,16.48,183.0,1529.0,103.2,62.0,Mixed
42,411,Friesian,9.1,Healthy,None,2.9,Anuradhapura,11.19,117.5,1065.0,55.2,40.5,Grass
42,351,Ayrshire,8.8,Healthy,None,2.7,Anuradhapura,9.66,104.4,858.0,54.7,35.2,Grass
88,420,Friesian,21.4,Mild,Mastitis,2.6,Monaragala,12.64,134.1,1327.0,60.4,49.9,Mixed
68,411,Jersey,24.2,Healthy,None,3.2,Polonnaruwa,12.7,137.3,1256.0,75.2,49.9,Concentrate
97,480,Jersey,12.5,Healthy,None,3.2,Puttalam,13.25,151.0,1176.0,85.3,41.7,Grass
80,288,Ayrshire,24.6,Healthy,None,2.5,Polonnaruwa,9.66,109.1,992.0,54.8,36.7,Concentrate
65,426,Local,6.4,Severe,Mastitis,2.6,Polonnaruwa,11.29,131.9,993.0,51.7,33.4,Grass
27,349,Local,12.2,Severe,Lumpy Skin Disease,2.1,Monaragala,9.95,116.6,1004.0,56.0,39.0,Grass
68,306,Jersey,12.1,Healthy,None,3.8,Anuradhapura,8.86,99.5,917.0,50.4,36.7,Grass
79,596,Friesian,12.8,Mild,Lumpy Skin Disease,2.9,Monaragala,16.18,170.5,1613.0,76.2,48.8,Grass
37,527,Jersey,8.9,Mild,Foot Rot,3.4,Polonnaruwa,14.07,148.2,1305.0,71.3,50.4,Grass
49,593,Friesian,7.9,Severe,Lumpy Skin Disease,3.9,Anuradhapura,15.62,171.5,1581.0,80.9,51.0,Grass
70,358,Ayrshire,21.7,Healthy,None,3.1,Polonnaruwa,11.12,124.0,1054.0,62.0,43.6,Mixed
119,360,Jersey,11.9,Healthy,None,3.5,Kurunegala,10.19,113.5,1041.0,49.8,38.8,Grass
51,597,Local,17.5,Healthy,None,2.6,Puttalam,16.68,186.4,1649.0,102.6,56.1,Mixed
110,588,Jersey,9.4,Severe,Lumpy Skin Disease,2.3,Anuradhapura,15.64,182.3,1505.0,76.1,58.8,Grass
25,538,Local,14.0,Healthy,None,3.3,Kurunegala,14.85,162.4,1269.0,69.9,57.7,Grass
73,579,Local,5.3,Healthy,None,2.8,Kurunegala,15.01,171.7,1563.0,87.9,45.7,Grass
44,549,Jersey,5.3,Healthy,None,2.6,Kurunegala,14.26,161.1,1342.0,81.3,57.8,Grass
66,343,Friesian,14.8,Healthy,None,2.6,Badulla,10.06,108.2,903.0,59.1,31.4,Grass
99,287,Jersey,10.5,Healthy,None,2.2,Polonnaruwa,8.23,90.5,806.0,39.4,23.1,Grass
46,262,Local,12.9,Healthy,None,3.0,Anuradhapura,7.84,84.1,732.0,48.9,31.8,Grass
36,511,Jersey,8.4,Mild,Lumpy Skin Disease,2.9,Matale,13.62,156.3,1207.0,82.5,44.2,Grass
89,415,Local,12.9,Mild,Foot Rot,2.6,Kurunegala,11.66,135.9,1175.0,73.2,47.9,Grass
69,349,Jersey,4.6,Healthy,None,3.9,Kurunegala,9.18,104.3,933.0,55.0,26.0,Grass
39,465,Friesian,8.8,Severe,Lumpy Skin Disease,3.0,Badulla,12.51,138.1,1168.0,68.9,40.7,Grass
52,501,Local,17.1,Healthy,None,4.5,Monaragala,14.24,160.0,1444.0,87.5,52.8,Mixed
51,475,Jersey,5.8,Mild,Lumpy Skin Disease,3.2,Puttalam,12.46,145.7,1308.0,60.5,42.9,Grass
88,488,Ayrshire,8.5,Healthy,None,2.7,Badulla,13.05,146.3,1249.0,59.1,36.6,Grass
107,560,Ayrshire,8.4,Healthy,None,2.4,Kurunegala,14.84,165.1,1397.0,92.5,62.2,Grass
36,564,Local,11.8,Severe,Mastitis,2.3,Anuradhapura,15.28,171.3,1346.0,84.7,59.8,Grass
83,325,Local,16.7,Mild,Mastitis,3.0,Kurunegala,9.79,111.8,980.0,49.1,33.4,Mixed
61,350,Local,14.1,Healthy,None,2.8,Puttalam,10.16,113.5,950.0,52.5,38.8,Grass
87,513,Friesian,10.2,Mild,Mastitis,3.1,Puttalam,13.85,157.8,1444.0,73.4,44.7,Grass
91,438,Friesian,6.2,Healthy,None,2.8,Monaragala,11.57,130.2,1028.0,54.9,35.2,Grass
51,318,Ayrshire,7.7,Healthy,None,2.6,Kurunegala,8.72,95.8,861.0,40.7,29.3,Grass
28,545,Friesian,1.5,Severe,Foot Rot,3.7,Badulla,13.78,156.9,1325.0,76.4,38.6,Grass
33,491,Friesian,8.6,Mild,Foot Rot,3.6,Kurunegala,13.13,149.6,1244.0,82.7,43.5,Grass
79,489,Friesian,17.3,Mild,Mastitis,2.4,Matale,13.96,155.1,1266.0,70.8,43.5,Mixed
92,440,Local,6.6,Healthy,None,4.3,Badulla,11.66,129.3,1026.0,73.7,39.4,Grass
24,417,Friesian,20.8,Healthy,None,3.0,Kurunegala,12.51,146.4,1206.0,56.3,46.9,Mixed
31,504,Ayrshire,13.3,Healthy,None,2.7,Matale,13.93,149.5,1288.0,66.8,52.0,Grass
78,333,Jersey,14.2,Mild,Foot Rot,2.6,Puttalam,9.75,104.6,845.0,63.2,29.6,Grass
64,569,Local,1.8,Healthy,None,2.3,Badulla,14.41,159.9,1425.0,84.0,59.3,Grass
47,556,Local,12.1,Healthy,None,2.4,Monaragala,15.11,175.7,1583.0,90.6,47.7,Grass
39,427,Jersey,11.7,Healthy,None,2.5,Anuradhapura,11.85,134.9,1153.0,70.9,44.3,Grass
25,394,Friesian,8.1,Healthy,None,3.4,Monaragala,10.66,113.5,1072.0,52.5,34.2,Grass
118,598,Ayrshire,13.2,Healthy,None,3.0,Matale,16.27,189.8,1444.0,88.1,63.3,Grass
116,367,Local,16.4,Mild,Lumpy Skin Disease,3.2,Matale,10.82,124.0,1087.0,63.6,37.1,Mixed
32,596,Local,19.2,Mild,Mastitis,2.8,Monaragala,16.82,194.9,1537.0,92.4,49.2,Mixed
76,404,Friesian,9.9,Mild,Foot Rot,2.3,Polonnaruwa,11.09,120.7,1103.0,61.4,32.3,Grass
93,563,Friesian,9.9,Healthy,None,3.5,Polonnaruwa,15.07,162.4,1528.0,78.0,50.7,Grass
112,273,Ayrshire,18.5,Healthy,None,3.5,Anuradhapura,8.68,94.1,742.0,49.8,31.1,Mixed
41,382,Ayrshire,3.0,Mild,Lumpy Skin Disease,3.5,Kurunegala,9.85,105.3,924.0,56.0,28.9,Grass
29,279,Ayrshire,2.8,Mild,Mastitis,3.4,Matale,7.26,85.3,653.0,42.5,29.4,Grass
88,592,Ayrshire,10.2,Healthy,None,3.4,Kurunegala,15.82,182.9,1369.0,82.5,57.1,Grass
82,590,Jersey,5.3,Healthy,None,3.6,Monaragala,15.28,173.5,1520.0,74.8,48.7,Grass
86,254,Friesian,4.7,Mild,Mastitis,2.7,Puttalam,6.82,77.4,637.0,32.8,25.0,Grass
102,318,Friesian,7.0,Healthy,None,2.1,Monaragala,8.65,94.6,830.0,41.8,31.2,Grass
79,530,Friesian,12.5,Mild,Mastitis,3.9,Badulla,14.5,170.5,1480.0,88.6,50.2,Grass
50,561,Ayrshire,25.3,Healthy,None,3.0,Kurunegala,16.55,182.1,1504.0,93.8,68.0,Concentrate
79,530,Ayrshire,17.6,Mild,Mastitis,3.1,Matale,15.01,159.2,1405.0,81.3,52.5,Mixed
24,388,Ayrshire,14.5,Mild,Foot Rot,2.8,Puttalam,11.15,129.1,988.0,60.1,45.9,Grass
97,507,Local,13.0,Healthy,None,3.3,Polonnaruwa,13.98,156.6,1317.0,76.1,44.9,Grass
83,382,Local,9.1,Mild,Mastitis,3.0,Anuradhapura,10.46,113.0,890.0,66.3,42.9,Grass
110,547,Jersey,11.7,Healthy,None,3.4,Anuradhapura,14.85,173.1,1263.0,76.6,54.1,Grass
107,482,Ayrshire,6.7,Mild,Mastitis,3.0,Matale,12.72,149.9,1229.0,63.6,51.6,Grass
95,263,Friesian,21.6,Healthy,None,3.6,Matale,8.73,94.8,913.0,44.3,28.0,Mixed
49,466,Ayrshire,18.7,Healthy,None,3.0,Puttalam,13.52,158.1,1168.0,70.6,48.3,Mixed
35,317,Jersey,13.6,Mild,Mastitis,3.5,Matale,9.29,109.2,940.0,42.3,31.5,Grass
50,515,Friesian,19.8,Mild,Mastitis,2.0,Polonnaruwa,14.86,158.0,1274.0,87.9,51.0,Mixed
48,377,Friesian,5.4,Healthy,None,3.7,Badulla,9.96,110.3,981.0,60.9,40.6,Grass
114,501,Friesian,10.6,Healthy,None,2.7,Polonnaruwa,13.59,153.9,1199.0,69.3,54.6,Grass
71,346,Friesian,5.7,Mild,Mastitis,2.7,Matale,9.22,98.4,798.0,51.5,26.0,Grass
41,535,Local,5.0,Healthy,None,4.0,Polonnaruwa,13.88,160.1,1431.0,74.0,45.1,Grass
62,568,Ayrshire,11.9,Healthy,None,3.0,Kurunegala,15.39,169.1,1417.0,79.3,61.0,Grass
84,264,Jersey,14.9,Healthy,None,3.5,Anuradhapura,8.09,90.7,772.0,41.9,23.5,Grass
102,517,Local,16.7,Healthy,None,3.5,Puttalam,14.6,154.1,1511.0,90.1,53.4,Mixed
93,560,Ayrshire,8.8,Healthy,None,2.9,Polonnaruwa,14.88,165.9,1311.0,87.6,52.8,Grass
75,268,Ayrshire,15.8,Healthy,None,2.7,Matale,8.28,89.6,815.0,51.2,25.1,Mixed
87,534,Local,12.0,Healthy,None,3.2,Kurunegala,14.55,166.7,1488.0,71.6,44.0,Grass
44,471,Local,15.9,Healthy,None,2.1,Puttalam,13.37,157.4,1170.0,72.0,53.8,Mixed
87,449,Jersey,15.6,Healthy,None,2.9,Matale,12.79,143.3,1257.0,66.2,44.2,Mixed
77,443,Friesian,15.5,Mild,Mastitis,3.4,Monaragala,12.63,132.7,1325.0,69.0,45.3,Mixed
52,474,Friesian,20.0,Severe,Mastitis,3.7,Badulla,13.85,152.7,1362.0,68.6,43.1,Mixed
99,427,Ayrshire,18.7,Healthy,None,3.7,Monaragala,12.55,137.4,1173.0,61.3,46.6,Mixed
120,481,Local,13.5,Healthy,None,3.0,Polonnaruwa,13.38,153.8,1152.0,69.1,43.8,Grass
108,549,Local,16.4,Healthy,None,3.4,Monaragala,15.37,180.2,1545.0,75.9,56.7,Mixed
34,337,Ayrshire,10.5,Mild,Lumpy Skin Disease,3.2,Kurunegala,9.48,110.9,810.0,56.1,37.0,Grass
115,328,Ayrshire,11.8,Healthy,None,2.6,Badulla,9.38,102.0,874.0,53.5,36.6,Grass
46,546,Local,18.5,Mild,Lumpy Skin Disease,3.0,Matale,15.5,175.8,1408.0,73.0,53.7,Mixed
86,285,Ayrshire,22.2,Mild,Lumpy Skin Disease,2.2,Anuradhapura,9.35,105.9,956.0,49.5,34.6,Concentrate
85,450,Ayrshire,9.2,Healthy,None,3.0,Polonnaruwa,12.17,127.9,1269.0,61.5,45.5,Grass
113,593,Local,17.7,Healthy,None,3.2,Badulla,16.6,179.2,1473.0,80.6,66.2,Mixed
38,395,Ayrshire,13.6,Healthy,None,2.4,Puttalam,11.23,124.7,1109.0,51.2,41.8,Grass
38,372,Ayrshire,6.2,Severe,Foot Rot,3.2,Polonnaruwa,9.92,115.0,978.0,50.2,30.0,Grass
22,499,Local,5.2,Healthy,None,2.7,Badulla,13.0,145.9,1189.0,60.0,38.7,Grass
24,365,Jersey,14.5,Healthy,None,2.5,Kurunegala,10.57,111.4,923.0,62.8,37.1,Grass
115,442,Jersey,20.0,Healthy,None,3.6,Matale,13.05,141.2,1220.0,75.0,42.4,Mixed
117,288,Friesian,4.1,Healthy,None,2.5,Polonnaruwa,7.61,80.1,665.0,46.7,23.5,Grass
43,416,Local,0.6,Healthy,None,2.6,Puttalam,10.46,111.6,1026.0,57.3,36.8,Grass
27,413,Local,15.8,Healthy,None,2.8,Badulla,11.91,131.7,1160.0,64.6,48.6,Mixed
55,430,Local,14.3,Healthy,None,2.2,Polonnaruwa,12.18,133.3,1174.0,78.6,34.5,Grass
59,582,Jersey,16.0,Mild,Lumpy Skin Disease,2.7,Matale,16.15,172.4,1602.0,75.4,47.8,Mixed
64,396,Friesian,12.1,Healthy,None,3.0,Monaragala,11.11,125.7,1154.0,65.3,33.1,Grass
102,437,Jersey,5.6,Mild,Mastitis,2.4,Matale,11.49,134.7,1182.0,69.5,42.6,Grass
38,288,Local,16.8,Mild,Mastitis,3.2,Monaragala,8.88,103.3,863.0,52.6,26.0,Mixed
65,501,Ayrshire,17.3,Mild,Lumpy Skin Disease,3.2,Anuradhapura,14.26,152.5,1441.0,65.3,56.0,Mixed
78,572,Local,12.7,Mild,Lumpy Skin Disease,2.1,Polonnaruwa,15.57,172.9,1331.0,92.8,55.5,Grass
25,346,Ayrshire,10.6,Mild,Mastitis,3.0,Polonnaruwa,9.71,104.1,1007.0,59.0,37.2,Grass
54,254,Jersey,21.8,Healthy,None,3.3,Monaragala,8.53,100.6,800.0,43.3,33.9,Mixed
20,544,Ayrshire,19.7,Healthy,None,3.3,Badulla,15.57,179.6,1351.0,87.2,44.4,Mixed
102,334,Ayrshire,8.4,Healthy,None,3.1,Monaragala,9.19,100.3,886.0,54.4,29.4,Grass
79,561,Ayrshire,13.2,Healthy,None,2.5,Puttalam,15.35,177.1,1506.0,96.8,50.0,Grass
19,294,Friesian,10.1,Severe,Mastitis,2.9,Polonnaruwa,8.36,90.0,761.0,53.7,34.8,Grass
120,507,Ayrshire,20.0,Healthy,None,2.0,Anuradhapura,14.68,158.0,1424.0,86.2,50.0,Mixed
77,468,Local,18.0,Healthy,None,2.5,Anuradhapura,13.5,150.4,1226.0,64.2,52.3,Mixed
21,334,Friesian,5.1,Mild,Foot Rot,3.6,Matale,8.86,95.4,768.0,43.8,26.0,Grass
57,536,Friesian,15.7,Healthy,None,3.6,Badulla,14.97,167.4,1453.0,84.0,55.4,Mixed
26,546,Local,16.0,Mild,Lumpy Skin Disease,4.0,Badulla,15.25,176.2,1344.0,72.2,54.9,Mixed
91,552,Friesian,14.8,Healthy,None,2.9,Badulla,15.28,161.8,1365.0,78.6,63.4,Grass
107,355,Friesian,13.7,Healthy,None,3.6,Puttalam,10.25,109.6,1027.0,64.2,37.7,Grass
24,403,Friesian,8.1,Severe,Mastitis,2.7,Kurunegala,10.89,114.5,1068.0,64.1,44.2,Grass
97,308,Local,10.5,Healthy,None,1.9,Monaragala,8.75,95.5,895.0,41.3,33.3,Grass
38,261,Jersey,12.7,Healthy,None,2.1,Kurunegala,7.79,89.9,754.0,41.8,32.3,Grass
50,515,Local,12.3,Mild,Lumpy Skin Disease,3.4,Anuradhapura,14.11,149.2,1401.0,76.3,54.3,Grass
63,584,Local,9.6,Healthy,None,3.8,Kurunegala,15.56,164.9,1440.0,93.2,46.1,Grass
43,589,Local,4.7,Severe,Foot Rot,3.6,Monaragala,15.2,174.0,1320.0,98.0,56.9,Grass
25,411,Local,15.4,Severe,Mastitis,2.1,Monaragala,11.82,138.8,1184.0,66.7,39.4,Mixed
44,280,Local,25.6,Healthy,None,3.0,Matale,9.56,106.1,815.0,54.4,30.5,Concentrate
68,453,Jersey,7.6,Mild,Mastitis,2.3,Puttalam,12.09,142.5,1088.0,71.1,34.9,Grass
31,598,Ayrshire,10.9,Healthy,None,2.9,Polonnaruwa,16.04,168.6,1372.0,88.1,65.4,Grass
101,274,Local,12.5,Healthy,None,2.9,Puttalam,8.1,87.0,737.0,50.1,31.7,Grass
61,523,Local,15.2,Healthy,None,2.8,Badulla,14.6,170.0,1399.0,81.1,44.8,Mixed
39,374,Local,2.3,Healthy,None,2.9,Monaragala,9.58,109.7,975.0,52.6,28.7,Grass
59,527,Jersey,0.2,Mild,Foot Rot,3.2,Kurunegala,13.2,154.8,1318.0,68.8,55.4,Grass
45,567,Friesian,7.1,Mild,Lumpy Skin Disease,3.1,Anuradhapura,14.89,171.5,1553.0,94.4,52.5,Grass
117,370,Local,18.6,Healthy,None,2.5,Matale,11.11,124.8,990.0,65.8,34.1,Mixed
99,348,Jersey,17.3,Severe,Foot Rot,2.8,Polonnaruwa,10.43,109.7,940.0,51.8,32.9,Mixed
84,409,Local,20.8,Healthy,None,2.8,Polonnaruwa,12.31,142.1,1174.0,73.6,50.7,Mixed
30,451,Jersey,7.8,Healthy,None,3.3,Polonnaruwa,12.05,127.9,1034.0,59.7,41.5,Grass
39,544,Local,9.8,Healthy,None,2.6,Kurunegala,14.58,153.8,1315.0,80.6,40.9,Grass
32,387,Ayrshire,9.6,Mild,Lumpy Skin Disease,3.0,Badulla,10.64,117.8,1020.0,62.9,40.4,Grass
66,285,Friesian,18.7,Healthy,None,2.0,Anuradhapura,9.0,99.0,783.0,47.5,25.6,Mixed
66,288,Friesian,12.1,Healthy,None,3.3,Polonnaruwa,8.41,90.1,841.0,38.2,27.5,Grass
108,572,Ayrshire,13.0,Healthy,None,3.7,Anuradhapura,15.6,170.9,1407.0,93.3,54.6,Grass
66,509,Ayrshire,11.6,Severe,Mastitis,2.9,Polonnaruwa,13.89,154.9,1206.0,69.9,39.4,Grass
120,596,Ayrshire,15.0,Healthy,None,3.0,Puttalam,16.4,178.9,1719.0,101.6,54.1,Grass
118,467,Friesian,10.0,Healthy,None,3.3,Badulla,12.68,149.5,1294.0,59.4,52.5,Grass
35,327,Local,8.7,Mild,Mastitis,2.7,Badulla,9.04,106.3,836.0,51.3,36.8,Grass
34,300,Local,9.4,Mild,Mastitis,3.7,Monaragala,8.44,92.9,807.0,47.0,31.4,Grass
25,547,Ayrshire,0.0,Mild,Foot Rot,3.2,Monaragala,13.68,151.7,1431.0,77.6,43.3,Grass
109,559,Friesian,12.2,Healthy,None,2.2,Puttalam,15.2,177.8,1402.0,84.9,44.0,Grass
120,382,Friesian,13.5,Healthy,None,3.2,Badulla,10.9,126.0,1063.0,61.3,33.4,Grass
78,487,Friesian,14.9,Healthy,None,1.7,Badulla,13.67,151.0,1384.0,86.9,44.6,Grass
91,421,Friesian,18.8,Healthy,None,2.6,Puttalam,12.41,133.2,1292.0,62.2,45.4,Mixed
72,544,Ayrshire,15.4,Healthy,None,3.4,Badulla,15.14,175.4,1584.0,90.9,52.5,Mixed
107,431,Local,7.6,Healthy,None,3.3,Badulla,11.54,126.3,1096.0,74.3,34.1,Grass
109,284,Local,10.1,Healthy,None,2.0,Polonnaruwa,8.11,88.4,783.0,49.2,30.6,Grass
92,344,Jersey,17.8,Healthy,None,2.6,Anuradhapura,10.38,110.6,967.0,51.1,32.4,Mixed
72,392,Local,7.7,Mild,Foot Rot,2.8,Puttalam,10.57,124.1,1079.0,48.7,36.2,Grass
89,302,Jersey,13.4,Mild,Foot Rot,3.0,Badulla,8.89,96.6,872.0,48.0,36.7,Grass
112,372,Friesian,14.7,Mild,Foot Rot,2.3,Anuradhapura,10.77,117.3,976.0,63.5,43.0,Grass
98,576,Jersey,8.3,Healthy,None,2.9,Matale,15.23,166.9,1340.0,98.9,60.0,Grass
43,577,Jersey,21.5,Healthy,None,2.9,Badulla,16.57,188.5,1677.0,98.2,66.3,Mixed
80,543,Friesian,17.4,Mild,Mastitis,3.0,Puttalam,15.32,179.1,1429.0,78.9,48.8,Mixed
109,491,Friesian,9.6,Mild,Lumpy Skin Disease,2.9,Monaragala,13.23,147.8,1159.0,78.8,55.3,Grass
85,489,Friesian,11.2,Mild,Foot Rot,3.3,Puttalam,13.35,153.9,1209.0,85.0,54.9,Grass
111,545,Friesian,18.9,Healthy,None,3.2,Puttalam,15.52,171.4,1343.0,98.8,49.1,Mixed
109,582,Friesian,17.9,Severe,Foot Rot,2.5,Monaragala,16.34,189.8,1468.0,98.3,56.2,Mixed
56,338,Ayrshire,9.9,Mild,Lumpy Skin Disease,2.6,Matale,9.44,101.7,941.0,57.0,33.3,Grass
101,422,Jersey,13.6,Healthy,None,2.8,Monaragala,11.91,140.5,1172.0,76.7,42.7,Grass
111,503,Local,15.6,Healthy,None,2.5,Anuradhapura,14.14,157.1,1360.0,67.1,42.5,Mixed
40,421,Friesian,12.2,Healthy,None,3.3,Anuradhapura,11.75,134.8,1170.0,65.9,33.4,Grass
114,334,Local,1.7,Healthy,None,4.1,Badulla,8.52,100.2,734.0,45.3,28.7,Grass
20,325,Local,10.6,Healthy,None,2.0,Badulla,9.19,105.1,819.0,59.6,36.4,Grass
64,485,Friesian,12.8,Healthy,None,3.0,Monaragala,13.41,147.8,1361.0,74.5,55.9,Grass
109,250,Friesian,11.6,Healthy,None,3.5,Monaragala,7.41,87.4,700.0,45.7,28.5,Grass
20,478,Friesian,15.7,Mild,Lumpy Skin Disease,3.1,Puttalam,13.52,151.1,1166.0,77.9,52.1,Mixed
109,472,Jersey,14.3,Healthy,None,2.9,Matale,13.23,147.5,1347.0,79.4,37.7,Grass
48,389,Ayrshire,20.9,Healthy,None,2.3,Puttalam,11.82,134.4,1168.0,64.8,38.1,Mixed
70,600,Jersey,12.7,Healthy,None,3.0,Polonnaruwa,16.27,178.2,1660.0,99.2,60.9,Grass
61,452,Ayrshire,16.1,Healthy,None,2.6,Matale,12.91,142.7,1199.0,75.6,37.8,Mixed
83,332,Friesian,3.3,Healthy,None,3.1,Monaragala,8.63,97.2,820.0,48.8,24.2,Grass
23,349,Ayrshire,13.4,Healthy,None,3.7,Puttalam,10.06,107.4,885.0,49.0,41.9,Grass
96,365,Friesian,5.6,Healthy,None,3.6,Anuradhapura,9.69,112.4,899.0,62.1,30.6,Grass
65,476,Jersey,23.8,Healthy,None,2.8,Monaragala,14.28,161.3,1418.0,65.2,59.8,Concentrate
117,382,Friesian,5.5,Mild,Mastitis,2.8,Polonnaruwa,10.1,110.4,946.0,52.4,37.4,Grass
77,454,Local,12.1,Healthy,None,3.3,Matale,12.56,133.9,1245.0,61.5,48.5,Grass
93,262,Friesian,9.0,Mild,Lumpy Skin Disease,3.8,Puttalam,7.45,86.4,764.0,39.5,30.5,Grass
94,356,Jersey,6.4,Healthy,None,2.1,Polonnaruwa,9.54,105.6,852.0,47.9,28.7,Grass
107,454,Jersey,17.5,Mild,Foot Rot,1.9,Anuradhapura,13.1,141.5,1150.0,79.6,52.4,Mixed
81,595,Jersey,11.0,Healthy,None,4.5,Badulla,15.97,183.3,1424.0,73.0,62.8,Grass
78,277,Friesian,11.9,Healthy,None,2.4,Kurunegala,8.12,91.4,713.0,39.9,33.4,Grass
44,478,Friesian,11.7,Healthy,None,3.0,Badulla,13.12,141.0,1348.0,64.2,39.0,Grass
86,513,Jersey,12.8,Healthy,None,3.3,Badulla,14.11,154.9,1378.0,90.8,42.0,Grass
80,530,Friesian,6.8,Healthy,None,3.8,Badulla,13.93,150.2,1212.0,77.3,52.9,Grass
65,596,Friesian,13.2,Healthy,None,3.4,Badulla,16.22,179.2,1592.0,90.5,65.7,Grass
98,447,Ayrshire,8.9,Healthy,None,3.6,Kurunegala,12.07,137.8,1100.0,71.9,45.5,Grass
65,500,Jersey,10.7,Healthy,None,3.1,Anuradhapura,13.57,154.3,1272.0,61.9,41.9,Grass
98,480,Jersey,7.3,Healthy,None,2.5,Anuradhapura,12.73,150.1,1235.0,70.6,42.1,Grass
51,317,Jersey,15.4,Healthy,None,2.8,Puttalam,9.46,106.4,846.0,51.2,38.5,Mixed
104,594,Jersey,7.7,Mild,Mastitis,2.7,Polonnaruwa,15.62,178.1,1335.0,75.4,56.7,Grass
114,547,Local,15.5,Severe,Lumpy Skin Disease,2.7,Kurunegala,15.23,175.3,1502.0,90.7,45.4,Mixed
68,473,Local,11.4,Mild,Foot Rot,3.0,Badulla,12.97,147.1,1207.0,75.8,37.0,Grass
76,364,Ayrshire,2.4,Healthy,None,2.3,Matale,9.34,103.8,957.0,57.5,33.7,Grass
72,376,Jersey,13.7,Healthy,None,2.6,Matale,10.77,118.1,1048.0,67.6,30.2,Grass
60,344,Ayrshire,17.3,Healthy,None,3.5,Monaragala,10.33,114.8,913.0,48.6,34.0,Mixed
69,373,Local,15.6,Healthy,None,3.9,Matale,10.89,122.5,1140.0,54.0,39.7,Mixed
61,555,Ayrshire,11.6,Healthy,None,3.3,Polonnaruwa,15.04,168.8,1383.0,91.4,48.1,Grass
73,589,Ayrshire,9.1,Healthy,None,4.2,Badulla,15.64,173.8,1490.0,77.2,45.0,Grass
29,258,Jersey,21.9,Mild,Lumpy Skin Disease,3.0,Anuradhapura,8.64,101.3,800.0,45.4,32.5,Mixed
62,449,Local,13.9,Healthy,None,3.7,Matale,12.62,144.1,1120.0,80.7,38.9,Grass
75,387,Jersey,11.3,Healthy,None,2.7,Kurunegala,10.81,114.4,1063.0,48.8,31.7,Grass
22,558,Friesian,16.4,Healthy,None,3.0,Puttalam,15.59,174.2,1449.0,100.4,44.2,Mixed
44,328,Local,12.9,Healthy,None,2.6,Badulla,9.49,111.0,892.0,57.3,38.4,Grass
106,351,Local,3.4,Healthy,None,3.1,Puttalam,9.12,103.0,890.0,46.1,31.7,Grass
119,279,Friesian,16.5,Healthy,None,2.9,Badulla,8.62,96.1,891.0,43.8,35.5,Mixed
102,588,Ayrshire,19.2,Healthy,None,2.6,Anuradhapura,16.62,186.6,1418.0,86.4,58.0,Mixed
109,389,Local,6.7,Healthy,None,3.0,Badulla,10.4,117.0,946.0,65.8,40.7,Grass
47,526,Local,11.6,Mild,Mastitis,3.4,Matale,14.31,164.1,1441.0,91.4,46.6,Grass
91,265,Ayrshire,8.1,Healthy,None,3.7,Monaragala,7.44,81.5,779.0,41.7,25.4,Grass
56,480,Local,21.8,Healthy,None,3.0,Polonnaruwa,14.18,158.6,1419.0,78.1,59.1,Mixed
49,385,Ayrshire,18.2,Healthy,None,2.5,Puttalam,11.45,132.4,1090.0,65.7,40.1,Mixed
38,415,Friesian,17.4,Healthy,None,3.5,Puttalam,12.12,128.0,1239.0,70.2,48.0,Mixed
53,451,Jersey,16.3,Healthy,None,3.0,Puttalam,12.91,139.3,1297.0,64.1,40.7,Mixed
94,418,Jersey,0.0,Severe,Mastitis,2.7,Matale,10.45,120.9,1032.0,55.2,41.3,Grass
75,282,Friesian,8.9,Healthy,None,2.5,Puttalam,7.94,83.8,727.0,40.7,29.1,Grass
72,250,Ayrshire,12.6,Healthy,None,2.8,Puttalam,7.51,79.4,710.0,37.7,23.9,Grass
112,548,Friesian,7.9,Mild,Mastitis,2.5,Monaragala,14.49,160.2,1286.0,68.6,47.4,Grass
48,544,Local,8.4,Mild,Lumpy Skin Disease,3.6,Kurunegala,14.44,162.0,1345.0,79.5,59.2,Grass
99,538,Friesian,8.7,Healthy,None,2.7,Anuradhapura,14.32,165.8,1252.0,79.4,44.5,Grass
65,317,Local,9.7,Mild,Foot Rot,3.2,Badulla,8.9,98.1,774.0,44.0,28.8,Grass
18,263,Jersey,14.3,Healthy,None,1.5,Kurunegala,8.01,92.3,758.0,48.7,22.6,Grass
26,344,Ayrshire,17.1,Mild,Lumpy Skin Disease,3.7,Puttalam,10.31,109.5,988.0,65.2,36.9,Mixed
113,584,Friesian,6.7,Healthy,None,2.5,Badulla,15.27,172.4,1533.0,72.3,62.3,Grass
118,441,Friesian,9.7,Mild,Lumpy Skin Disease,2.6,Anuradhapura,12.0,127.9,1043.0,73.5,47.2,Grass
91,460,Local,13.1,Healthy,None,2.0,Kurunegala,12.81,141.7,1258.0,59.6,36.0,Grass
100,409,Jersey,6.4,Healthy,None,3.8,Matale,10.87,117.0,959.0,67.1,45.0,Grass
109,437,Friesian,7.4,Healthy,None,3.6,Matale,11.67,136.4,1016.0,62.4,35.2,Grass
46,356,Jersey,13.8,Healthy,None,2.1,Matale,10.28,110.5,992.0,49.6,30.7,Grass
116,385,Friesian,15.2,Mild,Mastitis,2.9,Polonnaruwa,11.14,123.9,1098.0,71.0,38.5,Mixed
84,534,Ayrshire,9.7,Healthy,None,3.1,Kurunegala,14.32,163.7,1290.0,64.6,48.1,Grass
106,342,Local,14.4,Mild,Foot Rot,3.4,Puttalam,9.99,106.6,856.0,49.5,28.8,Grass
93,439,Friesian,17.9,Healthy,None,3.2,Kurunegala,12.77,142.2,1109.0,60.3,45.7,Mixed
100,282,Friesian,5.1,Mild,Foot Rot,2.8,Monaragala,7.56,86.6,773.0,44.8,29.4,Grass
104,564,Jersey,26.7,Healthy,None,3.4,Puttalam,16.77,180.1,1545.0,104.8,58.9,Concentrate
92,319,Friesian,23.8,Healthy,None,3.7,Matale,10.36,110.8,904.0,52.5,38.6,Concentrate
73,534,Friesian,13.2,Mild,Foot Rot,3.2,Matale,14.67,167.5,1433.0,82.8,49.4,Grass
24,397,Ayrshire,11.8,Healthy,None,2.1,Monaragala,11.11,119.0,959.0,66.8,44.2,Grass
72,253,Friesian,12.1,Healthy,None,3.6,Kurunegala,7.54,81.9,656.0,44.3,27.0,Grass
50,380,Local,9.0,Mild,Foot Rot,3.2,Kurunegala,10.4,118.7,1028.0,57.2,30.6,Grass
120,532,Jersey,16.3,Healthy,None,2.5,Monaragala,14.93,167.7,1348.0,84.1,49.2,Mixed
69,255,Ayrshire,9.7,Mild,Foot Rot,2.5,Polonnaruwa,7.34,77.4,745.0,43.2,25.2,Grass
68,471,Jersey,7.9,Mild,Foot Rot,2.4,Polonnaruwa,12.57,140.9,1278.0,70.9,35.9,Grass
36,561,Ayrshire,7.5,Healthy,None,3.7,Puttalam,14.78,157.9,1439.0,67.0,54.2,Grass
101,476,Local,7.4,Healthy,None,3.1,Puttalam,12.64,146.7,1245.0,72.7,40.5,Grass
114,449,Friesian,9.5,Mild,Lumpy Skin Disease,3.6,Puttalam,12.18,131.0,1059.0,77.7,50.6,Grass
35,518,Local,18.6,Healthy,None,3.4,Matale,14.81,174.6,1458.0,77.8,52.2,Mixed
19,318,Local,13.5,Healthy,None,2.9,Puttalam,9.3,107.4,969.0,43.4,35.9,Grass
35,526,Local,6.0,Healthy,None,4.0,Puttalam,13.75,158.1,1254.0,76.2,43.7,Grass
88,554,Local,8.2,Healthy,None,3.3,Badulla,14.67,154.9,1363.0,77.1,58.3,Grass
80,600,Ayrshire,17.3,Healthy,None,2.7,Anuradhapura,16.73,177.0,1544.0,106.6,69.1,Mixed
29,325,Ayrshire,17.2,Healthy,None,3.4,Puttalam,9.85,105.7,877.0,47.3,39.0,Mixed
22,250,Ayrshire,20.6,Mild,Foot Rot,2.8,Anuradhapura,8.31,96.3,758.0,43.9,24.0,Mixed
31,435,Friesian,5.6,Healthy,None,2.7,Polonnaruwa,11.44,122.4,1116.0,72.3,46.4,Grass
43,294,Jersey,13.0,Mild,Foot Rot,3.0,Monaragala,8.65,93.9,894.0,39.2,31.6,Grass
97,367,Ayrshire,10.0,Mild,Mastitis,2.0,Kurunegala,10.18,108.9,1013.0,60.3,28.6,Grass
36,546,Ayrshire,14.4,Severe,Foot Rot,4.0,Badulla,15.09,162.9,1316.0,92.5,61.5,Grass
120,288,Ayrshire,14.3,Mild,Foot Rot,3.3,Monaragala,8.63,101.0,817.0,42.7,32.6,Grass
43,598,Local,14.9,Mild,Lumpy Skin Disease,3.2,Monaragala,16.44,185.3,1576.0,96.6,53.0,Grass
37,299,Friesian,16.7,Healthy,None,3.2,Matale,9.14,102.3,819.0,45.1,33.6,Mixed
105,514,Friesian,10.4,Healthy,None,2.6,Anuradhapura,13.89,157.6,1447.0,84.8,49.9,Grass
57,333,Local,10.8,Healthy,None,3.2,Anuradhapura,9.41,104.5,945.0,56.6,32.1,Grass
104,420,Ayrshire,10.4,Healthy,None,3.2,Anuradhapura,11.54,127.9,1046.0,73.7,37.9,Grass
71,359,Ayrshire,14.2,Healthy,None,3.4,Monaragala,10.39,121.9,913.0,62.3,43.5,Grass
98,326,Ayrshire,18.4,Healthy,None,3.0,Kurunegala,9.99,114.6,875.0,51.4,32.5,Mixed
77,519,Jersey,5.5,Healthy,None,2.8,Matale,13.53,147.9,1417.0,67.7,44.8,Grass
112,519,Jersey,12.2,Healthy,None,2.1,Puttalam,14.2,157.8,1209.0,71.3,47.6,Grass
66,443,Friesian,18.9,Healthy,None,3.1,Monaragala,12.97,145.3,1354.0,66.1,49.1,Mixed
82,478,Friesian,13.9,Mild,Mastitis,3.7,Monaragala,13.34,141.0,1260.0,65.6,50.1,Grass
45,449,Ayrshire,8.8,Healthy,None,3.3,Kurunegala,12.11,128.8,1218.0,71.7,40.6,Grass
102,585,Friesian,11.5,Healthy,None,2.9,Polonnaruwa,15.78,171.8,1625.0,73.6,61.6,Grass
46,251,Friesian,8.1,Healthy,None,3.8,Monaragala,7.09,78.0,642.0,36.0,21.3,Grass
94,445,Ayrshire,10.1,Healthy,None,3.3,Monaragala,12.13,134.6,1097.0,59.6,35.1,Grass
96,495,Friesian,2.6,Mild,Foot Rot,3.6,Monaragala,12.63,146.6,1131.0,77.5,51.1,Grass
92,480,Jersey,17.3,Healthy,None,3.0,Badulla,13.73,159.2,1295.0,64.3,52.9,Mixed
44,574,Ayrshire,10.9,Healthy,None,3.2,Badulla,15.44,168.2,1498.0,80.7,58.6,Grass
63,532,Local,23.4,Healthy,None,2.1,Matale,15.64,179.1,1493.0,73.3,64.2,Concentrate
69,277,Jersey,15.9,Healthy,None,2.5,Puttalam,8.52,95.8,750.0,48.7,26.4,Mixed
46,513,Jersey,11.9,Healthy,None,2.9,Kurunegala,14.02,152.5,1435.0,89.8,43.4,Grass
38,335,Jersey,9.9,Healthy,None,3.0,Kurunegala,9.37,105.7,846.0,42.9,37.8,Grass
55,480,Jersey,6.3,Mild,Lumpy Skin Disease,3.5,Monaragala,12.63,144.6,1295.0,79.0,44.7,Grass
68,534,Local,3.0,Healthy,None,3.3,Anuradhapura,13.65,151.7,1395.0,68.4,47.0,Grass
69,447,Local,10.4,Mild,Lumpy Skin Disease,2.4,Badulla,12.21,134.6,1039.0,78.6,40.6,Grass
35,332,Jersey,13.0,Healthy,None,2.2,Matale,9.6,112.9,967.0,55.6,28.6,Grass
45,507,Local,12.2,Mild,Foot Rot,2.3,Puttalam,13.9,148.9,1336.0,69.8,47.5,Grass
51,360,Jersey,14.3,Healthy,None,2.5,Monaragala,10.43,109.7,949.0,63.2,38.6,Grass
73,541,Jersey,9.7,Mild,Mastitis,3.1,Polonnaruwa,14.5,169.2,1349.0,93.3,41.3,Grass
87,430,Jersey,8.1,Healthy,None,3.0,Matale,11.56,124.4,1134.0,58.1,48.5,Grass
111,391,Friesian,4.4,Healthy,None,3.3,Kurunegala,10.21,114.1,931.0,63.5,34.8,Grass
37,383,Jersey,20.8,Healthy,None,4.4,Puttalam,11.66,135.7,1166.0,63.4,43.8,Mixed
114,259,Ayrshire,12.5,Healthy,None,3.4,Matale,7.73,88.5,692.0,40.6,28.4,Grass
30,292,Local,3.1,Mild,Foot Rot,3.8,Badulla,7.61,83.4,702.0,49.2,27.2,Grass
108,440,Ayrshire,15.9,Healthy,None,2.8,Anuradhapura,12.59,142.4,1196.0,75.7,51.5,Mixed
115,459,Jersey,18.2,Severe,Lumpy Skin Disease,2.9,Matale,13.3,145.5,1263.0,72.9,45.8,Mixed
81,493,Local,9.7,Healthy,None,3.2,Monaragala,13.3,143.3,1340.0,71.2,41.1,Grass
57,295,Local,6.7,Healthy,None,3.5,Matale,8.04,90.6,777.0,39.7,31.7,Grass
21,530,Ayrshire,6.7,Healthy,None,2.5,Kurunegala,13.92,160.4,1421.0,68.0,50.8,Grass
104,500,Local,7.5,Healthy,None,3.4,Kurunegala,13.25,154.0,1135.0,61.6,41.3,Grass
60,407,Friesian,8.9,Healthy,None,2.3,Anuradhapura,11.07,118.9,985.0,71.3,38.7,Grass
115,288,Ayrshire,9.0,Severe,Foot Rot,3.0,Kurunegala,8.1,85.2,689.0,48.2,33.5,Grass
120,446,Ayrshire,6.1,Mild,Foot Rot,2.4,Matale,11.76,132.7,1073.0,67.7,46.1,Grass
91,295,Ayrshire,22.6,Severe,Lumpy Skin Disease,2.6,Matale,9.63,103.9,946.0,43.9,33.1,Concentrate
66,486,Jersey,10.4,Healthy,None,2.8,Monaragala,13.19,141.6,1131.0,77.2,39.1,Grass
41,349,Local,9.9,Healthy,None,3.3,Puttalam,9.71,105.8,956.0,44.8,34.1,Grass
90,539,Local,16.7,Severe,Lumpy Skin Disease,2.8,Monaragala,15.15,177.0,1476.0,82.4,56.5,Mixed
100,436,Ayrshire,5.8,Severe,Lumpy Skin Disease,3.6,Kurunegala,11.48,129.8,1012.0,71.8,39.6,Grass
32,598,Ayrshire,11.5,Healthy,None,3.9,Badulla,16.1,182.0,1637.0,87.5,56.3,Grass
41,461,Friesian,0.8,Mild,Foot Rot,3.1,Monaragala,11.61,128.3,1066.0,64.0,43.7,Grass
100,531,Local,21.6,Mild,Mastitis,2.8,Polonnaruwa,15.44,180.7,1474.0,90.3,53.5,Mixed
82,443,Local,10.9,Mild,Foot Rot,3.1,Monaragala,12.17,132.4,1086.0,71.7,37.4,Grass
70,390,Ayrshire,9.2,Mild,Mastitis,2.8,Badulla,10.67,114.4,950.0,58.5,42.4,Grass
72,429,Local,10.3,Mild,Lumpy Skin Disease,2.7,Matale,11.76,134.7,1121.0,68.3,39.3,Grass
51,548,Ayrshire,18.1,Severe,Foot Rot,3.2,Polonnaruwa,15.51,164.4,1428.0,89.3,59.5,Mixed
74,379,Ayrshire,13.3,Healthy,None,3.4,Puttalam,10.8,123.5,946.0,49.1,35.8,Grass
81,336,Friesian,10.7,Healthy,None,2.6,Anuradhapura,9.47,102.8,962.0,52.5,31.8,Grass
100,569,Ayrshire,9.0,Healthy,None,3.0,Monaragala,15.13,159.4,1419.0,92.7,48.3,Grass
22,496,Friesian,6.7,Healthy,None,2.7,Matale,13.07,146.3,1163.0,72.8,53.5,Grass
42,345,Friesian,9.4,Healthy,None,4.1,Polonnaruwa,9.56,107.8,871.0,57.2,27.3,Grass
117,264,Local,0.0,Healthy,None,2.9,Kurunegala,6.6,71.1,689.0,41.3,19.3,Grass
110,447,Jersey,20.6,Healthy,None,3.1,Monaragala,13.24,156.1,1194.0,60.4,39.0,Mixed
112,322,Local,15.8,Healthy,None,3.0,Anuradhapura,9.63,104.0,921.0,55.5,32.8,Mixed
55,452,Local,8.7,Healthy,None,1.9,Puttalam,12.17,134.5,1203.0,79.1,50.3,Grass
73,269,Jersey,13.0,Healthy,None,2.6,Matale,8.03,93.3,704.0,43.9,31.7,Grass
97,492,Ayrshire,8.0,Healthy,None,2.8,Polonnaruwa,13.1,147.7,1319.0,77.5,50.6,Grass
26,277,Friesian,20.7,Healthy,None,4.2,Badulla,9.0,101.9,844.0,49.2,31.9,Mixed
94,417,Friesian,13.1,Healthy,None,2.8,Badulla,11.74,138.2,1060.0,73.5,40.7,Grass
78,353,Jersey,6.1,Severe,Mastitis,3.2,Monaragala,9.44,104.4,852.0,46.5,30.7,Grass
101,440,Ayrshire,20.9,Mild,Lumpy Skin Disease,2.9,Polonnaruwa,13.09,146.4,1168.0,67.8,54.0,Mixed
103,578,Jersey,0.1,Healthy,None,3.3,Puttalam,14.46,155.3,1364.0,86.1,57.9,Grass
60,471,Local,16.9,Healthy,None,2.2,Kurunegala,13.46,142.8,1372.0,79.4,50.5,Mixed
38,557,Jersey,12.9,Healthy,None,3.2,Anuradhapura,15.21,173.9,1573.0,94.7,54.7,Grass
42,501,Local,11.6,Healthy,None,2.6,Kurunegala,13.69,154.4,1325.0,88.0,56.7,Grass
107,356,Jersey,17.1,Healthy,None,2.8,Monaragala,10.61,124.3,996.0,54.8,40.0,Mixed
19,500,Friesian,4.6,Mild,Foot Rot,2.0,Kurunegala,12.96,149.6,1206.0,74.9,38.4,Grass
72,386,Friesian,18.3,Healthy,None,3.3,Polonnaruwa,11.48,135.0,1097.0,69.1,43.1,Mixed
74,521,Ayrshire,12.4,Healthy,None,2.8,Polonnaruwa,14.27,153.5,1216.0,71.5,56.8,Grass
77,359,Local,9.4,Severe,Lumpy Skin Disease,2.5,Polonnaruwa,9.91,112.6,979.0,44.7,31.8,Grass
97,316,Local,9.8,Healthy,None,1.9,Monaragala,8.88,93.9,757.0,42.1,30.5,Grass
82,375,Local,8.3,Mild,Lumpy Skin Disease,2.8,Polonnaruwa,10.21,110.5,1061.0,54.7,39.2,Grass
113,569,Ayrshire,15.0,Severe,Lumpy Skin Disease,3.0,Badulla,15.73,183.3,1510.0,91.5,63.9,Grass
93,360,Friesian,16.0,Healthy,None,3.7,Puttalam,10.6,113.9,1034.0,57.5,42.8,Mixed
18,425,Jersey,17.3,Healthy,None,3.2,Monaragala,12.36,139.8,1064.0,74.0,37.4,Mixed
101,269,Jersey,12.1,Healthy,None,2.5,Matale,7.94,89.5,774.0,41.8,24.7,Grass
39,375,Ayrshire,15.7,Mild,Lumpy Skin Disease,3.8,Matale,10.95,120.0,1143.0,70.7,31.1,Mixed
100,553,Friesian,13.7,Mild,Lumpy Skin Disease,4.0,Anuradhapura,15.2,175.5,1548.0,92.9,57.1,Grass
38,263,Friesian,4.4,Healthy,None,2.4,Polonnaruwa,7.02,82.6,682.0,34.6,25.1,Grass
18,261,Ayrshire,16.3,Healthy,None,3.1,Badulla,8.16,86.5,848.0,39.0,23.3,Mixed
67,514,Jersey,18.6,Mild,Mastitis,3.0,Anuradhapura,14.71,160.2,1508.0,89.2,41.9,Mixed
25,427,Ayrshire,7.7,Healthy,None,2.9,Monaragala,11.45,130.8,1023.0,63.3,39.2,Grass
80,557,Local,4.3,Mild,Foot Rot,2.4,Polonnaruwa,14.36,165.9,1491.0,68.9,56.9,Grass
99,598,Ayrshire,16.9,Healthy,None,3.4,Anuradhapura,16.64,192.7,1539.0,77.7,50.2,Mixed
104,346,Jersey,13.8,Healthy,None,2.1,Matale,10.03,108.9,879.0,52.3,41.5,Grass
61,344,Ayrshire,10.2,Healthy,None,2.4,Badulla,9.62,106.9,898.0,53.4,34.0,Grass
28,422,Ayrshire,17.9,Healthy,None,2.7,Badulla,12.34,133.5,1280.0,58.6,41.9,Mixed
97,418,Ayrshire,6.6,Healthy,None,3.0,Monaragala,11.11,123.9,1030.0,65.0,36.4,Grass
108,400,Ayrshire,8.8,Healthy,None,3.7,Matale,10.88,115.9,1080.0,56.0,30.9,Grass
35,585,Ayrshire,8.3,Healthy,None,2.3,Monaragala,15.46,176.6,1327.0,97.9,43.9,Grass
70,554,Ayrshire,1.2,Healthy,None,3.0,Monaragala,13.97,153.1,1382.0,84.5,43.2,Grass
60,510,Friesian,9.2,Mild,Foot Rot,2.3,Polonnaruwa,13.67,157.0,1199.0,65.7,46.7,Grass
56,478,Local,17.9,Healthy,None,3.3,Polonnaruwa,13.74,160.9,1243.0,77.6,41.9,Mixed
108,310,Jersey,11.9,Healthy,None,3.7,Anuradhapura,8.94,99.1,912.0,53.4,35.2,Grass
79,555,Local,15.3,Healthy,None,2.6,Polonnaruwa,15.41,162.1,1329.0,78.1,50.3,Mixed
94,395,Ayrshire,6.8,Healthy,None,3.4,Kurunegala,10.55,120.9,994.0,53.1,40.2,Grass
73,468,Jersey,14.0,Healthy,None,3.1,Anuradhapura,13.1,147.1,1320.0,76.2,45.6,Grass
60,436,Jersey,7.8,Healthy,None,3.3,Matale,11.68,123.1,1032.0,63.1,40.0,Grass
111,260,Local,8.2,Healthy,None,2.9,Badulla,7.32,84.3,756.0,47.4,25.5,Grass
79,453,Ayrshire,19.2,Healthy,None,2.7,Badulla,13.25,140.2,1201.0,69.4,39.2,Mixed
43,391,Friesian,4.1,Healthy,None,2.5,Polonnaruwa,10.19,119.3,1033.0,47.0,32.6,Grass
61,534,Jersey,17.0,Mild,Lumpy Skin Disease,3.1,Puttalam,15.05,165.0,1569.0,94.4,49.8,Mixed
120,345,Friesian,11.4,Healthy,None,2.7,Badulla,9.77,109.7,1020.0,48.2,32.5,Grass
79,462,Local,14.4,Healthy,None,2.6,Monaragala,12.99,145.9,1307.0,67.7,36.5,Grass
113,547,Friesian,13.5,Healthy,None,2.6,Kurunegala,15.03,166.0,1493.0,76.5,43.8,Grass
65,418,Local,7.5,Healthy,None,2.7,Anuradhapura,11.2,128.8,973.0,66.5,38.5,Grass
46,450,Local,10.1,Mild,Foot Rot,3.0,Kurunegala,12.26,139.6,1102.0,56.9,46.0,Grass
85,544,Ayrshire,13.2,Healthy,None,1.5,Matale,14.92,157.1,1294.0,78.1,58.3,Grass
43,555,Friesian,8.0,Healthy,None,2.8,Kurunegala,14.68,161.2,1308.0,67.3,49.4,Grass
22,562,Jersey,19.5,Mild,Foot Rot,2.5,Matale,16.0,172.9,1429.0,90.3,50.2,Mixed
23,344,Friesian,12.8,Mild,Mastitis,3.7,Kurunegala,9.88,110.7,966.0,54.7,40.7,Grass
89,522,Jersey,5.4,Healthy,None,3.2,Puttalam,13.59,147.7,1410.0,75.3,52.4,Grass
116,481,Local,8.0,Healthy,None,2.7,Kurunegala,12.83,147.2,1161.0,79.4,38.4,Grass
87,369,Ayrshire,8.0,Healthy,None,2.6,Polonnaruwa,10.03,106.5,912.0,60.0,33.8,Grass
79,392,Jersey,25.6,Mild,Lumpy Skin Disease,3.4,Anuradhapura,12.36,134.7,1260.0,62.0,45.8,Concentrate
116,600,Jersey,17.5,Mild,Foot Rot,3.2,Polonnaruwa,16.75,193.7,1560.0,90.2,65.3,Mixed
84,297,Local,4.0,Healthy,None,3.2,Matale,7.83,90.9,708.0,44.1,25.3,Grass
75,589,Friesian,17.4,Healthy,None,2.6,Matale,16.46,193.2,1526.0,94.1,68.7,Mixed
96,421,Jersey,16.8,Healthy,None,3.4,Anuradhapura,12.21,133.4,1235.0,64.8,45.4,Mixed
96,392,Friesian,21.3,Severe,Foot Rot,2.8,Matale,11.93,131.1,1203.0,71.8,47.5,Mixed
66,387,Local,6.5,Healthy,None,2.8,Badulla,10.33,117.4,1045.0,47.8,41.9,Grass
86,343,Jersey,19.2,Healthy,None,2.1,Badulla,10.5,121.0,944.0,63.5,38.7,Mixed
35,386,Local,1.7,Healthy,None,3.0,Puttalam,9.82,104.9,1012.0,48.6,30.4,Grass
108,535,Ayrshire,9.8,Healthy,None,3.0,Polonnaruwa,14.36,158.0,1425.0,70.5,48.5,Grass
108,516,Ayrshire,16.7,Healthy,None,2.7,Puttalam,14.57,157.6,1509.0,88.5,47.5,Mixed
105,416,Local,2.6,Mild,Foot Rot,4.0,Puttalam,10.66,123.3,1101.0,68.9,42.2,Grass
82,447,Friesian,7.0,Healthy,None,2.5,Badulla,11.88,130.2,1026.0,70.9,48.5,Grass
113,495,Local,17.5,Healthy,None,2.8,Anuradhapura,14.12,152.9,1370.0,69.6,47.7,Mixed
39,489,Friesian,11.7,Healthy,None,3.2,Monaragala,13.4,142.6,1397.0,69.8,54.1,Grass
50,340,Friesian,17.4,Healthy,None,2.8,Puttalam,10.24,109.5,1071.0,56.5,35.0,Mixed
109,301,Ayrshire,19.6,Healthy,None,1.9,Matale,9.49,102.7,822.0,53.6,34.2,Mixed
62,593,Friesian,15.8,Mild,Lumpy Skin Disease,2.6,Matale,16.41,180.3,1428.0,81.2,66.1,Mixed
58,275,Friesian,18.9,Healthy,None,3.1,Matale,8.77,103.4,905.0,54.1,33.3,Mixed
78,466,Local,8.6,Mild,Mastitis,3.3,Monaragala,12.51,134.4,1186.0,71.1,47.6,Grass
53,315,Jersey,16.5,Healthy,None,3.3,Matale,9.53,101.3,887.0,60.4,36.6,Mixed
96,289,Local,6.9,Healthy,None,2.8,Puttalam,7.92,86.9,693.0,36.9,25.1,Grass
101,401,Local,12.0,Healthy,None,3.0,Anuradhapura,11.23,126.7,1030.0,53.5,31.7,Grass
62,565,Local,15.7,Healthy,None,2.0,Monaragala,15.7,167.2,1426.0,80.6,65.5,Mixed
42,272,Ayrshire,13.7,Severe,Mastitis,2.9,Kurunegala,8.17,92.4,773.0,51.4,31.1,Grass
46,270,Local,7.8,Healthy,None,2.6,Puttalam,7.53,84.9,663.0,47.3,22.6,Grass
88,550,Local,10.9,Healthy,None,1.5,Puttalam,14.84,171.3,1321.0,80.4,47.4,Grass
48,329,Friesian,8.5,Healthy,None,2.6,Anuradhapura,9.07,96.2,794.0,45.9,35.6,Grass
70,467,Local,14.7,Healthy,None,2.6,Puttalam,13.15,152.7,1164.0,64.5,38.4,Grass
63,423,Friesian,10.9,Healthy,None,3.8,Puttalam,11.67,124.7,1098.0,60.3,35.1,Grass
35,277,Jersey,17.0,Healthy,None,3.5,Kurunegala,8.62,100.5,862.0,41.3,32.9,Mixed
18,253,Ayrshire,9.5,Severe,Foot Rot,3.3,Polonnaruwa,7.28,85.2,699.0,33.4,26.3,Grass
77,288,Friesian,10.8,Severe,Mastitis,2.9,Matale,8.28,94.5,719.0,43.6,33.3,Grass
43,342,Jersey,14.0,Healthy,None,2.7,Anuradhapura,9.95,114.8,960.0,49.3,37.6,Grass
20,572,Ayrshire,19.5,Healthy,None,2.9,Monaragala,16.25,176.6,1571.0,83.5,47.4,Mixed
71,419,Local,15.1,Mild,Lumpy Skin Disease,3.7,Anuradhapura,11.99,135.0,1064.0,74.6,45.4,Mixed
22,325,Ayrshire,17.2,Healthy,None,2.3,Badulla,9.85,112.2,918.0,54.7,32.2,Mixed
60,306,Friesian,14.2,Healthy,None,3.4,Polonnaruwa,9.07,95.6,783.0,54.9,36.9,Grass
108,406,Friesian,16.5,Mild,Mastitis,2.4,Badulla,11.8,124.7,1055.0,59.8,45.8,Mixed
49,364,Local,8.7,Healthy,None,3.5,Polonnaruwa,9.97,107.8,910.0,59.0,33.1,Grass
42,488,Friesian,8.2,Healthy,None,2.9,Polonnaruwa,13.02,150.6,1341.0,61.7,50.5,Grass
47,480,Local,19.9,Healthy,None,3.0,Badulla,13.99,158.7,1216.0,75.9,55.4,Mixed
52,475,Friesian,8.4,Healthy,None,2.6,Badulla,12.71,136.5,1259.0,79.4,38.6,Grass
46,358,Local,13.7,Healthy,None,2.3,Puttalam,10.32,117.0,1052.0,54.2,36.5,Grass
66,559,Local,10.8,Healthy,None,3.2,Badulla,15.06,165.1,1309.0,96.4,47.2,Grass
117,538,Jersey,18.5,Healthy,None,3.3,Monaragala,15.3,174.6,1601.0,89.8,58.3,Mixed
93,292,Local,8.4,Healthy,None,3.6,Anuradhapura,8.14,91.3,732.0,47.2,28.4,Grass
66,397,Local,10.5,Healthy,None,2.4,Polonnaruwa,10.98,123.9,1113.0,65.3,31.4,Grass
108,572,Ayrshire,11.1,Severe,Lumpy Skin Disease,3.7,Monaragala,15.41,178.4,1612.0,79.6,47.5,Grass
65,489,Friesian,12.8,Mild,Lumpy Skin Disease,3.0,Kurunegala,13.51,157.0,1150.0,67.8,41.2,Grass
78,525,Ayrshire,20.2,Healthy,None,2.3,Monaragala,15.14,171.8,1505.0,81.8,54.7,Mixed
38,460,Friesian,5.6,Mild,Foot Rot,2.2,Matale,12.06,136.9,1215.0,74.0,34.9,Grass
73,512,Friesian,13.9,Mild,Mastitis,3.1,Kurunegala,14.19,167.3,1458.0,86.2,48.4,Grass
93,582,Friesian,19.7,Healthy,None,3.1,Kurunegala,16.52,191.6,1405.0,92.7,61.4,Mixed
24,350,Jersey,10.0,Healthy,None,3.0,Monaragala,9.75,107.5,862.0,44.3,40.0,Grass
103,591,Local,12.6,Healthy,None,2.2,Matale,16.04,178.7,1522.0,73.8,51.1,Grass
77,318,Local,25.6,Healthy,None,3.3,Badulla,10.51,122.4,914.0,59.1,35.7,Concentrate
116,557,Local,13.1,Healthy,None,3.3,Matale,15.24,160.6,1445.0,74.7,49.5,Grass
64,449,Friesian,15.5,Severe,Mastitis,2.9,Anuradhapura,12.78,136.7,1177.0,78.4,50.9,Mixed
65,455,Jersey,8.8,Mild,Foot Rot,3.3,Badulla,12.26,142.0,1271.0,71.4,48.0,Grass
85,593,Jersey,13.9,Healthy,None,2.6,Monaragala,16.21,171.2,1494.0,86.7,62.3,Grass
110,518,Local,19.1,Healthy,None,3.1,Puttalam,14.86,159.7,1424.0,83.2,56.8,Mixed
111,504,Ayrshire,15.6,Healthy,None,3.7,Monaragala,14.16,166.1,1284.0,76.5,44.4,Mixed
96,568,Ayrshire,12.1,Mild,Lumpy Skin Disease,3.2,Puttalam,15.41,166.1,1382.0,81.3,55.6,Grass
114,313,Jersey,16.1,Healthy,None,2.6,Puttalam,9.44,108.6,961.0,54.0,27.2,Mixed
50,468,Friesian,12.3,Healthy,None,3.1,Matale,12.93,149.4,1128.0,60.5,43.8,Grass
91,346,Jersey,7.2,Healthy,None,4.2,Puttalam,9.37,106.6,836.0,43.6,36.3,Grass
89,360,Friesian,5.0,Healthy,None,2.4,Puttalam,9.5,104.6,833.0,57.9,36.2,Grass
65,368,Jersey,18.6,Healthy,None,3.4,Badulla,11.06,120.9,1034.0,53.6,33.1,Mixed
53,531,Local,6.9,Healthy,None,3.3,Monaragala,13.96,155.7,1218.0,78.4,47.0,Grass
103,551,Jersey,19.3,Healthy,None,3.0,Anuradhapura,15.71,172.5,1477.0,88.6,47.6,Mixed
35,546,Jersey,25.0,Healthy,None,2.1,Monaragala,16.15,183.1,1538.0,83.5,66.3,Concentrate
49,540,Ayrshire,15.5,Mild,Lumpy Skin Disease,3.6,Puttalam,15.05,165.3,1507.0,87.2,48.8,Mixed
106,588,Local,16.5,Mild,Foot Rot,2.9,Polonnaruwa,16.35,173.4,1488.0,76.0,48.7,Mixed
45,404,Ayrshire,10.5,Healthy,None,3.2,Puttalam,11.15,120.7,1154.0,51.9,42.0,Grass
63,266,Jersey,16.1,Mild,Lumpy Skin Disease,3.3,Anuradhapura,8.26,88.4,804.0,45.7,31.6,Mixed
66,552,Ayrshire,17.2,Healthy,None,2.5,Anuradhapura,15.52,170.1,1449.0,97.2,49.0,Mixed
91,301,Local,10.9,Healthy,None,2.5,Matale,8.62,100.5,869.0,55.6,33.9,Grass
58,416,Friesian,10.1,Healthy,None,3.5,Polonnaruwa,11.41,131.1,1022.0,72.4,42.2,Grass
52,304,Friesian,12.5,Mild,Mastitis,4.3,Puttalam,8.85,93.1,778.0,48.4,34.1,Grass
51,568,Jersey,13.0,Healthy,None,3.0,Monaragala,15.5,179.7,1364.0,98.3,43.4,Grass
85,286,Local,12.5,Healthy,None,2.7,Monaragala,8.4,98.4,822.0,41.4,25.4,Grass
98,550,Jersey,11.7,Healthy,None,3.6,Badulla,14.92,175.5,1364.0,82.9,58.4,Grass
27,301,Friesian,12.6,Healthy,None,2.6,Kurunegala,8.79,98.0,897.0,44.8,29.2,Grass
100,297,Local,7.4,Healthy,None,2.8,Polonnaruwa,8.17,95.7,807.0,43.0,26.3,Grass
59,395,Local,12.4,Severe,Mastitis,3.6,Polonnaruwa,11.12,129.9,1159.0,68.5,36.5,Grass
119,449,Jersey,5.3,Healthy,None,2.8,Monaragala,11.76,127.3,1067.0,64.4,47.1,Grass
74,376,Ayrshire,12.7,Healthy,None,2.1,Polonnaruwa,10.67,117.4,1102.0,67.6,41.8,Grass
51,491,Friesian,7.8,Mild,Mastitis,2.7,Monaragala,13.05,144.1,1317.0,65.2,47.0,Grass
27,276,Local,8.0,Healthy,None,3.1,Polonnaruwa,7.7,88.6,671.0,37.6,23.0,Grass
98,293,Jersey,11.2,Healthy,None,2.7,Kurunegala,8.45,90.6,767.0,39.8,27.7,Grass
67,513,Friesian,14.1,Severe,Lumpy Skin Disease,3.9,Polonnaruwa,14.24,157.6,1400.0,66.5,54.5,Grass
52,312,Jersey,20.2,Healthy,None,2.0,Matale,9.82,105.6,912.0,58.5,27.7,Mixed
61,555,Friesian,14.9,Healthy,None,2.9,Badulla,15.37,170.0,1540.0,79.0,45.5,Grass
96,300,Ayrshire,12.8,Mild,Foot Rot,2.8,Polonnaruwa,8.78,94.1,757.0,45.3,33.7,Grass
93,341,Jersey,12.6,Healthy,None,3.1,Anuradhapura,9.79,110.2,855.0,57.5,36.3,Grass
91,548,Ayrshire,9.1,Healthy,None,2.6,Matale,14.61,158.9,1325.0,87.7,45.3,Grass
64,453,Jersey,9.8,Healthy,None,3.1,Kurunegala,12.31,133.8,1088.0,63.3,34.6,Grass
38,265,Friesian,15.0,Healthy,None,3.4,Polonnaruwa,8.12,94.7,715.0,46.6,28.5,Grass
107,407,Local,9.5,Healthy,None,3.1,Polonnaruwa,11.12,124.0,1159.0,58.7,36.8,Grass
87,287,Jersey,16.8,Healthy,None,3.6,Badulla,8.86,103.9,859.0,44.3,29.6,Mixed
59,560,Friesian,11.7,Severe,Lumpy Skin Disease,2.9,Polonnaruwa,15.17,178.1,1500.0,85.8,63.6,Grass
42,326,Friesian,13.0,Healthy,None,2.4,Anuradhapura,9.45,99.5,821.0,46.1,33.3,Grass
45,302,Ayrshire,11.0,Healthy,None,3.4,Anuradhapura,8.65,100.7,868.0,54.3,27.1,Grass
87,378,Friesian,15.2,Mild,Mastitis,2.9,Puttalam,10.97,127.8,1125.0,69.6,36.8,Mixed
79,291,Jersey,13.1,Severe,Mastitis,2.6,Monaragala,8.59,90.3,754.0,42.9,34.1,Grass
50,331,Jersey,15.5,Healthy,None,3.0,Polonnaruwa,9.83,108.9,843.0,53.0,32.8,Mixed
116,318,Jersey,10.6,Mild,Foot Rot,2.8,Badulla,9.01,105.5,885.0,54.1,31.5,Grass
72,452,Local,11.7,Healthy,None,2.8,Monaragala,12.47,146.7,1235.0,78.5,43.6,Grass
35,288,Friesian,15.3,Healthy,None,2.8,Anuradhapura,8.73,95.5,881.0,54.0,25.1,Mixed
45,268,Ayrshire,20.0,Mild,Mastitis,3.7,Puttalam,8.7,99.1,881.0,52.3,33.1,Mixed
36,395,Local,7.5,Mild,Mastitis,3.0,Puttalam,10.62,116.3,942.0,55.1,42.9,Grass
113,591,Jersey,8.7,Healthy,None,2.8,Badulla,15.64,174.1,1593.0,93.9,64.7,Grass
109,369,Ayrshire,22.0,Mild,Mastitis,2.8,Matale,11.43,128.3,995.0,64.0,44.7,Mixed
91,347,Local,13.8,Healthy,None,3.3,Badulla,10.06,118.3,981.0,60.9,34.6,Grass
72,514,Friesian,7.0,Healthy,None,2.6,Anuradhapura,13.55,159.6,1401.0,68.4,50.3,Grass
63,483,Jersey,6.0,Healthy,None,2.6,Badulla,12.68,143.3,1171.0,63.0,50.1,Grass
72,599,Jersey,0.0,Mild,Foot Rot,3.3,Polonnaruwa,14.98,161.0,1348.0,88.6,57.0,Grass
18,490,Friesian,22.3,Healthy,None,3.1,Polonnaruwa,14.48,159.1,1440.0,81.1,56.2,Concentrate
90,394,Local,4.9,Healthy,None,2.7,Anuradhapura,10.34,113.2,957.0,55.1,42.8,Grass
116,286,Jersey,9.7,Healthy,None,2.5,Monaragala,8.12,85.4,743.0,45.9,23.6,Grass
50,532,Ayrshire,16.3,Mild,Lumpy Skin Disease,3.4,Kurunegala,14.93,171.3,1318.0,78.3,48.8,Mixed
43,346,Friesian,6.2,Mild,Foot Rot,3.4,Badulla,9.27,98.1,842.0,52.5,28.7,Grass
63,306,Friesian,19.6,Healthy,None,4.0,Monaragala,9.61,106.0,876.0,45.3,30.0,Mixed
72,367,Local,26.3,Mild,Foot Rot,2.5,Kurunegala,11.81,133.3,1227.0,61.1,33.6,Concentrate
80,371,Local,26.1,Mild,Mastitis,2.8,Monaragala,11.89,127.0,1073.0,63.5,45.0,Concentrate
82,488,Friesian,9.0,Severe,Mastitis,3.2,Matale,13.1,152.6,1330.0,63.5,48.3,Grass
32,321,Friesian,9.1,Healthy,None,3.2,Matale,8.94,104.2,916.0,54.8,33.2,Grass
114,367,Ayrshire,5.4,Severe,Lumpy Skin Disease,2.9,Anuradhapura,9.71,110.5,969.0,60.2,31.5,Grass
33,286,Jersey,18.4,Healthy,None,3.0,Monaragala,8.99,98.1,869.0,44.8,36.0,Mixed
45,286,Friesian,12.7,Healthy,None,3.2,Kurunegala,8.42,97.6,750.0,54.6,24.8,Grass
86,507,Local,17.9,Healthy,None,2.2,Matale,14.46,156.4,1465.0,86.2,47.3,Mixed
51,594,Friesian,14.9,Healthy,None,2.9,Badulla,16.34,188.9,1563.0,90.2,46.2,Grass
71,402,Ayrshire,12.8,Mild,Foot Rot,3.5,Kurunegala,11.33,119.5,973.0,52.5,34.2,Grass
108,379,Friesian,6.0,Healthy,None,2.5,Puttalam,10.07,111.6,883.0,50.6,34.2,Grass
99,531,Local,2.3,Healthy,None,2.7,Matale,13.51,153.1,1319.0,65.8,39.0,Grass
95,543,Local,18.7,Mild,Mastitis,2.9,Polonnaruwa,15.45,166.4,1353.0,70.2,47.3,Mixed
103,503,Ayrshire,5.3,Healthy,None,2.8,Kurunegala,13.11,141.1,1194.0,61.7,44.3,Grass
23,260,Ayrshire,4.6,Mild,Mastitis,2.4,Polonnaruwa,6.96,73.7,679.0,32.9,20.7,Grass
64,420,Local,13.9,Healthy,None,2.4,Badulla,11.89,126.9,1182.0,71.6,49.9,Grass
105,315,Jersey,17.6,Healthy,None,3.0,Badulla,9.63,105.6,964.0,62.5,33.2,Mixed
28,500,Local,12.4,Mild,Mastitis,2.9,Matale,13.74,157.0,1388.0,78.3,53.1,Grass
88,504,Local,15.9,Healthy,None,3.4,Matale,14.19,157.8,1330.0,74.4,41.0,Mixed
79,487,Friesian,13.7,Healthy,None,3.3,Matale,13.55,146.0,1297.0,75.4,48.8,Grass
76,579,Jersey,10.9,Healthy,None,3.3,Polonnaruwa,15.57,173.7,1393.0,78.6,46.1,Grass
58,424,Local,10.3,Severe,Mastitis,3.0,Kurunegala,11.63,131.9,1172.0,71.6,36.2,Grass
86,534,Friesian,10.6,Healthy,None,2.8,Kurunegala,14.41,169.6,1414.0,87.3,55.0,Grass
49,570,Friesian,8.6,Healthy,None,3.2,Matale,15.11,168.2,1381.0,78.0,46.4,Grass
31,526,Ayrshire,18.6,Healthy,None,3.6,Polonnaruwa,15.01,165.2,1318.0,78.4,47.9,Mixed
94,347,Jersey,5.7,Healthy,None,3.6,Puttalam,9.25,102.5,911.0,47.5,26.3,Grass
47,514,Ayrshire,10.4,Mild,Lumpy Skin Disease,3.3,Kurunegala,13.89,146.0,1452.0,83.0,57.6,Grass
116,431,Jersey,7.5,Healthy,None,3.1,Badulla,11.53,130.9,1023.0,67.7,37.9,Grass
101,428,Ayrshire,13.6,Mild,Foot Rot,2.3,Monaragala,12.06,131.6,1093.0,72.6,34.4,Grass
84,553,Local,15.0,Healthy,None,3.7,Matale,15.33,174.9,1457.0,85.1,63.8,Grass
39,579,Jersey,11.1,Severe,Mastitis,3.7,Badulla,15.59,179.1,1335.0,71.4,60.7,Grass
103,254,Ayrshire,11.1,Healthy,None,3.4,Kurunegala,7.46,85.7,680.0,44.9,21.6,Grass
118,338,Ayrshire,0.9,Healthy,None,4.2,Polonnaruwa,8.54,97.3,789.0,46.8,32.2,Grass
30,261,Ayrshire,19.5,Healthy,None,2.9,Anuradhapura,8.48,93.5,735.0,45.3,35.0,Mixed
73,314,Ayrshire,2.1,Healthy,None,3.1,Puttalam,8.06,94.6,765.0,47.5,28.9,Grass
78,292,Friesian,4.8,Mild,Mastitis,3.2,Polonnaruwa,7.78,86.8,734.0,35.2,24.4,Grass
77,274,Ayrshire,14.1,Mild,Mastitis,2.5,Puttalam,8.26,95.2,707.0,41.2,26.7,Grass
102,466,Local,17.6,Mild,Lumpy Skin Disease,3.4,Monaragala,13.41,151.3,1357.0,61.9,41.6,Mixed
25,383,Jersey,16.9,Healthy,None,3.0,Matale,11.27,119.8,1063.0,64.8,45.4,Mixed
93,543,Jersey,4.9,Healthy,None,3.5,Matale,14.07,163.1,1241.0,76.5,45.0,Grass
33,303,Jersey,10.6,Healthy,None,2.3,Kurunegala,8.63,96.4,866.0,43.8,25.8,Grass
51,432,Local,18.8,Mild,Mastitis,4.0,Monaragala,12.68,141.5,1109.0,68.8,46.1,Mixed
78,279,Friesian,11.8,Healthy,None,4.1,Anuradhapura,8.16,88.2,817.0,41.1,31.2,Grass
63,445,Local,12.5,Healthy,None,2.8,Puttalam,12.38,145.6,1249.0,75.1,40.4,Grass
35,411,Friesian,8.8,Mild,Foot Rot,3.8,Badulla,11.16,119.4,976.0,68.6,35.3,Grass
26,308,Friesian,8.1,Healthy,None,3.4,Badulla,8.51,89.7,725.0,40.0,32.6,Grass
92,354,Friesian,9.2,Mild,Lumpy Skin Disease,2.8,Anuradhapura,9.77,113.6,865.0,63.1,31.6,Grass
100,467,Local,17.2,Mild,Mastitis,2.8,Anuradhapura,13.4,153.7,1237.0,65.7,42.5,Mixed
58,467,Friesian,10.0,Healthy,None,3.6,Matale,12.68,139.9,1322.0,65.0,49.1,Grass
109,562,Ayrshire,20.0,Healthy,None,3.3,Monaragala,16.05,171.5,1619.0,75.0,51.1,Mixed
60,411,Jersey,8.7,Healthy,None,2.7,Matale,11.14,128.2,1142.0,62.1,33.6,Grass
34,578,Ayrshire,12.4,Healthy,None,3.2,Polonnaruwa,15.69,166.9,1601.0,88.8,62.6,Grass
22,343,Jersey,7.1,Healthy,None,3.4,Kurunegala,9.29,101.7,858.0,46.1,30.5,Grass
106,355,Ayrshire,12.4,Mild,Mastitis,2.1,Polonnaruwa,10.12,112.9,866.0,46.1,39.8,Grass
23,504,Friesian,7.4,Healthy,None,2.7,Polonnaruwa,13.34,155.4,1302.0,72.1,41.3,Grass
118,400,Jersey,11.6,Healthy,None,3.9,Polonnaruwa,11.16,121.2,1105.0,61.2,38.8,Grass
117,390,Local,13.2,Healthy,None,2.6,Kurunegala,11.07,124.7,948.0,59.3,43.5,Grass
73,254,Local,13.1,Healthy,None,2.8,Anuradhapura,7.66,89.1,793.0,40.4,27.3,Grass
112,593,Local,13.6,Healthy,None,3.3,Monaragala,16.19,177.7,1443.0,87.8,50.5,Grass
89,430,Ayrshire,18.0,Mild,Lumpy Skin Disease,3.0,Polonnaruwa,12.55,132.1,1092.0,59.5,50.7,Mixed
21,489,Jersey,20.2,Mild,Lumpy Skin Disease,3.5,Kurunegala,14.25,164.6,1312.0,69.8,48.6,Mixed
114,472,Friesian,8.5,Healthy,None,4.1,Badulla,12.65,149.1,1291.0,77.5,37.9,Grass
113,379,Local,13.6,Healthy,None,2.6,Monaragala,10.83,121.7,1007.0,51.7,40.5,Grass
31,494,Ayrshire,20.3,Healthy,None,4.0,Badulla,14.38,163.8,1445.0,71.0,47.7,Mixed
47,598,Ayrshire,11.8,Healthy,None,2.7,Anuradhapura,16.13,182.7,1535.0,89.7,66.6,Grass
76,535,Ayrshire,11.1,Healthy,None,3.4,Polonnaruwa,14.48,169.4,1355.0,87.9,50.7,Grass
90,462,Ayrshire,18.4,Healthy,None,3.3,Matale,13.39,154.5,1300.0,80.3,44.1,Mixed
63,483,Friesian,12.5,Healthy,None,3.7,Badulla,13.33,152.5,1327.0,73.1,53.6,Grass
111,587,Jersey,10.4,Healthy,None,3.5,Polonnaruwa,15.71,167.1,1407.0,97.4,64.5,Grass
21,332,Jersey,10.6,Healthy,None,3.2,Kurunegala,9.36,100.8,957.0,59.2,32.4,Grass
77,459,Ayrshire,11.4,Mild,Foot Rot,3.0,Badulla,12.62,137.1,1083.0,75.2,42.2,Grass
64,300,Friesian,10.1,Healthy,None,3.7,Polonnaruwa,8.51,93.5,809.0,54.6,35.3,Grass
18,319,Jersey,8.3,Healthy,None,2.6,Badulla,8.8,99.3,755.0,53.2,28.2,Grass
61,550,Ayrshire,22.6,Healthy,None,3.5,Monaragala,16.01,187.8,1529.0,95.0,47.9,Concentrate
71,501,Local,0.1,Mild,Mastitis,2.7,Monaragala,12.54,135.0,1119.0,74.0,38.9,Grass
47,577,Local,2.9,Healthy,None,2.5,Puttalam,14.71,169.5,1461.0,81.5,45.6,Grass
116,546,Jersey,0.0,Healthy,None,2.9,Puttalam,13.65,160.3,1193.0,61.8,45.5,Grass
74,334,Friesian,6.3,Healthy,None,3.0,Puttalam,8.98,104.7,876.0,57.5,33.9,Grass
90,591,Local,3.9,Severe,Lumpy Skin Disease,3.0,Anuradhapura,15.17,163.6,1440.0,79.2,50.0,Grass
32,263,Ayrshire,9.9,Healthy,None,3.8,Kurunegala,7.57,85.0,728.0,35.1,26.0,Grass
103,540,Ayrshire,19.1,Healthy,None,3.4,Anuradhapura,15.41,174.3,1569.0,83.7,61.5,Mixed
31,316,Local,10.4,Severe,Lumpy Skin Disease,4.0,Monaragala,8.94,104.8,893.0,49.5,25.7,Grass
38,600,Local,4.2,Mild,Lumpy Skin Disease,2.3,Puttalam,15.42,174.1,1567.0,90.9,54.5,Grass
87,259,Friesian,11.6,Healthy,None,4.1,Kurunegala,7.64,84.9,676.0,42.9,28.1,Grass
38,312,Ayrshire,11.0,Healthy,None,2.9,Monaragala,8.9,96.3,934.0,52.5,32.0,Grass
22,317,Jersey,4.8,Healthy,None,3.5,Matale,8.41,97.2,851.0,53.1,34.1,Grass
110,487,Ayrshire,16.8,Healthy,None,3.4,Kurunegala,13.86,152.0,1397.0,63.2,42.1,Mixed
88,519,Friesian,8.9,Mild,Mastitis,2.6,Anuradhapura,13.87,161.6,1257.0,64.3,45.4,Grass
119,393,Friesian,5.5,Severe,Mastitis,3.0,Polonnaruwa,10.38,109.6,989.0,58.1,36.2,Grass
84,498,Ayrshire,6.6,Healthy,None,2.4,Monaragala,13.11,146.9,1363.0,59.1,42.9,Grass
30,405,Ayrshire,9.9,Healthy,None,2.8,Puttalam,11.12,125.7,1147.0,54.0,35.0,Grass
97,399,Local,9.3,Healthy,None,3.2,Kurunegala,10.91,117.1,1021.0,56.5,38.8,Grass
54,318,Friesian,12.4,Healthy,None,2.9,Polonnaruwa,9.19,108.1,823.0,51.5,35.6,Grass
23,599,Ayrshire,12.9,Severe,Mastitis,2.5,Polonnaruwa,16.27,173.1,1668.0,81.7,50.0,Grass
95,353,Ayrshire,12.5,Healthy,None,3.1,Puttalam,10.08,116.1,1043.0,59.8,40.7,Grass
50,267,Local,4.5,Healthy,None,3.5,Badulla,7.13,81.2,702.0,42.0,25.6,Grass
107,434,Ayrshire,7.6,Healthy,None,3.0,Monaragala,11.61,131.3,1209.0,54.2,38.9,Grass
73,484,Jersey,17.8,Severe,Lumpy Skin Disease,3.5,Puttalam,13.88,162.9,1320.0,79.8,51.6,Mixed
86,562,Ayrshire,12.2,Healthy,None,2.8,Monaragala,15.27,169.7,1320.0,73.6,55.0,Grass
32,470,Ayrshire,16.7,Healthy,None,3.3,Anuradhapura,13.42,152.6,1281.0,64.3,54.4,Mixed
74,529,Friesian,8.9,Healthy,None,2.6,Polonnaruwa,14.12,148.3,1211.0,81.3,43.5,Grass
26,510,Local,1.6,Healthy,None,3.1,Matale,12.91,148.8,1143.0,69.3,48.7,Grass
35,275,Jersey,11.6,Mild,Foot Rot,3.6,Kurunegala,8.04,86.1,837.0,51.7,31.3,Grass
36,436,Local,13.8,Mild,Mastitis,3.7,Monaragala,12.28,144.7,1082.0,61.4,34.8,Grass
61,484,Ayrshire,8.5,Mild,Mastitis,3.6,Puttalam,12.95,142.2,1137.0,66.2,42.4,Grass
66,260,Friesian,9.4,Healthy,None,3.4,Puttalam,7.44,85.7,759.0,46.5,24.3,Grass
86,358,Local,4.7,Mild,Mastitis,3.1,Kurunegala,9.42,107.5,839.0,46.2,38.4,Grass
49,576,Local,2.1,Healthy,None,2.9,Matale,14.61,157.0,1414.0,75.2,55.9,Grass
52,565,Local,14.2,Mild,Lumpy Skin Disease,2.7,Kurunegala,15.54,179.7,1329.0,85.4,44.5,Grass
21,505,Ayrshire,6.7,Severe,Mastitis,3.4,Kurunegala,13.29,153.9,1339.0,66.4,45.5,Grass
118,392,Friesian,11.5,Mild,Foot Rot,2.8,Matale,10.95,121.9,998.0,70.1,33.7,Grass
74,292,Local,12.2,Healthy,None,4.3,Polonnaruwa,8.52,99.5,802.0,41.5,24.8,Grass
79,500,Ayrshire,17.8,Mild,Foot Rot,3.6,Kurunegala,14.28,156.0,1491.0,88.1,48.7,Mixed
85,326,Ayrshire,14.2,Mild,Foot Rot,3.1,Anuradhapura,9.57,106.7,826.0,46.3,33.6,Grass
98,282,Ayrshire,0.0,Healthy,None,2.7,Badulla,7.05,80.8,670.0,38.4,23.9,Grass
51,542,Jersey,9.6,Healthy,None,2.1,Monaragala,14.51,155.4,1293.0,71.6,58.3,Grass
120,518,Jersey,6.2,Healthy,None,2.0,Anuradhapura,13.57,152.4,1160.0,73.6,53.6,Grass
35,588,Friesian,11.8,Healthy,None,3.4,Puttalam,15.88,172.4,1512.0,100.8,52.3,Grass
119,497,Friesian,17.5,Healthy,None,3.2,Badulla,14.18,164.1,1281.0,84.6,48.9,Mixed
66,449,Friesian,7.2,Healthy,None,2.0,Kurunegala,11.95,132.0,1157.0,59.3,34.9,Grass
69,408,Ayrshire,3.2,Healthy,None,2.4,Monaragala,10.52,115.9,1088.0,64.6,43.4,Grass
69,440,Local,7.6,Mild,Lumpy Skin Disease,2.9,Polonnaruwa,11.76,129.6,1059.0,75.8,33.7,Grass
34,254,Ayrshire,6.9,Mild,Mastitis,3.2,Kurunegala,7.04,79.3,642.0,44.1,28.8,Grass
80,436,Friesian,10.8,Healthy,None,3.0,Matale,11.98,135.5,1143.0,66.6,43.5,Grass
80,323,Local,17.7,Healthy,None,2.4,Badulla,9.85,112.9,865.0,44.4,28.6,Mixed
88,435,Friesian,14.1,Healthy,None,3.0,Anuradhapura,12.29,138.7,1191.0,68.5,47.9,Grass
100,519,Local,10.3,Mild,Lumpy Skin Disease,3.4,Monaragala,14.01,147.7,1297.0,76.5,45.2,Grass
73,353,Friesian,16.4,Healthy,None,2.5,Matale,10.47,120.8,908.0,52.3,32.2,Mixed
107,347,Jersey,11.1,Healthy,None,3.1,Matale,9.79,103.0,848.0,62.1,38.4,Grass
51,592,Friesian,10.6,Healthy,None,3.3,Polonnaruwa,15.86,171.7,1517.0,82.3,55.5,Grass
35,398,Ayrshire,13.4,Healthy,None,3.9,Puttalam,11.29,124.3,1037.0,57.0,38.1,Grass
50,427,Local,4.3,Mild,Foot Rot,2.9,Matale,11.11,119.7,961.0,60.1,40.0,Grass
43,582,Local,7.5,Mild,Mastitis,3.3,Matale,15.3,173.7,1401.0,98.5,63.3,Grass
73,376,Jersey,3.9,Mild,Foot Rot,3.2,Puttalam,9.79,111.9,945.0,58.0,37.6,Grass
103,378,Friesian,8.8,Healthy,None,2.6,Kurunegala,10.33,115.6,907.0,66.0,34.5,Grass
106,312,Friesian,4.8,Mild,Foot Rot,2.8,Badulla,8.28,91.6,747.0,44.3,30.2,Grass
78,465,Jersey,17.4,Healthy,None,3.0,Puttalam,13.37,147.2,1373.0,85.2,42.8,Mixed
85,435,Friesian,15.1,Healthy,None,3.8,Matale,12.38,139.5,1100.0,67.6,47.3,Mixed
24,296,Friesian,13.3,Healthy,None,2.7,Monaragala,8.73,102.9,885.0,47.9,25.4,Grass
25,597,Ayrshire,14.3,Mild,Foot Rot,2.7,Badulla,16.36,186.2,1432.0,73.9,58.2,Grass
76,331,Friesian,9.5,Severe,Mastitis,2.2,Badulla,9.22,106.1,932.0,53.2,33.2,Grass
53,430,Local,16.6,Healthy,None,2.8,Anuradhapura,12.41,135.2,1300.0,62.6,46.7,Mixed
22,298,Local,12.9,Healthy,None,2.5,Badulla,8.74,96.4,853.0,43.5,27.1,Grass
63,268,Jersey,14.2,Healthy,None,2.6,Kurunegala,8.12,93.0,752.0,41.8,30.4,Grass
53,257,Jersey,11.3,Healthy,None,3.4,Monaragala,7.56,84.2,690.0,46.9,29.2,Grass
54,283,Ayrshire,16.0,Mild,Mastitis,3.0,Polonnaruwa,8.68,92.7,787.0,44.2,33.5,Mixed
24,499,Ayrshire,3.2,Healthy,None,4.5,Anuradhapura,12.8,147.0,1279.0,63.0,51.4,Grass
83,277,Local,20.7,Healthy,None,3.4,Kurunegala,9.0,97.6,766.0,57.2,27.7,Mixed
97,256,Local,8.2,Healthy,None,2.9,Anuradhapura,7.22,82.1,639.0,42.3,27.3,Grass
34,500,Local,9.3,Healthy,None,3.6,Kurunegala,13.43,144.9,1259.0,69.7,45.9,Grass
74,315,Local,13.3,Healthy,None,2.6,Polonnaruwa,9.21,108.0,845.0,47.2,37.7,Grass
77,299,Jersey,9.6,Severe,Lumpy Skin Disease,3.6,Monaragala,8.44,93.3,775.0,49.5,30.5,Grass
116,545,Jersey,20.0,Healthy,None,3.8,Polonnaruwa,15.62,167.6,1549.0,96.3,64.8,Mixed
25,578,Friesian,15.8,Healthy,None,2.9,Puttalam,16.03,173.6,1636.0,92.5,57.7,Mixed
38,491,Ayrshire,0.0,Healthy,None,3.1,Monaragala,12.28,143.2,1243.0,66.9,38.1,Grass
90,285,Jersey,12.0,Healthy,None,3.1,Matale,8.32,93.9,714.0,44.9,24.6,Grass
32,325,Local,12.3,Healthy,None,2.3,Kurunegala,9.36,101.2,926.0,48.9,32.3,Grass
54,342,Friesian,14.8,Mild,Mastitis,3.3,Badulla,10.03,110.8,988.0,64.9,28.6,Grass
68,584,Ayrshire,15.4,Healthy,None,3.5,Polonnaruwa,16.14,170.4,1603.0,99.6,49.5,Mixed
45,450,Ayrshire,15.0,Healthy,None,2.8,Puttalam,12.75,137.4,1125.0,77.2,50.1,Grass
93,297,Ayrshire,11.6,Healthy,None,3.0,Puttalam,8.59,97.9,899.0,50.8,31.6,Grass
98,326,Jersey,12.5,Severe,Lumpy Skin Disease,3.5,Kurunegala,9.4,103.6,893.0,48.3,32.4,Grass
98,509,Local,15.2,Severe,Lumpy Skin Disease,4.0,Matale,14.25,162.0,1242.0,81.3,44.3,Mixed
114,440,Jersey,23.0,Healthy,None,3.0,Badulla,13.3,140.4,1142.0,61.4,45.1,Concentrate
35,425,Local,0.0,Healthy,None,3.6,Matale,10.62,118.1,997.0,54.8,35.7,Grass
70,311,Local,9.3,Healthy,None,2.6,Polonnaruwa,8.71,98.9,908.0,50.6,27.3,Grass
120,465,Jersey,10.0,Healthy,None,2.8,Monaragala,12.62,144.2,1280.0,65.7,49.3,Grass
103,461,Ayrshire,15.1,Severe,Mastitis,2.2,Puttalam,13.04,142.6,1304.0,77.8,42.6,Mixed
58,503,Jersey,6.6,Healthy,None,3.2,Monaragala,13.24,156.0,1143.0,85.8,43.9,Grass
111,505,Local,15.1,Healthy,None,3.3,Puttalam,14.13,155.5,1400.0,79.6,57.6,Mixed
59,460,Friesian,8.1,Healthy,None,2.5,Anuradhapura,12.31,144.1,1273.0,78.0,38.4,Grass
75,411,Jersey,9.5,Healthy,None,3.1,Kurunegala,11.22,130.1,1119.0,62.1,41.4,Grass
19,538,Jersey,19.4,Healthy,None,2.0,Puttalam,15.39,179.3,1409.0,91.8,50.4,Mixed
93,574,Ayrshire,10.9,Mild,Mastitis,2.3,Polonnaruwa,15.44,171.2,1353.0,84.4,52.2,Grass
26,395,Jersey,3.7,Severe,Lumpy Skin Disease,3.5,Kurunegala,10.24,110.4,908.0,63.4,29.3,Grass
46,499,Jersey,14.7,Healthy,None,3.2,Badulla,13.95,156.6,1220.0,80.1,43.0,Grass
114,326,Ayrshire,16.6,Mild,Foot Rot,2.8,Kurunegala,9.81,105.4,864.0,56.1,32.5,Mixed
109,594,Ayrshire,9.8,Healthy,None,4.1,Badulla,15.83,184.7,1522.0,72.0,62.2,Grass
100,591,Ayrshire,10.8,Healthy,None,3.4,Badulla,15.86,167.7,1521.0,88.5,49.1,Grass
55,505,Local,12.0,Healthy,None,2.1,Polonnaruwa,13.82,156.3,1189.0,89.2,48.5,Grass
56,454,Local,1.8,Severe,Lumpy Skin Disease,2.7,Monaragala,11.53,130.2,1139.0,57.0,47.3,Grass
18,598,Ayrshire,17.3,Healthy,None,3.4,Badulla,16.68,184.0,1471.0,97.8,55.0,Mixed
20,521,Ayrshire,16.6,Healthy,None,2.5,Monaragala,14.69,157.7,1480.0,78.7,52.9,Mixed
41,443,Local,20.1,Healthy,None,2.5,Puttalam,13.09,151.9,1168.0,82.8,39.3,Mixed
112,331,Local,13.1,Healthy,None,3.0,Monaragala,9.59,112.5,953.0,60.1,39.2,Grass
109,560,Jersey,11.1,Healthy,None,3.7,Badulla,15.11,159.7,1490.0,82.1,46.4,Grass
105,373,Ayrshire,8.5,Healthy,None,2.3,Polonnaruwa,10.18,118.5,1064.0,54.3,30.0,Grass
30,402,Local,12.1,Healthy,None,2.8,Monaragala,11.26,118.9,1042.0,62.2,34.2,Grass
88,447,Local,28.9,Severe,Foot Rot,3.3,Polonnaruwa,14.07,165.4,1272.0,70.4,57.0,Concentrate
20,375,Ayrshire,10.0,Healthy,None,2.5,Anuradhapura,10.38,121.9,1011.0,53.4,40.7,Grass
103,403,Ayrshire,2.6,Healthy,None,2.5,Kurunegala,10.34,116.1,991.0,60.9,32.4,Grass
87,376,Friesian,12.6,Healthy,None,3.7,Monaragala,10.66,120.0,947.0,58.0,38.6,Grass
35,580,Jersey,17.6,Healthy,None,3.1,Matale,16.26,181.2,1697.0,81.2,67.6,Mixed
18,296,Jersey,10.4,Healthy,None,3.1,Polonnaruwa,8.44,97.4,730.0,41.6,29.6,Grass
41,265,Friesian,9.4,Healthy,None,3.9,Anuradhapura,7.57,81.9,659.0,36.4,22.0,Grass
49,452,Jersey,11.1,Mild,Lumpy Skin Disease,3.0,Kurunegala,12.41,142.7,1202.0,60.2,37.7,Grass
41,375,Friesian,0.9,Healthy,None,2.9,Matale,9.46,110.6,896.0,43.2,28.0,Grass
62,559,Friesian,16.2,Mild,Mastitis,2.5,Matale,15.6,165.8,1567.0,85.4,50.7,Mixed
107,257,Friesian,8.2,Mild,Foot Rot,3.4,Puttalam,7.25,77.1,701.0,47.1,27.9,Grass
66,425,Jersey,4.6,Mild,Mastitis,3.5,Anuradhapura,11.09,130.0,1131.0,61.7,35.0,Grass
118,511,Local,9.3,Healthy,None,2.8,Matale,13.71,160.2,1251.0,81.4,44.2,Grass
32,308,Local,6.4,Severe,Mastitis,3.2,Anuradhapura,8.34,97.3,824.0,45.1,24.9,Grass
86,345,Friesian,24.3,Mild,Mastitis,3.4,Kurunegala,11.05,116.7,992.0,71.6,42.1,Concentrate
87,353,Ayrshire,7.7,Healthy,None,3.6,Puttalam,9.6,107.9,838.0,59.3,29.1,Grass
103,598,Friesian,10.4,Healthy,None,3.7,Kurunegala,15.99,185.8,1638.0,78.8,50.7,Grass
87,369,Jersey,16.0,Mild,Lumpy Skin Disease,1.5,Monaragala,10.82,116.2,1017.0,52.2,32.5,Mixed
23,333,Friesian,7.0,Healthy,None,3.5,Matale,9.03,96.0,852.0,46.9,29.0,Grass
113,360,Jersey,12.8,Mild,Lumpy Skin Disease,2.5,Matale,10.28,117.0,895.0,61.8,34.6,Grass
32,307,Local,8.8,Severe,Lumpy Skin Disease,2.0,Matale,8.56,98.7,855.0,45.6,25.6,Grass
18,341,Ayrshire,11.6,Healthy,None,4.1,Puttalam,9.69,104.1,901.0,48.6,29.4,Grass
47,258,Jersey,16.0,Healthy,None,4.1,Polonnaruwa,8.05,91.0,732.0,44.0,31.6,Mixed
44,578,Friesian,16.4,Healthy,None,3.5,Polonnaruwa,16.09,183.0,1484.0,78.8,58.8,Mixed
117,288,Friesian,21.9,Mild,Mastitis,3.2,Polonnaruwa,9.39,104.1,948.0,42.3,29.7,Mixed
38,530,Ayrshire,11.1,Healthy,None,3.5,Puttalam,14.36,159.9,1238.0,87.1,50.3,Grass
75,562,Local,19.3,Healthy,None,2.8,Puttalam,15.98,167.9,1568.0,79.2,45.3,Mixed
68,389,Ayrshire,8.4,Mild,Lumpy Skin Disease,3.1,Kurunegala,10.57,123.8,948.0,54.5,42.9,Grass
81,333,Local,16.2,Healthy,None,3.4,Matale,9.95,112.8,1041.0,49.6,38.0,Mixed
41,539,Friesian,4.9,Healthy,None,4.0,Kurunegala,13.97,159.2,1441.0,66.5,46.2,Grass
114,330,Friesian,8.8,Mild,Lumpy Skin Disease,2.9,Kurunegala,9.13,96.2,940.0,56.6,32.4,Grass
97,555,Friesian,7.5,Healthy,None,4.3,Puttalam,14.62,156.9,1255.0,75.0,42.3,Grass
99,389,Local,13.2,Mild,Foot Rot,2.6,Monaragala,11.05,117.3,950.0,58.4,39.3,Grass
74,540,Local,16.3,Severe,Foot Rot,3.4,Monaragala,15.13,166.8,1345.0,88.0,45.8,Mixed
119,380,Friesian,11.1,Healthy,None,3.4,Kurunegala,10.61,120.5,907.0,61.2,37.8,Grass
49,527,Friesian,7.9,Healthy,None,2.8,Monaragala,13.96,163.2,1214.0,83.8,55.6,Grass
60,458,Local,1.9,Mild,Lumpy Skin Disease,2.3,Anuradhapura,11.64,129.3,1086.0,54.0,46.6,Grass
52,539,Local,21.0,Mild,Mastitis,3.8,Polonnaruwa,15.58,173.4,1501.0,94.7,53.4,Mixed
60,288,Local,12.3,Mild,Lumpy Skin Disease,3.8,Matale,8.43,96.8,723.0,52.8,31.5,Grass
18,378,Ayrshire,11.2,Severe,Lumpy Skin Disease,2.9,Polonnaruwa,10.57,117.2,1083.0,56.9,39.3,Grass
42,326,Friesian,12.3,Healthy,None,2.9,Matale,9.38,102.8,908.0,55.1,33.3,Grass
90,534,Local,10.9,Mild,Lumpy Skin Disease,3.6,Matale,14.44,164.9,1371.0,93.2,59.8,Grass
95,347,Jersey,12.8,Healthy,None,3.4,Badulla,9.96,109.0,941.0,58.5,28.1,Grass
50,265,Jersey,17.2,Healthy,None,3.2,Polonnaruwa,8.35,92.0,781.0,49.5,32.7,Mixed
116,446,Ayrshire,7.1,Healthy,None,2.3,Polonnaruwa,11.86,128.6,1169.0,59.3,42.5,Grass
110,451,Ayrshire,12.7,Healthy,None,2.9,Puttalam,12.54,135.6,1085.0,74.8,42.4,Grass
69,335,Jersey,12.4,Healthy,None,3.0,Polonnaruwa,9.62,105.2,1006.0,47.6,30.1,Grass
18,449,Jersey,24.9,Healthy,None,2.3,Kurunegala,13.72,145.9,1283.0,68.5,53.4,Concentrate
51,318,Friesian,2.1,Healthy,None,3.2,Monaragala,8.16,93.0,735.0,48.0,26.8,Grass
71,358,Local,10.1,Healthy,None,3.2,Polonnaruwa,9.96,115.8,957.0,48.4,30.9,Grass
76,266,Ayrshire,14.9,Healthy,None,3.6,Badulla,8.14,89.3,822.0,38.5,33.1,Grass
57,354,Ayrshire,4.5,Mild,Mastitis,2.7,Polonnaruwa,9.3,98.7,810.0,48.2,37.6,Grass
55,540,Ayrshire,14.1,Healthy,None,3.4,Badulla,14.91,162.2,1496.0,69.5,53.3,Grass
56,341,Ayrshire,23.0,Healthy,None,3.5,Kurunegala,10.83,120.8,1115.0,50.4,39.8,Concentrate
70,389,Local,11.7,Healthy,None,2.6,Matale,10.9,116.9,981.0,57.5,33.2,Grass
82,476,Jersey,9.2,Healthy,None,2.7,Matale,12.82,146.8,1173.0,74.4,47.1,Grass
81,441,Friesian,15.3,Healthy,None,3.1,Polonnaruwa,12.55,145.7,1082.0,64.4,37.2,Mixed
101,288,Jersey,5.4,Mild,Lumpy Skin Disease,2.8,Polonnaruwa,7.74,90.2,685.0,45.5,24.2,Grass
77,535,Jersey,16.4,Healthy,None,3.2,Anuradhapura,15.02,172.2,1576.0,68.4,52.6,Mixed
50,457,Ayrshire,14.8,Severe,Mastitis,3.2,Anuradhapura,12.91,148.0,1236.0,75.7,53.8,Grass
57,355,Friesian,20.1,Severe,Foot Rot,3.1,Badulla,10.88,115.2,983.0,58.0,36.9,Mixed
113,552,Local,10.1,Healthy,None,2.5,Badulla,14.81,156.0,1498.0,84.3,50.0,Grass
75,408,Friesian,13.2,Mild,Mastitis,1.8,Badulla,11.52,132.9,1163.0,63.8,40.2,Grass
98,268,Local,11.1,Healthy,None,2.9,Matale,7.81,86.3,797.0,39.3,22.8,Grass
19,302,Friesian,5.2,Severe,Lumpy Skin Disease,2.5,Kurunegala,8.07,84.8,803.0,39.4,27.3,Grass
50,276,Jersey,16.0,Severe,Lumpy Skin Disease,3.1,Monaragala,8.5,91.1,880.0,48.8,28.7,Mixed
83,366,Jersey,12.5,Healthy,None,3.2,Badulla,10.4,111.5,999.0,65.3,33.0,Grass
96,530,Ayrshire,12.5,Healthy,None,3.6,Matale,14.5,152.9,1367.0,76.7,48.3,Grass
99,481,Ayrshire,12.6,Healthy,None,2.3,Polonnaruwa,13.29,155.6,1302.0,67.4,42.4,Grass
35,381,Local,20.2,Healthy,None,3.2,Matale,11.54,128.3,1175.0,55.8,43.7,Mixed
72,284,Ayrshire,9.1,Healthy,None,2.4,Badulla,8.01,85.9,794.0,49.6,30.7,Grass
94,389,Local,14.0,Severe,Foot Rot,2.9,Badulla,11.13,123.7,1043.0,70.0,45.2,Grass
115,561,Jersey,19.9,Healthy,None,2.8,Monaragala,16.02,168.8,1462.0,87.4,55.4,Mixed
94,578,Jersey,7.8,Healthy,None,3.4,Polonnaruwa,15.23,168.5,1437.0,90.5,44.8,Grass
93,361,Ayrshire,16.6,Mild,Foot Rot,3.1,Matale,10.69,113.7,910.0,54.1,42.6,Mixed
25,371,Ayrshire,15.4,Severe,Lumpy Skin Disease,3.0,Badulla,10.82,124.0,1109.0,60.2,41.9,Mixed
70,566,Local,13.2,Healthy,None,3.6,Puttalam,15.47,162.7,1506.0,76.2,50.0,Grass
68,258,Local,15.1,Healthy,None,2.9,Anuradhapura,7.96,84.4,704.0,36.7,27.9,Mixed
67,334,Jersey,18.8,Healthy,None,1.8,Monaragala,10.23,118.6,928.0,48.2,29.0,Mixed
34,392,Ayrshire,22.3,Healthy,None,2.1,Polonnaruwa,12.03,127.3,1107.0,73.1,44.3,Concentrate
69,441,Jersey,8.9,Healthy,None,3.0,Badulla,11.92,137.6,1166.0,64.9,40.9,Grass
93,419,Friesian,11.3,Mild,Foot Rot,3.5,Polonnaruwa,11.61,135.4,1201.0,73.8,45.1,Grass
76,364,Local,6.7,Mild,Lumpy Skin Disease,3.1,Badulla,9.77,109.7,977.0,58.2,37.3,Grass
37,419,Friesian,9.1,Healthy,None,3.1,Puttalam,11.39,133.6,1182.0,68.2,45.1,Grass
76,553,Friesian,11.7,Healthy,None,3.0,Puttalam,15.0,167.1,1372.0,72.6,45.3,Grass
93,574,Jersey,9.3,Healthy,None,2.7,Anuradhapura,15.28,171.6,1531.0,99.1,49.8,Grass
44,569,Local,13.4,Healthy,None,3.5,Anuradhapura,15.57,177.2,1506.0,99.2,57.0,Grass
25,364,Ayrshire,9.0,Healthy,None,2.6,Matale,10.0,110.7,862.0,50.2,29.3,Grass
109,292,Jersey,15.1,Healthy,None,3.0,Monaragala,8.81,97.3,879.0,47.9,28.6,Mixed
106,528,Ayrshire,16.2,Healthy,None,2.5,Badulla,14.82,174.7,1460.0,84.7,51.5,Mixed
49,420,Jersey,3.1,Healthy,None,2.7,Kurunegala,10.81,119.4,986.0,64.3,41.6,Grass
52,280,Ayrshire,8.2,Healthy,None,3.0,Kurunegala,7.82,86.2,703.0,39.3,26.4,Grass
85,556,Local,8.8,Healthy,None,3.4,Polonnaruwa,14.78,158.8,1299.0,71.8,49.3,Grass
95,346,Jersey,10.6,Mild,Mastitis,3.1,Monaragala,9.71,105.6,964.0,55.6,33.7,Grass
67,274,Jersey,12.8,Healthy,None,3.1,Polonnaruwa,8.13,94.1,822.0,40.3,28.5,Grass
55,394,Friesian,11.9,Healthy,None,3.3,Badulla,11.04,120.2,1031.0,67.4,37.6,Grass
41,596,Friesian,8.0,Healthy,None,3.7,Kurunegala,15.7,183.6,1362.0,85.4,56.1,Grass
111,331,Friesian,10.8,Healthy,None,2.3,Puttalam,9.36,101.2,873.0,55.7,35.7,Grass
81,484,Local,12.9,Healthy,None,2.6,Polonnaruwa,13.39,155.4,1230.0,85.8,44.6,Grass
62,402,Ayrshire,15.3,Healthy,None,4.1,Polonnaruwa,11.58,122.5,1042.0,74.4,34.2,Mixed
107,378,Jersey,8.1,Healthy,None,3.2,Matale,10.26,117.6,895.0,64.7,30.7,Grass
44,543,Ayrshire,3.2,Healthy,None,3.2,Anuradhapura,13.9,150.2,1195.0,79.7,53.5,Grass
106,377,Jersey,7.6,Mild,Mastitis,2.7,Badulla,10.19,109.7,1004.0,65.9,33.0,Grass
84,411,Ayrshire,6.5,Mild,Mastitis,3.4,Monaragala,10.93,121.4,960.0,54.7,37.2,Grass
119,466,Friesian,17.0,Healthy,None,3.0,Monaragala,13.35,145.1,1163.0,77.0,39.7,Mixed
56,406,Local,7.7,Healthy,None,3.8,Matale,10.92,116.2,1133.0,70.5,45.2,Grass
49,380,Jersey,8.2,Healthy,None,1.9,Matale,10.32,120.1,1061.0,55.8,29.7,Grass
54,277,Local,14.3,Healthy,None,2.4,Anuradhapura,8.36,96.7,864.0,43.4,31.2,Grass
47,434,Jersey,16.9,Healthy,None,2.8,Matale,12.54,144.2,1106.0,70.1,44.5,Mixed
116,536,Friesian,15.0,Healthy,None,3.7,Matale,14.9,173.7,1481.0,95.5,48.0,Grass
63,292,Local,6.0,Mild,Lumpy Skin Disease,2.7,Polonnaruwa,7.9,89.4,682.0,46.7,28.6,Grass
68,586,Ayrshire,11.6,Severe,Lumpy Skin Disease,3.8,Kurunegala,15.81,171.2,1445.0,78.7,57.2,Grass
51,287,Ayrshire,8.7,Healthy,None,2.7,Puttalam,8.04,93.5,841.0,50.3,30.8,Grass
81,525,Ayrshire,14.4,Healthy,None,2.7,Monaragala,14.56,162.2,1240.0,67.5,52.8,Grass
80,556,Ayrshire,12.8,Mild,Mastitis,2.2,Matale,15.18,177.0,1382.0,82.0,43.4,Grass
104,366,Local,23.1,Healthy,None,2.3,Matale,11.46,131.6,1193.0,72.3,44.0,Concentrate
107,264,Friesian,10.4,Mild,Lumpy Skin Disease,3.0,Badulla,7.64,86.8,720.0,48.1,21.7,Grass
81,373,Ayrshire,21.6,Mild,Lumpy Skin Disease,2.3,Polonnaruwa,11.49,121.3,1034.0,61.2,35.7,Mixed
19,499,Jersey,21.9,Mild,Foot Rot,3.4,Anuradhapura,14.67,155.7,1507.0,76.3,47.7,Mixed
80,426,Ayrshire,14.1,Healthy,None,2.5,Anuradhapura,12.06,137.9,1197.0,70.3,37.2,Grass
115,537,Local,14.9,Healthy,None,2.6,Kurunegala,14.92,174.1,1369.0,69.8,49.2,Grass
72,450,Friesian,18.3,Healthy,None,2.5,Badulla,13.08,150.0,1141.0,67.4,51.9,Mixed
71,291,Local,11.4,Healthy,None,2.7,Puttalam,8.42,99.2,866.0,54.4,30.2,Grass
113,372,Local,7.1,Healthy,None,3.4,Badulla,10.01,113.4,919.0,62.7,32.4,Grass
70,309,Friesian,14.7,Healthy,None,3.6,Polonnaruwa,9.2,103.6,858.0,44.9,27.5,Grass
27,511,Jersey,3.1,Healthy,None,3.5,Badulla,13.09,147.8,1130.0,62.3,54.0,Grass
108,469,Local,24.5,Mild,Lumpy Skin Disease,2.8,Matale,14.18,159.2,1421.0,88.7,51.2,Concentrate
56,519,Local,21.5,Healthy,None,2.9,Kurunegala,15.13,175.1,1476.0,98.1,58.0,Mixed
91,467,Jersey,5.1,Healthy,None,2.8,Matale,12.19,130.6,1189.0,61.2,37.6,Grass
41,342,Ayrshire,17.2,Mild,Foot Rot,2.6,Anuradhapura,10.27,108.9,924.0,51.0,42.3,Mixed
79,394,Local,9.0,Healthy,None,3.3,Kurunegala,10.75,122.9,916.0,58.9,33.2,Grass
114,560,Friesian,12.0,Healthy,None,3.3,Kurunegala,15.2,169.5,1421.0,82.6,57.1,Grass
85,435,Ayrshire,13.2,Healthy,None,3.2,Puttalam,12.2,134.3,1139.0,58.6,37.5,Grass
42,428,Local,9.8,Healthy,None,3.1,Badulla,11.68,132.4,1075.0,63.2,39.1,Grass
55,335,Ayrshire,7.4,Mild,Mastitis,3.6,Anuradhapura,9.12,105.2,936.0,56.3,34.6,Grass
113,331,Local,8.8,Healthy,None,3.6,Puttalam,9.16,98.8,802.0,55.3,27.9,Grass
56,445,Jersey,10.8,Mild,Lumpy Skin Disease,3.1,Kurunegala,12.21,130.2,1215.0,74.2,48.5,Grass
32,535,Jersey,9.5,Healthy,None,2.5,Monaragala,14.32,154.9,1497.0,64.5,57.0,Grass
104,548,Ayrshire,3.3,Healthy,None,2.5,Anuradhapura,14.03,165.3,1464.0,81.7,50.3,Grass
101,590,Friesian,10.4,Mild,Mastitis,3.1,Monaragala,15.79,179.3,1394.0,95.1,54.5,Grass
95,265,Jersey,17.1,Healthy,None,2.8,Matale,8.34,92.2,774.0,44.1,31.8,Mixed
56,495,Jersey,7.6,Healthy,None,2.3,Matale,13.13,149.0,1158.0,84.1,42.8,Grass
53,422,Friesian,14.4,Healthy,None,3.7,Badulla,11.99,141.1,1137.0,55.1,36.5,Grass
94,392,Friesian,18.3,Mild,Lumpy Skin Disease,3.4,Kurunegala,11.63,127.6,1069.0,68.3,43.4,Mixed
102,352,Jersey,15.2,Mild,Foot Rot,3.8,Puttalam,10.32,113.0,1052.0,55.7,38.8,Mixed
75,300,Ayrshire,13.7,Healthy,None,3.3,Matale,8.87,102.4,893.0,44.3,29.4,Grass
76,534,Friesian,10.4,Healthy,None,2.3,Polonnaruwa,14.39,152.3,1425.0,87.0,46.9,Grass
97,399,Friesian,8.6,Healthy,None,3.0,Matale,10.84,116.1,1078.0,69.5,34.0,Grass
39,252,Friesian,12.3,Healthy,None,4.0,Kurunegala,7.53,81.8,710.0,41.4,23.9,Grass
49,454,Friesian,12.4,Healthy,None,3.6,Anuradhapura,12.59,138.0,1174.0,65.4,44.2,Grass
35,448,Friesian,9.8,Mild,Foot Rot,2.8,Kurunegala,12.18,133.1,1101.0,77.4,45.5,Grass
34,538,Ayrshire,5.4,Healthy,None,2.6,Monaragala,13.99,151.7,1407.0,68.3,55.9,Grass
50,413,Local,14.6,Healthy,None,3.0,Anuradhapura,11.79,136.2,1099.0,62.4,44.9,Grass
87,524,Local,16.7,Healthy,None,3.1,Badulla,14.77,161.6,1485.0,94.7,60.3,Mixed
92,296,Ayrshire,10.2,Healthy,None,4.1,Anuradhapura,8.42,96.3,841.0,46.6,25.2,Grass
90,583,Ayrshire,11.5,Severe,Foot Rot,3.6,Monaragala,15.73,180.6,1458.0,71.3,46.6,Grass
54,294,Jersey,10.0,Healthy,None,3.4,Anuradhapura,8.35,88.0,774.0,47.0,27.2,Grass
70,267,Local,16.6,Healthy,None,3.1,Monaragala,8.34,98.4,782.0,37.5,25.0,Mixed
46,574,Jersey,0.2,Healthy,None,3.0,Matale,14.37,161.1,1493.0,69.2,55.5,Grass
97,468,Local,18.2,Mild,Lumpy Skin Disease,3.3,Puttalam,13.52,159.2,1269.0,86.4,41.6,Mixed
46,401,Ayrshire,14.2,Healthy,None,2.1,Badulla,11.45,134.9,1059.0,61.2,32.1,Grass
30,546,Friesian,8.4,Healthy,None,3.2,Monaragala,14.49,164.6,1326.0,88.5,57.6,Grass
42,551,Local,14.1,Healthy,None,3.6,Anuradhapura,15.19,160.2,1370.0,93.2,46.8,Grass
27,450,Ayrshire,11.3,Mild,Mastitis,3.2,Matale,12.38,139.5,1236.0,64.2,51.8,Grass
101,522,Local,12.1,Mild,Mastitis,2.5,Puttalam,14.26,163.1,1226.0,74.3,59.3,Grass
86,313,Friesian,0.7,Mild,Lumpy Skin Disease,3.2,Puttalam,7.9,85.1,686.0,50.8,31.0,Grass
71,315,Ayrshire,12.9,Healthy,None,2.7,Polonnaruwa,9.16,102.1,872.0,42.1,26.1,Grass
84,276,Ayrshire,3.9,Healthy,None,3.3,Monaragala,7.29,77.4,662.0,34.6,23.6,Grass
77,256,Friesian,10.7,Healthy,None,3.3,Puttalam,7.47,87.3,735.0,48.0,30.6,Grass
44,515,Ayrshire,21.3,Healthy,None,1.9,Puttalam,15.01,166.2,1503.0,74.5,48.5,Mixed
54,374,Local,8.5,Mild,Mastitis,2.9,Kurunegala,10.2,118.0,997.0,46.6,37.2,Grass
44,304,Ayrshire,19.3,Severe,Lumpy Skin Disease,2.2,Kurunegala,9.53,106.2,910.0,45.6,29.4,Mixed
62,400,Jersey,21.7,Severe,Foot Rot,3.1,Kurunegala,12.17,137.9,1194.0,72.0,40.2,Mixed
31,294,Friesian,11.5,Healthy,None,2.9,Anuradhapura,8.5,93.2,774.0,51.0,30.7,Grass
102,545,Ayrshire,9.8,Healthy,None,3.5,Matale,14.61,156.9,1407.0,83.9,56.0,Grass
22,599,Jersey,6.7,Mild,Mastitis,3.2,Puttalam,15.65,169.3,1500.0,84.4,53.0,Grass
67,470,Friesian,10.1,Severe,Lumpy Skin Disease,2.6,Monaragala,12.76,147.8,1299.0,70.8,52.5,Grass
27,353,Ayrshire,24.9,Healthy,None,3.2,Matale,11.32,122.0,1101.0,73.0,40.4,Concentrate
77,396,Ayrshire,15.1,Mild,Foot Rot,3.6,Anuradhapura,11.41,122.7,1090.0,63.0,38.5,Mixed
106,541,Jersey,4.9,Healthy,None,3.9,Monaragala,14.02,163.1,1421.0,82.9,42.8,Grass
66,374,Jersey,0.0,Mild,Lumpy Skin Disease,2.6,Kurunegala,9.35,99.7,969.0,52.5,33.4,Grass
46,364,Friesian,9.7,Healthy,None,3.3,Puttalam,10.07,111.9,940.0,52.2,39.9,Grass
75,502,Friesian,13.1,Healthy,None,2.9,Matale,13.86,163.3,1395.0,84.9,49.6,Grass
35,267,Jersey,11.9,Healthy,None,2.5,Puttalam,7.87,84.2,822.0,51.0,25.6,Grass
52,267,Ayrshire,4.5,Healthy,None,3.4,Puttalam,7.13,81.8,633.0,41.8,20.1,Grass
19,443,Local,15.5,Healthy,None,3.8,Matale,12.63,140.5,1224.0,73.1,40.1,Mixed
78,589,Jersey,8.0,Healthy,None,3.3,Polonnaruwa,15.53,170.0,1594.0,71.9,63.6,Grass
91,462,Local,10.6,Severe,Foot Rot,3.6,Polonnaruwa,12.61,138.4,1247.0,64.5,39.3,Grass
115,340,Ayrshire,17.1,Healthy,None,3.1,Matale,10.21,111.2,1033.0,59.8,42.2,Mixed
86,324,Ayrshire,10.3,Healthy,None,3.5,Badulla,9.13,100.8,930.0,52.1,37.9,Grass
32,516,Ayrshire,15.2,Severe,Mastitis,2.7,Monaragala,14.42,166.8,1316.0,77.4,58.4,Mixed
47,528,Ayrshire,5.4,Healthy,None,2.9,Badulla,13.74,152.5,1247.0,73.4,57.6,Grass
65,280,Local,19.6,Mild,Foot Rot,3.6,Kurunegala,8.96,94.2,871.0,43.9,34.3,Mixed
92,364,Ayrshire,6.4,Healthy,None,2.4,Puttalam,9.74,111.2,862.0,53.3,34.2,Grass
24,377,Ayrshire,18.4,Mild,Lumpy Skin Disease,2.4,Matale,11.27,123.9,1113.0,70.0,43.8,Mixed
37,375,Ayrshire,14.5,Healthy,None,2.7,Polonnaruwa,10.82,126.1,950.0,65.3,37.1,Grass
27,412,Ayrshire,20.1,Mild,Foot Rot,2.6,Kurunegala,12.31,144.3,1203.0,65.3,43.7,Mixed
99,353,Jersey,17.7,Severe,Foot Rot,3.1,Badulla,10.6,121.5,1093.0,57.5,35.3,Mixed
85,593,Local,13.3,Mild,Foot Rot,2.0,Puttalam,16.16,189.2,1539.0,93.1,58.4,Grass
112,378,Local,1.0,Healthy,None,2.9,Kurunegala,9.55,110.3,994.0,62.0,35.2,Grass
44,600,Ayrshire,13.2,Mild,Lumpy Skin Disease,2.4,Puttalam,16.32,181.3,1634.0,98.0,61.6,Grass
85,299,Jersey,6.6,Severe,Foot Rot,3.3,Monaragala,8.13,87.0,809.0,52.1,23.8,Grass
109,339,Jersey,14.8,Healthy,None,2.9,Puttalam,9.96,114.3,847.0,63.5,41.8,Grass
41,428,Jersey,15.9,Mild,Lumpy Skin Disease,2.4,Polonnaruwa,12.29,142.9,1068.0,67.6,39.1,Mixed
53,282,Jersey,10.2,Healthy,None,3.8,Monaragala,8.07,94.2,829.0,51.1,23.6,Grass
18,276,Jersey,12.3,Healthy,None,3.1,Puttalam,8.13,87.7,724.0,51.5,28.5,Grass
78,347,Ayrshire,23.5,Mild,Foot Rot,2.3,Puttalam,11.03,115.9,1155.0,62.4,42.5,Concentrate
64,476,Friesian,16.0,Healthy,None,3.8,Anuradhapura,13.5,155.7,1305.0,72.5,40.4,Mixed
36,437,Friesian,10.4,Healthy,None,3.4,Polonnaruwa,11.96,128.3,1146.0,75.5,38.7,Grass
98,357,Ayrshire,7.1,Healthy,None,2.7,Anuradhapura,9.64,101.9,951.0,59.3,39.7,Grass
44,260,Jersey,13.9,Mild,Foot Rot,3.4,Puttalam,7.89,87.4,753.0,48.0,29.2,Grass
77,590,Jersey,17.6,Healthy,None,3.8,Puttalam,16.51,175.0,1470.0,74.8,59.0,Mixed
23,302,Local,11.7,Healthy,None,3.6,Anuradhapura,8.72,96.0,897.0,48.2,24.6,Grass
107,457,Ayrshire,10.3,Healthy,None,3.5,Polonnaruwa,12.46,139.2,1261.0,75.6,46.5,Grass
91,291,Friesian,13.0,Healthy,None,3.2,Badulla,8.58,101.2,773.0,49.8,26.7,Grass
22,367,Friesian,14.1,Healthy,None,2.2,Puttalam,10.59,124.3,921.0,56.4,41.0,Grass
40,323,Ayrshire,6.4,Healthy,None,3.1,Polonnaruwa,8.72,95.2,754.0,52.3,30.9,Grass
76,565,Local,3.6,Healthy,None,3.4,Kurunegala,14.48,168.9,1333.0,87.3,42.7,Grass
83,409,Local,16.4,Healthy,None,3.2,Badulla,11.87,130.5,1242.0,63.3,34.0,Mixed
119,280,Jersey,6.4,Mild,Mastitis,3.7,Matale,7.64,83.2,740.0,44.1,26.1,Grass
102,421,Jersey,22.2,Healthy,None,3.1,Monaragala,12.75,144.4,1111.0,78.4,42.5,Concentrate
35,409,Ayrshire,14.6,Healthy,None,3.1,Polonnaruwa,11.69,123.1,1085.0,64.1,41.6,Grass
78,363,Jersey,14.7,Severe,Lumpy Skin Disease,2.9,Anuradhapura,10.55,115.6,1081.0,66.7,33.6,Grass
117,518,Jersey,11.8,Healthy,None,3.5,Kurunegala,14.13,162.0,1440.0,64.0,41.1,Grass
100,257,Local,23.7,Mild,Foot Rot,2.3,Polonnaruwa,8.8,98.3,752.0,43.9,32.8,Concentrate
99,265,Local,11.5,Healthy,None,2.4,Anuradhapura,7.78,82.6,745.0,38.7,24.2,Grass
117,312,Local,20.0,Mild,Lumpy Skin Disease,2.7,Kurunegala,9.8,108.7,982.0,51.1,37.5,Mixed
39,538,Jersey,4.8,Healthy,None,3.3,Matale,13.93,160.0,1234.0,62.8,54.3,Grass
103,531,Friesian,20.7,Healthy,None,3.3,Polonnaruwa,15.35,174.2,1319.0,87.1,64.5,Mixed
35,306,Local,13.0,Mild,Foot Rot,3.2,Anuradhapura,8.95,94.0,935.0,43.1,32.7,Grass
60,273,Ayrshire,19.1,Mild,Lumpy Skin Disease,2.6,Matale,8.73,100.0,914.0,41.7,33.6,Mixed
26,368,Ayrshire,11.4,Healthy,None,2.8,Badulla,10.34,111.9,1078.0,62.0,34.2,Grass
114,336,Local,6.2,Healthy,None,2.8,Matale,9.02,99.4,794.0,58.1,32.3,Grass
54,401,Friesian,17.5,Mild,Foot Rot,3.3,Matale,11.78,136.6,1115.0,62.3,37.2,Mixed
92,553,Ayrshire,15.2,Healthy,None,3.1,Anuradhapura,15.35,175.8,1537.0,91.7,43.4,Mixed
21,517,Local,14.6,Healthy,None,2.6,Anuradhapura,14.39,166.5,1306.0,76.6,45.2,Grass
93,582,Friesian,10.5,Healthy,None,3.1,Badulla,15.6,180.3,1430.0,72.0,61.8,Grass
83,503,Friesian,13.4,Healthy,None,3.2,Puttalam,13.92,146.7,1271.0,78.1,56.7,Grass
80,337,Friesian,11.3,Healthy,None,2.8,Anuradhapura,9.56,101.0,861.0,47.9,34.4,Grass
90,304,Friesian,27.8,Healthy,None,3.5,Badulla,10.38,115.5,934.0,61.5,29.5,Concentrate
50,432,Local,14.1,Healthy,None,2.9,Polonnaruwa,12.21,142.3,1206.0,77.3,43.2,Grass
104,499,Jersey,9.7,Healthy,None,2.9,Puttalam,13.45,154.9,1304.0,71.4,55.5,Grass
35,362,Local,13.5,Healthy,None,2.1,Kurunegala,10.4,110.0,945.0,65.1,36.0,Grass
36,253,Friesian,4.2,Healthy,None,2.7,Polonnaruwa,6.75,72.6,644.0,33.2,24.9,Grass
34,523,Ayrshire,13.0,Healthy,None,2.9,Anuradhapura,14.38,155.0,1293.0,75.2,48.4,Grass
68,561,Ayrshire,19.4,Healthy,None,2.3,Polonnaruwa,15.96,176.7,1399.0,101.1,54.0,Mixed
89,276,Jersey,8.2,Mild,Mastitis,3.8,Anuradhapura,7.72,85.3,718.0,42.8,26.6,Grass
51,581,Friesian,12.7,Healthy,None,3.4,Matale,15.79,170.8,1464.0,79.5,57.7,Grass
47,563,Jersey,22.3,Healthy,None,2.7,Anuradhapura,16.3,191.4,1634.0,85.0,59.3,Concentrate
112,453,Friesian,11.5,Healthy,None,2.9,Monaragala,12.48,139.8,1147.0,60.7,49.0,Grass
77,371,Ayrshire,2.2,Mild,Mastitis,2.8,Badulla,9.5,100.9,856.0,58.1,33.1,Grass
56,483,Ayrshire,16.4,Healthy,None,3.3,Kurunegala,13.72,152.8,1351.0,79.7,54.9,Mixed
53,551,Friesian,15.1,Healthy,None,2.8,Monaragala,15.29,168.8,1463.0,87.2,50.6,Mixed
67,422,Local,8.7,Severe,Mastitis,3.6,Monaragala,11.42,129.0,992.0,72.6,42.6,Grass
105,378,Friesian,9.5,Healthy,None,3.1,Matale,10.4,112.0,1071.0,58.1,41.5,Grass
30,276,Friesian,12.8,Healthy,None,3.7,Matale,8.18,87.1,806.0,52.6,26.5,Grass
99,392,Jersey,16.9,Healthy,None,2.4,Matale,11.49,133.4,1186.0,70.2,46.6,Mixed
102,509,Local,6.1,Mild,Mastitis,3.3,Puttalam,13.34,151.8,1247.0,84.7,48.3,Grass
58,509,Local,11.7,Healthy,None,2.8,Matale,13.9,153.4,1267.0,64.5,39.5,Grass
60,475,Local,17.1,Healthy,None,3.1,Badulla,13.59,158.8,1411.0,71.6,53.4,Mixed
38,531,Friesian,12.3,Healthy,None,3.4,Puttalam,14.51,155.1,1457.0,89.7,44.0,Grass
115,537,Ayrshire,10.1,Severe,Mastitis,3.8,Puttalam,14.44,156.5,1503.0,81.8,53.1,Grass
21,576,Ayrshire,8.1,Healthy,None,3.3,Polonnaruwa,15.21,173.5,1499.0,85.5,49.7,Grass
42,488,Jersey,19.2,Healthy,None,2.3,Matale,14.12,162.8,1261.0,88.9,43.6,Mixed
59,438,Local,10.3,Severe,Mastitis,3.6,Polonnaruwa,11.98,133.5,1048.0,71.9,47.5,Grass
88,298,Ayrshire,17.8,Mild,Mastitis,2.9,Polonnaruwa,9.23,97.0,922.0,46.6,36.0,Mixed
70,273,Jersey,8.3,Healthy,None,3.5,Monaragala,7.66,89.0,670.0,45.6,24.8,Grass
23,477,Local,17.9,Healthy,None,2.4,Badulla,13.71,151.3,1368.0,66.5,49.2,Mixed
60,406,Jersey,6.0,Healthy,None,3.1,Matale,10.75,115.8,971.0,69.8,40.8,Grass
112,556,Jersey,15.1,Mild,Lumpy Skin Disease,2.9,Anuradhapura,15.41,164.1,1573.0,97.7,53.5,Mixed
70,458,Ayrshire,15.4,Severe,Lumpy Skin Disease,2.6,Matale,12.99,148.8,1199.0,81.9,44.8,Mixed
107,591,Jersey,1.4,Severe,Lumpy Skin Disease,2.8,Matale,14.92,174.3,1540.0,92.2,48.5,Grass
113,323,Ayrshire,12.3,Healthy,None,2.9,Kurunegala,9.31,104.9,940.0,54.8,32.5,Grass
89,415,Jersey,6.2,Mild,Mastitis,2.1,Kurunegala,11.0,126.5,959.0,55.9,34.3,Grass
50,281,Jersey,9.4,Healthy,None,3.4,Kurunegala,7.97,93.6,687.0,40.5,24.6,Grass
70,599,Local,18.3,Mild,Lumpy Skin Disease,3.6,Anuradhapura,16.8,184.1,1589.0,109.2,57.3,Mixed
75,544,Local,7.9,Healthy,None,2.4,Monaragala,14.39,159.1,1436.0,74.1,48.6,Grass
115,401,Jersey,14.5,Severe,Lumpy Skin Disease,3.3,Anuradhapura,11.48,122.9,1141.0,72.7,43.2,Grass
83,530,Friesian,14.0,Healthy,None,2.0,Monaragala,14.65,167.5,1381.0,69.9,58.8,Grass
74,267,Jersey,7.7,Mild,Lumpy Skin Disease,3.0,Matale,7.45,80.6,644.0,43.1,31.2,Grass
26,413,Ayrshire,14.4,Severe,Lumpy Skin Disease,3.4,Puttalam,11.77,137.1,1030.0,62.8,46.6,Grass
77,512,Jersey,12.7,Severe,Mastitis,3.2,Kurunegala,14.07,160.2,1319.0,63.9,53.1,Grass
58,429,Friesian,12.4,Mild,Mastitis,3.3,Monaragala,11.97,131.8,1033.0,60.0,45.3,Grass
78,365,Friesian,13.6,Mild,Mastitis,3.0,Puttalam,10.48,120.8,1032.0,64.3,39.8,Grass
74,472,Local,10.7,Severe,Lumpy Skin Disease,3.0,Anuradhapura,12.87,146.1,1177.0,76.9,39.3,Grass
98,583,Friesian,14.4,Mild,Lumpy Skin Disease,3.1,Matale,16.02,188.6,1451.0,82.8,60.6,Grass
113,472,Friesian,13.9,Healthy,None,3.7,Matale,13.19,149.9,1218.0,82.8,41.4,Grass
22,420,Local,13.3,Healthy,None,2.7,Monaragala,11.83,126.0,1095.0,72.3,47.3,Grass
101,536,Local,16.4,Healthy,None,2.3,Kurunegala,15.04,164.4,1390.0,80.0,48.8,Mixed
74,255,Ayrshire,6.6,Mild,Lumpy Skin Disease,3.2,Kurunegala,7.04,74.0,734.0,33.9,29.0,Grass
89,454,Local,14.6,Mild,Lumpy Skin Disease,2.4,Matale,12.81,139.3,1121.0,62.5,52.5,Grass
92,529,Local,10.1,Mild,Lumpy Skin Disease,2.7,Puttalam,14.24,159.9,1380.0,89.0,44.8,Grass
21,267,Local,9.6,Healthy,None,3.5,Monaragala,7.64,83.5,702.0,40.0,26.6,Grass
93,478,Ayrshire,15.5,Healthy,None,3.0,Anuradhapura,13.5,152.0,1276.0,74.8,48.9,Mixed
26,338,Local,9.3,Mild,Lumpy Skin Disease,2.3,Kurunegala,9.38,107.8,844.0,58.5,33.2,Grass
103,283,Local,19.1,Healthy,None,3.3,Puttalam,8.98,96.2,799.0,45.2,34.7,Mixed
53,599,Local,8.5,Healthy,None,3.4,Anuradhapura,15.83,169.3,1567.0,100.2,61.4,Grass
37,322,Jersey,11.6,Mild,Lumpy Skin Disease,2.9,Kurunegala,9.21,107.5,925.0,42.2,34.5,Grass
18,304,Ayrshire,14.2,Healthy,None,2.6,Matale,9.02,96.0,872.0,48.6,33.0,Grass
52,272,Ayrshire,10.3,Healthy,None,3.1,Monaragala,7.83,90.0,814.0,43.9,30.3,Grass
100,311,Jersey,9.5,Mild,Foot Rot,3.3,Kurunegala,8.72,92.8,873.0,49.7,24.5,Grass
84,259,Ayrshire,21.3,Healthy,None,2.6,Matale,8.61,99.4,837.0,39.0,34.4,Mixed
23,529,Friesian,3.7,Healthy,None,2.0,Kurunegala,13.6,146.2,1233.0,84.0,44.6,Grass
88,307,Friesian,11.2,Healthy,None,2.7,Badulla,8.79,103.5,872.0,45.6,32.5,Grass
102,471,Friesian,13.0,Healthy,None,3.1,Badulla,13.08,153.7,1315.0,85.0,38.4,Grass
71,541,Ayrshire,4.0,Healthy,None,2.1,Polonnaruwa,13.93,162.4,1452.0,64.8,56.8,Grass
73,479,Local,13.5,Mild,Mastitis,3.1,Matale,13.33,148.7,1173.0,78.3,50.9,Grass
85,347,Local,9.9,Mild,Mastitis,2.2,Monaragala,9.67,107.3,978.0,55.5,38.2,Grass
51,549,Ayrshire,14.4,Healthy,None,3.6,Anuradhapura,15.17,176.0,1407.0,94.4,45.6,Grass
46,290,Ayrshire,13.4,Mild,Lumpy Skin Disease,2.6,Kurunegala,8.59,94.9,848.0,47.2,34.9,Grass
115,464,Local,12.2,Healthy,None,2.3,Polonnaruwa,12.82,148.8,1325.0,73.9,39.7,Grass
91,569,Ayrshire,17.3,Mild,Lumpy Skin Disease,3.0,Badulla,15.96,172.5,1517.0,93.4,53.5,Mixed
30,453,Ayrshire,3.2,Healthy,None,2.8,Polonnaruwa,11.65,130.3,1024.0,69.3,47.8,Grass
42,316,Jersey,14.3,Mild,Mastitis,2.8,Matale,9.33,103.7,821.0,47.0,35.6,Grass
80,447,Ayrshire,10.6,Healthy,None,2.4,Polonnaruwa,12.24,131.5,1065.0,60.4,49.1,Grass
117,435,Local,14.8,Healthy,None,2.7,Monaragala,12.36,138.5,1080.0,74.1,46.5,Grass
82,352,Jersey,1.2,Healthy,None,2.8,Polonnaruwa,8.92,104.8,851.0,46.7,32.9,Grass
36,595,Local,16.9,Healthy,None,2.8,Kurunegala,16.57,181.6,1589.0,91.5,60.1,Mixed
73,563,Local,20.7,Healthy,None,3.2,Monaragala,16.14,182.3,1429.0,94.1,58.7,Mixed
36,484,Local,13.7,Mild,Mastitis,2.9,Polonnaruwa,13.47,145.6,1290.0,62.8,41.0,Grass
47,380,Friesian,11.7,Healthy,None,2.9,Polonnaruwa,10.67,120.5,1037.0,64.1,35.0,Grass
99,490,Friesian,10.5,Healthy,None,3.3,Matale,13.3,156.3,1377.0,82.5,39.7,Grass
20,295,Local,7.3,Healthy,None,2.5,Monaragala,8.11,92.3,694.0,38.6,26.1,Grass
20,318,Local,6.4,Mild,Foot Rot,4.0,Polonnaruwa,8.59,93.4,808.0,52.0,32.1,Grass
30,578,Ayrshire,14.7,Mild,Foot Rot,3.2,Badulla,15.92,168.7,1590.0,77.6,49.9,Grass
33,520,Local,6.7,Mild,Foot Rot,3.3,Puttalam,13.67,151.1,1290.0,77.2,39.2,Grass
72,577,Local,11.4,Severe,Lumpy Skin Disease,3.1,Kurunegala,15.57,173.0,1525.0,74.3,44.7,Grass
28,588,Friesian,7.1,Healthy,None,3.1,Matale,15.41,172.8,1467.0,77.0,53.3,Grass
40,451,Friesian,9.9,Mild,Foot Rot,2.6,Polonnaruwa,12.27,137.5,1158.0,66.9,45.0,Grass
100,363,Jersey,15.7,Mild,Foot Rot,2.2,Matale,10.65,124.7,936.0,54.8,38.6,Mixed
34,318,Ayrshire,14.8,Healthy,None,3.3,Puttalam,9.43,109.9,894.0,50.9,28.8,Grass
50,435,Local,7.6,Mild,Mastitis,2.6,Polonnaruwa,11.63,124.6,1013.0,71.0,41.1,Grass
41,297,Friesian,10.9,Severe,Lumpy Skin Disease,3.1,Anuradhapura,8.52,95.3,798.0,38.9,32.3,Grass
85,367,Local,11.2,Mild,Foot Rot,3.2,Monaragala,10.29,114.6,1046.0,64.3,31.4,Grass
20,591,Ayrshire,20.8,Healthy,None,2.7,Anuradhapura,16.86,196.8,1644.0,105.7,65.4,Mixed
65,589,Ayrshire,3.4,Healthy,None,3.4,Monaragala,15.07,167.5,1546.0,85.2,62.3,Grass
49,599,Jersey,20.4,Healthy,None,3.2,Polonnaruwa,17.02,184.1,1666.0,78.4,71.3,Mixed
57,458,Friesian,6.6,Mild,Foot Rot,2.9,Badulla,12.11,137.6,1186.0,68.8,38.8,Grass
74,580,Local,6.4,Healthy,None,3.3,Puttalam,15.14,174.6,1444.0,91.2,53.3,Grass
45,462,Friesian,5.2,Mild,Foot Rot,2.8,Monaragala,12.07,131.8,1199.0,73.2,39.3,Grass
92,319,Friesian,7.0,Healthy,None,3.1,Polonnaruwa,8.68,97.5,868.0,42.1,35.9,Grass
98,276,Friesian,10.2,Healthy,None,3.1,Badulla,7.92,87.9,752.0,44.7,23.7,Grass
43,508,Local,12.1,Mild,Lumpy Skin Disease,2.5,Badulla,13.91,151.3,1449.0,88.8,56.0,Grass
77,541,Friesian,15.1,Mild,Foot Rot,3.0,Kurunegala,15.04,170.2,1325.0,93.7,45.0,Mixed
88,580,Friesian,7.1,Healthy,None,4.1,Badulla,15.21,160.3,1519.0,73.9,60.0,Grass
71,555,Friesian,14.4,Healthy,None,2.9,Polonnaruwa,15.31,167.1,1400.0,78.8,50.2,Grass
92,271,Local,19.1,Healthy,None,3.9,Matale,8.69,98.4,875.0,56.3,24.5,Mixed
19,250,Ayrshire,11.3,Healthy,None,3.2,Badulla,7.38,80.9,730.0,46.5,23.5,Grass
40,497,Ayrshire,7.1,Mild,Foot Rot,2.9,Anuradhapura,13.14,149.8,1369.0,70.3,49.7,Grass
97,402,Jersey,11.0,Mild,Lumpy Skin Disease,3.1,Kurunegala,11.15,118.7,975.0,60.5,42.8,Grass
41,584,Jersey,13.7,Mild,Lumpy Skin Disease,3.3,Puttalam,15.97,172.0,1659.0,82.3,65.8,Grass
65,595,Local,13.2,Mild,Lumpy Skin Disease,2.4,Puttalam,16.2,179.5,1458.0,96.3,64.0,Grass
120,421,Local,7.3,Healthy,None,2.7,Puttalam,11.26,121.3,973.0,57.4,41.7,Grass
94,297,Ayrshire,10.6,Healthy,None,3.5,Monaragala,8.49,99.2,734.0,53.4,31.2,Grass
83,265,Local,6.2,Healthy,None,2.8,Puttalam,7.25,82.3,700.0,33.1,28.9,Grass
68,461,Local,16.8,Mild,Lumpy Skin Disease,2.9,Puttalam,13.21,146.9,1333.0,83.2,50.9,Mixed
33,337,Ayrshire,14.3,Mild,Lumpy Skin Disease,2.9,Badulla,9.86,108.5,937.0,60.3,38.4,Grass
24,361,Jersey,13.3,Healthy,None,2.9,Badulla,10.36,111.4,1073.0,64.2,37.3,Grass
36,435,Ayrshire,15.3,Healthy,None,2.2,Kurunegala,12.41,142.0,1276.0,68.0,40.3,Mixed
78,536,Friesian,10.2,Mild,Foot Rot,3.1,Monaragala,14.42,160.8,1376.0,71.4,52.4,Grass
77,447,Ayrshire,14.7,Severe,Lumpy Skin Disease,3.7,Kurunegala,12.65,145.1,1319.0,58.7,47.5,Grass
51,562,Jersey,10.0,Mild,Foot Rot,3.7,Puttalam,15.05,176.3,1312.0,85.0,45.8,Grass
60,451,Ayrshire,8.7,Healthy,None,3.7,Matale,12.14,136.6,1217.0,68.8,35.1,Grass
61,451,Local,16.1,Healthy,None,2.5,Kurunegala,12.89,135.6,1264.0,63.2,38.7,Mixed
119,277,Ayrshire,13.5,Mild,Lumpy Skin Disease,3.0,Monaragala,8.28,89.7,778.0,44.9,31.8,Grass
109,581,Friesian,15.1,Mild,Foot Rot,2.9,Monaragala,16.04,170.7,1429.0,93.2,62.1,Mixed
43,493,Jersey,10.5,Healthy,None,3.7,Monaragala,13.38,146.8,1180.0,84.9,54.1,Grass
120,554,Ayrshire,11.5,Healthy,None,3.4,Polonnaruwa,15.0,168.1,1407.0,81.6,43.3,Grass
56,514,Friesian,10.9,Healthy,None,3.8,Monaragala,13.94,164.2,1378.0,88.4,46.5,Grass
94,299,Ayrshire,8.6,Healthy,None,2.7,Badulla,8.34,93.5,871.0,53.2,23.5,Grass
34,543,Jersey,19.6,Healthy,None,2.8,Matale,15.54,177.2,1353.0,100.4,52.0,Mixed
42,491,Ayrshire,20.0,Healthy,None,3.4,Polonnaruwa,14.28,152.8,1285.0,85.9,56.9,Mixed
27,434,Local,11.2,Healthy,None,2.1,Anuradhapura,11.97,136.5,1195.0,77.6,42.3,Grass
107,570,Ayrshire,11.9,Healthy,None,3.1,Badulla,15.44,174.0,1558.0,92.7,53.5,Grass
64,422,Jersey,17.8,Healthy,None,3.8,Matale,12.33,140.6,1137.0,58.7,44.0,Mixed
80,592,Friesian,8.6,Mild,Lumpy Skin Disease,3.4,Monaragala,15.66,168.4,1577.0,75.2,47.1,Grass
109,340,Jersey,15.8,Mild,Lumpy Skin Disease,3.5,Kurunegala,10.08,118.3,966.0,54.2,36.9,Mixed
65,349,Ayrshire,14.5,Mild,Foot Rot,2.0,Badulla,10.18,115.5,926.0,65.0,34.4,Grass
57,505,Ayrshire,11.2,Healthy,None,2.4,Matale,13.74,156.3,1256.0,74.3,41.4,Grass
49,302,Friesian,11.0,Severe,Mastitis,3.5,Matale,8.65,102.1,899.0,51.5,24.8,Grass
24,526,Local,13.5,Healthy,None,3.6,Badulla,14.5,166.2,1470.0,92.6,55.8,Grass
104,423,Friesian,13.7,Mild,Lumpy Skin Disease,2.4,Badulla,11.95,133.7,1042.0,67.2,44.2,Grass
71,499,Local,0.0,Mild,Lumpy Skin Disease,3.1,Monaragala,12.48,135.2,1169.0,70.8,42.7,Grass
116,530,Local,10.9,Healthy,None,2.5,Anuradhapura,14.34,166.0,1444.0,73.0,55.5,Grass
46,369,Ayrshire,3.5,Mild,Lumpy Skin Disease,2.6,Puttalam,9.57,103.9,923.0,61.7,29.5,Grass
91,325,Jersey,11.0,Mild,Foot Rot,3.3,Kurunegala,9.22,102.0,948.0,50.7,33.8,Grass
62,250,Jersey,12.9,Healthy,None,3.8,Polonnaruwa,7.54,82.0,724.0,43.6,23.7,Grass
24,415,Jersey,6.8,Healthy,None,3.4,Anuradhapura,11.05,120.2,1010.0,63.7,34.8,Grass
114,463,Friesian,12.2,Healthy,None,3.3,Polonnaruwa,12.8,148.8,1252.0,68.5,46.5,Grass
63,550,Local,9.8,Healthy,None,3.5,Badulla,14.73,173.4,1373.0,66.8,52.2,Grass
58,547,Friesian,13.5,Healthy,None,2.7,Puttalam,15.03,159.6,1503.0,82.2,57.2,Grass
73,436,Jersey,11.9,Healthy,None,2.9,Matale,12.09,137.1,1155.0,67.1,47.5,Grass
113,554,Ayrshire,14.4,Severe,Lumpy Skin Disease,2.4,Polonnaruwa,15.29,169.5,1374.0,93.3,55.9,Grass
51,385,Local,11.9,Healthy,None,3.2,Polonnaruwa,10.81,119.6,1101.0,55.6,35.4,Grass
79,494,Local,12.2,Healthy,None,3.7,Matale,13.57,150.2,1196.0,64.9,47.6,Grass
76,477,Ayrshire,15.9,Healthy,None,3.0,Matale,13.52,156.3,1362.0,85.6,39.4,Mixed
114,538,Local,13.1,Healthy,None,3.1,Anuradhapura,14.76,164.4,1512.0,82.3,61.4,Grass
111,345,Friesian,14.0,Healthy,None,2.1,Polonnaruwa,10.03,105.7,865.0,57.0,32.6,Grass
112,308,Local,10.5,Healthy,None,2.3,Kurunegala,8.75,95.5,808.0,39.9,33.4,Grass
91,364,Ayrshire,18.4,Healthy,None,3.0,Puttalam,10.94,117.5,1019.0,68.0,42.0,Mixed
31,318,Jersey,11.0,Healthy,None,3.4,Puttalam,9.05,97.9,929.0,41.7,37.7,Grass
61,371,Jersey,14.1,Healthy,None,2.4,Polonnaruwa,10.69,123.2,1096.0,56.0,44.1,Grass
92,593,Friesian,11.6,Healthy,None,2.8,Matale,15.99,188.6,1409.0,77.9,60.5,Grass
69,250,Local,3.3,Healthy,None,2.7,Matale,6.58,75.6,602.0,35.8,24.4,Grass
36,493,Jersey,11.1,Healthy,None,2.9,Anuradhapura,13.44,157.5,1209.0,76.3,46.5,Grass
92,578,Jersey,4.6,Mild,Lumpy Skin Disease,3.6,Matale,14.91,164.5,1437.0,86.7,62.5,Grass
59,421,Friesian,11.5,Mild,Mastitis,3.0,Puttalam,11.68,133.1,1061.0,75.8,43.5,Grass
108,321,Local,14.0,Healthy,None,2.6,Kurunegala,9.43,106.5,985.0,61.1,36.6,Grass
105,291,Friesian,14.3,Severe,Foot Rot,2.8,Anuradhapura,8.71,94.1,772.0,55.7,29.3,Grass
75,514,Jersey,7.5,Healthy,None,3.3,Badulla,13.6,149.6,1160.0,78.1,50.9,Grass
62,467,Local,19.5,Healthy,None,3.4,Badulla,13.62,151.1,1245.0,77.2,54.2,Mixed
118,476,Jersey,16.6,Healthy,None,2.7,Monaragala,13.56,153.6,1303.0,80.5,49.2,Mixed
88,485,Friesian,4.0,Severe,Foot Rot,3.7,Anuradhapura,12.53,139.7,1067.0,64.6,40.6,Grass
106,531,Friesian,22.3,Healthy,None,3.8,Matale,15.51,177.8,1423.0,89.2,46.5,Concentrate
45,567,Ayrshire,10.3,Healthy,None,2.4,Anuradhapura,15.21,168.7,1505.0,69.2,44.3,Grass
23,459,Local,6.7,Healthy,None,2.2,Anuradhapura,12.15,128.6,1064.0,57.3,40.6,Grass
88,480,Friesian,11.5,Mild,Mastitis,3.8,Matale,13.15,146.3,1366.0,83.8,41.0,Grass
89,329,Friesian,11.3,Healthy,None,3.2,Kurunegala,9.36,110.0,903.0,47.9,29.1,Grass
79,373,Friesian,18.9,Mild,Lumpy Skin Disease,2.8,Matale,11.22,127.9,1081.0,69.1,39.7,Mixed
45,267,Local,22.2,Healthy,None,4.0,Monaragala,8.9,101.4,846.0,57.5,30.2,Concentrate
84,313,Local,11.3,Healthy,None,2.7,Puttalam,8.96,96.4,832.0,46.3,30.3,Grass
78,496,Ayrshire,15.5,Severe,Lumpy Skin Disease,2.8,Monaragala,13.95,156.7,1311.0,69.6,56.9,Mixed
59,398,Friesian,6.2,Mild,Lumpy Skin Disease,3.6,Badulla,10.57,123.9,1059.0,61.7,36.1,Grass
34,431,Friesian,18.1,Healthy,None,3.1,Matale,12.59,135.1,1244.0,76.9,44.7,Mixed
112,507,Friesian,5.7,Healthy,None,2.4,Anuradhapura,13.25,148.4,1211.0,68.2,45.4,Grass
61,498,Ayrshire,12.5,Mild,Lumpy Skin Disease,2.8,Kurunegala,13.7,155.1,1177.0,62.2,43.9,Grass
20,396,Friesian,10.3,Healthy,None,3.5,Anuradhapura,10.93,126.0,1090.0,69.7,35.2,Grass
32,457,Local,15.7,Healthy,None,3.7,Polonnaruwa,13.0,147.8,1216.0,76.2,38.5,Mixed
99,437,Local,7.0,Severe,Mastitis,2.8,Badulla,11.62,125.5,1054.0,68.7,39.7,Grass
63,273,Friesian,15.8,Healthy,None,3.2,Matale,8.41,97.4,771.0,42.9,34.7,Mixed
93,320,Jersey,19.7,Healthy,None,3.2,Badulla,9.97,105.0,1022.0,56.2,37.4,Mixed
67,408,Ayrshire,21.2,Healthy,None,3.3,Badulla,12.32,134.7,1207.0,73.7,49.2,Mixed
82,270,Jersey,17.3,Mild,Lumpy Skin Disease,2.8,Anuradhapura,8.48,91.4,758.0,43.1,25.4,Mixed
56,435,Ayrshire,12.1,Mild,Foot Rot,3.5,Kurunegala,12.09,128.5,1037.0,72.0,37.8,Grass
118,401,Jersey,20.1,Healthy,None,3.4,Puttalam,12.04,136.5,1233.0,68.9,47.7,Mixed
69,376,Friesian,11.6,Mild,Foot Rot,3.7,Matale,10.56,111.4,973.0,60.0,43.6,Grass
20,389,Local,1.0,Healthy,None,2.3,Puttalam,9.83,105.3,898.0,50.2,37.0,Grass
32,474,Friesian,15.4,Healthy,None,3.0,Matale,13.39,149.3,1258.0,62.2,53.0,Mixed
82,309,Local,15.0,Severe,Foot Rot,3.0,Badulla,9.23,107.8,803.0,58.0,28.8,Grass
87,400,Local,14.9,Healthy,None,2.6,Polonnaruwa,11.49,130.8,1103.0,60.1,33.8,Grass
59,383,Local,14.9,Healthy,None,3.5,Anuradhapura,11.07,118.4,1038.0,52.3,44.4,Grass
71,305,Jersey,18.1,Healthy,None,4.0,Monaragala,9.44,106.4,888.0,45.7,37.9,Mixed
114,549,Ayrshire,13.2,Severe,Foot Rot,3.1,Matale,15.05,170.5,1563.0,82.4,49.8,Grass
25,573,Local,4.4,Healthy,None,2.7,Puttalam,14.77,172.4,1448.0,69.1,48.3,Grass
30,467,Friesian,11.0,Mild,Mastitis,3.5,Monaragala,12.78,140.5,1328.0,59.6,50.7,Grass
50,479,Friesian,8.9,Mild,Lumpy Skin Disease,3.4,Puttalam,12.87,135.8,1162.0,77.6,42.7,Grass
51,395,Ayrshire,12.0,Mild,Foot Rot,2.9,Matale,11.07,126.9,973.0,69.8,37.4,Grass
54,438,Ayrshire,13.2,Healthy,None,2.8,Badulla,12.27,139.6,1184.0,76.9,48.7,Grass
77,535,Friesian,9.9,Healthy,None,2.1,Monaragala,14.37,160.3,1460.0,68.5,52.4,Grass
88,348,Local,10.8,Healthy,None,2.8,Monaragala,9.78,107.7,895.0,47.2,39.7,Grass
78,593,Local,9.4,Healthy,None,3.2,Polonnaruwa,15.77,182.0,1429.0,92.3,51.0,Grass
115,388,Friesian,15.3,Mild,Lumpy Skin Disease,3.1,Polonnaruwa,11.23,128.0,997.0,54.8,33.9,Mixed
61,447,Friesian,17.0,Healthy,None,3.3,Anuradhapura,12.88,137.6,1338.0,76.5,51.1,Mixed
86,380,Friesian,10.5,Mild,Lumpy Skin Disease,2.8,Anuradhapura,10.55,115.5,1075.0,59.6,34.7,Grass
98,435,Jersey,13.6,Mild,Lumpy Skin Disease,3.3,Matale,12.23,128.5,1138.0,68.3,45.2,Grass
53,581,Jersey,19.0,Mild,Lumpy Skin Disease,3.6,Kurunegala,16.43,175.9,1420.0,86.8,50.7,Mixed
106,589,Jersey,9.3,Mild,Mastitis,2.9,Puttalam,15.66,174.4,1624.0,93.4,49.3,Grass
78,331,Local,15.4,Healthy,None,3.5,Puttalam,9.82,105.1,915.0,53.0,40.1,Mixed
74,399,Local,16.7,Mild,Lumpy Skin Disease,3.0,Monaragala,11.65,136.1,1175.0,72.5,42.1,Mixed
55,447,Local,5.7,Healthy,None,2.5,Polonnaruwa,11.75,130.4,1068.0,69.0,48.9,Grass
52,560,Jersey,13.4,Mild,Mastitis,3.2,Monaragala,15.34,169.4,1410.0,96.2,46.3,Grass
111,456,Local,6.5,Healthy,None,3.0,Polonnaruwa,12.05,137.6,1170.0,75.4,49.1,Grass
47,457,Local,15.2,Mild,Foot Rot,2.4,Kurunegala,12.95,144.4,1298.0,59.1,37.6,Mixed
109,355,Friesian,17.5,Healthy,None,2.8,Matale,10.62,119.8,975.0,54.2,43.3,Mixed
105,523,Jersey,18.3,Healthy,None,2.7,Badulla,14.91,158.5,1362.0,96.1,61.4,Mixed
30,512,Friesian,6.9,Healthy,None,2.8,Anuradhapura,13.49,148.7,1292.0,61.0,42.5,Grass
86,279,Friesian,11.5,Mild,Mastitis,2.8,Monaragala,8.12,90.5,826.0,48.5,29.7,Grass
64,349,Friesian,10.9,Healthy,None,3.2,Matale,9.81,106.5,1008.0,61.7,35.2,Grass
30,434,Local,11.1,Healthy,None,3.0,Badulla,11.96,138.2,1222.0,67.7,34.9,Grass
66,468,Friesian,3.5,Healthy,None,3.2,Puttalam,12.05,139.8,1081.0,63.4,34.7,Grass
22,322,Local,11.6,Severe,Foot Rot,3.8,Badulla,9.21,98.8,809.0,57.3,32.2,Grass
95,317,Jersey,7.3,Severe,Lumpy Skin Disease,2.1,Puttalam,8.66,92.1,872.0,56.2,26.0,Grass
100,300,Jersey,15.1,Healthy,None,3.2,Kurunegala,9.01,105.8,788.0,41.6,28.9,Mixed
59,495,Local,7.0,Severe,Mastitis,2.2,Matale,13.07,143.9,1296.0,81.9,37.8,Grass
96,494,Ayrshire,19.7,Healthy,None,3.7,Matale,14.32,168.2,1369.0,76.4,47.6,Mixed
45,464,Friesian,0.0,Mild,Foot Rot,2.8,Puttalam,11.6,135.8,1142.0,56.0,37.2,Grass
46,491,Jersey,20.3,Healthy,None,2.8,Matale,14.3,162.9,1345.0,90.8,55.1,Mixed
20,349,Friesian,9.5,Healthy,None,2.9,Badulla,9.67,113.5,827.0,44.5,38.5,Grass
103,450,Jersey,6.4,Healthy,None,2.1,Polonnaruwa,11.89,125.5,1012.0,57.7,44.1,Grass
81,396,Ayrshire,17.3,Mild,Lumpy Skin Disease,2.1,Kurunegala,11.63,131.5,1155.0,71.9,42.6,Mixed
47,336,Local,13.2,Healthy,None,3.4,Monaragala,9.72,103.5,890.0,47.1,35.3,Grass
44,338,Jersey,4.7,Healthy,None,2.5,Kurunegala,8.92,101.4,789.0,53.9,28.2,Grass
55,553,Jersey,18.1,Healthy,None,3.3,Polonnaruwa,15.64,183.6,1609.0,85.7,63.1,Mixed
48,578,Friesian,8.9,Healthy,None,3.6,Kurunegala,15.34,169.1,1399.0,87.4,52.7,Grass
25,493,Jersey,18.0,Mild,Lumpy Skin Disease,3.1,Matale,14.13,162.2,1262.0,75.2,51.4,Mixed
48,494,Ayrshire,7.5,Healthy,None,2.8,Polonnaruwa,13.1,148.4,1209.0,59.4,51.9,Grass
87,374,Local,13.4,Healthy,None,2.9,Matale,10.69,112.4,1067.0,64.1,44.4,Grass
92,277,Jersey,16.7,Healthy,None,2.2,Monaragala,8.6,99.1,747.0,53.8,33.6,Mixed
64,550,Friesian,4.5,Healthy,None,3.1,Matale,14.2,153.0,1238.0,85.4,53.1,Grass
71,385,Friesian,9.5,Healthy,None,2.7,Anuradhapura,10.57,112.1,984.0,49.5,38.7,Grass
44,417,Jersey,3.2,Healthy,None,3.0,Kurunegala,10.75,126.0,950.0,52.1,44.7,Grass
105,540,Jersey,11.7,Healthy,None,3.3,Anuradhapura,14.67,161.4,1328.0,88.3,49.3,Grass
47,309,Local,12.3,Healthy,None,2.9,Kurunegala,8.96,94.7,860.0,43.1,26.4,Grass
78,293,Local,17.9,Healthy,None,2.3,Kurunegala,9.12,105.2,829.0,49.5,35.0,Mixed
60,306,Ayrshire,14.7,Healthy,None,2.2,Monaragala,9.12,96.6,939.0,41.3,36.3,Grass
60,461,Local,7.8,Mild,Mastitis,2.4,Matale,12.3,139.3,1084.0,65.6,38.3,Grass
65,294,Local,15.9,Mild,Mastitis,3.0,Anuradhapura,8.94,98.1,807.0,44.5,36.9,Mixed
108,345,Local,11.9,Healthy,None,2.4,Anuradhapura,9.81,104.3,912.0,50.6,33.3,Grass
55,547,Jersey,10.5,Severe,Lumpy Skin Disease,2.6,Matale,14.73,171.6,1382.0,74.8,54.9,Grass
23,438,Local,13.9,Healthy,None,2.5,Matale,12.34,135.0,1086.0,73.1,49.5,Grass
97,502,Ayrshire,18.6,Healthy,None,2.2,Matale,14.41,169.8,1316.0,78.2,58.8,Mixed
108,518,Friesian,8.0,Healthy,None,3.8,Polonnaruwa,13.75,157.4,1406.0,64.6,57.2,Grass
32,297,Friesian,9.8,Healthy,None,2.3,Polonnaruwa,8.41,96.2,734.0,42.8,33.0,Grass
64,406,Local,13.1,Healthy,None,2.8,Badulla,11.46,121.4,1128.0,56.2,33.3,Grass
78,385,Friesian,7.8,Healthy,None,2.5,Polonnaruwa,10.4,121.7,1026.0,55.2,33.8,Grass
101,277,Ayrshire,25.8,Healthy,None,2.9,Monaragala,9.51,109.9,845.0,42.9,28.3,Concentrate
29,502,Local,2.4,Mild,Mastitis,3.7,Kurunegala,12.79,142.0,1186.0,62.8,51.5,Grass
31,594,Jersey,15.1,Healthy,None,2.6,Monaragala,16.36,183.1,1671.0,95.4,57.8,Mixed
101,294,Local,7.3,Healthy,None,3.3,Monaragala,8.08,94.7,843.0,44.0,26.9,Grass
72,382,Friesian,10.8,Healthy,None,2.0,Polonnaruwa,10.63,119.5,1045.0,66.0,43.6,Grass
55,316,Local,20.9,Mild,Foot Rot,2.8,Polonnaruwa,9.99,116.5,937.0,61.3,30.0,Mixed
27,312,Local,19.5,Mild,Mastitis,3.6,Monaragala,9.75,105.8,963.0,49.8,36.3,Mixed
26,312,Ayrshire,7.0,Mild,Lumpy Skin Disease,3.5,Polonnaruwa,8.5,92.8,772.0,45.0,29.0,Grass
114,520,Jersey,8.7,Healthy,None,2.1,Polonnaruwa,13.87,162.8,1196.0,74.2,58.1,Grass
34,287,Friesian,9.9,Healthy,None,3.2,Matale,8.17,91.2,760.0,40.4,32.1,Grass
62,300,Ayrshire,9.7,Healthy,None,2.8,Kurunegala,8.47,91.6,876.0,45.3,27.5,Grass
114,503,Ayrshire,17.7,Healthy,None,3.1,Monaragala,14.35,156.7,1438.0,71.3,59.2,Mixed
52,547,Ayrshire,7.8,Healthy,None,3.4,Badulla,14.46,152.5,1323.0,88.8,42.6,Grass
45,493,Friesian,13.0,Severe,Foot Rot,1.7,Badulla,13.63,155.1,1333.0,81.6,53.2,Grass
31,600,Friesian,14.1,Severe,Foot Rot,3.2,Matale,16.41,185.1,1619.0,94.8,58.3,Grass
105,414,Local,12.1,Mild,Mastitis,3.4,Polonnaruwa,11.56,123.1,1168.0,64.2,48.3,Grass
31,594,Ayrshire,8.6,Healthy,None,3.2,Anuradhapura,15.71,184.7,1536.0,86.0,62.4,Grass
48,386,Jersey,4.2,Healthy,None,3.2,Monaragala,10.07,114.3,987.0,57.6,31.7,Grass
95,494,Friesian,21.8,Healthy,None,2.5,Monaragala,14.53,160.6,1459.0,69.9,60.0,Mixed
48,289,Local,8.2,Mild,Lumpy Skin Disease,2.6,Kurunegala,8.04,84.9,842.0,49.0,24.9,Grass
28,309,Ayrshire,12.6,Healthy,None,2.5,Matale,8.99,100.9,889.0,45.3,25.4,Grass
63,336,Friesian,14.1,Healthy,None,3.4,Matale,9.81,113.1,1018.0,44.8,32.3,Grass
37,507,Friesian,14.7,Healthy,None,2.1,Anuradhapura,14.15,156.8,1246.0,74.9,40.6,Grass
112,560,Jersey,17.0,Healthy,None,3.5,Polonnaruwa,15.7,173.5,1534.0,73.5,51.6,Mixed
22,575,Local,16.2,Healthy,None,3.2,Matale,16.0,178.1,1567.0,100.6,45.4,Mixed
112,585,Friesian,13.1,Healthy,None,3.5,Monaragala,15.94,183.9,1383.0,75.6,66.1,Grass
33,485,Ayrshire,21.6,Healthy,None,2.5,Anuradhapura,14.29,166.4,1257.0,87.9,43.2,Mixed
28,344,Ayrshire,17.4,Healthy,None,3.0,Anuradhapura,10.34,115.3,950.0,63.6,39.2,Mixed
84,426,Local,11.4,Healthy,None,2.2,Kurunegala,11.79,126.5,1111.0,55.8,48.9,Grass
42,392,Jersey,10.6,Healthy,None,2.5,Anuradhapura,10.86,124.0,964.0,53.2,40.3,Grass
107,500,Ayrshire,9.7,Healthy,None,2.5,Matale,13.47,155.2,1327.0,69.0,40.6,Grass
50,344,Friesian,9.8,Healthy,None,2.8,Puttalam,9.58,103.6,906.0,45.3,35.5,Grass
26,566,Ayrshire,12.5,Healthy,None,2.2,Badulla,15.4,162.7,1574.0,79.4,55.3,Grass
119,418,Jersey,4.8,Severe,Foot Rot,3.2,Badulla,10.93,126.2,930.0,65.9,36.2,Grass
112,600,Local,8.0,Healthy,None,3.5,Monaragala,15.8,182.3,1566.0,78.2,50.8,Grass
41,500,Jersey,13.1,Healthy,None,3.3,Puttalam,13.81,151.3,1215.0,76.5,50.8,Grass
105,286,Jersey,19.1,Healthy,None,2.8,Kurunegala,9.06,96.1,828.0,42.6,36.6,Mixed
48,585,Jersey,9.1,Healthy,None,3.4,Kurunegala,15.54,163.8,1423.0,81.5,60.2,Grass
40,383,Local,14.5,Severe,Lumpy Skin Disease,2.9,Kurunegala,11.03,129.5,1121.0,67.6,41.9,Grass
39,358,Jersey,19.0,Mild,Mastitis,2.9,Monaragala,10.85,116.5,1108.0,68.5,38.9,Mixed
49,518,Ayrshire,12.2,Mild,Lumpy Skin Disease,3.0,Anuradhapura,14.17,149.9,1422.0,85.4,51.1,Grass
92,303,Jersey,7.3,Healthy,None,3.0,Matale,8.3,97.8,867.0,46.7,28.3,Grass
44,495,Jersey,19.0,Healthy,None,3.2,Anuradhapura,14.28,167.6,1246.0,87.6,54.8,Mixed
35,442,Friesian,12.2,Healthy,None,2.9,Kurunegala,12.27,138.7,1242.0,60.3,35.5,Grass
97,368,Friesian,13.7,Severe,Foot Rot,3.4,Monaragala,10.57,115.1,1049.0,59.1,41.2,Grass
49,526,Friesian,15.0,Healthy,None,2.8,Anuradhapura,14.65,166.0,1534.0,78.7,56.2,Grass
87,313,Friesian,13.6,Healthy,None,3.2,Anuradhapura,9.19,99.0,792.0,46.0,29.2,Grass
57,437,Ayrshire,7.0,Healthy,None,3.1,Anuradhapura,11.62,128.7,1101.0,75.2,32.8,Grass
63,414,Jersey,1.2,Mild,Lumpy Skin Disease,3.2,Badulla,10.47,117.4,911.0,49.7,36.8,Grass
89,341,Jersey,15.3,Healthy,None,3.4,Polonnaruwa,10.05,109.7,1016.0,48.0,41.0,Mixed
80,496,Jersey,10.0,Severe,Foot Rot,3.2,Puttalam,13.4,149.2,1234.0,72.7,56.1,Grass
116,400,Friesian,19.1,Healthy,None,3.7,Monaragala,11.91,138.2,1238.0,58.7,33.9,Mixed
20,445,Local,11.9,Healthy,None,3.1,Anuradhapura,12.31,143.5,1061.0,77.3,46.5,Grass
115,369,Friesian,17.6,Healthy,None,2.2,Kurunegala,10.98,126.5,948.0,58.9,32.2,Mixed
93,420,Ayrshire,10.4,Mild,Mastitis,3.7,Polonnaruwa,11.54,130.1,1094.0,68.7,45.9,Grass
105,279,Jersey,16.9,Healthy,None,3.2,Puttalam,8.67,98.1,906.0,39.2,35.8,Mixed
91,573,Jersey,4.5,Healthy,None,3.0,Kurunegala,14.78,157.1,1415.0,70.6,42.4,Grass
54,439,Jersey,9.1,Healthy,None,3.2,Badulla,11.89,127.1,1034.0,57.8,37.8,Grass
56,315,Ayrshire,8.0,Healthy,None,2.5,Polonnaruwa,8.68,94.2,821.0,41.6,35.0,Grass
25,467,Ayrshire,1.7,Mild,Foot Rot,3.6,Monaragala,11.85,134.6,1013.0,70.3,36.8,Grass
74,569,Friesian,10.0,Healthy,None,3.1,Kurunegala,15.23,176.0,1595.0,96.1,58.6,Grass
97,426,Local,12.0,Healthy,None,2.5,Badulla,11.85,134.6,1151.0,73.4,38.4,Grass
59,255,Friesian,5.7,Healthy,None,2.5,Monaragala,6.95,79.8,701.0,43.1,24.7,Grass
113,384,Ayrshire,8.4,Healthy,None,3.2,Badulla,10.44,114.1,1034.0,67.8,40.1,Grass
86,290,Local,8.0,Healthy,None,3.9,Badulla,8.05,94.9,690.0,41.3,23.2,Grass
64,293,Ayrshire,17.1,Severe,Foot Rot,3.4,Monaragala,9.04,98.7,856.0,58.5,25.4,Mixed
40,274,Friesian,11.4,Mild,Foot Rot,3.8,Kurunegala,7.99,89.1,730.0,47.7,30.0,Grass
21,286,Jersey,10.9,Mild,Foot Rot,3.0,Kurunegala,8.24,87.4,844.0,42.8,30.3,Grass
67,572,Local,12.8,Healthy,None,3.4,Polonnaruwa,15.58,165.1,1404.0,94.6,64.4,Grass
57,515,Ayrshire,15.2,Healthy,None,2.8,Badulla,14.39,152.0,1235.0,73.2,40.7,Mixed
70,380,Ayrshire,9.3,Healthy,None,3.3,Matale,10.43,115.8,997.0,51.3,39.9,Grass
74,429,Jersey,15.6,Healthy,None,2.8,Monaragala,12.29,129.3,1289.0,68.9,44.8,Mixed
54,452,Local,4.1,Healthy,None,2.9,Badulla,11.71,129.7,1010.0,75.3,41.5,Grass
78,558,Ayrshire,15.1,Mild,Mastitis,3.9,Monaragala,15.46,182.2,1349.0,90.2,45.6,Mixed
67,430,Jersey,6.0,Mild,Lumpy Skin Disease,2.8,Kurunegala,11.35,120.1,1118.0,59.4,37.0,Grass
57,373,Friesian,10.1,Healthy,None,3.7,Puttalam,10.34,108.9,1058.0,65.8,30.0,Grass
50,286,Local,11.8,Mild,Lumpy Skin Disease,2.5,Puttalam,8.33,97.7,789.0,50.3,31.7,Grass
42,301,Friesian,14.8,Mild,Mastitis,2.8,Puttalam,9.01,103.7,794.0,45.0,32.6,Grass
78,279,Jersey,5.9,Healthy,None,2.6,Polonnaruwa,7.57,89.0,659.0,41.8,31.0,Grass
66,553,Local,20.7,Healthy,None,3.2,Polonnaruwa,15.9,182.7,1556.0,90.9,61.4,Mixed
105,407,Friesian,12.5,Severe,Foot Rot,2.9,Monaragala,11.43,123.4,1088.0,69.1,45.9,Grass
120,373,Local,13.5,Healthy,None,3.1,Badulla,10.68,115.9,1067.0,62.6,41.4,Grass
94,330,Local,13.5,Mild,Lumpy Skin Disease,3.1,Polonnaruwa,9.6,113.0,834.0,59.7,39.2,Grass
85,544,Ayrshire,16.3,Healthy,None,3.0,Monaragala,15.23,160.0,1496.0,80.2,60.8,Mixed
87,380,Local,7.1,Healthy,None,2.7,Badulla,10.21,120.1,986.0,59.1,32.7,Grass
120,507,Local,2.1,Healthy,None,4.0,Badulla,12.89,146.1,1219.0,64.3,43.3,Grass
104,494,Local,16.3,Mild,Foot Rot,2.6,Polonnaruwa,13.98,155.3,1246.0,77.8,45.4,Mixed
36,429,Friesian,10.6,Healthy,None,2.7,Matale,11.79,136.9,1109.0,63.0,47.0,Grass
75,406,Local,19.7,Healthy,None,2.3,Badulla,12.12,134.5,1133.0,77.6,46.7,Mixed
96,291,Friesian,12.6,Healthy,None,2.9,Matale,8.54,99.6,754.0,52.8,25.4,Grass
102,582,Jersey,16.1,Healthy,None,2.9,Matale,16.16,178.8,1561.0,100.0,64.4,Mixed
119,431,Local,3.2,Mild,Lumpy Skin Disease,2.9,Puttalam,11.1,121.1,969.0,63.9,44.2,Grass
111,358,Local,7.1,Healthy,None,3.0,Puttalam,9.66,109.7,986.0,58.6,33.5,Grass
32,389,Friesian,19.2,Healthy,None,2.1,Polonnaruwa,11.65,129.1,1188.0,74.4,33.5,Mixed
113,259,Friesian,8.0,Healthy,None,2.7,Monaragala,7.28,85.6,656.0,36.9,26.9,Grass
97,568,Ayrshire,10.1,Healthy,None,3.4,Polonnaruwa,15.21,166.1,1405.0,98.7,47.2,Grass
52,531,Ayrshire,11.1,Healthy,None,3.2,Monaragala,14.38,164.7,1426.0,83.5,48.1,Grass
114,594,Local,8.9,Healthy,None,3.1,Polonnaruwa,15.74,182.2,1555.0,101.4,44.1,Grass
21,539,Ayrshire,15.9,Severe,Mastitis,2.6,Matale,15.07,171.7,1329.0,95.8,52.1,Mixed
98,323,Local,15.9,Healthy,None,3.0,Badulla,9.67,105.6,920.0,54.3,27.9,Mixed
89,547,Ayrshire,17.2,Mild,Mastitis,2.9,Anuradhapura,15.4,176.4,1508.0,82.4,51.8,Mixed
70,466,Friesian,13.9,Mild,Mastitis,3.0,Anuradhapura,13.04,150.1,1222.0,81.5,41.3,Grass
100,557,Ayrshire,11.5,Healthy,None,3.1,Monaragala,15.08,165.4,1299.0,82.4,59.8,Grass
31,471,Ayrshire,14.7,Healthy,None,2.4,Polonnaruwa,13.25,147.7,1333.0,77.7,41.8,Grass
80,304,Local,19.2,Severe,Foot Rot,2.1,Puttalam,9.52,112.3,921.0,50.3,39.2,Mixed
92,420,Friesian,8.6,Mild,Foot Rot,3.0,Kurunegala,11.36,126.2,1005.0,64.9,37.3,Grass
67,560,Friesian,14.1,Healthy,None,3.8,Anuradhapura,15.41,174.1,1473.0,84.1,54.1,Grass
24,494,Friesian,2.7,Healthy,None,2.7,Badulla,12.62,133.5,1127.0,78.2,40.8,Grass
92,259,Jersey,1.4,Healthy,None,3.0,Matale,6.62,76.1,602.0,32.1,27.7,Grass
109,339,Ayrshire,13.4,Healthy,None,3.8,Badulla,9.81,104.3,835.0,57.8,36.7,Grass
63,562,Friesian,12.6,Healthy,None,3.5,Kurunegala,15.31,174.6,1477.0,78.1,62.2,Grass
49,284,Friesian,14.9,Healthy,None,2.8,Polonnaruwa,8.59,96.4,901.0,54.2,27.2,Grass
93,428,Friesian,5.0,Severe,Foot Rot,3.1,Badulla,11.2,119.7,1133.0,68.9,40.2,Grass
25,438,Local,4.5,Severe,Foot Rot,3.6,Polonnaruwa,11.4,126.1,1101.0,54.8,41.1,Grass
42,535,Jersey,11.2,Mild,Lumpy Skin Disease,3.6,Anuradhapura,14.49,168.7,1428.0,90.9,46.4,Grass
85,506,Ayrshire,9.6,Healthy,None,3.1,Monaragala,13.61,151.3,1287.0,69.6,48.6,Grass
59,277,Jersey,13.0,Healthy,None,3.0,Badulla,8.23,96.9,729.0,44.4,32.2,Grass
119,290,Local,9.8,Healthy,None,3.2,Polonnaruwa,8.23,95.1,766.0,42.9,34.0,Grass
63,351,Jersey,7.4,Healthy,None,2.4,Polonnaruwa,9.52,107.6,837.0,59.3,35.4,Grass
104,511,Jersey,18.2,Mild,Mastitis,3.4,Matale,14.6,160.8,1404.0,79.2,55.3,Mixed
48,511,Ayrshire,12.3,Mild,Mastitis,3.8,Matale,14.01,161.7,1430.0,90.2,47.9,Grass
80,495,Ayrshire,10.7,Healthy,None,3.7,Puttalam,13.45,150.6,1391.0,62.8,43.2,Grass
66,334,Local,12.9,Mild,Lumpy Skin Disease,2.5,Puttalam,9.64,105.1,980.0,48.8,37.0,Grass
46,288,Friesian,21.2,Healthy,None,3.5,Monaragala,9.32,101.3,841.0,55.1,26.2,Mixed
31,540,Friesian,11.4,Healthy,None,3.4,Kurunegala,14.64,168.5,1326.0,88.9,46.1,Grass
41,466,Ayrshire,10.0,Healthy,None,3.4,Polonnaruwa,12.65,148.0,1149.0,66.9,49.6,Grass
21,290,Jersey,0.0,Healthy,None,2.5,Polonnaruwa,7.25,84.6,712.0,33.1,21.5,Grass
83,404,Ayrshire,16.9,Healthy,None,2.9,Kurunegala,11.79,136.7,1227.0,55.2,36.6,Mixed
106,273,Friesian,13.0,Severe,Foot Rot,2.3,Polonnaruwa,8.12,90.1,782.0,38.0,33.5,Grass
71,264,Local,21.2,Severe,Mastitis,3.6,Monaragala,8.72,93.7,759.0,55.5,36.6,Mixed
74,359,Local,11.0,Healthy,None,2.8,Monaragala,10.07,116.7,953.0,58.1,28.8,Grass
18,300,Ayrshire,17.1,Healthy,None,4.0,Monaragala,9.21,101.7,797.0,56.2,32.9,Mixed
38,331,Ayrshire,16.8,Healthy,None,4.1,Monaragala,9.96,104.6,862.0,55.3,32.6,Mixed
106,553,Local,7.4,Severe,Mastitis,2.6,Polonnaruwa,14.57,156.2,1428.0,90.5,60.7,Grass
49,424,Friesian,6.1,Mild,Lumpy Skin Disease,3.2,Monaragala,11.21,118.9,1139.0,66.4,31.9,Grass
22,405,Ayrshire,12.9,Healthy,None,2.9,Matale,11.41,133.1,1140.0,72.4,43.3,Grass
59,562,Local,16.0,Healthy,None,3.6,Badulla,15.65,183.9,1481.0,89.2,48.0,Mixed
53,503,Local,4.4,Healthy,None,2.7,Polonnaruwa,13.02,143.8,1327.0,65.3,45.6,Grass
66,326,Ayrshire,16.1,Healthy,None,2.8,Polonnaruwa,9.76,102.6,883.0,47.4,32.8,Mixed
114,279,Local,8.0,Healthy,None,3.5,Monaragala,7.78,84.4,777.0,42.8,30.0,Grass
111,501,Ayrshire,5.6,Mild,Mastitis,2.8,Kurunegala,13.09,150.0,1154.0,79.3,38.7,Grass
56,537,Friesian,13.6,Healthy,None,2.7,Badulla,14.79,162.4,1422.0,94.6,53.2,Grass
118,419,Ayrshire,15.9,Severe,Mastitis,2.7,Polonnaruwa,12.07,135.5,1123.0,72.1,40.2,Mixed
23,384,Ayrshire,19.0,Mild,Mastitis,2.9,Polonnaruwa,11.5,134.2,1186.0,58.2,34.4,Mixed
116,324,Local,15.4,Healthy,None,3.4,Kurunegala,9.64,109.1,922.0,44.5,31.7,Mixed
26,418,Friesian,8.9,Healthy,None,2.0,Puttalam,11.34,128.9,1113.0,73.2,45.8,Grass
83,379,Local,13.8,Healthy,None,3.0,Kurunegala,10.86,116.0,937.0,64.6,40.5,Grass
55,326,Friesian,14.8,Healthy,None,2.9,Puttalam,9.63,105.9,922.0,51.8,27.1,Grass
86,289,Ayrshire,9.8,Healthy,None,4.0,Badulla,8.21,90.0,775.0,48.0,25.6,Grass
101,489,Local,4.6,Healthy,None,3.4,Monaragala,12.69,135.0,1091.0,63.5,50.9,Grass
28,415,Friesian,9.1,Healthy,None,2.8,Polonnaruwa,11.29,125.8,963.0,66.3,45.4,Grass
114,306,Friesian,10.4,Healthy,None,2.6,Polonnaruwa,8.69,96.3,821.0,43.5,30.5,Grass
64,483,Local,14.9,Healthy,None,3.7,Puttalam,13.57,153.5,1403.0,74.2,38.9,Grass
80,317,Friesian,14.4,Healthy,None,3.1,Matale,9.37,100.3,952.0,52.5,29.3,Grass
33,382,Jersey,7.1,Healthy,None,3.3,Anuradhapura,10.26,116.2,1035.0,48.4,31.0,Grass
113,436,Local,22.8,Healthy,None,2.8,Monaragala,13.18,141.8,1372.0,71.5,54.9,Concentrate
106,277,Friesian,10.1,Healthy,None,2.7,Polonnaruwa,7.94,91.3,730.0,45.0,25.2,Grass
106,488,Local,9.6,Healthy,None,1.6,Badulla,13.16,152.7,1379.0,73.4,38.5,Grass
117,334,Ayrshire,14.0,Mild,Mastitis,2.6,Matale,9.75,103.1,871.0,45.7,27.5,Grass
87,269,Jersey,3.9,Healthy,None,3.4,Badulla,7.12,82.4,611.0,33.0,24.0,Grass
39,274,Local,6.6,Mild,Lumpy Skin Disease,2.8,Matale,7.51,79.5,774.0,47.7,27.5,Grass
31,412,Friesian,19.3,Healthy,None,2.3,Matale,12.23,142.7,1224.0,65.7,41.3,Mixed
69,427,Local,4.3,Severe,Foot Rot,3.1,Anuradhapura,11.11,119.4,1135.0,51.2,43.2,Grass
66,512,Local,17.7,Healthy,None,2.2,Polonnaruwa,14.57,155.7,1256.0,69.9,47.5,Mixed
64,273,Friesian,14.0,Healthy,None,3.3,Monaragala,8.22,89.2,799.0,46.2,33.7,Grass
44,582,Local,1.7,Severe,Foot Rot,3.4,Kurunegala,14.72,172.1,1438.0,74.7,43.6,Grass
24,577,Friesian,16.4,Healthy,None,2.8,Anuradhapura,16.07,175.5,1460.0,81.5,66.6,Mixed
109,538,Jersey,18.3,Severe,Mastitis,3.6,Badulla,15.28,165.9,1318.0,90.2,49.5,Mixed
109,462,Friesian,12.5,Mild,Foot Rot,2.8,Polonnaruwa,12.8,146.0,1332.0,70.3,36.5,Grass
90,599,Jersey,7.1,Healthy,None,3.0,Kurunegala,15.69,177.5,1335.0,79.5,63.3,Grass
99,411,Jersey,14.8,Healthy,None,2.8,Anuradhapura,11.76,130.7,1029.0,68.3,42.4,Grass
76,467,Ayrshire,1.0,Healthy,None,3.6,Badulla,11.78,139.0,1002.0,75.3,33.8,Grass
119,275,Friesian,13.0,Mild,Foot Rot,2.8,Anuradhapura,8.18,95.8,749.0,44.8,26.3,Grass
87,510,Friesian,16.3,Healthy,None,3.8,Matale,14.38,154.4,1311.0,75.7,50.5,Mixed
59,251,Local,0.0,Healthy,None,3.2,Matale,6.28,68.5,557.0,32.9,18.8,Grass
64,287,Ayrshire,4.9,Mild,Mastitis,3.2,Monaragala,7.67,81.7,702.0,38.4,22.3,Grass
74,533,Local,12.6,Mild,Lumpy Skin Disease,3.3,Badulla,14.59,153.5,1346.0,71.7,58.5,Grass
106,311,Ayrshire,9.5,Healthy,None,2.1,Kurunegala,8.72,91.8,872.0,53.6,25.7,Grass
109,251,Local,9.7,Healthy,None,3.2,Polonnaruwa,7.25,84.8,758.0,43.3,24.1,Grass
72,547,Jersey,17.1,Healthy,None,2.4,Monaragala,15.39,177.0,1454.0,90.8,46.2,Mixed
66,537,Ayrshire,17.1,Healthy,None,2.7,Anuradhapura,15.14,169.0,1540.0,74.3,54.4,Mixed
104,439,Jersey,13.8,Mild,Foot Rot,2.7,Monaragala,12.36,130.6,1293.0,64.7,38.0,Grass
23,474,Friesian,12.9,Healthy,None,3.4,Monaragala,13.14,152.1,1340.0,64.5,40.6,Grass
56,565,Friesian,5.9,Healthy,None,2.7,Puttalam,14.71,160.4,1541.0,68.2,45.8,Grass
67,546,Ayrshire,12.9,Mild,Lumpy Skin Disease,4.2,Kurunegala,14.94,162.6,1559.0,77.7,56.3,Grass
102,406,Ayrshire,7.7,Mild,Foot Rot,4.0,Kurunegala,10.92,128.5,989.0,69.9,39.0,Grass
65,266,Ayrshire,22.0,Severe,Lumpy Skin Disease,3.0,Matale,8.85,97.3,793.0,51.4,36.9,Mixed
75,566,Local,10.5,Mild,Mastitis,2.7,Polonnaruwa,15.2,164.3,1497.0,69.8,46.8,Grass
37,357,Jersey,11.7,Mild,Foot Rot,2.3,Puttalam,10.1,112.9,986.0,50.3,37.6,Grass
18,324,Ayrshire,11.6,Healthy,None,3.7,Kurunegala,9.26,106.0,909.0,50.8,29.3,Grass
117,408,Jersey,8.9,Mild,Foot Rot,2.9,Kurunegala,11.09,129.7,1149.0,59.4,35.8,Grass
81,583,Jersey,3.5,Healthy,None,3.2,Puttalam,14.93,171.1,1408.0,81.4,52.4,Grass
72,353,Local,13.3,Healthy,None,3.0,Monaragala,10.16,111.4,1061.0,55.6,36.0,Grass
89,519,Jersey,10.9,Healthy,None,2.9,Monaragala,14.07,163.9,1208.0,76.3,41.2,Grass
92,527,Jersey,14.5,Healthy,None,3.0,Badulla,14.62,163.0,1427.0,79.4,43.0,Grass
68,320,Friesian,13.6,Healthy,None,3.1,Puttalam,9.36,104.4,913.0,57.0,37.1,Grass
42,456,Local,17.6,Healthy,None,3.3,Puttalam,13.16,155.0,1164.0,76.3,38.1,Mixed
87,543,Local,13.0,Healthy,None,3.8,Badulla,14.88,163.6,1528.0,78.8,58.2,Grass
85,282,Jersey,14.1,Healthy,None,3.7,Badulla,8.46,89.3,842.0,40.8,25.7,Grass
52,443,Ayrshire,15.0,Healthy,None,2.1,Anuradhapura,12.58,132.5,1207.0,58.5,43.1,Grass
38,573,Ayrshire,18.5,Healthy,None,3.1,Anuradhapura,16.18,182.7,1630.0,105.0,55.3,Mixed
33,271,Friesian,11.7,Healthy,None,3.1,Polonnaruwa,7.95,86.2,791.0,45.6,32.4,Grass
110,382,Ayrshire,10.3,Severe,Lumpy Skin Disease,3.1,Matale,10.58,118.7,909.0,65.0,43.6,Grass
49,348,Ayrshire,9.0,Healthy,None,3.6,Badulla,9.6,110.7,920.0,60.8,33.0,Grass
99,319,Local,11.4,Healthy,None,2.8,Puttalam,9.12,96.9,788.0,59.2,34.3,Grass
108,466,Local,7.4,Healthy,None,3.1,Badulla,12.39,135.3,1212.0,77.7,43.0,Grass
56,363,Friesian,12.9,Healthy,None,3.2,Anuradhapura,10.37,118.7,883.0,61.2,35.5,Grass
100,421,Jersey,6.9,Healthy,None,2.2,Kurunegala,11.21,119.6,1118.0,70.1,39.7,Grass
54,291,Ayrshire,15.1,Mild,Lumpy Skin Disease,3.7,Puttalam,8.79,97.9,914.0,41.3,32.4,Mixed
43,289,Ayrshire,6.9,Mild,Mastitis,3.8,Puttalam,7.92,91.8,779.0,41.8,23.7,Grass
94,558,Ayrshire,13.4,Severe,Lumpy Skin Disease,3.0,Puttalam,15.29,165.4,1555.0,84.0,54.5,Grass
46,269,Ayrshire,10.0,Healthy,None,2.3,Monaragala,7.73,87.4,720.0,36.9,27.4,Grass
19,475,Ayrshire,16.9,Mild,Lumpy Skin Disease,2.6,Polonnaruwa,13.56,146.8,1156.0,64.1,46.4,Mixed
70,447,Jersey,8.1,Healthy,None,3.5,Polonnaruwa,11.99,135.5,1136.0,69.8,47.7,Grass
98,314,Ayrshire,2.6,Severe,Foot Rot,2.2,Puttalam,8.11,94.2,714.0,41.9,31.7,Grass
76,339,Jersey,11.9,Healthy,None,3.1,Puttalam,9.66,102.1,911.0,46.1,36.8,Grass
96,388,Friesian,14.4,Healthy,None,2.8,Matale,11.14,117.3,1017.0,67.4,32.8,Grass
38,474,Jersey,24.7,Healthy,None,2.9,Monaragala,14.32,162.8,1368.0,92.8,52.4,Concentrate
43,524,Local,10.8,Healthy,None,2.6,Puttalam,14.18,155.5,1455.0,75.8,49.6,Grass
41,538,Local,12.6,Mild,Mastitis,3.3,Matale,14.71,155.6,1356.0,77.2,46.7,Grass
24,536,Ayrshire,18.0,Healthy,None,2.3,Anuradhapura,15.2,172.5,1316.0,77.7,59.0,Mixed
70,324,Local,10.8,Healthy,None,3.2,Anuradhapura,9.18,100.8,899.0,41.9,35.1,Grass
72,461,Ayrshire,14.9,Mild,Foot Rot,3.0,Monaragala,13.02,150.7,1259.0,69.9,41.6,Grass
22,540,Friesian,14.7,Healthy,None,2.6,Monaragala,14.97,168.8,1401.0,78.0,55.9,Grass
59,408,Ayrshire,19.8,Severe,Foot Rot,3.5,Polonnaruwa,12.18,131.8,1049.0,66.4,43.0,Mixed
69,316,Local,5.3,Mild,Foot Rot,2.5,Anuradhapura,8.43,96.1,852.0,38.0,31.2,Grass
109,316,Ayrshire,6.8,Mild,Foot Rot,3.3,Anuradhapura,8.58,96.5,890.0,46.5,35.2,Grass
25,505,Jersey,5.6,Healthy,None,2.8,Matale,13.19,145.6,1226.0,81.0,53.6,Grass
31,273,Local,14.3,Healthy,None,3.0,Kurunegala,8.26,92.4,812.0,49.6,23.9,Grass
81,297,Jersey,13.3,Mild,Lumpy Skin Disease,2.5,Polonnaruwa,8.76,92.0,770.0,40.0,24.8,Grass
40,325,Local,15.0,Severe,Lumpy Skin Disease,2.7,Puttalam,9.62,104.1,978.0,55.7,37.2,Grass
61,321,Local,10.4,Mild,Lumpy Skin Disease,3.1,Puttalam,9.07,96.0,829.0,44.3,31.7,Grass
104,384,Friesian,12.5,Healthy,None,3.0,Polonnaruwa,10.85,119.7,956.0,56.9,39.1,Grass
42,531,Local,8.2,Healthy,None,2.9,Badulla,14.1,159.0,1452.0,77.4,45.7,Grass
41,280,Ayrshire,12.0,Mild,Foot Rot,2.3,Badulla,8.2,89.8,750.0,52.7,34.0,Grass
118,334,Jersey,9.7,Healthy,None,3.2,Kurunegala,9.32,108.3,867.0,59.5,35.6,Grass
102,376,Jersey,5.6,Healthy,None,3.6,Anuradhapura,9.96,111.0,987.0,50.7,38.7,Grass
47,324,Ayrshire,18.3,Healthy,None,2.4,Badulla,9.93,110.2,929.0,62.9,34.7,Mixed
111,394,Friesian,18.8,Healthy,None,2.9,Badulla,11.73,136.2,1108.0,63.4,37.1,Mixed
115,451,Ayrshire,14.1,Severe,Lumpy Skin Disease,2.8,Badulla,12.69,135.7,1299.0,75.9,44.6,Grass
117,401,Friesian,16.6,Healthy,None,3.2,Kurunegala,11.69,122.9,1099.0,73.6,43.5,Mixed
20,266,Local,7.9,Healthy,None,2.4,Anuradhapura,7.44,80.9,658.0,41.0,26.9,Grass
26,444,Ayrshire,4.7,Healthy,None,3.1,Matale,11.57,123.4,1013.0,60.3,38.0,Grass
78,275,Jersey,14.9,Healthy,None,3.3,Matale,8.37,94.3,712.0,48.4,28.9,Grass
90,295,Ayrshire,11.4,Mild,Foot Rot,2.4,Puttalam,8.52,97.7,763.0,49.9,28.0,Grass
62,309,Jersey,8.6,Severe,Mastitis,3.6,Puttalam,8.59,93.4,888.0,43.4,32.7,Grass
106,263,Friesian,9.6,Healthy,None,3.1,Matale,7.54,85.6,652.0,45.0,27.3,Grass
101,399,Jersey,6.6,Healthy,None,3.2,Polonnaruwa,10.64,117.9,1064.0,61.8,33.8,Grass
97,260,Local,9.7,Healthy,None,3.5,Badulla,7.47,85.1,759.0,35.9,22.6,Grass
30,286,Jersey,15.9,Healthy,None,2.8,Polonnaruwa,8.74,99.0,759.0,50.9,25.4,Mixed
51,503,Jersey,11.4,Mild,Foot Rot,2.7,Puttalam,13.72,161.4,1180.0,63.3,54.9,Grass
21,568,Ayrshire,4.9,Severe,Foot Rot,2.6,Anuradhapura,14.69,154.6,1367.0,69.9,54.9,Grass
74,457,Jersey,13.0,Severe,Foot Rot,3.2,Polonnaruwa,12.73,144.5,1276.0,82.4,38.0,Grass
75,328,Friesian,12.7,Severe,Lumpy Skin Disease,2.8,Matale,9.47,106.9,815.0,56.6,27.0,Grass
97,578,Jersey,16.7,Healthy,None,3.0,Badulla,16.12,188.6,1531.0,93.9,48.8,Mixed
42,567,Local,15.5,Mild,Mastitis,2.1,Polonnaruwa,15.73,173.1,1590.0,96.3,50.7,Mixed
52,305,Jersey,0.0,Severe,Lumpy Skin Disease,3.1,Puttalam,7.62,84.5,757.0,43.0,27.0,Grass
36,559,Friesian,4.9,Healthy,None,2.9,Polonnaruwa,14.47,167.0,1332.0,74.3,55.2,Grass
39,496,Ayrshire,10.5,Healthy,None,3.8,Polonnaruwa,13.45,155.2,1367.0,87.3,55.7,Grass
100,419,Jersey,14.0,Healthy,None,3.1,Anuradhapura,11.88,127.9,1242.0,64.1,48.9,Grass
27,590,Jersey,16.2,Healthy,None,3.2,Monaragala,16.37,189.3,1499.0,86.2,47.3,Mixed
72,298,Local,9.7,Healthy,None,3.5,Monaragala,8.42,95.3,740.0,51.4,33.0,Grass
23,337,Local,6.5,Healthy,None,3.2,Monaragala,9.08,99.0,883.0,51.1,36.7,Grass
84,593,Local,4.3,Healthy,None,3.1,Matale,15.26,160.3,1334.0,72.5,49.7,Grass
101,277,Local,13.0,Healthy,None,3.8,Monaragala,8.23,93.0,700.0,51.9,33.3,Grass
67,556,Jersey,4.2,Healthy,None,2.7,Badulla,14.32,160.7,1399.0,90.4,53.8,Grass
81,396,Local,16.1,Mild,Mastitis,3.2,Kurunegala,11.51,126.8,1097.0,65.9,37.3,Mixed
27,428,Jersey,12.9,Mild,Mastitis,2.5,Puttalam,11.99,134.3,1051.0,69.7,41.0,Grass
95,348,Friesian,9.0,Healthy,None,3.6,Monaragala,9.6,108.9,864.0,54.9,37.8,Grass
32,553,Local,11.7,Mild,Lumpy Skin Disease,3.2,Puttalam,15.0,176.4,1447.0,96.7,58.0,Grass
40,574,Ayrshire,11.4,Mild,Foot Rot,2.4,Anuradhapura,15.49,168.2,1616.0,99.1,58.9,Grass
116,502,Local,16.7,Severe,Mastitis,3.3,Puttalam,14.22,164.9,1337.0,90.3,53.1,Mixed
85,419,Friesian,23.5,Healthy,None,2.5,Kurunegala,12.83,135.7,1263.0,80.7,38.7,Concentrate
100,310,Friesian,16.1,Severe,Mastitis,2.3,Polonnaruwa,9.36,106.2,877.0,44.6,26.5,Mixed
92,303,Ayrshire,12.8,Healthy,None,3.5,Puttalam,8.86,101.6,827.0,56.7,25.8,Grass
69,485,Local,1.6,Mild,Mastitis,2.9,Kurunegala,12.29,140.5,1058.0,61.9,39.1,Grass
116,291,Friesian,9.2,Severe,Lumpy Skin Disease,2.6,Polonnaruwa,8.2,93.1,753.0,43.1,26.5,Grass
71,578,Local,13.9,Healthy,None,3.6,Puttalam,15.84,175.8,1407.0,75.7,58.6,Grass
56,292,Friesian,11.3,Healthy,None,3.1,Badulla,8.43,93.3,771.0,38.3,32.5,Grass
37,373,Jersey,12.6,Healthy,None,3.0,Kurunegala,10.59,122.0,1089.0,56.7,40.1,Grass
57,498,Friesian,6.6,Mild,Mastitis,3.6,Puttalam,13.11,151.9,1364.0,67.8,52.3,Grass
46,256,Ayrshire,13.5,Healthy,None,3.2,Puttalam,7.75,90.2,705.0,43.3,21.7,Grass
108,520,Friesian,8.0,Healthy,None,2.8,Monaragala,13.8,159.8,1214.0,67.7,56.7,Grass
101,443,Friesian,11.1,Healthy,None,2.2,Kurunegala,12.19,128.9,1063.0,75.4,41.5,Grass
68,559,Friesian,3.6,Healthy,None,2.7,Kurunegala,14.34,166.4,1351.0,74.0,41.3,Grass
33,485,Local,14.6,Healthy,None,2.7,Puttalam,13.59,150.3,1210.0,77.3,56.7,Grass
74,266,Local,6.9,Mild,Foot Rot,2.6,Anuradhapura,7.34,81.5,714.0,45.2,29.4,Grass
95,511,Jersey,9.7,Healthy,None,2.8,Puttalam,13.75,156.3,1304.0,76.1,52.2,Grass
90,526,Jersey,22.8,Healthy,None,3.5,Puttalam,15.43,166.4,1419.0,81.9,54.7,Concentrate
86,470,Jersey,17.1,Healthy,None,3.6,Monaragala,13.46,145.8,1279.0,85.8,42.1,Mixed
117,268,Local,7.0,Healthy,None,2.4,Kurunegala,7.4,80.8,701.0,38.2,31.0,Grass
32,349,Jersey,6.5,Healthy,None,3.7,Puttalam,9.38,109.0,934.0,43.9,37.2,Grass
75,517,Friesian,9.3,Healthy,None,2.4,Monaragala,13.86,155.2,1429.0,67.4,44.5,Grass
69,407,Friesian,9.8,Healthy,None,2.9,Badulla,11.16,123.7,1042.0,57.5,40.1,Grass
99,335,Jersey,13.3,Mild,Lumpy Skin Disease,3.1,Kurunegala,9.71,113.4,905.0,48.3,40.6,Grass
119,364,Friesian,7.9,Mild,Foot Rot,3.3,Puttalam,9.89,104.7,862.0,58.9,37.5,Grass
92,261,Friesian,8.8,Healthy,None,2.9,Matale,7.41,82.0,637.0,39.8,23.9,Grass
51,280,Ayrshire,15.4,Mild,Foot Rot,2.7,Anuradhapura,8.54,90.4,743.0,51.4,31.3,Mixed
81,536,Friesian,9.2,Severe,Foot Rot,3.3,Monaragala,14.32,162.0,1238.0,92.4,43.3,Grass
86,555,Friesian,7.7,Healthy,None,2.8,Puttalam,14.64,163.2,1535.0,93.9,42.0,Grass
84,287,Ayrshire,14.8,Healthy,None,4.0,Kurunegala,8.66,91.8,891.0,46.4,33.0,Grass
31,494,Local,15.0,Mild,Foot Rot,3.2,Kurunegala,13.85,150.4,1446.0,73.7,55.6,Grass
89,265,Ayrshire,14.7,Mild,Foot Rot,2.5,Polonnaruwa,8.1,95.4,778.0,41.0,30.4,Grass
97,581,Local,12.6,Healthy,None,3.0,Polonnaruwa,15.79,179.8,1650.0,81.2,54.9,Grass
18,267,Jersey,13.6,Healthy,None,3.1,Kurunegala,8.04,85.3,694.0,48.8,32.2,Grass
75,427,Local,13.9,Healthy,None,2.8,Puttalam,12.07,129.1,1101.0,61.6,49.5,Grass
51,580,Friesian,12.3,Healthy,None,2.4,Anuradhapura,15.73,177.2,1602.0,98.0,64.6,Grass
64,288,Friesian,10.4,Healthy,None,3.7,Matale,8.24,88.0,842.0,43.7,25.5,Grass
35,324,Local,13.6,Severe,Lumpy Skin Disease,3.0,Monaragala,9.46,107.9,894.0,52.6,34.1,Grass
104,334,Local,21.5,Healthy,None,2.3,Anuradhapura,10.5,113.5,1031.0,54.8,34.8,Mixed
106,392,Ayrshire,6.5,Healthy,None,3.9,Polonnaruwa,10.45,112.2,939.0,60.3,31.0,Grass
100,423,Local,12.2,Healthy,None,2.9,Kurunegala,11.8,128.1,1027.0,75.9,47.4,Grass
44,568,Ayrshire,6.0,Severe,Mastitis,3.2,Monaragala,14.8,158.4,1535.0,80.5,41.7,Grass
45,562,Local,14.7,Healthy,None,2.5,Badulla,15.52,172.3,1598.0,95.2,46.7,Grass
46,325,Ayrshire,11.3,Healthy,None,2.8,Badulla,9.26,105.6,805.0,45.5,30.5,Grass
79,544,Local,13.3,Healthy,None,2.4,Polonnaruwa,14.93,165.3,1434.0,81.8,60.3,Grass
20,256,Local,18.3,Mild,Foot Rot,3.5,Polonnaruwa,8.23,89.9,753.0,45.6,34.6,Mixed
118,515,Jersey,10.2,Healthy,None,2.9,Puttalam,13.89,151.1,1313.0,81.4,42.0,Grass
41,437,Ayrshire,11.3,Healthy,None,2.6,Kurunegala,12.06,138.4,1164.0,75.2,46.4,Grass
116,469,Jersey,9.8,Healthy,None,2.9,Kurunegala,12.71,139.4,1209.0,69.0,39.5,Grass
85,280,Ayrshire,20.1,Healthy,None,3.5,Badulla,9.01,96.2,888.0,48.1,34.8,Mixed
103,292,Local,16.7,Severe,Lumpy Skin Disease,3.2,Badulla,8.97,104.1,774.0,47.0,35.8,Mixed
75,262,Jersey,6.4,Mild,Mastitis,3.0,Polonnaruwa,7.19,83.2,737.0,45.8,24.6,Grass
114,444,Local,16.9,Healthy,None,2.4,Matale,12.79,142.4,1148.0,68.8,46.4,Mixed
78,254,Friesian,15.2,Mild,Foot Rot,4.2,Matale,7.87,92.6,721.0,43.4,28.0,Mixed
88,288,Jersey,17.3,Mild,Foot Rot,3.7,Monaragala,8.93,102.9,799.0,52.0,32.7,Mixed
60,481,Ayrshire,13.1,Mild,Foot Rot,3.5,Kurunegala,13.34,148.5,1337.0,67.2,42.7,Grass
38,570,Ayrshire,8.4,Severe,Mastitis,3.4,Anuradhapura,15.09,176.9,1329.0,84.3,60.8,Grass
118,393,Local,15.3,Mild,Foot Rot,3.1,Puttalam,11.36,123.3,1189.0,64.5,42.7,Mixed
33,357,Friesian,18.6,Healthy,None,2.7,Puttalam,10.79,121.1,1108.0,56.7,44.0,Mixed
90,553,Jersey,11.1,Healthy,None,3.0,Matale,14.94,162.0,1292.0,95.7,55.6,Grass
43,515,Jersey,6.9,Healthy,None,3.1,Puttalam,13.56,143.6,1192.0,76.8,57.0,Grass
19,406,Jersey,3.4,Healthy,None,3.5,Anuradhapura,10.49,115.2,996.0,64.0,40.4,Grass
71,583,Jersey,12.2,Healthy,None,2.7,Puttalam,15.8,173.3,1532.0,91.7,58.6,Grass
40,411,Friesian,7.8,Mild,Lumpy Skin Disease,2.9,Matale,11.05,124.8,955.0,54.5,33.5,Grass
87,564,Friesian,15.4,Mild,Foot Rot,3.3,Kurunegala,15.64,182.3,1567.0,86.6,52.2,Mixed
85,285,Friesian,8.5,Mild,Mastitis,2.6,Anuradhapura,7.97,88.5,722.0,47.7,32.5,Grass
108,454,Friesian,15.3,Healthy,None,2.6,Matale,12.88,151.5,1227.0,71.0,42.1,Mixed
102,508,Ayrshire,12.3,Healthy,None,3.1,Kurunegala,13.93,160.2,1242.0,85.9,41.6,Grass
43,338,Local,13.6,Mild,Foot Rot,3.4,Matale,9.81,112.1,1029.0,60.9,30.4,Grass
118,364,Friesian,5.7,Mild,Mastitis,2.0,Polonnaruwa,9.67,110.1,919.0,59.0,30.2,Grass
107,373,Friesian,9.2,Mild,Lumpy Skin Disease,3.9,Badulla,10.25,115.2,971.0,65.8,34.1,Grass
118,383,Jersey,22.1,Healthy,None,3.9,Monaragala,11.79,125.7,1181.0,53.8,46.4,Concentrate
113,491,Ayrshire,11.0,Healthy,None,2.1,Kurunegala,13.38,150.9,1328.0,78.7,41.7,Grass
38,447,Ayrshire,0.3,Healthy,None,2.7,Anuradhapura,11.21,124.1,1040.0,55.3,33.4,Grass
31,318,Friesian,11.0,Healthy,None,3.7,Anuradhapura,9.05,96.4,912.0,41.0,27.6,Grass
35,502,Ayrshire,16.3,Healthy,None,3.1,Anuradhapura,14.18,159.1,1453.0,78.9,51.8,Mixed
21,462,Jersey,7.6,Healthy,None,2.5,Puttalam,12.31,133.4,1140.0,58.6,42.3,Grass
29,533,Friesian,13.3,Healthy,None,3.3,Monaragala,14.66,160.5,1275.0,67.2,61.0,Grass
26,485,Jersey,14.0,Mild,Mastitis,2.5,Badulla,13.53,146.0,1385.0,65.5,41.6,Grass
20,288,Jersey,15.3,Mild,Mastitis,3.2,Monaragala,8.73,93.7,891.0,50.7,31.3,Mixed
29,555,Ayrshire,6.6,Healthy,None,2.6,Monaragala,14.54,169.0,1456.0,76.7,48.6,Grass
108,370,Local,15.4,Healthy,None,2.9,Badulla,10.79,119.8,948.0,59.1,30.8,Mixed
54,436,Friesian,19.9,Mild,Foot Rot,3.3,Badulla,12.89,151.4,1098.0,77.0,52.3,Mixed
105,429,Jersey,9.6,Healthy,None,3.0,Puttalam,11.69,125.9,1000.0,74.9,44.4,Grass
34,416,Friesian,12.3,Healthy,None,2.6,Anuradhapura,11.63,134.9,1123.0,61.1,34.5,Grass
22,435,Friesian,7.4,Mild,Lumpy Skin Disease,3.4,Puttalam,11.62,123.5,1039.0,55.2,42.2,Grass
43,278,Jersey,16.2,Healthy,None,3.3,Matale,8.57,90.0,781.0,49.5,26.4,Mixed
98,598,Local,19.6,Healthy,None,2.7,Badulla,16.91,182.8,1628.0,83.6,56.4,Mixed
84,435,Local,20.4,Healthy,None,2.5,Badulla,12.91,139.3,1123.0,66.4,45.3,Mixed
19,264,Ayrshire,6.9,Healthy,None,2.1,Polonnaruwa,7.29,77.9,675.0,38.1,21.4,Grass
73,515,Jersey,9.8,Healthy,None,2.7,Anuradhapura,13.86,150.4,1279.0,89.1,54.0,Grass
91,380,Ayrshire,14.6,Mild,Lumpy Skin Disease,3.1,Monaragala,10.96,122.4,1080.0,65.1,35.1,Grass
113,397,Jersey,6.0,Healthy,None,2.8,Anuradhapura,10.53,117.4,1056.0,66.7,29.8,Grass
39,251,Friesian,10.1,Healthy,None,2.1,Puttalam,7.29,79.8,707.0,40.8,26.6,Grass
113,258,Friesian,7.1,Mild,Lumpy Skin Disease,2.6,Matale,7.16,75.5,747.0,33.9,29.9,Grass
38,449,Local,19.2,Healthy,None,3.1,Badulla,13.15,144.1,1123.0,69.7,53.1,Mixed
38,588,Jersey,15.3,Mild,Foot Rot,2.3,Puttalam,16.23,183.7,1472.0,79.4,59.2,Mixed
62,467,Local,18.0,Mild,Mastitis,3.7,Matale,13.48,141.7,1385.0,67.6,56.0,Mixed
80,291,Friesian,2.0,Mild,Lumpy Skin Disease,2.6,Polonnaruwa,7.48,86.2,687.0,37.9,24.9,Grass
29,379,Ayrshire,14.5,Mild,Foot Rot,3.3,Matale,10.93,128.5,1117.0,59.4,41.1,Grass
