Incubation_Start_Date,Incubation_End_Date,Temperature,Humidity,Egg_Weight,Egg_Turning_Frequency,Hatched
02/07/2024,03/01/2024,37.333174,46.306314,76.294851,3,0
11/05/2024,11/24/2024,37.560219,55.175502,52.08216,5,0
10/18/2023,11/07/2023,37.51348,53.831357,57.059735,3,1
04/16/2024,05/08/2024,37.505345,54.603682,59.535962,4,1
09/27/2024,10/16/2024,37.527797,53.573152,54.274306,5,1
10/06/2024,10/26/2024,37.818472,52.941517,47.999749,4,1
03/31/2024,04/19/2024,37.505931,52.417523,58.617801,3,0
09/21/2024,10/10/2024,37.955304,52.978721,61.931632,3,0
06/27/2024,07/18/2024,37.388917,56.584867,53.428883,5,1
05/02/2023,05/23/2023,37.684892,52.802335,60.702079,4,0
04/07/2024,04/27/2024,37.464252,59.9545,56.56655,3,0
03/22/2024,04/12/2024,37.815405,59.372523,66.035066,4,0
03/17/2024,04/08/2024,37.698941,50.388722,59.140116,6,1
04/25/2024,05/18/2024,37.391472,50.134495,66.811517,3,0
12/02/2023,12/22/2023,37.443786,52.484644,53.059895,3,0
02/04/2023,02/26/2023,37.671931,56.960845,54.404045,4,0
11/28/2024,12/21/2024,37.192638,51.690677,60.295916,3,0
11/22/2023,12/15/2023,38.047183,54.664655,53.304344,3,0
10/29/2023,11/19/2023,37.751031,59.917579,57.595469,3,0
09/06/2024,09/26/2024,37.631615,52.050469,42.180492,5,0
11/22/2024,12/12/2024,37.944477,51.469866,53.99578,4,0
08/30/2023,09/21/2023,37.484482,56.40246,53.474489,4,0
01/17/2024,02/06/2024,37.434364,48.430456,62.487933,3,0
06/04/2024,06/24/2024,37.493392,54.018873,58.805109,6,1
03/23/2023,04/12/2023,37.870778,54.223854,57.627671,6,1
11/22/2023,12/13/2023,37.755299,51.076631,48.897928,3,0
03/13/2024,04/01/2024,37.045894,55.692251,55.746917,6,0
12/24/2023,01/14/2024,37.605695,56.386015,52.56489,6,1
07/28/2024,08/19/2024,37.575248,55.118828,50.498581,3,1
02/02/2023,02/21/2023,38.346406,53.296862,69.081335,5,0
04/02/2024,04/24/2024,37.188649,58.538964,66.754968,4,0
02/13/2024,03/07/2024,37.19617,53.215834,63.619295,4,0
04/23/2024,05/16/2024,37.360446,52.40089,63.129967,3,0
06/13/2024,07/05/2024,37.316906,48.570435,71.770581,4,0
06/14/2024,07/03/2024,37.685517,57.776418,58.933693,3,1
08/04/2024,08/24/2024,37.129499,57.794941,62.21726,6,0
08/09/2024,08/28/2024,37.555547,55.246972,59.698677,6,1
08/28/2024,09/20/2024,38.175767,53.697201,56.587134,4,0
03/15/2023,04/05/2023,37.93261,50.999811,60.58937,4,0
06/22/2023,07/15/2023,37.498656,51.212079,47.517099,5,0
03/17/2024,04/06/2024,37.72,56.052999,60.54492,4,1
12/29/2023,01/18/2024,37.423716,54.302677,55.330999,5,0
12/07/2024,12/26/2024,37.966791,53.948751,49.813209,5,0
10/16/2023,11/06/2023,37.57615,51.030467,64.816159,4,0
09/05/2023,09/28/2023,37.373551,55.02843,53.460812,6,1
03/01/2024,03/21/2024,37.436066,49.069198,56.404283,5,0
01/28/2024,02/17/2024,37.740053,61.820361,53.016805,6,1
10/14/2023,11/03/2023,37.441966,52.404691,70.180072,4,0
08/01/2024,08/22/2024,37.971694,54.575258,66.7453,5,1
01/16/2024,02/08/2024,37.637898,59.21236,56.873842,4,1
10/17/2024,11/08/2024,38.580006,51.131281,61.735584,3,0
11/24/2023,12/14/2023,37.069631,53.668037,56.502664,4,0
10/30/2024,11/22/2024,38.138894,52.854342,52.049094,4,0
03/07/2023,03/27/2023,37.730497,53.666515,46.030144,6,0
11/19/2024,12/12/2024,37.133851,52.806812,59.15856,4,1
06/22/2024,07/13/2024,37.971218,58.448806,53.557334,4,0
11/25/2024,12/15/2024,37.758366,52.79379,56.393099,3,0
06/21/2024,07/10/2024,37.543455,53.547997,61.125689,3,0
03/04/2023,03/24/2023,37.137658,51.965472,65.903231,6,1
08/08/2024,08/29/2024,37.563154,63.390921,57.870243,6,1
04/02/2023,04/24/2023,37.836864,52.599331,53.038103,6,0
12/27/2024,01/18/2025,37.471352,52.190053,54.912744,5,0
07/01/2024,07/21/2024,37.541842,52.12384,55.549106,4,1
01/17/2023,02/09/2023,37.75859,51.490497,63.060083,3,0
10/20/2024,11/09/2024,37.393499,55.627806,62.836947,5,0
08/12/2024,08/31/2024,37.806461,52.225903,48.617776,4,0
05/19/2023,06/08/2023,37.834573,58.580128,55.628849,3,0
06/15/2024,07/06/2024,37.858985,55.734183,65.049673,5,0
01/06/2024,01/29/2024,38.198389,53.135484,48.448687,6,0
01/17/2024,02/09/2024,37.279759,51.212618,53.021948,5,0
10/28/2023,11/17/2023,37.897504,54.867451,61.579245,4,0
05/09/2023,05/30/2023,37.609254,52.174403,61.855521,6,0
03/20/2024,04/10/2024,38.093286,50.219518,59.240207,5,0
05/21/2023,06/10/2023,38.149583,54.773521,52.060696,6,0
05/20/2023,06/10/2023,37.680755,50.401061,53.527511,4,0
01/16/2024,02/08/2024,37.472611,56.342986,66.423135,6,0
09/10/2023,10/02/2023,37.53051,55.336922,63.848142,4,0
02/11/2024,03/04/2024,37.22917,53.922284,55.814838,3,1
05/07/2024,05/30/2024,37.551677,55.172506,58.507712,6,1
11/17/2023,12/07/2023,37.645703,47.638679,55.618083,5,0
11/19/2023,12/12/2023,37.63163,59.101855,57.991131,3,0
09/22/2024,10/12/2024,37.451465,52.669174,61.070064,4,0
09/17/2024,10/09/2024,37.652316,58.957865,48.805074,3,0
04/18/2023,05/08/2023,37.23164,52.008109,68.981923,3,1
01/28/2023,02/18/2023,37.446551,60.860859,64.236051,4,0
05/24/2024,06/13/2024,37.629573,56.106803,60.950988,6,1
03/11/2024,03/30/2024,37.251139,57.274075,62.442026,4,0
05/14/2024,06/06/2024,37.303005,52.320262,62.621238,6,0
01/14/2024,02/02/2024,37.513978,57.570171,42.592131,6,0
05/21/2024,06/12/2024,37.924359,54.258107,68.148767,6,1
12/02/2023,12/23/2023,37.491473,59.136712,61.822954,6,0
05/09/2024,05/29/2024,37.808195,55.12478,65.397632,3,0
01/26/2023,02/14/2023,37.030322,58.142652,62.591656,4,0
04/28/2023,05/20/2023,37.934159,55.047563,54.382041,5,0
11/29/2023,12/22/2023,37.475071,58.029807,58.284519,6,0
09/18/2024,10/09/2024,37.797461,54.89354,57.213581,4,1
11/12/2024,12/02/2024,37.539707,57.414683,71.799291,5,0
02/04/2024,02/25/2024,37.753913,53.474278,58.017624,3,0
12/13/2024,01/05/2025,37.560832,55.92029,47.658812,4,0
01/10/2023,02/01/2023,37.227099,56.259352,61.932404,4,0
10/07/2024,10/27/2024,37.51841,48.223953,54.936517,3,0
08/21/2024,09/12/2024,37.774048,54.624575,62.874094,4,0
10/28/2024,11/17/2024,38.091146,56.497939,53.257876,6,1
09/03/2024,09/24/2024,37.783399,49.509384,62.840256,6,0
03/08/2023,03/28/2023,37.920478,52.884808,53.057399,6,0
09/19/2024,10/09/2024,37.451488,57.636468,58.592036,5,1
11/22/2023,12/13/2023,37.255877,59.177021,68.62224,5,0
02/16/2023,03/10/2023,37.476119,61.384579,63.221643,5,0
03/02/2024,03/25/2024,37.306725,55.585848,65.281688,5,1
07/10/2023,07/31/2023,37.75984,60.064378,58.626271,3,0
08/20/2023,09/10/2023,37.792448,56.670172,57.409516,3,1
02/02/2023,02/21/2023,37.784589,54.878377,56.399317,6,0
08/31/2024,09/22/2024,37.784487,57.503425,50.203491,4,0
08/23/2023,09/12/2023,37.425799,57.586146,46.244467,5,0
04/18/2023,05/11/2023,37.596048,51.498066,46.75015,6,0
09/30/2023,10/20/2023,37.9015,53.026137,65.424189,3,0
11/06/2023,11/29/2023,37.262181,56.063076,57.591976,5,1
04/16/2023,05/06/2023,37.755897,58.074431,56.228596,5,0
08/30/2023,09/22/2023,37.901138,58.351253,58.765159,3,0
07/09/2023,07/30/2023,37.694551,51.864283,50.772888,6,0
05/17/2023,06/09/2023,38.03636,60.533623,58.46308,6,0
12/20/2024,01/12/2025,37.94706,55.136981,50.786248,4,1
04/06/2024,04/28/2024,37.319827,49.449556,60.332702,4,0
11/25/2023,12/15/2023,37.77744,48.689873,53.003566,5,0
05/28/2024,06/18/2024,37.75504,52.014012,51.18024,3,0
04/23/2023,05/16/2023,38.143445,54.651915,61.877202,3,0
05/08/2024,05/30/2024,37.836663,61.211109,57.168296,3,0
09/28/2024,10/17/2024,37.578543,59.811174,62.607317,5,0
01/29/2023,02/17/2023,37.665744,55.519679,62.202048,3,0
06/30/2024,07/22/2024,37.933643,55.850182,52.800377,6,0
06/15/2023,07/05/2023,37.482211,55.950463,66.986335,6,1
05/10/2024,06/02/2024,37.153219,61.750483,56.111257,5,0
11/16/2023,12/05/2023,37.861303,54.702985,63.462128,5,0
12/19/2023,01/07/2024,37.805806,54.100163,49.393975,4,0
04/13/2023,05/05/2023,38.055649,59.315203,70.239632,3,0
09/20/2024,10/10/2024,37.366147,55.701861,58.326506,4,1
08/06/2024,08/27/2024,37.965096,51.622478,59.567916,6,0
10/09/2023,10/31/2023,37.459814,56.880351,57.311039,4,0
09/09/2024,09/29/2024,37.661993,54.147877,51.925937,6,0
07/20/2024,08/09/2024,37.820338,51.184235,57.22842,6,1
09/15/2024,10/04/2024,37.665356,49.374598,67.965873,4,0
06/11/2024,07/02/2024,37.2117,57.031877,54.167693,4,0
06/09/2023,06/30/2023,37.77978,56.281595,65.190906,5,0
09/14/2024,10/05/2024,38.108157,58.716938,56.708584,4,0
06/19/2023,07/08/2023,37.740918,49.136748,43.168653,3,0
06/11/2024,07/02/2024,37.341469,50.712214,55.025402,4,0
11/22/2023,12/14/2023,37.548827,56.436668,56.579443,5,1
06/15/2024,07/04/2024,37.757637,55.44403,64.055448,5,0
11/01/2023,11/20/2023,37.674351,56.794804,58.627713,3,0
11/03/2024,11/26/2024,37.673539,50.641084,60.480141,4,0
01/01/2023,01/22/2023,37.805984,56.438325,59.838485,4,0
04/26/2023,05/19/2023,37.944801,56.355589,60.323452,4,0
07/22/2024,08/10/2024,38.080911,60.429584,40.703067,5,0
11/23/2024,12/16/2024,37.403219,56.26058,60.692338,5,0
07/03/2023,07/22/2023,37.392894,51.715244,60.156544,5,1
03/03/2024,03/24/2024,37.174326,51.847728,63.76539,4,0
08/21/2024,09/09/2024,37.207239,58.016905,52.750127,5,0
04/27/2024,05/20/2024,37.705775,52.090211,54.113038,3,0
05/29/2024,06/19/2024,37.242983,56.483001,65.784116,5,0
05/19/2023,06/09/2023,37.680993,53.125296,57.439428,6,1
05/17/2024,06/05/2024,37.478046,55.164614,59.479228,5,0
03/10/2023,03/30/2023,37.265596,50.868633,56.748712,4,0
07/20/2024,08/09/2024,38.122961,55.046305,48.965537,3,0
11/02/2023,11/22/2023,37.985191,50.736815,60.773308,5,0
11/19/2023,12/10/2023,37.82428,52.203466,63.146988,4,0
08/13/2023,09/04/2023,37.370254,53.955599,60.240826,6,1
01/31/2024,02/20/2024,37.627643,55.341013,48.754793,5,0
01/13/2023,02/03/2023,37.625908,57.002547,61.142783,5,1
06/08/2023,06/28/2023,37.515976,52.748721,51.44713,5,0
07/20/2023,08/09/2023,37.731599,54.949669,58.394516,6,1
05/02/2023,05/23/2023,37.479553,56.719532,62.054629,4,0
12/21/2023,01/12/2024,37.069116,56.034469,53.24431,6,1
05/28/2023,06/17/2023,37.641838,57.349577,63.887178,3,0
08/14/2023,09/02/2023,37.848771,57.613082,55.973375,3,0
01/12/2023,02/01/2023,37.724254,55.962286,71.986791,6,1
09/03/2024,09/26/2024,37.415268,56.109268,60.316249,5,0
01/01/2023,01/23/2023,37.567771,55.254003,64.407409,4,0
06/19/2023,07/08/2023,37.569132,55.718539,54.042538,3,0
09/29/2023,10/19/2023,37.90941,59.207603,54.323101,5,0
07/29/2024,08/19/2024,37.726144,52.947165,46.373455,6,0
07/13/2023,08/03/2023,37.682047,58.614581,46.198158,5,0
11/08/2023,11/29/2023,37.752081,53.600873,55.526438,4,0
06/18/2024,07/08/2024,37.095665,54.147238,60.538028,4,0
10/05/2024,10/26/2024,37.795147,56.457551,67.723532,6,0
01/07/2023,01/28/2023,37.752684,61.349202,43.51535,6,0
02/16/2024,03/09/2024,37.539587,56.165454,62.291408,4,1
10/16/2023,11/07/2023,37.626305,53.753082,56.22848,6,0
09/07/2023,09/30/2023,37.59386,55.238284,54.542459,6,0
02/09/2024,02/29/2024,38.059214,55.554996,60.396374,4,0
05/17/2024,06/08/2024,37.455028,53.332623,54.972032,4,0
05/21/2024,06/11/2024,38.056794,59.315006,58.00849,6,0
01/09/2024,01/29/2024,37.628382,56.206474,52.046967,5,0
08/04/2024,08/25/2024,37.076669,54.374407,59.113269,3,0
08/28/2023,09/17/2023,37.599113,54.832675,62.648544,5,1
05/28/2024,06/20/2024,37.559939,51.850263,46.001438,4,0
09/14/2023,10/04/2023,37.626902,56.153513,58.191034,4,0
06/01/2023,06/24/2023,37.624972,52.274979,46.572107,6,1
12/12/2023,12/31/2023,37.403769,61.082444,51.400339,5,0
03/30/2024,04/19/2024,38.001648,55.231236,58.254173,6,0
03/18/2024,04/08/2024,37.358585,56.671764,54.777197,4,0
07/23/2023,08/14/2023,37.510953,50.138837,62.675954,5,0
05/04/2024,05/25/2024,37.895784,55.89268,46.552916,5,0
01/28/2023,02/19/2023,37.143027,54.019942,53.375682,3,0
01/09/2024,01/29/2024,38.355796,54.487709,56.707916,4,0
11/15/2023,12/06/2023,36.936711,58.471539,57.968314,6,0
11/05/2023,11/28/2023,37.649811,55.406653,53.52839,3,1
09/12/2023,10/04/2023,37.93888,56.138764,52.072341,3,0
09/09/2024,09/28/2024,37.764618,53.392221,58.55149,5,0
02/26/2024,03/20/2024,37.690455,49.822644,66.956634,6,0
04/15/2023,05/08/2023,37.618123,61.554093,61.5259,3,0
01/18/2024,02/08/2024,37.251651,47.667737,59.008565,3,0
12/08/2024,12/29/2024,37.769501,54.081921,47.668868,6,1
09/08/2023,09/30/2023,37.389028,55.134368,58.994418,3,1
01/05/2024,01/25/2024,37.227891,53.558014,59.016977,5,0
05/02/2024,05/21/2024,37.874879,60.050303,53.314684,5,0
04/08/2023,04/29/2023,37.584733,53.468996,54.080599,6,0
05/23/2024,06/13/2024,37.566278,53.22574,67.758544,3,0
03/04/2024,03/24/2024,37.402756,53.978309,48.861155,4,0
02/06/2024,02/27/2024,37.758408,56.46816,49.000599,4,1
02/20/2023,03/14/2023,37.418007,51.561412,62.651482,5,0
05/22/2024,06/10/2024,37.861973,57.226793,57.992032,6,1
12/03/2024,12/24/2024,37.574234,57.808557,54.542044,5,0
04/13/2023,05/02/2023,37.367896,54.796284,55.736899,4,0
01/14/2023,02/05/2023,37.332822,50.842504,58.926036,6,1
07/03/2023,07/26/2023,37.626497,51.08853,63.435641,4,0
08/26/2024,09/15/2024,37.533781,56.297168,52.350975,5,1
12/05/2023,12/27/2023,36.99673,59.641172,53.420817,4,0
02/23/2024,03/13/2024,37.338671,53.18466,52.173541,3,0
07/08/2024,07/27/2024,37.518611,55.827669,50.207424,6,0
12/22/2024,01/13/2025,37.145508,54.135981,58.105032,3,0
02/26/2024,03/19/2024,37.746613,54.032238,54.127441,6,0
03/15/2023,04/03/2023,37.515949,48.150842,54.74202,5,0
06/04/2023,06/26/2023,37.642221,54.403337,59.143118,5,1
01/27/2024,02/18/2024,38.120598,56.683142,54.522711,4,0
10/07/2023,10/27/2023,37.472492,55.73198,49.558923,5,0
06/27/2024,07/17/2024,37.119219,57.004082,58.02016,3,0
05/16/2023,06/05/2023,37.952792,54.308354,62.874761,6,1
02/08/2023,02/28/2023,36.980703,51.473948,45.206068,6,0
02/20/2024,03/12/2024,37.84695,50.901085,53.327378,3,0
01/21/2023,02/13/2023,37.550604,57.408911,58.613367,3,0
08/29/2024,09/21/2024,36.824113,54.660204,47.167602,6,0
01/26/2023,02/15/2023,38.021697,53.647046,47.44284,4,0
03/19/2024,04/11/2024,37.514112,53.694943,69.077456,4,0
03/13/2023,04/04/2023,37.369004,57.84645,64.139942,5,0
07/03/2023,07/26/2023,38.029626,54.181159,52.980252,5,0
01/25/2024,02/15/2024,37.54994,58.426891,55.100124,4,1
11/16/2023,12/06/2023,37.428359,57.88049,65.156564,3,0
03/06/2024,03/25/2024,37.523867,54.435133,56.645161,6,1
11/11/2024,12/02/2024,37.966049,52.885141,61.789883,6,1
09/30/2023,10/21/2023,38.459271,53.081294,74.400647,6,1
02/05/2024,02/24/2024,37.447283,61.048208,61.46223,6,0
12/16/2024,01/06/2025,37.550604,49.283411,63.381787,3,0
02/03/2023,02/24/2023,37.780363,53.488738,66.708648,6,0
06/01/2024,06/22/2024,37.306622,52.351745,64.936287,5,0
02/22/2024,03/16/2024,37.56562,55.820789,46.958027,4,0
07/08/2023,07/27/2023,37.146643,55.778898,54.272031,5,0
07/04/2024,07/27/2024,37.202508,50.922649,54.596401,3,0
07/13/2023,08/04/2023,37.014044,53.710046,61.808278,4,0
03/08/2023,03/27/2023,37.554815,53.825408,67.032077,5,1
09/09/2024,09/29/2024,38.071354,53.135088,55.346724,3,0
04/10/2023,05/03/2023,37.666313,62.479807,70.139949,4,0
09/04/2023,09/26/2023,37.722498,54.351044,67.2829,3,0
05/13/2024,06/03/2024,38.094269,53.342538,49.982262,4,0
09/05/2024,09/25/2024,37.356165,58.210702,64.426366,6,0
09/02/2024,09/23/2024,37.993748,50.734819,51.534696,5,0
05/05/2023,05/27/2023,37.424155,51.930469,63.047348,3,0
02/28/2024,03/18/2024,37.439685,58.656028,56.363835,6,0
02/20/2024,03/10/2024,37.331223,54.093966,58.150016,4,0
07/03/2024,07/26/2024,37.435673,54.192206,51.770925,4,0
06/24/2024,07/14/2024,37.353493,55.322823,60.61172,6,0
11/03/2024,11/24/2024,37.041624,58.922666,64.383389,3,0
04/26/2023,05/17/2023,37.267778,55.823656,49.931518,3,0
07/26/2023,08/15/2023,37.313573,55.390807,62.79,4,0
05/13/2023,06/02/2023,37.335187,52.629529,61.628093,3,0
04/08/2024,04/29/2024,37.154759,55.055866,71.819294,6,0
03/23/2023,04/11/2023,37.569587,56.953212,69.047771,3,0
09/24/2023,10/17/2023,37.674597,55.223279,57.305239,3,0
07/08/2024,07/30/2024,37.599601,55.655631,53.023678,3,0
04/28/2024,05/17/2024,38.026948,53.035792,52.784184,5,1
04/14/2024,05/04/2024,37.279764,56.980776,48.195667,6,0
11/13/2024,12/04/2024,37.121313,52.140968,53.436124,4,0
03/28/2024,04/16/2024,38.132297,50.161565,52.53383,5,0
12/16/2024,01/07/2025,37.940657,57.521773,57.624082,6,1
11/17/2024,12/10/2024,37.042086,55.598367,55.686264,4,0
03/26/2024,04/17/2024,37.983073,57.049594,71.139568,6,0
07/07/2023,07/28/2023,37.572992,51.93268,62.747921,3,1
01/16/2023,02/08/2023,37.316337,55.233361,55.072733,3,0
12/26/2023,01/14/2024,37.100783,59.440785,55.1445,5,0
10/24/2024,11/14/2024,38.113933,55.842053,52.310216,4,0
03/14/2023,04/02/2023,37.689752,49.567448,55.307891,4,0
09/23/2024,10/13/2024,37.188026,55.381378,70.829983,3,0
04/13/2023,05/06/2023,37.245599,60.586684,59.138367,4,0
11/28/2023,12/20/2023,37.6582,53.927305,59.471306,6,1
06/28/2024,07/20/2024,37.665855,57.419927,56.020107,3,0
07/14/2024,08/06/2024,37.678754,54.676993,49.916158,5,0
01/17/2023,02/05/2023,37.768014,53.190225,44.913566,3,0
04/09/2024,04/29/2024,37.593134,49.923676,62.997129,4,0
03/02/2023,03/23/2023,37.352883,56.973695,60.529224,3,1
09/30/2024,10/21/2024,37.09381,51.615949,61.179322,4,0
12/09/2024,12/31/2024,37.88054,52.659212,44.604397,4,0
02/18/2024,03/08/2024,37.514814,53.703273,61.108622,4,0
02/01/2024,02/22/2024,37.493732,57.818003,50.546173,3,1
06/16/2024,07/09/2024,37.810003,48.468781,60.472723,3,1
07/10/2024,08/02/2024,38.29841,55.784737,57.879809,4,0
09/26/2023,10/15/2023,37.732568,62.677329,68.225839,6,0
03/16/2023,04/06/2023,37.646141,54.799921,62.089568,3,1
11/28/2024,12/19/2024,37.773151,59.257259,44.941446,4,0
06/05/2024,06/27/2024,37.491075,50.944544,48.048586,6,0
12/19/2023,01/07/2024,37.184702,50.141775,48.451409,6,0
01/24/2024,02/15/2024,37.755445,55.477877,64.48879,4,0
09/05/2023,09/26/2023,37.778447,53.971971,54.560735,5,0
06/18/2023,07/11/2023,37.343257,48.663777,51.868,6,0
08/12/2024,09/04/2024,37.288972,49.43155,46.886234,4,0
01/14/2024,02/02/2024,37.596221,54.241395,55.475282,6,0
05/08/2023,05/27/2023,37.947577,51.405499,68.507319,4,0
05/17/2024,06/05/2024,37.746311,60.102377,64.607233,3,0
04/05/2024,04/24/2024,37.616144,51.451633,56.1666,6,0
01/12/2023,02/02/2023,37.59534,62.770463,60.709968,3,0
04/06/2023,04/25/2023,37.988087,51.470229,58.201928,4,0
11/19/2023,12/12/2023,37.655812,56.592906,56.846629,3,0
07/05/2024,07/24/2024,37.602897,49.47357,58.719781,5,0
01/02/2023,01/22/2023,37.496271,56.021387,50.686266,4,1
02/02/2024,02/25/2024,37.576709,53.515082,45.526812,5,0
04/13/2023,05/06/2023,37.647447,54.564731,55.770668,3,1
01/29/2024,02/21/2024,37.728961,57.656935,56.191847,6,1
04/26/2024,05/17/2024,37.617288,56.915287,59.980181,4,0
02/15/2024,03/05/2024,37.636049,56.586241,70.423323,6,1
07/04/2023,07/24/2023,37.553351,62.063917,54.09116,3,0
10/27/2023,11/19/2023,38.068224,54.98175,57.816343,5,0
10/08/2023,10/30/2023,37.394835,55.487073,60.070207,6,1
11/23/2024,12/14/2024,37.430598,56.043729,49.872054,3,0
11/23/2023,12/12/2023,37.940153,57.073516,62.497768,4,1
04/11/2023,04/30/2023,37.205331,53.772917,56.790969,4,0
12/07/2023,12/27/2023,37.56429,59.309165,54.427573,4,0
04/01/2024,04/20/2024,37.735118,56.225369,45.682773,3,0
03/21/2024,04/12/2024,37.530695,57.975767,48.965426,4,1
02/11/2023,03/05/2023,37.672933,56.079004,56.082908,4,1
10/29/2024,11/19/2024,38.267305,59.862845,58.033348,3,0
02/01/2024,02/23/2024,37.168057,54.816282,45.388457,3,0
08/26/2024,09/16/2024,38.321399,54.988057,62.172125,3,0
08/11/2024,08/31/2024,37.550784,52.882166,47.184287,4,0
04/18/2024,05/11/2024,37.5457,53.378885,58.038395,3,0
11/21/2024,12/14/2024,37.455337,52.74022,57.63819,6,1
04/26/2023,05/18/2023,37.312529,53.644488,53.579877,6,1
05/31/2023,06/19/2023,38.050485,50.702692,49.88988,4,0
01/16/2024,02/04/2024,37.551643,52.790556,58.53277,4,0
11/26/2024,12/19/2024,37.318615,49.048459,63.512985,3,0
02/23/2023,03/17/2023,37.434128,56.986915,55.588744,6,1
12/14/2024,01/03/2025,37.397243,57.497553,54.742698,5,0
02/04/2023,02/25/2023,37.279347,54.428986,56.624578,5,1
09/15/2024,10/08/2024,37.752355,53.377097,64.998861,4,1
04/04/2023,04/25/2023,37.489609,53.060212,53.760936,5,1
06/05/2023,06/27/2023,37.808524,51.921375,60.178382,6,0
12/25/2024,01/16/2025,37.052574,57.451833,51.152752,3,0
09/25/2024,10/15/2024,37.430937,52.8727,57.182458,5,0
07/15/2024,08/04/2024,37.824313,61.688415,59.268551,6,0
11/04/2023,11/27/2023,36.876891,54.481037,54.783131,6,1
03/21/2024,04/10/2024,37.616479,50.743543,50.145563,6,1
06/17/2024,07/07/2024,37.298676,52.09262,59.744071,4,0
06/27/2024,07/18/2024,37.375679,57.259087,58.906202,4,0
05/25/2024,06/17/2024,37.743714,53.066207,73.390707,5,1
11/14/2024,12/07/2024,37.682713,57.519598,52.476998,3,0
10/04/2024,10/25/2024,38.145039,60.430127,57.23278,4,0
01/07/2024,01/26/2024,37.405858,52.974383,63.706918,3,0
09/05/2023,09/25/2023,37.469487,54.479759,70.135615,6,0
10/10/2023,11/02/2023,36.907708,55.464802,59.143059,6,1
11/05/2023,11/25/2023,37.703632,53.469827,61.705906,5,0
03/14/2023,04/02/2023,37.730301,58.2733,64.053276,6,1
04/18/2023,05/11/2023,37.784334,55.135642,63.84965,4,0
08/22/2023,09/14/2023,37.448041,57.621363,61.789542,3,1
03/09/2023,04/01/2023,37.433217,55.563552,61.550007,3,0
06/30/2023,07/20/2023,37.554734,51.686643,56.780533,3,0
02/29/2024,03/21/2024,38.115917,54.936333,54.411172,3,0
07/22/2024,08/14/2024,37.572414,56.842767,52.576458,4,0
11/12/2024,12/03/2024,37.901704,55.537929,45.555174,3,0
06/16/2024,07/06/2024,38.212715,51.540889,56.754172,3,0
10/25/2023,11/13/2023,38.087764,58.598027,58.211522,5,0
03/05/2024,03/27/2024,37.961166,54.277014,59.81698,5,0
01/07/2024,01/27/2024,37.420459,53.72273,53.126041,6,1
08/27/2024,09/16/2024,37.267964,61.0874,49.682555,5,0
01/28/2023,02/20/2023,38.030903,56.460104,67.670953,6,0
11/11/2023,12/01/2023,37.284212,57.111237,64.339888,3,0
02/06/2023,03/01/2023,38.000621,57.089864,62.198053,3,0
10/26/2024,11/16/2024,37.866942,50.181345,47.902356,3,0
01/20/2023,02/12/2023,37.69208,53.49197,59.945187,6,1
12/19/2023,01/08/2024,37.565676,59.131382,58.970135,5,0
08/25/2023,09/14/2023,37.558654,58.718415,48.150964,5,0
09/26/2024,10/15/2024,37.933709,57.241874,57.939192,3,0
02/17/2023,03/11/2023,38.504082,50.542274,59.688955,6,0
08/10/2024,09/02/2024,38.128729,56.901126,59.84537,5,0
07/21/2023,08/12/2023,37.981385,53.488104,51.351854,3,0
01/02/2023,01/23/2023,37.266137,60.984196,67.19023,3,0
03/16/2024,04/07/2024,37.269856,52.435162,57.717513,4,0
06/05/2023,06/25/2023,38.131823,53.902196,52.7709,6,0
05/18/2023,06/09/2023,37.444383,58.581443,55.641052,4,0
05/30/2024,06/18/2024,37.756179,52.788495,59.337064,3,1
01/17/2023,02/07/2023,37.693052,56.624919,57.450356,4,1
02/18/2023,03/11/2023,37.374402,58.750676,60.576087,5,0
07/26/2024,08/14/2024,37.57419,56.88957,56.192091,6,0
05/10/2024,05/31/2024,37.319993,44.196841,49.179447,4,0
06/04/2023,06/24/2023,37.485982,56.834549,65.158491,4,0
04/12/2024,05/03/2024,37.912457,55.547036,56.453265,3,0
03/29/2023,04/20/2023,37.873421,54.35982,58.473818,6,1
09/12/2023,10/02/2023,37.426453,54.832341,43.651401,5,0
08/24/2023,09/12/2023,37.763131,52.712943,59.861085,3,0
03/22/2023,04/11/2023,37.447875,58.195657,51.920601,6,1
05/12/2023,06/02/2023,38.026302,57.213973,60.953787,3,0
01/22/2023,02/11/2023,37.96586,56.15046,57.344895,6,1
03/22/2023,04/14/2023,36.774583,53.692314,51.733893,5,0
01/20/2024,02/12/2024,37.288629,54.195539,65.339768,5,0
01/30/2024,02/20/2024,37.564676,55.57288,60.527138,6,0
07/18/2023,08/07/2023,37.690691,60.752257,52.551399,3,1
12/17/2024,01/09/2025,37.514261,54.802371,58.580258,5,0
10/24/2024,11/14/2024,37.696294,60.969674,50.989234,6,1
10/07/2024,10/27/2024,37.435215,57.955015,57.824819,6,0
06/02/2024,06/22/2024,37.514009,57.886279,60.285678,5,1
04/17/2024,05/10/2024,37.96499,55.167895,52.711834,5,0
06/24/2023,07/16/2023,37.534196,52.090513,54.23408,5,1
10/04/2024,10/27/2024,37.325754,52.443939,72.149913,6,0
10/17/2024,11/06/2024,37.702021,53.946293,50.635664,3,0
03/29/2023,04/19/2023,36.82395,53.519786,76.865536,6,0
12/27/2023,01/15/2024,37.910058,54.874431,64.429599,6,0
10/28/2024,11/17/2024,37.343451,53.408643,67.041226,6,0
04/27/2023,05/18/2023,37.573786,59.814769,55.596464,6,0
01/21/2023,02/10/2023,37.471542,49.339288,53.202145,3,0
11/25/2024,12/16/2024,37.647165,58.186515,55.643682,4,0
12/23/2023,01/15/2024,37.944126,51.759986,51.434367,5,0
08/26/2023,09/18/2023,38.215488,54.95529,64.213462,3,0
12/22/2023,01/10/2024,37.461647,52.839743,68.24084,6,1
11/23/2024,12/15/2024,37.602467,55.853243,55.033013,6,1
03/15/2024,04/07/2024,37.653736,53.554271,52.882071,3,0
05/03/2023,05/25/2023,37.930729,55.730745,53.354995,6,1
12/21/2024,01/13/2025,37.463114,55.294704,46.288619,5,0
05/08/2024,05/30/2024,37.896924,57.246988,53.009294,5,1
10/20/2023,11/12/2023,37.593064,59.327938,51.720968,5,1
03/04/2023,03/25/2023,38.008671,55.73693,53.284862,5,0
09/23/2023,10/15/2023,37.594787,57.828889,53.535743,3,0
03/26/2023,04/18/2023,37.410441,53.251336,63.719424,3,0
12/23/2024,01/12/2025,37.732307,56.038543,44.874514,6,0
12/14/2024,01/02/2025,37.704699,54.163261,52.135888,6,0
09/03/2024,09/25/2024,37.601186,56.682459,59.762211,3,0
05/16/2023,06/06/2023,37.04027,57.50857,65.74382,3,0
07/23/2024,08/15/2024,37.408282,55.538003,49.79262,4,0
12/12/2024,01/04/2025,37.172585,55.348994,61.737029,4,0
01/13/2023,02/04/2023,37.492119,56.375308,67.395896,3,0
09/17/2024,10/09/2024,37.377625,46.24828,63.336727,6,1
08/07/2024,08/27/2024,37.334289,53.470098,60.330424,5,0
07/03/2024,07/25/2024,37.481351,54.776657,43.67303,6,0
09/02/2024,09/25/2024,37.677643,55.791788,60.309436,3,0
09/10/2024,10/03/2024,37.887054,61.100939,47.282019,4,0
12/08/2023,12/31/2023,38.047772,60.400684,67.68373,6,0
11/13/2024,12/02/2024,37.456307,57.214496,57.277629,5,0
02/20/2023,03/12/2023,37.487302,52.607438,62.104151,3,0
08/21/2023,09/12/2023,37.326617,56.979175,48.499773,6,1
06/12/2023,07/02/2023,37.366361,59.037097,60.121639,4,1
04/22/2024,05/13/2024,37.863491,53.881689,61.531529,6,1
09/28/2024,10/21/2024,37.807409,60.567814,50.798227,3,0
08/08/2023,08/30/2023,37.506081,58.196694,59.050261,4,1
09/02/2024,09/24/2024,37.367629,57.086348,58.651732,3,1
08/12/2024,09/03/2024,37.511984,57.723596,56.519454,6,0
05/21/2023,06/13/2023,37.427878,56.671261,59.711528,4,0
03/05/2023,03/26/2023,37.978894,54.969644,56.914962,6,1
03/23/2024,04/14/2024,37.754689,60.291487,62.348875,5,0
10/19/2023,11/11/2023,37.66697,60.106222,49.070679,4,0
06/21/2023,07/13/2023,37.764704,47.065779,49.879977,4,0
02/27/2024,03/19/2024,36.897413,56.08655,58.321088,3,0
03/16/2024,04/06/2024,36.996888,55.819557,54.291916,3,0
10/23/2023,11/12/2023,37.373549,54.565892,47.662079,6,0
02/27/2024,03/20/2024,37.448604,53.670354,59.230944,5,1
04/10/2023,04/30/2023,37.933423,52.192607,67.193575,6,0
03/21/2024,04/09/2024,37.61668,48.784513,59.49313,5,0
02/20/2024,03/10/2024,37.93327,54.764082,60.194278,3,0
01/17/2023,02/07/2023,37.164918,55.261478,63.556452,5,1
07/07/2024,07/26/2024,37.192823,59.985176,50.534997,4,0
11/29/2023,12/21/2023,37.62566,54.982085,58.021435,4,1
04/11/2024,05/04/2024,37.962281,58.383851,68.054569,3,0
02/23/2024,03/17/2024,37.756832,51.523392,65.793768,6,0
04/09/2024,04/28/2024,37.708468,53.764447,59.974287,6,0
12/19/2023,01/09/2024,37.092767,53.063172,57.878584,6,1
12/04/2024,12/25/2024,37.224445,58.476403,52.183841,3,0
06/16/2024,07/09/2024,37.807074,54.896611,60.984873,4,0
11/05/2024,11/25/2024,37.408796,54.278026,58.478587,4,0
05/27/2024,06/17/2024,37.516538,57.408521,55.369547,3,1
10/30/2024,11/22/2024,37.398695,54.693737,63.739445,3,0
02/09/2023,02/28/2023,37.756784,55.714807,61.255714,5,0
05/18/2024,06/10/2024,37.53446,54.516014,62.206146,4,0
10/10/2023,10/29/2023,37.851216,52.646201,46.536284,6,0
05/08/2023,05/31/2023,37.773464,53.887743,70.741475,5,0
05/29/2024,06/18/2024,37.289729,58.486848,55.705306,3,0
12/08/2024,12/30/2024,37.783481,56.911977,57.941143,3,0
10/21/2024,11/11/2024,37.689606,58.479264,57.046453,5,0
04/05/2024,04/26/2024,37.997399,51.711361,53.035098,3,0
04/05/2024,04/26/2024,37.4515,58.162013,58.422719,3,0
07/24/2023,08/12/2023,37.073671,56.303289,49.797854,4,0
01/13/2024,02/01/2024,38.12392,57.079958,62.205962,4,0
09/14/2024,10/05/2024,37.63573,47.86319,65.318,6,1
04/14/2023,05/07/2023,37.722751,56.093279,54.688095,3,0
12/21/2024,01/12/2025,37.352677,62.083477,51.160301,4,0
03/28/2024,04/16/2024,37.556777,49.621229,52.741711,3,0
09/14/2024,10/06/2024,37.709981,51.281711,54.97444,6,0
07/02/2024,07/21/2024,38.082938,49.499284,63.971402,6,0
07/30/2024,08/20/2024,36.968765,52.003477,62.512796,6,0
02/29/2024,03/21/2024,37.539812,51.19511,45.944048,3,0
01/19/2024,02/11/2024,37.759642,58.156177,63.452386,3,0
12/29/2023,01/19/2024,37.393477,57.12183,58.635989,3,0
06/27/2024,07/20/2024,37.527643,50.02612,61.575699,5,0
01/05/2024,01/24/2024,37.165441,57.826624,60.715605,6,1
09/09/2023,09/29/2023,37.344887,53.627305,49.829195,5,0
10/20/2024,11/11/2024,37.789002,59.902405,63.366642,5,1
01/21/2024,02/10/2024,37.806375,59.911676,65.426658,5,0
12/23/2024,01/13/2025,37.99467,49.233074,54.664835,6,1
10/18/2024,11/09/2024,38.209237,56.150296,51.63804,4,0
11/18/2023,12/11/2023,37.870767,56.055345,61.252867,4,0
06/07/2023,06/28/2023,37.393279,52.381643,58.75484,5,0
09/04/2024,09/23/2024,37.09261,58.67462,54.059824,5,0
10/15/2023,11/03/2023,38.007978,54.300755,59.541775,3,0
09/11/2024,10/04/2024,37.576026,52.264848,55.895458,6,1
11/19/2024,12/12/2024,37.341511,56.843331,64.151076,3,0
01/11/2024,01/31/2024,37.565588,57.769362,63.427046,6,1
08/14/2024,09/05/2024,37.740567,50.033021,65.211841,4,0
09/10/2024,09/29/2024,37.661063,51.778975,55.215113,3,0
08/27/2023,09/19/2023,37.129796,58.785622,60.268988,4,0
06/23/2024,07/16/2024,38.185667,52.416694,60.73462,5,0
11/23/2023,12/16/2023,37.905543,57.426753,56.995519,3,0
09/21/2023,10/13/2023,37.682336,53.062099,62.795844,4,0
10/03/2023,10/25/2023,37.600364,57.099865,63.940602,4,0
04/24/2023,05/14/2023,38.169827,53.540484,57.308862,4,0
02/26/2023,03/18/2023,37.756111,60.637831,52.07445,6,1
04/15/2024,05/04/2024,37.099292,51.713924,63.247097,5,0
09/28/2023,10/21/2023,37.692553,56.622655,50.827593,5,0
11/07/2024,11/27/2024,37.141904,54.383123,62.635137,4,0
09/11/2023,09/30/2023,37.31078,62.38269,56.817064,6,1
11/16/2023,12/07/2023,37.630272,54.308299,61.522185,3,0
06/30/2023,07/23/2023,37.559859,55.497615,55.581354,4,0
04/19/2023,05/10/2023,37.610369,49.050282,46.253868,5,0
11/19/2024,12/08/2024,37.540724,51.658388,57.155332,3,0
07/22/2023,08/11/2023,37.177194,54.321672,56.483695,5,0
02/24/2024,03/14/2024,37.059235,56.247059,58.377772,3,0
11/06/2023,11/27/2023,37.435388,52.629326,71.444237,3,0
05/08/2023,05/30/2023,38.381606,54.603981,61.967126,6,1
12/03/2023,12/25/2023,37.649836,56.467937,62.90655,3,0
02/14/2023,03/07/2023,37.111238,49.353104,62.726613,4,0
08/10/2024,08/30/2024,37.527387,60.151002,61.82813,6,1
03/12/2023,03/31/2023,37.009731,54.898573,66.08792,6,1
08/08/2024,08/28/2024,38.128614,53.044718,59.433825,4,0
07/12/2023,07/31/2023,37.716796,52.686231,57.961768,4,0
01/22/2023,02/11/2023,37.906719,57.193532,59.05147,3,0
02/03/2024,02/25/2024,37.748467,54.440092,59.471621,6,1
04/07/2024,04/29/2024,37.324175,53.321879,54.299793,4,0
12/02/2023,12/24/2023,37.724889,52.707189,61.975189,4,0
02/05/2024,02/27/2024,37.100095,54.349433,52.408879,5,0
05/07/2023,05/26/2023,37.565047,55.00028,69.317106,5,0
01/20/2024,02/09/2024,37.58205,49.966403,48.679614,3,0
01/04/2023,01/25/2023,37.166449,54.04907,66.057064,5,0
03/21/2024,04/13/2024,37.578761,52.501136,61.801291,3,0
10/15/2024,11/07/2024,37.457268,58.545116,57.598663,6,0
04/05/2024,04/27/2024,37.672905,49.767741,62.009008,5,0
12/21/2024,01/12/2025,37.040181,53.000396,47.747048,6,0
03/07/2024,03/27/2024,37.934595,52.848146,67.821285,5,0
10/06/2023,10/25/2023,37.517873,51.40702,53.634221,3,0
03/31/2023,04/22/2023,37.184397,46.693003,50.015843,6,0
06/14/2023,07/03/2023,37.352733,56.829151,58.031886,6,1
01/15/2024,02/05/2024,38.240014,52.052256,47.567512,4,0
04/16/2023,05/07/2023,37.488768,51.663785,48.92933,3,0
08/25/2024,09/13/2024,37.679064,55.521445,64.04119,4,0
04/21/2024,05/14/2024,37.195692,59.045512,67.213567,5,0
04/10/2023,05/01/2023,37.53801,53.496362,61.909976,3,0
09/13/2024,10/04/2024,37.030881,50.311628,52.738819,5,0
07/25/2024,08/13/2024,37.245343,54.642098,51.397248,3,0
07/18/2023,08/10/2023,37.51306,52.634899,60.925602,4,0
08/10/2023,09/02/2023,37.430441,55.620821,45.194746,6,0
04/14/2024,05/07/2024,37.585919,52.034038,63.304785,6,0
06/13/2024,07/05/2024,37.765268,55.702966,53.362917,6,1
08/17/2024,09/08/2024,37.392707,53.143378,54.963275,5,0
11/21/2024,12/13/2024,37.71257,57.169093,58.437221,3,0
12/09/2023,01/01/2024,38.157399,53.210878,63.510227,4,1
12/15/2023,01/06/2024,37.71571,57.158103,56.35035,4,1
03/18/2024,04/08/2024,37.864668,57.252064,58.211181,3,0
08/08/2023,08/27/2023,37.684222,49.716977,56.265164,3,0
10/18/2023,11/09/2023,37.888598,56.219034,61.548943,5,0
10/13/2023,11/04/2023,37.727903,59.209254,62.537082,3,1
10/29/2024,11/20/2024,37.378965,52.566413,71.543775,3,0
08/11/2023,08/31/2023,37.639561,56.566798,56.72732,6,1
08/29/2024,09/19/2024,37.883274,52.236727,53.742508,3,0
04/25/2023,05/18/2023,37.416387,58.026284,46.758028,4,1
09/18/2023,10/07/2023,38.01983,53.170159,65.866297,4,0
10/09/2024,10/31/2024,37.513512,54.764123,49.806373,3,1
12/27/2024,01/15/2025,37.394773,58.98905,61.409453,5,0
11/23/2023,12/12/2023,37.257324,58.912178,59.833414,5,0
07/24/2024,08/12/2024,37.309634,59.888153,56.111885,6,0
09/27/2023,10/20/2023,37.692307,53.47378,56.542512,6,1
08/14/2023,09/02/2023,37.510901,56.138066,57.390068,4,1
11/02/2023,11/24/2023,37.687213,52.812985,58.66963,6,1
02/02/2023,02/25/2023,37.517005,55.30925,58.507726,5,0
08/27/2024,09/18/2024,37.159547,52.597605,62.637975,3,0
06/24/2023,07/16/2023,37.763525,47.878723,56.084352,3,0
08/23/2023,09/12/2023,37.739002,55.081926,61.969439,5,0
02/05/2023,02/28/2023,36.89654,59.979612,63.557437,5,0
11/05/2024,11/24/2024,37.212166,54.568851,52.084297,6,0
02/19/2024,03/13/2024,37.803751,56.905276,60.46139,5,0
10/31/2024,11/19/2024,37.432868,50.825858,58.034255,5,0
11/19/2023,12/09/2023,38.264424,59.683853,66.680925,4,0
07/24/2023,08/16/2023,37.589249,52.483231,61.690479,4,0
11/20/2024,12/09/2024,37.677993,52.173561,66.276689,4,0
05/05/2024,05/27/2024,37.262406,55.00997,50.928683,6,1
08/15/2023,09/05/2023,37.721314,55.732542,55.315965,3,1
02/15/2023,03/08/2023,37.119134,56.737688,58.67358,4,0
08/24/2024,09/16/2024,37.555488,54.132426,61.393872,4,1
05/26/2024,06/16/2024,37.410543,57.232601,68.727311,3,0
10/03/2023,10/23/2023,37.497844,55.818172,61.245904,3,1
11/17/2024,12/08/2024,37.176821,52.537865,53.747029,3,0
06/29/2024,07/19/2024,37.648906,52.613799,49.979763,6,1
06/21/2024,07/13/2024,38.254698,53.29807,59.844126,3,0
02/04/2023,02/23/2023,36.77525,54.790617,74.818762,4,0
10/08/2023,10/29/2023,38.224516,58.4076,57.12279,4,0
12/27/2023,01/17/2024,37.233424,53.28331,64.238011,5,0
11/11/2024,11/30/2024,37.465917,56.96042,52.976924,4,0
12/30/2023,01/18/2024,36.964809,55.498103,57.435996,6,0
01/09/2023,02/01/2023,38.281228,56.400772,52.298472,6,0
11/02/2024,11/22/2024,37.349348,57.021471,62.468585,6,0
10/10/2023,10/30/2023,37.89926,53.623841,52.207507,5,0
11/23/2023,12/14/2023,37.725673,51.899221,60.69333,6,0
08/27/2024,09/17/2024,37.564329,52.963762,44.801731,4,0
10/24/2024,11/12/2024,37.359567,56.671607,53.087333,3,0
03/16/2024,04/08/2024,38.129684,54.83677,51.39866,6,0
03/17/2023,04/05/2023,37.568232,56.546342,57.965339,4,0
05/15/2023,06/03/2023,37.182659,61.169139,63.543871,6,1
11/06/2023,11/27/2023,37.545296,57.525955,53.594783,3,0
10/11/2024,10/30/2024,37.413453,57.502686,54.75998,6,0
06/06/2024,06/25/2024,37.546746,54.208354,63.203666,5,1
08/04/2023,08/23/2023,38.169542,56.279542,48.89265,5,0
06/26/2023,07/17/2023,37.706564,51.918114,55.773116,3,0
06/16/2024,07/05/2024,37.407481,51.791599,65.804058,4,0
07/14/2023,08/02/2023,37.920876,57.47724,50.133846,6,0
06/25/2024,07/16/2024,37.411508,59.223838,53.766685,5,0
05/27/2024,06/19/2024,37.523595,55.559794,69.760412,5,1
06/30/2023,07/23/2023,37.738682,55.07251,44.115999,6,1
06/05/2023,06/26/2023,37.664357,52.853379,57.220597,5,0
03/16/2023,04/04/2023,37.539776,54.869325,63.492547,3,0
11/01/2024,11/23/2024,37.073883,57.740274,58.647362,4,0
12/14/2023,01/05/2024,37.215201,51.785109,59.512978,6,0
11/26/2024,12/15/2024,37.376802,52.038041,52.172929,5,0
04/26/2024,05/19/2024,37.160444,51.606662,62.267393,3,0
01/24/2024,02/13/2024,37.875475,57.467259,53.717967,4,0
10/06/2023,10/25/2023,37.49304,58.670477,42.908629,4,0
10/20/2023,11/12/2023,37.517433,53.782806,49.495931,5,0
05/13/2023,06/05/2023,37.351793,51.264727,60.25256,6,0
05/22/2023,06/13/2023,37.749381,56.176083,61.153452,6,0
09/11/2024,10/01/2024,37.243774,55.997076,62.573124,3,0
03/07/2024,03/26/2024,37.599105,56.305584,62.351991,4,0
07/20/2023,08/11/2023,37.272868,53.902015,56.011651,4,1
10/03/2024,10/23/2024,37.313735,53.137574,63.225413,5,0
09/27/2023,10/20/2023,37.990244,56.450659,55.688603,6,0
06/08/2024,06/30/2024,37.587005,52.773906,53.158541,3,0
07/18/2023,08/07/2023,37.751361,58.587968,60.499243,4,0
03/16/2024,04/04/2024,37.412155,49.204883,51.649059,5,0
03/07/2023,03/28/2023,37.544655,55.07391,57.060877,3,0
10/30/2024,11/22/2024,37.748073,53.368442,51.56949,3,0
11/07/2024,11/26/2024,37.175744,59.232352,66.354491,3,0
12/15/2024,01/06/2025,37.385544,55.016965,43.592685,6,0
12/23/2024,01/15/2025,38.070029,55.829835,65.421752,4,0
11/23/2023,12/12/2023,37.8583,50.429086,52.587597,5,0
11/05/2024,11/27/2024,37.217514,54.774201,51.439005,4,0
03/18/2023,04/10/2023,37.292395,55.365623,58.276936,3,0
02/03/2024,02/23/2024,37.653448,52.078253,60.114204,5,0
04/24/2023,05/14/2023,37.328084,51.921416,73.615551,6,0
07/12/2023,08/04/2023,37.90852,56.017327,54.372897,3,0
11/19/2024,12/11/2024,37.708903,59.33609,59.727517,6,0
10/27/2023,11/18/2023,37.883806,54.601772,46.144353,4,0
03/31/2023,04/21/2023,37.490893,57.331309,56.144845,6,0
02/17/2023,03/09/2023,37.441457,60.908614,73.940014,5,0
03/13/2023,04/05/2023,37.690742,53.816333,58.77037,5,1
06/18/2023,07/07/2023,37.773453,56.102434,55.39252,3,0
09/07/2023,09/28/2023,37.381907,55.459526,54.826287,3,0
05/14/2024,06/03/2024,37.622477,56.229169,55.730493,4,0
09/05/2024,09/24/2024,37.483196,52.851287,48.358502,6,0
01/16/2024,02/07/2024,37.320934,51.445719,60.933677,4,0
05/31/2024,06/21/2024,37.773502,55.65844,61.226525,3,0
06/28/2024,07/17/2024,37.462652,57.582958,60.655245,3,0
08/06/2023,08/25/2023,37.721917,50.556021,54.411045,6,1
02/10/2024,03/04/2024,37.299278,50.696944,61.93084,6,0
12/05/2023,12/26/2023,37.465106,54.852934,57.916929,3,0
06/16/2024,07/06/2024,37.888439,58.968407,67.509454,3,0
01/20/2024,02/08/2024,37.629359,52.73468,42.267283,6,1
07/16/2024,08/04/2024,37.417605,55.169082,56.879645,3,0
07/08/2024,07/30/2024,37.433761,55.563588,64.928315,6,1
02/13/2024,03/03/2024,37.373083,58.1147,48.970204,5,0
08/12/2023,09/04/2023,37.810565,55.951416,71.225803,6,0
04/29/2023,05/18/2023,37.431971,53.527464,53.144194,4,1
07/28/2024,08/20/2024,38.114107,56.620876,59.879924,5,0
12/06/2024,12/29/2024,37.173268,54.7567,60.328373,6,0
12/01/2024,12/22/2024,37.714421,50.107237,60.742513,4,0
09/09/2024,09/30/2024,37.390907,57.116661,47.557564,5,0
03/04/2023,03/26/2023,37.174416,52.201083,51.321331,5,0
09/16/2023,10/07/2023,37.721465,53.81514,56.309183,5,0
07/03/2023,07/24/2023,37.595723,60.201221,65.620241,4,0
07/01/2024,07/23/2024,37.23562,57.363546,53.409346,6,0
01/26/2023,02/16/2023,37.842556,53.594696,57.861154,5,0
07/24/2023,08/15/2023,37.566431,45.064033,53.874435,4,0
08/01/2023,08/20/2023,37.585131,57.485164,58.46951,4,1
05/01/2024,05/20/2024,37.598221,52.975307,47.877357,4,0
08/04/2024,08/27/2024,38.168245,57.463445,65.813582,6,0
06/24/2023,07/13/2023,37.100192,52.940967,59.162009,4,1
07/24/2023,08/12/2023,37.706214,52.695061,51.95366,6,0
12/16/2023,01/07/2024,37.506733,54.655026,60.689086,5,0
12/14/2024,01/06/2025,37.177645,56.223195,67.272365,5,0
04/26/2024,05/15/2024,37.881095,55.943174,55.797892,4,0
06/20/2023,07/12/2023,37.610211,47.827541,54.076313,5,0
03/23/2023,04/13/2023,37.607361,52.884031,56.76582,3,0
01/27/2023,02/15/2023,37.272478,50.042884,53.934072,6,0
04/19/2023,05/11/2023,37.153513,53.788981,50.433902,4,0
02/13/2024,03/04/2024,38.065216,52.385252,59.042111,4,0
05/19/2024,06/09/2024,37.114263,50.764642,58.236379,4,0
06/02/2023,06/22/2023,37.687671,52.684199,55.203509,5,0
02/29/2024,03/22/2024,37.773312,54.284604,65.417123,3,0
05/23/2024,06/14/2024,37.963056,45.909331,62.664249,6,0
08/02/2024,08/23/2024,38.07552,57.916843,56.183819,4,1
08/23/2023,09/14/2023,38.035229,61.24425,45.646749,3,0
05/08/2023,05/29/2023,37.79587,54.366373,50.691505,4,0
06/13/2024,07/04/2024,37.768673,51.746087,59.117527,6,1
11/28/2024,12/19/2024,37.831991,50.833183,59.239079,3,0
10/28/2024,11/16/2024,37.686405,56.351811,59.953123,3,1
09/17/2023,10/07/2023,37.627324,53.938831,53.575013,6,0
09/12/2023,10/05/2023,37.941743,57.689842,54.685616,3,0
12/14/2023,01/03/2024,37.313423,61.162005,55.075675,4,0
10/31/2024,11/23/2024,38.412368,53.525798,59.809888,6,0
02/03/2024,02/26/2024,36.735915,54.566775,56.459276,5,0
11/23/2024,12/12/2024,37.777849,52.699325,63.768669,5,0
11/12/2024,12/02/2024,37.370903,57.380108,66.343395,3,0
08/03/2023,08/24/2023,37.485607,54.683687,54.566052,6,0
03/17/2024,04/07/2024,37.792816,57.689627,59.933781,5,0
10/09/2023,11/01/2023,38.132603,52.168118,55.335188,4,1
05/06/2023,05/29/2023,37.409381,56.002928,53.09348,5,0
09/17/2023,10/06/2023,38.023815,54.102038,63.011468,3,0
04/10/2024,05/01/2024,37.290223,58.148203,54.775106,5,0
10/24/2024,11/15/2024,38.094284,55.367964,60.301632,4,0
11/20/2024,12/12/2024,37.294805,53.563599,50.160353,6,0
11/11/2023,12/02/2023,37.577203,48.812556,60.39119,6,0
04/12/2024,05/03/2024,38.153027,55.711039,59.32605,6,1
06/03/2023,06/24/2023,37.736254,56.096165,61.841102,5,0
02/21/2023,03/13/2023,37.720023,60.027728,52.536522,5,0
04/28/2024,05/21/2024,37.717675,55.830803,61.033629,6,0
02/01/2023,02/23/2023,37.483179,56.578216,54.643585,5,0
01/25/2024,02/13/2024,37.750836,56.435524,53.507508,6,0
10/31/2024,11/22/2024,37.782997,52.785809,51.605455,5,0
05/02/2024,05/22/2024,37.42209,53.628131,67.096789,6,0
12/31/2024,01/21/2025,37.637716,55.459946,58.263046,3,0
12/09/2024,12/30/2024,36.767588,51.55874,62.753034,6,0
03/24/2023,04/15/2023,37.388427,51.496473,54.0569,3,0
01/04/2024,01/24/2024,36.835541,53.482109,55.121971,4,0
04/10/2024,04/30/2024,37.459909,52.994181,57.355463,3,0
08/18/2023,09/08/2023,37.412364,56.318322,54.894916,5,0
04/09/2023,05/02/2023,37.269243,58.183336,50.007326,3,0
07/02/2023,07/23/2023,37.187172,54.036098,51.858145,4,0
07/31/2024,08/23/2024,37.281147,52.272335,65.966741,6,0
01/01/2024,01/21/2024,37.758058,55.157386,53.319862,6,0
07/26/2024,08/16/2024,37.970847,50.004056,51.142496,6,0
09/18/2024,10/09/2024,37.376556,51.154126,54.7262,6,1
07/22/2024,08/14/2024,37.831878,53.57672,57.437197,6,1
03/19/2024,04/11/2024,37.895178,56.459031,76.936966,4,0
02/17/2024,03/10/2024,37.078847,52.578776,60.489822,3,0
07/24/2023,08/15/2023,37.655716,59.562751,67.066977,4,0
03/12/2023,03/31/2023,37.456786,50.92467,61.30727,4,0
10/24/2024,11/13/2024,37.958213,61.918029,53.190417,4,1
09/13/2024,10/03/2024,37.521944,53.839799,56.555807,4,0
05/03/2024,05/24/2024,37.868681,53.583677,61.051219,4,0
02/14/2023,03/05/2023,37.948628,53.88369,56.14619,5,0
10/20/2024,11/11/2024,37.503736,58.432317,59.846874,6,0
04/30/2024,05/23/2024,37.446913,59.532522,58.271309,5,0
06/27/2024,07/17/2024,37.658115,54.463077,64.349749,5,1
04/07/2024,04/28/2024,38.073294,52.580225,60.724822,3,0
11/18/2024,12/07/2024,37.376886,55.068916,65.050698,3,0
10/14/2023,11/02/2023,37.723484,54.522883,61.377495,5,0
05/23/2023,06/15/2023,37.431298,55.387076,46.499783,6,0
06/15/2024,07/05/2024,37.423661,57.156236,58.424655,6,0
05/25/2023,06/16/2023,37.531377,57.873777,70.322567,5,0
12/03/2024,12/25/2024,38.02808,56.636916,69.577657,6,0
04/11/2024,05/01/2024,37.594166,51.974821,62.680562,5,0
11/03/2024,11/24/2024,37.12331,57.298076,51.073185,6,0
08/06/2024,08/27/2024,37.618317,58.59351,65.291382,4,0
07/08/2024,07/30/2024,37.540666,57.490992,55.276159,6,1
10/11/2023,11/01/2023,37.751917,55.033469,64.427724,3,1
09/05/2024,09/28/2024,37.954942,52.922888,64.599765,5,0
12/13/2024,01/03/2025,37.669481,54.447495,66.663349,6,1
02/25/2024,03/18/2024,37.785647,55.008527,51.497841,3,0
05/07/2023,05/26/2023,37.738429,59.945596,59.271247,5,1
05/28/2023,06/19/2023,37.686522,53.194137,66.029796,3,0
01/07/2024,01/27/2024,37.573384,53.695769,63.683636,4,0
06/08/2024,06/28/2024,37.070687,54.694911,57.244591,3,0
08/06/2024,08/26/2024,37.324016,54.699362,69.026739,6,1
01/24/2023,02/14/2023,37.845516,53.876306,59.125612,5,1
03/04/2024,03/27/2024,37.125833,56.035743,47.930424,5,0
11/19/2023,12/12/2023,37.107975,57.648418,47.10893,6,0
12/06/2023,12/25/2023,37.952654,47.173683,57.342967,4,0
12/22/2024,01/12/2025,37.863235,52.333329,60.502807,4,0
07/17/2024,08/09/2024,37.646317,46.307174,63.685004,4,0
04/18/2023,05/11/2023,37.792983,54.754516,61.762261,4,0
11/10/2023,12/03/2023,37.634841,60.413185,57.64261,3,0
12/02/2023,12/22/2023,37.657525,54.482296,48.889494,5,0
09/18/2023,10/07/2023,38.259325,49.883287,62.405254,5,0
03/15/2023,04/07/2023,37.979873,53.156256,51.613382,4,0
05/18/2023,06/07/2023,37.424206,56.586687,53.512547,4,0
02/28/2024,03/20/2024,37.177292,52.86094,63.712137,4,0
03/28/2023,04/17/2023,37.675325,55.610345,57.88658,5,0
07/14/2024,08/06/2024,37.996706,53.680842,64.371359,6,0
10/27/2024,11/15/2024,37.249686,54.936411,68.351541,5,0
12/16/2023,01/06/2024,37.490951,54.696266,51.901645,3,0
01/09/2023,01/31/2023,37.889117,56.852777,61.365607,3,1
04/06/2024,04/28/2024,37.831395,54.120298,56.46894,6,0
07/11/2024,07/30/2024,37.804181,54.182862,62.11256,3,0
06/29/2024,07/22/2024,37.708349,57.188659,46.392611,3,0
02/17/2024,03/10/2024,37.526092,54.021677,52.514484,4,0
02/24/2023,03/15/2023,37.825772,53.853816,51.181406,4,0
10/05/2023,10/28/2023,37.486423,57.517391,62.474622,5,0
01/18/2023,02/10/2023,38.326958,54.066139,65.294463,4,0
11/14/2024,12/05/2024,37.811531,53.871794,54.497555,5,0
08/10/2023,08/31/2023,37.784156,50.179733,55.423388,5,0
06/27/2023,07/17/2023,37.406764,52.58823,60.621757,4,1
12/28/2024,01/19/2025,37.634518,55.403107,50.820274,6,1
03/07/2024,03/30/2024,37.456795,54.328194,50.226206,3,0
09/07/2023,09/30/2023,37.578601,53.80658,62.795996,6,0
01/21/2023,02/13/2023,37.49034,45.835003,51.359224,6,0
09/30/2024,10/21/2024,37.638318,61.713664,60.89477,4,0
02/12/2024,03/03/2024,37.428665,53.592025,54.314597,3,0
11/13/2023,12/03/2023,37.030167,57.741946,51.637544,4,0
03/12/2023,04/04/2023,37.646907,57.949558,66.603738,6,0
10/21/2023,11/10/2023,37.768479,51.197824,51.425987,4,0
11/18/2024,12/11/2024,37.928015,57.655361,61.39186,5,0
10/24/2023,11/16/2023,37.762034,55.597345,54.276998,4,0
03/15/2024,04/03/2024,38.031786,56.815606,59.362308,3,0
05/22/2023,06/13/2023,37.612223,50.95617,54.56818,6,0
11/18/2024,12/10/2024,37.650771,53.41696,69.490927,3,0
10/29/2023,11/19/2023,37.653991,56.149077,56.768168,6,0
03/18/2023,04/07/2023,37.93476,56.491982,54.973743,5,0
07/19/2024,08/09/2024,37.228579,54.543747,54.062605,4,0
11/30/2023,12/19/2023,37.212298,58.115123,64.595727,4,0
05/21/2023,06/11/2023,37.202127,56.262096,56.971303,6,1
01/26/2023,02/17/2023,37.792321,55.918254,58.223191,6,1
10/27/2024,11/16/2024,37.704636,57.191525,55.45308,4,0
01/24/2023,02/13/2023,37.335573,51.321995,63.536324,5,0
12/31/2024,01/21/2025,37.320013,54.162438,61.507807,5,0
08/25/2024,09/17/2024,38.511694,56.538868,56.781551,3,0
03/19/2023,04/10/2023,37.368488,56.357618,62.17812,4,0
10/17/2023,11/06/2023,37.75325,55.074954,56.362362,3,0
08/13/2024,09/03/2024,37.591302,53.442919,54.540983,5,0
11/05/2024,11/24/2024,37.339063,54.50724,54.425891,4,0
08/08/2024,08/30/2024,38.225428,53.700099,57.718268,6,0
06/05/2024,06/27/2024,37.605945,60.263306,59.158487,3,0
01/13/2023,02/01/2023,37.500173,55.419545,60.144834,5,0
04/20/2023,05/09/2023,37.381423,54.075587,64.22571,3,0
08/27/2024,09/18/2024,37.875852,52.22204,46.805323,3,0
12/06/2024,12/26/2024,38.406608,58.083647,65.525179,5,0
09/16/2024,10/06/2024,37.515417,61.062772,56.93369,3,0
08/30/2024,09/21/2024,37.169866,58.636848,57.028818,5,0
09/18/2024,10/08/2024,37.604026,53.084798,62.809616,6,0
04/28/2024,05/18/2024,37.265945,54.042177,47.53713,4,0
11/15/2024,12/06/2024,37.207473,54.111213,58.059434,3,0
06/26/2023,07/19/2023,37.632247,53.887499,66.912386,5,0
03/14/2024,04/04/2024,37.385027,56.160884,67.894543,6,0
02/01/2023,02/21/2023,37.648876,54.295492,50.013191,6,1
07/14/2024,08/04/2024,37.797511,53.250135,53.861905,5,0
07/23/2023,08/12/2023,37.692981,56.394421,51.025697,5,0
12/20/2024,01/09/2025,37.231955,56.124662,62.606135,5,0
04/28/2024,05/18/2024,37.604277,50.326138,58.193281,5,0
04/10/2023,05/03/2023,37.262663,52.414848,65.310306,5,0
10/13/2024,11/03/2024,37.429776,60.368474,64.310731,4,0
01/11/2024,01/31/2024,38.020253,55.677526,57.597463,6,0
08/01/2024,08/23/2024,38.193266,53.371228,61.447814,5,0
06/29/2023,07/20/2023,37.837035,56.785396,62.780218,5,0
09/11/2024,10/01/2024,37.612797,50.071511,56.109044,5,1
06/24/2023,07/16/2023,37.177729,62.018377,57.788062,3,0
03/14/2024,04/05/2024,37.585193,58.244456,58.193053,3,0
01/21/2023,02/12/2023,37.31398,56.481755,58.548357,6,0
03/22/2024,04/13/2024,37.918746,59.748243,67.609038,5,0
01/02/2024,01/21/2024,37.492154,57.092749,58.487891,3,0
12/28/2023,01/18/2024,37.373747,59.554475,58.282605,3,0
04/10/2024,04/29/2024,37.240556,54.262715,63.29297,6,0
07/17/2023,08/05/2023,37.754962,47.365608,56.115696,4,0
03/18/2024,04/07/2024,37.442794,48.941809,57.534808,3,0
01/02/2023,01/22/2023,37.828069,49.776993,60.548952,5,0
10/19/2024,11/11/2024,37.678544,56.839869,51.764029,5,0
05/05/2023,05/28/2023,37.880616,56.6267,70.333147,5,0
09/04/2024,09/23/2024,37.993272,53.371107,66.628442,3,0
01/28/2023,02/16/2023,37.15721,53.810448,46.516869,6,0
03/15/2024,04/06/2024,37.066461,53.023152,51.463988,3,0
12/23/2023,01/13/2024,37.212087,56.465143,64.495055,5,0
03/27/2024,04/16/2024,37.199599,52.87752,50.744705,3,0
07/11/2023,08/02/2023,37.486851,57.153576,63.13289,4,0
04/22/2024,05/11/2024,37.794045,51.226231,56.151182,4,0
12/15/2023,01/06/2024,37.766713,57.331295,66.76173,5,0
11/06/2023,11/27/2023,38.183912,50.911666,52.751067,5,0
03/19/2023,04/07/2023,37.597223,59.24703,63.148023,5,0
12/12/2023,01/03/2024,37.133856,55.013198,52.035745,4,0
11/18/2023,12/08/2023,37.482011,58.729275,59.5342,4,0
08/04/2023,08/24/2023,37.835513,52.437716,56.484619,4,0
04/13/2023,05/02/2023,37.652991,55.396516,56.8866,5,0
07/24/2023,08/13/2023,37.9406,55.707653,60.166228,6,0
03/22/2024,04/10/2024,36.854031,57.63147,53.645323,4,0
05/02/2023,05/25/2023,37.393704,54.567166,64.628525,4,0
07/17/2024,08/08/2024,37.756805,57.545028,56.689457,4,0
12/16/2023,01/06/2024,37.824966,54.322489,60.924756,6,0
09/27/2023,10/19/2023,37.588538,55.909689,59.13898,3,0
03/07/2024,03/30/2024,37.557087,54.162351,59.791041,6,1
12/01/2024,12/21/2024,37.178192,53.65912,57.819756,3,0
05/14/2023,06/02/2023,37.461075,51.951911,59.565287,4,0
05/11/2023,06/03/2023,38.225918,53.884186,64.60703,5,0
11/27/2023,12/17/2023,37.242065,52.733301,59.210617,4,0
02/07/2024,03/01/2024,37.98497,53.766915,59.27948,3,0
10/09/2024,10/31/2024,38.152172,55.217885,56.102411,6,0
06/10/2024,06/29/2024,37.118415,54.173255,51.787533,5,0
06/22/2024,07/14/2024,37.694324,57.069489,54.665502,4,0
12/10/2024,01/01/2025,37.578798,53.682685,39.348272,4,0
08/11/2024,08/30/2024,37.501241,51.774727,50.280605,6,0
06/05/2023,06/25/2023,37.684274,52.848224,58.844111,4,0
05/26/2024,06/16/2024,37.615823,56.465993,58.977223,4,0
10/06/2024,10/27/2024,38.206137,52.488937,59.171883,4,0
03/12/2023,03/31/2023,37.584887,55.174767,50.591637,3,0
07/28/2024,08/20/2024,37.902187,48.943261,51.425962,5,0
07/16/2024,08/08/2024,37.573462,57.343974,62.33226,6,0
05/11/2024,05/30/2024,37.990769,53.038502,68.393543,3,0
08/23/2023,09/14/2023,37.553366,55.713525,55.173329,4,1
05/10/2024,06/02/2024,37.176047,63.999179,60.999769,3,0
11/01/2024,11/22/2024,37.219577,55.711987,58.174976,6,0
02/07/2024,02/28/2024,37.38447,53.359581,53.707395,5,0
04/16/2024,05/05/2024,37.809918,55.405368,55.685473,3,0
12/03/2024,12/22/2024,37.236141,50.908394,62.279147,5,0
06/18/2024,07/08/2024,37.997188,55.800566,56.149122,5,1
09/04/2024,09/26/2024,37.972733,53.605675,53.482936,5,0
11/02/2024,11/25/2024,37.81483,59.250609,66.914664,5,0
11/19/2024,12/12/2024,37.667879,55.490491,61.803401,4,0
08/14/2024,09/03/2024,37.311197,58.273728,62.214977,4,0
11/27/2024,12/20/2024,37.679624,56.770161,63.811436,3,0
04/17/2024,05/06/2024,37.43928,56.470249,59.167321,4,0
12/05/2024,12/28/2024,37.864265,54.132353,50.712857,5,0
02/05/2024,02/24/2024,37.444357,52.080519,64.119983,5,0
07/25/2023,08/17/2023,37.65654,52.418284,64.57225,4,0
10/24/2023,11/15/2023,37.805813,52.908228,51.7883,4,0
01/24/2024,02/12/2024,37.599529,57.159323,58.839099,6,1
07/13/2024,08/01/2024,37.789761,58.516803,55.926262,5,1
07/15/2023,08/03/2023,37.567686,57.098706,54.079609,5,0
04/23/2024,05/14/2024,37.644405,57.62413,53.537559,3,0
02/10/2024,03/03/2024,37.098669,54.51183,67.385689,4,0
07/07/2023,07/30/2023,37.585169,53.489927,62.180575,3,0
04/10/2023,05/01/2023,37.310139,58.534348,60.784299,3,0
03/13/2024,04/04/2024,37.15199,63.631955,59.176854,4,0
04/16/2024,05/08/2024,37.835768,55.70023,53.773515,6,1
11/26/2024,12/19/2024,37.507822,55.741256,59.480313,4,1
05/20/2023,06/08/2023,37.943036,52.871689,59.949148,6,0
01/22/2024,02/11/2024,37.13936,55.992394,49.772709,5,1
04/20/2023,05/13/2023,37.569922,56.183889,69.582696,3,0
09/17/2023,10/09/2023,37.436594,52.991197,53.730419,3,0
05/21/2024,06/11/2024,37.162427,52.912602,60.857897,3,0
07/14/2023,08/04/2023,37.464294,57.146159,59.685165,6,0
12/11/2024,01/01/2025,37.416634,56.521175,56.552772,4,0
07/07/2023,07/29/2023,37.795896,54.748465,64.434583,6,0
01/06/2023,01/29/2023,37.736578,56.35623,70.812183,6,0
05/16/2024,06/04/2024,38.118076,49.747382,58.728793,3,0
04/21/2023,05/14/2023,37.498882,57.60253,58.987532,5,0
10/28/2023,11/17/2023,37.711782,57.382,56.955772,4,1
08/05/2024,08/28/2024,37.394419,53.710963,54.966134,4,0
08/20/2023,09/08/2023,38.249834,55.123386,67.909241,6,1
04/05/2024,04/26/2024,37.618722,56.600507,54.742614,5,1
06/06/2024,06/27/2024,37.383772,51.949177,64.517065,4,0
12/06/2024,12/28/2024,37.488701,56.445908,62.967383,6,0
08/10/2024,08/31/2024,37.287822,57.220678,55.195636,3,1
04/18/2023,05/07/2023,37.426057,51.819894,56.19768,3,0
08/02/2024,08/22/2024,37.92915,55.208843,56.440085,3,0
08/25/2024,09/15/2024,37.243822,55.652523,53.29049,3,0
03/15/2023,04/06/2023,37.756979,58.425726,47.62924,5,1
11/08/2023,12/01/2023,37.343035,51.246845,64.023777,3,0
12/05/2023,12/24/2023,37.694008,47.662535,53.220251,3,0
04/12/2023,05/02/2023,37.42425,57.278546,56.01772,3,0
01/27/2024,02/18/2024,37.76685,55.719084,61.084751,3,0
11/27/2023,12/20/2023,37.396844,57.750748,64.677008,5,0
04/02/2024,04/22/2024,37.640615,56.555764,59.271127,3,0
02/02/2023,02/21/2023,37.377876,55.450011,58.699639,3,1
05/18/2024,06/09/2024,37.442678,47.853056,58.756885,4,0
02/21/2024,03/14/2024,37.488349,52.348073,56.589476,4,1
04/14/2023,05/04/2023,37.394819,56.925233,53.773569,4,1
04/30/2024,05/23/2024,37.399243,54.874453,52.620863,5,0
06/04/2024,06/24/2024,37.4441,52.553558,60.86344,3,0
12/13/2024,01/03/2025,37.826689,51.957949,55.627802,6,0
05/04/2024,05/25/2024,37.385093,58.31814,59.422119,6,0
03/24/2023,04/14/2023,37.964109,56.768915,59.641819,6,0
09/20/2023,10/11/2023,37.941784,61.108843,66.015131,6,0
03/23/2024,04/12/2024,37.235098,53.972444,70.36752,5,0
09/04/2024,09/27/2024,37.724559,58.676666,58.723823,4,0
06/10/2024,07/02/2024,37.766275,53.622447,57.675614,6,1
11/02/2023,11/21/2023,37.338864,59.364049,61.36356,3,0
09/02/2024,09/24/2024,37.919409,56.987263,56.243647,5,0
08/26/2024,09/14/2024,37.512296,54.040651,63.527441,5,0
06/12/2023,07/05/2023,37.517525,49.248633,65.479859,4,0
03/12/2024,04/03/2024,37.758754,50.601425,64.224652,4,0
10/10/2023,10/29/2023,37.542459,47.622767,64.5188,5,0
11/17/2024,12/06/2024,37.383655,49.678181,55.795813,6,0
02/15/2024,03/09/2024,37.69103,53.719968,53.680128,6,0
09/05/2024,09/26/2024,37.689811,57.21271,60.979246,5,0
11/20/2023,12/13/2023,37.657141,56.634349,60.856836,4,0
02/17/2024,03/08/2024,37.270125,51.590467,57.452157,3,0
02/27/2024,03/18/2024,37.340169,55.090347,56.220793,5,0
03/06/2023,03/29/2023,37.766437,56.573294,72.292013,4,0
11/10/2024,12/02/2024,37.438489,54.202619,45.769731,6,0
07/30/2023,08/19/2023,37.432939,57.939988,56.212255,4,0
10/22/2024,11/13/2024,37.619753,56.227874,54.242963,6,1
03/16/2023,04/07/2023,37.230289,53.533839,58.203432,3,0
12/05/2024,12/25/2024,37.930293,52.29346,49.905878,6,1
02/03/2023,02/26/2023,37.506432,60.887007,48.218911,5,0
03/21/2024,04/12/2024,37.693928,56.623661,48.203217,3,0
01/08/2023,01/27/2023,37.558658,58.968021,65.263776,3,0
07/30/2023,08/20/2023,37.830861,53.640561,60.314631,4,0
10/16/2023,11/04/2023,38.164438,51.690972,56.175059,4,0
06/16/2024,07/08/2024,37.859863,54.797812,54.89104,5,0
09/02/2023,09/21/2023,37.563029,56.731115,63.754974,6,1
06/02/2023,06/23/2023,37.269439,54.735763,56.344214,6,0
03/10/2024,04/02/2024,37.823511,60.974553,57.249687,4,0
10/21/2023,11/12/2023,37.664845,48.345961,55.714008,3,0
11/13/2023,12/05/2023,37.86858,52.835575,59.429052,5,1
05/07/2023,05/26/2023,37.673768,52.90555,51.176534,5,0
11/19/2024,12/10/2024,37.58811,55.964587,65.197388,3,1
09/25/2024,10/16/2024,37.686936,53.506469,70.604662,5,0
09/04/2023,09/27/2023,37.562394,57.658246,60.687596,6,1
05/10/2023,05/31/2023,37.483654,57.159975,52.750409,3,0
05/24/2024,06/15/2024,37.845045,58.451227,62.802578,5,0
11/07/2023,11/28/2023,37.731601,52.234502,59.421946,6,1
09/05/2023,09/26/2023,37.265212,51.200291,47.082376,6,0
09/13/2023,10/05/2023,37.415536,55.112639,50.802076,4,0
09/21/2024,10/11/2024,37.511621,52.0986,58.134327,5,0
05/18/2024,06/08/2024,37.56152,52.113221,54.646435,5,0
05/17/2023,06/07/2023,37.708895,52.367963,59.175319,6,1
11/30/2024,12/20/2024,36.965794,56.277272,58.240308,4,0
03/02/2023,03/21/2023,37.542365,58.871473,61.742365,6,0
08/06/2023,08/26/2023,37.385708,53.806485,45.832722,3,0
11/28/2024,12/20/2024,37.823389,51.454098,60.67861,3,0
04/28/2024,05/19/2024,38.040681,52.407295,57.94616,6,0
02/03/2023,02/23/2023,37.810175,57.174525,51.902892,3,0
01/02/2024,01/25/2024,37.50603,51.252361,52.523783,3,0
01/10/2024,01/29/2024,37.435081,56.121939,51.332559,4,0
06/02/2023,06/25/2023,37.672982,49.444874,46.645441,4,0
03/22/2024,04/13/2024,37.963601,54.369296,55.693752,5,0
01/08/2023,01/31/2023,37.509949,55.147573,60.746049,3,0
06/30/2024,07/19/2024,37.130798,54.554333,63.999069,6,0
10/08/2023,10/31/2023,38.117421,55.663128,54.435666,5,0
09/30/2024,10/23/2024,37.917336,55.896681,56.962029,3,0
08/23/2024,09/14/2024,37.5184,49.900493,69.862187,6,0
01/20/2023,02/11/2023,37.527523,55.948344,52.121103,4,0
08/06/2023,08/25/2023,37.591074,59.313816,56.742084,4,0
08/25/2024,09/17/2024,38.264446,53.91473,59.563946,5,0
10/18/2023,11/06/2023,37.00348,55.395548,60.152519,6,0
01/06/2024,01/29/2024,37.650591,54.108839,57.741902,6,1
09/28/2023,10/21/2023,37.863356,56.652791,48.022767,3,0
11/13/2024,12/03/2024,37.597455,57.611931,54.785473,4,0
03/29/2023,04/19/2023,37.716883,51.63601,64.067871,6,1
05/09/2023,05/30/2023,37.796299,53.961723,48.71031,4,1
01/12/2024,02/03/2024,37.788552,52.037054,51.677902,5,0
07/08/2023,07/31/2023,37.832932,51.246637,51.92835,3,0
05/07/2023,05/26/2023,36.661467,52.077021,48.796487,5,0
08/24/2023,09/12/2023,37.844151,55.514272,57.912515,6,1
05/21/2023,06/13/2023,37.144302,60.672625,62.200212,3,0
08/04/2023,08/23/2023,37.938261,54.137854,75.466412,6,0
03/08/2024,03/30/2024,37.446847,61.767756,58.664413,5,0
11/05/2024,11/25/2024,37.536094,59.295013,50.303234,6,0
04/08/2024,04/27/2024,37.514028,53.94151,65.980029,4,0
10/12/2023,10/31/2023,38.028116,58.720531,56.353098,3,0
08/23/2024,09/12/2024,37.392591,59.250997,66.332531,6,0
07/12/2024,07/31/2024,37.999958,58.563235,48.758168,3,0
10/26/2023,11/18/2023,37.663711,58.09613,46.659028,5,0
04/10/2023,05/03/2023,37.761489,61.243966,67.709117,6,0
01/04/2024,01/26/2024,37.538445,55.541993,45.387427,3,0
09/17/2023,10/08/2023,38.060999,56.414243,58.888831,3,0
10/20/2024,11/12/2024,37.883536,52.667336,66.733627,3,0
12/06/2023,12/29/2023,37.561927,57.25128,60.965966,6,0
12/11/2023,01/02/2024,37.552341,53.813037,67.397931,6,1
04/14/2024,05/03/2024,37.679273,55.387583,54.205782,5,0
07/09/2024,08/01/2024,37.558219,52.389267,60.931335,3,1
07/24/2023,08/15/2023,38.106403,50.917294,58.737087,5,0
10/26/2024,11/18/2024,37.87239,53.966509,58.375357,3,0
06/11/2023,07/03/2023,37.587725,55.21181,56.7042,6,1
01/20/2023,02/12/2023,37.533972,54.165689,58.091261,5,0
05/06/2024,05/28/2024,37.841755,47.664658,67.17148,6,0
10/11/2023,11/01/2023,37.920247,52.670972,55.267016,3,0
11/10/2024,11/30/2024,37.325151,59.33894,58.236335,6,0
07/24/2023,08/12/2023,38.119832,55.196164,49.05315,3,0
11/30/2023,12/20/2023,37.202689,56.121315,46.201065,3,1
05/14/2024,06/03/2024,37.438082,50.740002,58.80829,4,0
04/17/2024,05/10/2024,37.941637,53.38243,69.374263,6,0
12/23/2023,01/11/2024,37.531791,55.044913,59.13321,4,0
05/04/2024,05/24/2024,36.986856,54.678772,56.803402,3,0
12/12/2024,01/03/2025,37.569886,53.788539,50.011855,6,1
10/12/2023,10/31/2023,37.586632,56.477208,51.168529,5,0
04/11/2024,05/02/2024,37.159836,55.055119,55.541573,4,0
09/04/2024,09/27/2024,37.586041,52.46719,55.725659,3,0
12/09/2024,12/29/2024,37.42452,49.58808,57.65269,4,0
08/05/2023,08/25/2023,38.028854,55.095364,60.710717,6,0
07/19/2024,08/08/2024,38.130837,51.347536,61.565753,3,0
07/21/2023,08/10/2023,37.863849,57.77789,59.946926,4,0
11/20/2024,12/13/2024,38.026452,53.216519,57.352791,4,0
05/06/2023,05/26/2023,37.556503,54.845599,52.940627,5,1
05/18/2023,06/07/2023,37.733681,59.39924,56.370995,4,1
12/03/2024,12/25/2024,37.604988,53.612513,53.030874,3,0
12/28/2023,01/16/2024,37.692337,54.28235,48.129254,5,1
07/07/2023,07/28/2023,37.810704,55.597001,58.251089,5,0
06/15/2024,07/08/2024,37.308227,52.438837,61.002724,6,0
11/07/2024,11/28/2024,37.845425,55.891732,61.863977,5,0
04/12/2024,05/03/2024,37.383975,58.114988,67.287186,4,0
08/18/2023,09/10/2023,38.048224,56.977644,60.719218,6,0
11/15/2023,12/08/2023,37.390702,54.657794,60.272317,3,0
11/12/2023,12/05/2023,37.381414,52.613017,59.625325,4,0
12/29/2023,01/21/2024,38.460736,48.966522,52.412657,6,0
05/15/2024,06/05/2024,37.53612,53.222356,54.072391,3,0
02/13/2023,03/07/2023,37.390234,57.201992,59.249087,3,0
10/05/2023,10/28/2023,37.673347,55.411246,64.916771,6,1
04/14/2023,05/03/2023,37.751266,55.093856,57.905654,6,0
07/18/2024,08/07/2024,37.128261,54.888076,65.126547,5,0
04/30/2024,05/23/2024,37.47004,58.478178,51.914571,4,1
10/27/2023,11/17/2023,37.463691,57.997193,52.658262,5,0
04/04/2023,04/24/2023,37.339913,55.975482,64.854482,5,0
09/17/2024,10/10/2024,37.78887,53.749969,56.191074,3,0
03/13/2023,04/04/2023,37.086999,56.179174,59.577093,4,0
12/14/2024,01/02/2025,37.058345,51.143773,59.883873,6,1
10/17/2023,11/09/2023,37.141887,58.149062,56.467748,4,0
06/17/2023,07/08/2023,37.872146,57.08218,53.229972,4,0
11/29/2024,12/18/2024,37.466536,58.513339,64.248984,5,0
08/21/2024,09/11/2024,37.931518,56.380601,62.59624,4,0
12/21/2024,01/12/2025,37.771445,56.857115,62.631306,5,1
10/14/2024,11/02/2024,37.079105,55.959516,60.247431,6,1
09/27/2024,10/19/2024,37.183545,48.93513,57.829091,3,0
07/04/2023,07/23/2023,37.163822,52.675383,53.086049,3,0
02/01/2024,02/24/2024,37.58045,59.185541,50.774333,3,0
08/31/2024,09/22/2024,37.223629,56.2999,61.587876,5,0
02/04/2023,02/25/2023,37.631839,48.462626,61.307346,3,0
11/12/2023,12/03/2023,37.21362,57.054074,59.298499,6,0
10/21/2024,11/10/2024,37.901539,50.993707,55.179767,4,0
04/23/2024,05/12/2024,37.759472,56.179466,53.64144,3,0
11/11/2024,12/04/2024,37.69464,56.902571,57.998202,3,0
08/23/2024,09/13/2024,37.524358,53.860142,59.574727,6,1
04/29/2023,05/19/2023,37.97869,53.921109,66.377272,4,1
03/31/2024,04/21/2024,38.228639,54.440117,68.446771,6,0
01/09/2024,01/29/2024,37.241608,52.938227,54.55607,5,0
07/12/2024,07/31/2024,37.667105,51.892567,60.890203,3,0
11/13/2024,12/04/2024,37.929918,60.150339,63.622579,4,0
12/25/2024,01/15/2025,38.140808,50.94474,61.643633,3,0
04/17/2024,05/06/2024,37.164859,51.923103,47.983408,4,0
06/04/2024,06/24/2024,36.771401,60.706718,49.885172,5,0
02/02/2023,02/24/2023,38.210303,56.185173,61.240385,4,0
04/23/2024,05/13/2024,37.610499,60.168525,67.162514,4,0
07/20/2023,08/08/2023,37.378994,57.258022,53.959412,5,0
11/03/2024,11/23/2024,37.663291,54.863157,56.379588,5,1
02/04/2023,02/23/2023,37.876246,61.906512,47.844006,3,0
03/01/2023,03/22/2023,37.775078,60.696776,55.833352,3,0
08/01/2023,08/22/2023,37.089161,52.159947,66.233592,6,1
11/24/2023,12/14/2023,37.041654,57.053104,61.201666,6,1
12/24/2024,01/14/2025,37.846951,54.534696,58.51452,6,0
12/12/2023,01/01/2024,37.514893,55.778235,49.752188,3,0
02/21/2023,03/13/2023,37.606729,56.408157,58.185772,3,0
12/11/2024,12/31/2024,37.970417,53.662937,63.894942,5,0
01/02/2023,01/22/2023,37.464178,51.208682,61.724708,4,0
11/01/2024,11/24/2024,37.533291,57.440659,56.818137,4,0
02/26/2024,03/17/2024,37.518365,59.538834,65.457528,6,0
06/29/2023,07/19/2023,37.794066,57.974137,46.147398,5,0
02/13/2024,03/03/2024,37.88082,53.7542,59.857405,6,1
09/12/2024,10/04/2024,37.715606,55.305689,60.191073,5,0
09/11/2024,10/03/2024,37.78042,56.465162,59.68968,5,1
03/30/2024,04/22/2024,37.365306,51.940559,60.042671,5,0
03/08/2023,03/27/2023,37.5877,58.303678,59.011749,4,0
03/17/2024,04/05/2024,37.859555,51.28206,63.987669,6,0
06/05/2023,06/25/2023,38.149656,56.326009,54.969768,6,0
07/04/2023,07/26/2023,37.582245,52.829243,48.326188,4,0
09/18/2023,10/08/2023,37.663436,55.156875,60.284888,5,0
09/08/2023,09/27/2023,37.239504,54.040891,57.499874,3,0
11/18/2023,12/08/2023,38.166739,56.902358,61.022258,4,0
02/07/2024,02/29/2024,37.404856,58.95805,62.848606,5,0
11/29/2023,12/18/2023,37.898423,55.494098,69.471975,5,0
09/18/2023,10/09/2023,37.498779,55.377876,71.078683,5,1
12/13/2024,01/05/2025,37.76856,50.147429,57.988313,3,0
07/11/2023,08/02/2023,37.589732,47.952034,57.08753,3,0
09/27/2024,10/19/2024,37.220429,53.451264,50.549132,6,0
12/01/2024,12/20/2024,37.247066,58.055486,48.882196,4,0
12/18/2024,01/07/2025,38.000416,55.404873,57.331611,5,0
09/24/2023,10/17/2023,37.570152,61.206349,64.978542,3,0
03/20/2024,04/11/2024,37.429497,55.58547,55.093624,4,0
02/17/2023,03/10/2023,37.611853,51.891154,62.134927,6,0
02/16/2023,03/09/2023,37.664094,49.806035,46.33342,5,0
01/16/2024,02/06/2024,37.836969,55.009563,55.491657,6,0
05/20/2023,06/10/2023,37.916947,53.919638,51.920634,3,0
03/26/2024,04/16/2024,38.145996,54.108971,51.842479,4,0
03/14/2023,04/03/2023,37.816929,53.695759,68.176482,6,0
12/22/2024,01/10/2025,37.457066,56.766965,59.652673,6,0
08/20/2024,09/10/2024,37.784169,60.32386,52.191333,6,0
01/11/2023,01/31/2023,37.631056,54.043572,41.264496,4,0
04/24/2023,05/13/2023,38.080317,60.069544,58.513782,3,0
01/06/2023,01/25/2023,37.334921,56.351656,51.832231,4,0
04/18/2023,05/11/2023,37.502397,55.477874,53.953391,4,0
06/21/2023,07/10/2023,37.723037,53.748111,58.534885,5,1
08/03/2024,08/23/2024,38.11107,57.946969,62.263062,6,0
09/12/2024,10/02/2024,37.972576,58.470004,60.158471,4,0
05/11/2024,05/30/2024,37.775817,52.643021,55.127468,3,0
01/16/2024,02/07/2024,37.447745,52.983854,55.790544,3,0
04/23/2024,05/13/2024,37.292177,54.708574,52.49716,3,0
06/03/2023,06/24/2023,36.866472,56.115125,65.922598,4,0
04/19/2024,05/11/2024,37.434205,51.581196,59.045005,6,0
06/26/2024,07/15/2024,38.376053,61.518781,58.601788,6,0
10/31/2024,11/19/2024,37.363234,53.15526,60.944876,4,0
05/17/2023,06/08/2023,37.858159,56.153796,60.567454,4,0
06/18/2024,07/09/2024,37.546924,52.66007,51.852114,6,1
11/18/2023,12/08/2023,37.508149,52.795907,64.254241,4,0
02/27/2023,03/20/2023,37.839941,45.044494,55.164375,4,0
09/23/2024,10/15/2024,37.833764,51.373753,56.52834,5,1
03/23/2024,04/13/2024,37.063398,58.901866,70.810938,3,0
11/17/2023,12/07/2023,37.412339,56.125543,54.991164,6,0
05/07/2023,05/26/2023,37.978498,58.493426,45.305963,4,0
05/16/2024,06/07/2024,37.539725,55.698366,58.724495,4,1
09/21/2024,10/12/2024,37.810996,54.504113,54.521292,3,1
08/26/2024,09/14/2024,37.430639,56.564659,60.06386,4,0
11/22/2023,12/12/2023,37.459712,54.625972,58.54796,6,0
12/10/2024,12/29/2024,37.671471,54.80024,63.65667,4,0
06/21/2024,07/11/2024,37.750551,47.62619,60.995764,4,0
10/26/2024,11/14/2024,37.532266,56.706526,58.905255,3,0
07/10/2023,07/31/2023,37.57277,54.4096,62.568615,4,1
05/23/2023,06/12/2023,38.095375,57.598599,62.989029,4,0
09/13/2023,10/02/2023,37.722125,44.862011,63.904617,4,0
08/28/2023,09/18/2023,37.524151,54.470204,56.886239,5,0
04/22/2024,05/15/2024,37.771362,55.697416,58.605268,6,0
10/09/2024,10/31/2024,37.535587,53.333516,62.659762,5,0
07/18/2023,08/08/2023,37.62213,58.909461,49.378962,3,1
10/18/2024,11/07/2024,37.898004,56.755088,60.752509,6,1
07/31/2023,08/20/2023,37.295529,57.69926,67.416759,4,0
04/26/2024,05/17/2024,37.794162,51.685673,53.495919,4,0
05/17/2024,06/05/2024,37.857932,56.904344,56.895794,5,0
09/17/2024,10/06/2024,38.04835,62.245789,64.262122,3,0
12/12/2024,01/02/2025,37.944781,55.291756,58.964378,3,1
12/10/2023,01/02/2024,37.857035,52.510533,49.20375,3,0
09/13/2024,10/02/2024,37.724504,53.924037,53.161493,5,1
08/19/2023,09/08/2023,38.000005,53.057259,51.664333,4,0
11/18/2023,12/11/2023,37.45605,55.685754,59.7597,3,1
02/28/2024,03/18/2024,38.081557,49.641316,58.706085,3,0
12/24/2023,01/14/2024,37.444782,49.092365,57.247487,6,0
08/22/2024,09/12/2024,37.369785,50.49436,63.57165,5,0
11/14/2024,12/03/2024,37.250271,53.227763,58.434585,4,0
10/16/2024,11/04/2024,38.055886,55.228304,71.014897,5,0
12/03/2024,12/22/2024,37.328511,62.03869,54.055385,4,0
07/08/2023,07/29/2023,37.694459,54.403134,47.223825,5,0
05/18/2023,06/07/2023,37.751089,52.849669,59.214807,3,1
07/03/2023,07/26/2023,37.729299,60.770376,54.600136,6,0
04/22/2023,05/13/2023,37.700335,58.303459,68.67721,5,0
11/17/2023,12/10/2023,38.058623,57.181555,60.232795,5,0
07/30/2024,08/18/2024,37.618855,52.841077,68.178072,3,0
07/25/2024,08/16/2024,37.889683,52.163104,58.243191,6,1
06/28/2024,07/17/2024,37.548583,54.089737,53.877163,6,1
12/05/2024,12/27/2024,37.537719,56.746261,58.220989,5,1
07/22/2023,08/14/2023,37.600046,57.243475,51.973529,3,0
12/23/2024,01/15/2025,36.994803,53.197589,62.439046,5,0
11/08/2024,11/27/2024,37.999382,54.096262,68.182247,3,0
03/06/2024,03/25/2024,37.554738,51.089748,61.010727,3,0
05/20/2023,06/09/2023,38.053137,51.384502,46.689456,6,0
04/01/2024,04/22/2024,38.086382,55.51879,64.938305,3,0
12/23/2023,01/13/2024,37.477083,52.940089,52.672543,4,0
10/04/2023,10/24/2023,37.275789,51.548097,68.0342,3,0
01/01/2023,01/23/2023,37.67984,50.703721,52.283565,6,0
03/19/2024,04/09/2024,37.069272,58.708764,55.09229,5,0
10/18/2023,11/08/2023,37.688867,55.412346,59.158466,6,1
09/25/2024,10/14/2024,37.675736,57.431443,54.939094,4,0
06/12/2023,07/02/2023,38.094438,50.954961,56.486309,5,0
12/16/2024,01/06/2025,38.134471,55.10096,56.466168,5,0
05/31/2024,06/23/2024,37.724985,56.298276,66.323508,6,0
11/28/2023,12/17/2023,37.917625,49.083279,62.053986,6,0
05/14/2023,06/06/2023,37.330981,50.767183,58.296296,6,0
06/07/2023,06/28/2023,37.557418,54.64073,53.039689,6,1
10/10/2023,10/30/2023,38.006225,56.163569,56.060439,5,0
02/16/2024,03/07/2024,37.68065,54.092552,52.066974,4,0
12/12/2024,01/04/2025,37.531684,56.598964,55.969637,3,0
01/15/2024,02/03/2024,37.266731,56.538314,53.732881,6,1
01/12/2023,02/01/2023,37.099659,61.062531,50.059128,3,0
10/28/2023,11/17/2023,37.522416,55.680932,62.276204,6,1
03/15/2024,04/04/2024,37.467496,55.854242,57.253352,6,1
09/09/2023,09/30/2023,37.460314,48.999014,49.846358,3,0
03/26/2024,04/15/2024,37.35788,58.424551,60.640791,6,0
09/05/2024,09/27/2024,37.718236,49.311672,58.083612,6,0
07/07/2024,07/29/2024,37.302837,61.15137,64.109901,3,0
09/28/2023,10/18/2023,38.250934,53.471464,59.377893,3,0
05/28/2024,06/16/2024,37.324186,54.391454,68.426048,3,1
09/08/2024,10/01/2024,37.415726,56.030323,56.694946,4,1
05/23/2023,06/11/2023,37.820948,53.202338,61.669695,6,0
07/14/2023,08/05/2023,37.446286,59.902176,61.811676,6,1
02/09/2023,03/03/2023,37.29761,50.922452,55.469364,6,1
01/06/2023,01/28/2023,37.680387,58.419031,55.023711,5,0
09/10/2024,10/01/2024,37.713752,53.420685,49.673954,4,1
12/24/2024,01/16/2025,36.988502,60.473421,57.127659,4,0
12/23/2024,01/13/2025,37.167108,51.434438,62.12534,5,0
08/09/2024,08/31/2024,37.36948,50.406908,59.938079,5,0
01/03/2024,01/24/2024,37.337191,55.23862,55.068791,6,1
07/31/2024,08/21/2024,37.709709,52.401846,63.190597,5,1
12/15/2023,01/03/2024,37.388037,53.391556,63.749928,5,1
09/07/2024,09/26/2024,37.174599,63.19235,56.585744,5,0
01/03/2023,01/25/2023,37.345484,53.864128,58.379917,4,1
07/14/2024,08/04/2024,37.784209,57.523524,58.110307,4,0
03/16/2023,04/08/2023,37.531177,51.824818,57.258559,3,1
01/17/2024,02/09/2024,37.694116,55.585193,63.966613,5,0
03/19/2024,04/10/2024,37.166054,57.317133,60.064439,3,0
12/20/2024,01/10/2025,37.460869,51.460119,64.496948,6,1
12/24/2024,01/14/2025,37.285653,57.665867,40.391952,6,0
08/14/2024,09/06/2024,37.874456,58.318418,56.538229,6,1
07/12/2024,08/03/2024,37.601955,56.677733,65.458676,4,0
06/08/2023,06/28/2023,37.320781,53.962179,46.677737,6,0
09/19/2024,10/09/2024,37.579594,55.157293,63.894542,6,1
12/03/2023,12/26/2023,37.458751,53.781359,56.159336,3,0
05/18/2023,06/07/2023,38.176121,55.214225,47.60513,6,0
03/19/2023,04/07/2023,37.123686,53.635976,53.185633,4,0
12/04/2024,12/27/2024,37.594744,53.878722,60.401143,4,1
07/19/2024,08/08/2024,37.905544,56.040388,54.114412,5,0
08/24/2023,09/13/2023,37.77739,54.974154,58.062288,3,1
09/15/2023,10/05/2023,38.053236,52.527219,51.552479,6,0
11/13/2023,12/06/2023,37.531776,56.106861,63.069542,3,1
02/21/2024,03/12/2024,37.329411,57.952673,58.441878,6,1
11/14/2023,12/03/2023,37.333896,60.093463,62.941758,5,0
05/25/2024,06/17/2024,37.934839,55.052671,47.177561,5,0
05/27/2023,06/15/2023,38.065789,52.806599,61.635279,6,0
08/24/2023,09/15/2023,37.734364,52.727635,57.046715,3,0
09/24/2023,10/13/2023,37.303219,51.128097,69.784983,3,0
07/05/2023,07/26/2023,37.662349,52.222744,63.050328,3,0
08/28/2024,09/20/2024,37.8326,52.964868,65.047555,5,1
02/29/2024,03/21/2024,37.22045,54.129126,55.201345,5,0
03/24/2023,04/13/2023,37.223507,56.623851,47.594549,5,0
07/15/2023,08/06/2023,37.799873,52.577643,59.610011,6,0
04/08/2024,04/27/2024,38.005,59.333053,58.694825,5,1
12/18/2024,01/08/2025,37.853041,57.753531,56.292431,6,0
02/16/2024,03/09/2024,37.368857,48.37506,63.012273,6,0
05/19/2023,06/10/2023,37.967995,52.612512,51.667619,5,0
01/24/2023,02/16/2023,37.818417,60.721549,59.100372,5,0
03/20/2023,04/10/2023,37.850079,58.249151,62.084798,4,0
04/06/2023,04/28/2023,37.741349,54.195191,63.583378,6,0
06/22/2023,07/11/2023,37.763556,57.873126,56.484088,5,0
08/21/2024,09/09/2024,37.758661,53.996417,53.134516,3,0
02/21/2024,03/14/2024,37.855839,56.129974,66.820747,3,0
04/09/2024,04/28/2024,37.623429,49.306942,51.178324,3,0
06/28/2023,07/19/2023,37.548321,57.113478,55.430756,4,1
11/11/2024,12/04/2024,37.538941,51.944857,60.535434,4,0
04/08/2023,04/30/2023,37.457872,54.990503,51.964161,5,0
10/23/2023,11/11/2023,37.751134,60.457821,50.248344,4,0
12/19/2023,01/10/2024,37.466312,56.625607,64.478126,4,0
04/05/2023,04/25/2023,38.026052,58.258135,57.760556,6,0
04/04/2023,04/25/2023,37.606214,53.223149,53.018434,3,0
09/03/2024,09/23/2024,37.682746,52.617154,66.529212,6,0
05/19/2024,06/10/2024,37.34509,53.946634,52.106795,3,0
07/15/2023,08/04/2023,37.846292,55.87506,66.075977,3,1
09/06/2024,09/25/2024,38.046903,55.336705,59.992977,6,0
04/13/2024,05/03/2024,37.678923,55.922849,53.252808,5,1
06/10/2024,07/02/2024,37.98159,55.965235,58.3494,4,0
04/14/2024,05/04/2024,37.371299,53.858093,52.971903,6,0
08/09/2023,08/29/2023,37.424837,55.63523,57.045605,3,0
03/01/2024,03/23/2024,37.987348,51.499689,64.357424,6,0
08/29/2023,09/18/2023,37.431786,55.602296,59.299837,4,0
06/30/2023,07/22/2023,37.567408,57.485409,63.740704,6,0
11/25/2024,12/15/2024,37.805918,52.962526,71.119282,4,0
07/31/2023,08/23/2023,38.101193,54.689871,63.182017,6,0
08/12/2023,08/31/2023,38.046918,55.454567,63.288669,6,0
12/09/2024,12/29/2024,38.190832,55.394206,62.003304,4,0
06/30/2023,07/20/2023,37.936511,54.016844,61.765041,5,0
12/08/2024,12/31/2024,37.155216,55.234942,56.959315,6,0
06/11/2023,07/01/2023,37.365512,54.937584,52.964726,3,0
06/03/2023,06/22/2023,37.765249,57.373688,59.97799,3,0
08/19/2023,09/07/2023,37.670403,46.952726,57.327493,3,0
08/09/2024,09/01/2024,37.64817,55.716788,64.402533,4,0
11/21/2023,12/13/2023,37.441365,64.861176,60.699366,5,1
12/23/2023,01/14/2024,37.244419,53.052428,67.457671,4,0
09/28/2024,10/17/2024,37.596291,59.004788,62.899608,3,0
05/12/2024,06/01/2024,38.01295,52.796166,61.551292,6,0
09/06/2024,09/27/2024,37.351407,58.412649,57.895425,3,0
01/14/2024,02/06/2024,37.58934,53.142679,66.434832,4,0
04/23/2024,05/15/2024,38.167865,53.400119,42.88341,3,0
05/16/2024,06/04/2024,37.750569,55.940964,52.935263,3,0
03/31/2023,04/22/2023,37.07096,55.462559,50.004499,5,0
05/27/2023,06/16/2023,37.347463,53.69212,55.239236,6,1
04/21/2024,05/13/2024,37.75665,54.397166,59.241318,4,1
02/25/2023,03/17/2023,37.240795,53.718693,55.892173,6,0
10/06/2024,10/26/2024,37.333819,50.140669,54.142613,5,0
09/09/2023,10/01/2023,37.544345,55.82166,57.02315,4,0
12/24/2024,01/14/2025,38.270493,54.810929,58.713796,3,0
08/13/2024,09/05/2024,37.67522,52.152612,61.699498,5,1
01/01/2023,01/21/2023,37.925036,55.815399,65.565412,6,0
07/18/2023,08/09/2023,38.069752,53.084305,62.574097,5,0
12/20/2023,01/08/2024,37.916338,57.805014,56.966095,4,0
03/18/2024,04/08/2024,38.149738,51.158136,56.620528,5,0
01/05/2023,01/24/2023,37.084601,51.171114,56.49551,6,0
02/17/2024,03/10/2024,37.123,55.183682,61.706618,4,0
04/29/2024,05/21/2024,37.93356,56.437129,50.296263,3,0
06/07/2023,06/27/2023,37.799148,55.92608,61.952331,3,0
06/22/2023,07/12/2023,37.535396,53.813331,60.019622,4,0
08/24/2024,09/16/2024,37.534794,53.516153,56.101887,4,0
10/19/2023,11/11/2023,38.036451,55.022725,61.714463,5,1
02/15/2024,03/06/2024,36.689205,61.002589,55.113205,5,0
12/14/2024,01/03/2025,37.615251,57.67618,49.438788,6,1
12/17/2023,01/08/2024,37.729292,55.368769,54.256335,4,0
01/23/2024,02/14/2024,37.750365,53.717677,58.666637,4,1
07/25/2024,08/17/2024,37.802246,57.986763,62.982912,4,0
06/29/2023,07/19/2023,37.617994,58.035013,60.774811,3,0
10/03/2024,10/25/2024,37.209021,53.174417,54.970021,4,0
02/10/2023,03/01/2023,37.904583,52.348838,59.878702,3,1
02/07/2024,02/28/2024,37.489011,53.885665,60.705854,6,0
11/20/2024,12/10/2024,37.868835,58.375063,62.290079,6,0
02/19/2024,03/10/2024,37.468802,52.818634,59.502674,5,1
01/30/2023,02/22/2023,37.721647,53.044437,72.369774,4,0
05/11/2023,05/31/2023,37.395851,55.146934,61.46017,5,0
06/02/2024,06/24/2024,37.324464,54.884597,63.434995,5,1
07/17/2024,08/09/2024,37.29559,58.913881,63.118408,3,0
05/18/2023,06/08/2023,37.780765,58.902419,50.26067,4,0
12/07/2023,12/26/2023,37.768064,59.185085,69.816824,3,0
01/14/2023,02/02/2023,37.296496,60.730796,53.801841,4,0
12/21/2024,01/12/2025,37.015594,55.472899,68.097338,5,0
09/15/2024,10/05/2024,37.644144,55.567051,52.827728,3,0
02/08/2024,02/29/2024,37.43145,52.428433,50.863312,6,1
11/19/2024,12/12/2024,37.75012,58.11264,58.141182,5,0
05/01/2023,05/22/2023,37.381945,53.107574,64.320437,6,0
05/18/2023,06/10/2023,37.834316,52.434589,68.799713,4,0
08/17/2023,09/06/2023,37.768663,54.435038,69.369814,5,1
04/26/2023,05/16/2023,37.64673,52.38322,52.865319,4,0
02/26/2024,03/16/2024,37.594081,58.496858,57.759884,6,0
10/10/2023,11/02/2023,37.815008,57.728747,62.300266,6,0
11/11/2024,12/04/2024,37.319915,54.983142,50.530007,4,0
04/25/2024,05/15/2024,37.660641,56.328176,55.365061,4,0
04/12/2023,05/03/2023,37.550993,51.00875,53.753148,4,0
12/04/2024,12/23/2024,37.81489,58.461277,55.241745,6,1
08/07/2024,08/27/2024,37.535138,57.551013,44.199942,3,0
12/18/2024,01/09/2025,37.666472,55.194344,64.204898,4,0
09/20/2023,10/12/2023,37.353595,55.575397,58.807483,5,0
01/11/2024,02/02/2024,37.408937,51.9069,70.1101,4,0
10/03/2024,10/26/2024,37.660135,58.108813,61.73368,4,0
03/15/2023,04/03/2023,37.083723,52.932569,56.314861,5,0
10/01/2024,10/22/2024,37.963284,54.19173,64.16177,3,0
12/18/2023,01/07/2024,38.029046,54.632631,60.925611,5,0
06/14/2023,07/04/2023,37.841925,57.461406,64.743406,6,0
03/18/2024,04/09/2024,38.041123,48.998189,62.851688,3,0
09/25/2023,10/16/2023,37.802235,59.920553,67.507112,4,0
05/29/2024,06/18/2024,37.5207,55.590008,60.536441,4,0
10/09/2023,10/31/2023,37.097301,55.104967,54.81316,3,1
03/11/2023,04/03/2023,37.633671,54.123077,58.727307,4,0
09/10/2023,10/01/2023,38.025721,59.299072,59.05296,5,0
11/26/2024,12/16/2024,37.762296,53.997299,43.648045,6,0
02/27/2024,03/18/2024,37.960957,56.305024,66.683938,3,0
02/03/2024,02/22/2024,37.493373,57.668821,56.753181,3,1
05/01/2023,05/23/2023,37.511521,51.599467,62.427051,6,1
10/16/2024,11/08/2024,37.89074,51.774778,52.006583,6,0
05/22/2023,06/13/2023,37.170826,56.038149,58.682376,6,0
09/30/2024,10/21/2024,37.557227,54.353657,46.519101,6,0
02/04/2024,02/24/2024,37.604446,54.021667,57.17186,3,1
12/17/2024,01/05/2025,37.647473,57.360109,60.038185,3,0
10/26/2023,11/17/2023,37.467352,52.679189,57.087812,4,0
02/20/2023,03/13/2023,37.886381,50.786468,59.142867,3,0
04/01/2023,04/22/2023,38.143527,60.497993,63.804908,5,0
10/22/2023,11/12/2023,38.055277,51.976247,56.779452,4,0
11/08/2024,11/30/2024,38.012647,53.582152,57.484511,3,0
07/05/2023,07/27/2023,37.472484,55.148342,71.982748,5,0
01/14/2024,02/03/2024,38.121639,53.799663,62.60463,3,0
12/15/2024,01/07/2025,38.104084,62.394106,69.754159,6,0
04/08/2024,04/30/2024,37.759959,54.92326,59.528112,4,0
07/09/2023,07/28/2023,37.210892,49.96614,60.165918,3,0
06/01/2024,06/20/2024,37.641487,54.195862,62.156473,5,1
05/29/2024,06/18/2024,37.64034,52.999137,60.49804,3,1
09/05/2023,09/26/2023,37.601198,57.034391,70.515426,3,0
10/28/2024,11/18/2024,37.716196,50.241536,52.478977,6,0
01/05/2023,01/28/2023,37.258171,58.717697,55.904389,3,0
04/23/2023,05/12/2023,37.895755,49.186777,68.135371,4,0
07/26/2023,08/15/2023,37.627236,51.630793,58.235747,6,1
04/07/2024,04/28/2024,37.715022,56.591501,59.633852,3,0
07/21/2023,08/10/2023,37.507656,57.624292,63.844171,4,1
10/03/2023,10/22/2023,38.091327,52.717776,60.552077,5,0
12/17/2024,01/06/2025,37.350342,58.204968,53.36312,3,0
09/19/2023,10/12/2023,37.646486,57.132019,62.399064,3,0
04/23/2024,05/12/2024,37.592514,54.350345,54.390821,6,0
01/05/2023,01/24/2023,37.373588,56.202047,51.795359,4,0
02/27/2024,03/17/2024,37.838877,53.584578,63.467461,6,0
08/31/2023,09/19/2023,37.781112,54.648506,68.594417,3,0
02/19/2024,03/11/2024,37.49542,58.791717,48.486588,4,0
06/11/2024,07/01/2024,37.535089,58.647421,56.979575,6,0
10/19/2023,11/11/2023,37.421333,59.10995,55.413363,3,0
01/08/2023,01/29/2023,37.975877,56.43905,55.363712,3,1
04/30/2023,05/19/2023,37.614676,56.296775,65.717067,3,1
11/20/2024,12/09/2024,37.20475,57.565612,52.524821,3,0
01/27/2024,02/18/2024,37.477562,52.252573,53.360468,4,0
03/17/2023,04/05/2023,37.758687,57.177838,54.502863,6,0
02/15/2023,03/10/2023,37.545871,51.213249,61.797098,3,1
09/06/2023,09/26/2023,37.535484,54.488582,49.18419,3,0
02/20/2024,03/13/2024,37.70363,56.015425,62.322339,3,0
01/26/2023,02/14/2023,37.513173,55.625224,63.575669,6,0
01/02/2023,01/22/2023,37.475642,51.60963,52.94269,4,1
10/17/2023,11/07/2023,37.385187,51.597942,59.419512,6,0
04/01/2023,04/23/2023,37.421084,60.501358,52.379103,5,0
03/26/2023,04/15/2023,37.854717,52.597894,53.380997,5,1
07/16/2024,08/07/2024,37.412918,53.075652,57.447446,5,1
03/26/2023,04/16/2023,38.279563,53.918341,52.769309,6,0
02/20/2023,03/11/2023,37.604405,54.269487,46.477557,6,1
04/06/2024,04/29/2024,37.301694,55.913229,56.45761,3,0
04/30/2023,05/19/2023,37.945344,51.217404,57.243124,5,1
05/05/2024,05/27/2024,37.843243,55.410281,59.838507,3,1
03/29/2024,04/21/2024,37.693642,56.079681,65.82446,5,0
12/02/2024,12/21/2024,37.165461,59.594484,54.257571,3,0
04/02/2024,04/24/2024,37.553017,48.563911,51.634701,4,0
08/27/2023,09/15/2023,37.302331,52.741025,63.470154,6,0
10/11/2023,11/02/2023,37.264649,52.706279,64.626837,6,0
07/21/2023,08/11/2023,37.275551,60.176301,57.7233,6,0
08/29/2023,09/20/2023,37.774192,51.989097,52.335796,4,1
01/17/2023,02/09/2023,37.858909,58.227397,46.196153,5,0
01/09/2024,02/01/2024,37.415779,57.613428,55.769429,6,0
01/29/2023,02/17/2023,37.142688,57.165084,70.655579,4,0
11/06/2024,11/26/2024,37.580852,57.884223,61.329385,5,1
02/12/2024,03/02/2024,37.309043,54.30279,65.779489,6,1
02/15/2023,03/10/2023,37.339709,55.192187,61.601593,5,1
12/16/2024,01/05/2025,37.903506,51.47554,57.293927,6,0
03/18/2024,04/08/2024,37.373991,52.816716,52.962511,4,0
12/22/2023,01/10/2024,37.496322,59.037678,53.701602,6,0
06/28/2023,07/17/2023,37.549796,55.913816,56.403572,4,1
04/30/2024,05/20/2024,37.63025,54.50732,65.143832,4,0
07/28/2024,08/19/2024,37.630249,47.67137,61.125968,6,0
01/20/2023,02/09/2023,37.713856,51.883502,58.938676,3,0
12/27/2023,01/15/2024,37.949837,54.403126,56.506819,3,0
08/31/2024,09/23/2024,37.181142,56.567711,59.564987,5,0
03/26/2023,04/18/2023,37.80024,49.938345,57.977901,5,0
01/27/2023,02/16/2023,37.523287,52.806234,61.449446,6,0
11/28/2024,12/20/2024,37.049111,51.562001,65.297389,3,0
01/18/2024,02/08/2024,37.514262,58.588602,60.892007,5,0
07/16/2023,08/07/2023,37.799526,50.436091,46.473768,5,0
06/02/2023,06/23/2023,37.536555,57.020462,51.579434,4,0
04/13/2024,05/05/2024,37.938569,51.991459,52.98499,6,0
01/23/2024,02/15/2024,38.030601,53.908789,62.655931,5,0
06/25/2024,07/15/2024,37.892142,60.787683,59.651548,5,0
06/13/2023,07/02/2023,37.609671,53.287335,51.283465,5,0
02/27/2023,03/19/2023,37.603733,58.040076,47.860126,3,0
03/15/2023,04/03/2023,38.025296,59.295595,57.595438,5,0
03/31/2023,04/21/2023,37.352073,60.289185,53.476412,5,0
10/18/2024,11/07/2024,37.609413,59.157311,66.253607,6,1
10/13/2024,11/01/2024,37.905261,59.147198,55.441013,4,0
10/19/2023,11/07/2023,37.547029,56.368073,56.808677,4,0
03/29/2023,04/19/2023,38.090465,51.475379,56.636244,3,0
09/13/2024,10/04/2024,37.660672,54.157636,53.212931,3,0
05/03/2023,05/24/2023,37.500394,52.601117,61.971765,4,0
02/19/2023,03/14/2023,37.395554,52.537329,56.52624,3,0
09/02/2023,09/22/2023,37.558882,61.554865,55.017074,3,0
05/25/2023,06/17/2023,37.229338,56.594073,57.698767,5,0
08/03/2023,08/22/2023,37.793928,51.494822,49.776382,6,0
06/07/2023,06/26/2023,37.726183,54.06418,62.862818,4,1
03/01/2024,03/22/2024,37.896475,55.894114,56.35752,3,0
10/16/2024,11/08/2024,37.898446,57.274101,56.071823,5,0
07/26/2024,08/17/2024,36.559992,49.133492,57.404032,3,0
01/26/2024,02/14/2024,38.10101,58.662022,66.463765,6,0
03/31/2024,04/19/2024,37.457682,54.345652,58.958687,3,1
02/03/2024,02/23/2024,37.578189,55.598084,50.246358,5,1
03/19/2024,04/08/2024,38.053523,54.002666,53.890942,4,0
10/12/2023,11/03/2023,37.44323,54.046623,51.020661,5,0
04/02/2023,04/22/2023,37.509173,57.803148,58.296622,5,0
05/03/2024,05/25/2024,37.118179,50.902224,64.510206,6,0
08/23/2023,09/15/2023,37.689792,47.374232,63.272259,5,0
11/30/2023,12/20/2023,37.52193,57.719721,70.403766,5,0
01/04/2023,01/26/2023,37.343738,56.17895,61.054538,6,1
02/28/2024,03/20/2024,37.456658,52.072971,61.144432,4,0
07/01/2023,07/24/2023,37.54481,54.426331,59.117835,6,1
10/17/2024,11/09/2024,37.935607,58.996917,50.735662,3,0
11/16/2023,12/07/2023,37.963297,52.777825,58.481172,3,0
09/01/2024,09/22/2024,37.659294,58.417047,62.714967,4,0
07/28/2023,08/20/2023,37.656402,55.725966,46.872133,3,0
09/09/2024,09/30/2024,37.385558,56.137235,52.528873,5,1
11/16/2023,12/09/2023,37.958389,53.673995,47.273886,5,0
05/25/2024,06/14/2024,37.305982,48.0816,56.113616,6,0
12/19/2024,01/10/2025,37.331951,54.480765,56.0626,6,0
02/23/2023,03/16/2023,37.610327,53.061433,62.512839,4,1
01/04/2023,01/27/2023,37.4821,49.950963,52.94496,4,0
07/24/2024,08/16/2024,37.513672,52.586674,59.24859,4,0
10/27/2023,11/19/2023,37.640563,58.231469,65.868968,4,0
06/03/2023,06/26/2023,37.688313,59.059698,60.845797,4,0
09/16/2023,10/06/2023,37.503655,57.969081,55.677041,3,0
09/04/2023,09/24/2023,37.975108,54.077858,60.874685,6,0
06/21/2024,07/13/2024,37.546431,61.074791,72.558885,5,0
04/10/2023,04/30/2023,36.951993,56.450183,59.862628,4,0
07/29/2023,08/20/2023,38.146606,56.568674,69.281664,4,0
01/15/2023,02/03/2023,37.962782,54.228669,51.740353,5,1
05/16/2024,06/08/2024,37.625232,50.904247,47.634651,4,0
07/03/2024,07/23/2024,37.544148,54.017297,53.772593,5,0
10/04/2024,10/27/2024,37.252319,54.781979,52.124778,6,0
01/16/2024,02/06/2024,37.601794,52.916754,53.95116,3,0
10/31/2023,11/21/2023,37.767179,57.586751,66.091774,6,0
02/28/2024,03/18/2024,37.788071,56.614746,63.078464,4,0
09/25/2024,10/14/2024,38.172064,49.890344,60.327836,6,0
10/13/2023,11/03/2023,37.643135,57.839069,63.305835,6,1
02/28/2024,03/18/2024,37.352008,53.079828,67.697416,3,0
02/01/2023,02/21/2023,37.782794,55.22878,61.837099,3,0
10/20/2023,11/08/2023,37.053834,58.230573,54.326127,3,0
11/01/2023,11/24/2023,37.634369,56.710607,58.536937,5,0
11/15/2023,12/06/2023,38.092974,61.241883,56.852211,6,0
12/24/2023,01/15/2024,37.250926,52.57858,59.102148,3,0
03/23/2024,04/13/2024,37.245139,49.984133,59.465952,3,0
11/11/2024,11/30/2024,37.457153,51.300181,46.359438,6,0
04/22/2023,05/12/2023,37.431274,56.099824,45.947611,6,0
07/18/2023,08/09/2023,38.285767,50.918696,52.268974,3,0
08/23/2023,09/14/2023,37.505054,56.682627,45.772833,5,0
06/23/2023,07/16/2023,37.766338,53.603132,50.523835,5,0
10/05/2024,10/27/2024,37.726758,53.817013,57.768135,6,1
10/17/2024,11/05/2024,37.751019,51.381626,59.211892,5,1
10/24/2023,11/13/2023,37.306404,63.06817,53.378578,4,0
08/19/2024,09/10/2024,37.582575,53.32416,72.909508,6,1
05/10/2023,06/01/2023,37.619442,55.148736,56.774295,3,1
05/22/2024,06/12/2024,38.153012,54.959959,59.069339,4,0
02/09/2023,03/01/2023,37.584696,54.747127,55.124471,4,0
03/20/2023,04/12/2023,37.602259,53.303895,60.258851,3,0
06/28/2024,07/20/2024,38.072747,52.404593,53.476089,5,0
07/16/2024,08/05/2024,37.905216,58.233756,50.824394,4,0
06/25/2023,07/15/2023,37.780124,51.589875,57.597982,4,1
08/14/2024,09/02/2024,37.758237,55.287185,52.44728,3,0
05/20/2024,06/10/2024,37.285927,59.165206,47.512595,5,0
10/10/2023,11/01/2023,37.745402,54.499212,69.100027,4,0
07/30/2024,08/18/2024,37.553848,57.174543,52.017944,6,0
11/08/2023,11/30/2023,38.410841,53.456964,59.102246,6,0
09/27/2024,10/16/2024,37.889395,57.316386,62.788834,3,1
05/24/2023,06/13/2023,37.185884,51.345702,53.698522,4,0
10/05/2024,10/27/2024,38.011034,54.329544,58.101712,5,0
08/17/2024,09/08/2024,37.662884,55.147101,61.181029,4,0
07/14/2023,08/05/2023,38.122088,58.35922,52.550495,5,0
07/31/2024,08/19/2024,37.448315,53.256137,63.472118,5,0
10/27/2023,11/17/2023,37.62494,57.119185,52.170372,5,1
11/30/2023,12/21/2023,37.989284,49.14043,65.423131,5,0
11/08/2024,11/30/2024,37.542504,59.842808,59.390813,3,0
09/02/2023,09/24/2023,37.725222,50.08819,59.284805,4,0
01/29/2023,02/17/2023,37.04952,61.384521,55.384738,5,0
10/28/2024,11/18/2024,37.691747,58.163577,46.104926,3,0
09/20/2023,10/10/2023,37.111842,52.423881,70.259864,4,0
10/14/2023,11/04/2023,37.519516,60.432559,49.33272,5,0
07/30/2024,08/21/2024,37.329142,60.22744,62.365766,5,0
09/14/2023,10/05/2023,37.840913,58.819592,49.263771,3,0
10/03/2023,10/22/2023,38.113578,58.699953,59.513403,5,0
03/14/2023,04/06/2023,37.529392,57.991978,49.650825,6,0
03/16/2023,04/07/2023,37.907114,47.716661,59.060373,4,0
09/03/2023,09/25/2023,37.56206,59.317271,61.659014,3,1
02/17/2023,03/10/2023,37.214572,58.412742,57.730213,3,0
11/07/2024,11/28/2024,37.784679,54.713587,64.209989,5,0
03/23/2023,04/13/2023,37.142812,55.390742,55.072311,3,0
11/15/2024,12/07/2024,37.736877,58.20431,63.225451,5,0
07/10/2023,07/29/2023,37.447011,54.428873,49.376425,6,1
09/10/2023,09/29/2023,37.367153,59.083169,60.733131,6,1
12/06/2023,12/27/2023,37.769512,53.411592,61.598624,3,0
06/14/2024,07/03/2024,37.169301,53.885533,60.404747,6,0
11/12/2023,12/05/2023,38.281153,56.768498,59.868502,4,0
09/07/2024,09/26/2024,37.086032,52.798059,69.530957,5,0
05/05/2023,05/28/2023,37.534943,52.657768,53.512887,6,1
10/30/2024,11/22/2024,37.851996,54.156425,63.062283,6,0
12/31/2024,01/19/2025,37.765047,54.723434,56.753661,4,1
02/04/2023,02/27/2023,37.826794,48.905086,47.053007,3,0
03/31/2023,04/19/2023,37.368978,54.638889,54.3867,5,0
06/29/2024,07/18/2024,37.735694,57.84084,56.768162,6,1
02/12/2023,03/07/2023,37.344451,53.265225,56.826669,5,0
08/03/2023,08/24/2023,37.929184,53.255524,66.127645,4,0
02/02/2024,02/23/2024,38.384093,54.677736,55.321349,6,0
04/08/2023,04/28/2023,38.178779,56.732426,56.570085,3,0
04/21/2024,05/10/2024,37.384542,54.286896,62.735345,5,1
03/16/2024,04/05/2024,37.283665,59.385252,66.651845,4,0
07/25/2024,08/14/2024,37.957154,60.369305,52.371232,4,0
07/12/2024,08/02/2024,37.389882,56.690107,55.694191,4,0
01/24/2023,02/16/2023,37.65501,57.061896,53.997252,5,0
03/30/2023,04/20/2023,37.608163,50.000003,67.326761,6,1
11/25/2024,12/16/2024,37.691913,56.925366,60.876155,6,0
07/24/2024,08/16/2024,37.502664,56.489665,49.994179,5,1
10/20/2024,11/08/2024,37.73133,51.570992,50.989498,6,0
03/23/2024,04/13/2024,37.57667,57.432057,59.194589,6,1
07/12/2023,08/02/2023,37.381583,57.346491,63.022158,6,0
05/03/2024,05/22/2024,37.242102,55.367914,62.57689,4,0
06/15/2023,07/08/2023,37.631122,59.076045,55.954125,6,0
12/05/2024,12/24/2024,38.02078,50.091378,58.306235,5,0
12/08/2024,12/30/2024,37.264663,57.814103,55.236558,6,1
06/05/2024,06/26/2024,37.35625,53.774709,66.902705,6,1
07/22/2023,08/12/2023,37.265134,50.574916,55.667973,5,0
08/06/2023,08/26/2023,37.821619,58.33459,67.925138,5,0
04/20/2023,05/10/2023,37.78659,55.320733,59.261399,3,1
10/26/2023,11/18/2023,37.799686,58.772374,60.630287,3,0
10/03/2023,10/22/2023,37.655133,49.100027,64.159314,5,0
05/21/2023,06/12/2023,37.864182,60.539639,57.278233,5,0
09/07/2023,09/26/2023,37.91341,55.385016,58.310339,3,0
08/07/2024,08/26/2024,37.044496,53.842511,55.651751,3,0
02/17/2023,03/12/2023,37.919959,52.229415,56.694173,4,0
02/05/2024,02/28/2024,37.329551,58.437466,59.040279,6,1
05/13/2024,06/03/2024,37.553438,54.763936,62.295168,5,1
03/01/2023,03/21/2023,38.172841,56.780196,54.248115,4,0
03/27/2023,04/15/2023,37.596385,58.329549,53.280055,4,1
08/20/2023,09/09/2023,38.003345,50.871162,59.716348,5,0
05/11/2023,06/01/2023,37.272244,59.649528,68.19281,6,0
12/11/2023,01/02/2024,37.28474,56.190921,56.082637,5,0
12/11/2024,01/01/2025,37.563206,53.451692,55.150568,5,0
10/07/2023,10/28/2023,38.054204,51.848844,60.785822,4,0
01/31/2024,02/21/2024,37.556629,55.036011,60.210476,4,0
12/23/2024,01/13/2025,37.407562,50.40266,53.796557,5,0
12/12/2024,01/03/2025,37.478666,49.936473,68.370899,3,0
05/04/2023,05/25/2023,37.592662,54.43365,52.912809,4,0
01/18/2023,02/07/2023,37.331043,53.188342,50.998722,3,1
09/17/2023,10/09/2023,37.078972,55.068857,65.930537,5,0
06/08/2024,06/30/2024,37.301618,55.308205,50.774006,4,0
03/29/2023,04/18/2023,37.679052,55.139182,55.541256,6,0
12/13/2023,01/02/2024,37.507515,56.274763,49.8925,6,0
11/28/2024,12/20/2024,37.464135,51.563753,47.615258,5,0
08/17/2023,09/06/2023,37.189454,54.484314,68.423339,6,1
11/25/2024,12/16/2024,37.590787,54.764394,67.003451,4,0
12/24/2024,01/14/2025,37.93683,53.623611,55.317919,3,0
10/04/2024,10/25/2024,37.186625,56.534289,58.879471,4,0
04/14/2023,05/03/2023,37.625817,56.936284,63.263653,5,0
04/13/2024,05/03/2024,37.457802,56.116855,55.141499,3,0
11/10/2023,11/30/2023,37.861423,56.964433,70.082237,5,0
12/12/2023,12/31/2023,37.433672,56.676287,61.580488,5,0
05/04/2024,05/24/2024,37.886688,50.443023,58.633519,3,0
10/26/2024,11/17/2024,38.114041,56.646575,58.238307,4,0
07/04/2024,07/23/2024,37.731209,54.56769,68.223592,3,0
07/08/2024,07/29/2024,37.746068,52.892662,64.611928,6,0
07/28/2024,08/18/2024,37.575607,56.78236,64.841574,6,1
01/13/2024,02/01/2024,37.258337,58.639876,56.410329,6,0
12/23/2024,01/15/2025,38.031532,55.085643,64.816461,6,0
04/05/2024,04/27/2024,37.850569,52.924445,60.109617,3,0
02/05/2023,02/24/2023,37.778288,50.798949,61.558568,6,0
09/29/2024,10/21/2024,37.8129,57.504461,59.850413,3,0
11/13/2023,12/04/2023,37.428291,60.529797,56.687411,3,0
08/12/2023,09/02/2023,37.365558,52.542905,44.442256,6,0
05/27/2024,06/16/2024,37.639177,53.289994,57.472125,3,1
01/14/2023,02/05/2023,37.668841,58.268889,59.362121,6,1
02/21/2024,03/14/2024,37.633161,52.103887,60.466903,6,0
01/11/2023,01/31/2023,37.56019,55.37284,61.32387,5,1
12/06/2023,12/29/2023,38.016798,56.564436,54.773007,4,0
08/03/2024,08/23/2024,37.734173,52.784613,56.838688,5,0
07/31/2024,08/20/2024,37.179305,52.917451,60.082233,4,0
09/08/2024,10/01/2024,37.6035,48.75723,49.535971,6,1
07/12/2024,08/01/2024,37.474138,52.473501,54.672032,5,0
05/15/2023,06/06/2023,37.226343,61.196636,67.396558,5,0
02/07/2024,02/27/2024,37.43098,56.553824,54.619644,5,1
12/16/2023,01/06/2024,37.80914,58.481248,64.583999,6,0
07/17/2024,08/05/2024,37.530058,55.474519,48.650833,6,1
05/28/2023,06/16/2023,37.929734,52.055203,59.157352,3,0
03/21/2024,04/12/2024,37.40071,57.949213,52.774065,4,0
12/25/2024,01/15/2025,37.809088,49.910728,47.924249,6,0
02/12/2023,03/04/2023,37.530657,54.187637,59.569987,6,1
11/29/2023,12/21/2023,37.52462,58.254332,52.151374,6,0
01/10/2024,01/29/2024,38.046052,51.325046,60.641376,3,0
10/16/2023,11/07/2023,37.327121,56.649771,64.254021,4,1
07/27/2024,08/18/2024,37.95449,55.230614,55.459173,6,1
08/12/2023,09/03/2023,37.868644,50.997964,47.61399,6,0
04/20/2023,05/12/2023,37.772863,54.921294,63.13298,6,1
09/28/2023,10/17/2023,37.228487,49.452672,52.993935,6,1
09/24/2024,10/17/2024,37.67432,51.5926,55.314125,4,0
03/16/2023,04/07/2023,37.480134,51.683399,49.195299,5,1
07/04/2024,07/26/2024,37.966691,53.083983,58.198085,5,0
04/02/2024,04/25/2024,37.769488,60.227611,59.782707,4,0
06/29/2024,07/19/2024,37.516022,56.123839,62.182794,6,0
09/19/2024,10/10/2024,37.064054,58.673385,62.954545,4,0
02/08/2023,02/28/2023,37.286323,61.795717,68.673023,3,0
12/08/2023,12/27/2023,37.693214,60.284453,56.199788,3,1
11/25/2023,12/16/2023,37.798236,57.44302,66.320872,6,0
12/26/2024,01/15/2025,37.880623,58.170267,54.401162,6,0
02/05/2024,02/25/2024,37.856419,51.050528,42.826098,4,0
01/29/2023,02/21/2023,37.580703,54.731519,51.312522,6,1
03/21/2024,04/12/2024,37.751252,51.479299,51.08027,4,0
06/02/2023,06/22/2023,37.735259,53.316903,55.23062,4,0
05/30/2023,06/18/2023,37.905845,60.621483,54.528052,4,0
09/19/2024,10/08/2024,37.635494,53.830917,54.780979,5,1
04/26/2024,05/15/2024,37.799094,54.203126,60.30443,3,0
05/11/2024,05/31/2024,37.344711,54.591184,55.588879,4,0
07/23/2023,08/14/2023,37.803662,57.937832,46.811423,3,0
05/09/2024,05/29/2024,37.173475,53.096092,63.143393,6,1
11/27/2023,12/17/2023,37.384407,60.42284,62.074896,4,0
05/01/2024,05/20/2024,37.619493,55.622348,44.982352,6,0
04/08/2023,04/27/2023,37.948743,58.863864,58.734162,3,1
10/07/2024,10/29/2024,37.662061,53.093299,64.696347,5,0
09/20/2024,10/12/2024,37.826672,54.173483,58.471327,4,0
08/04/2023,08/23/2023,37.982877,53.556967,61.930732,5,0
11/04/2023,11/24/2023,38.017433,57.311758,60.518386,5,0
03/04/2023,03/24/2023,38.302009,60.103756,62.638996,4,0
10/08/2024,10/31/2024,37.729487,55.459766,63.721098,3,0
04/15/2024,05/04/2024,37.55217,55.754881,69.002231,3,0
04/18/2023,05/07/2023,37.959857,51.726906,70.108368,4,0
02/11/2024,03/03/2024,37.703401,49.926442,65.246056,3,0
09/22/2024,10/12/2024,37.042513,58.18708,60.186423,3,0
10/20/2024,11/08/2024,37.419249,55.254734,52.556564,4,0
11/04/2023,11/26/2023,37.220895,54.954247,55.769361,3,0
09/25/2023,10/16/2023,38.382186,54.901749,64.224449,3,0
04/13/2023,05/06/2023,38.096162,53.013694,58.579245,6,0
06/26/2024,07/16/2024,37.469442,54.360532,58.064538,6,1
09/04/2024,09/25/2024,37.389421,56.062213,54.540918,5,0
08/23/2024,09/14/2024,37.637565,56.48407,70.17119,4,1
12/24/2023,01/13/2024,37.373425,54.340291,59.865367,6,1
06/02/2023,06/21/2023,37.870025,51.630332,59.931108,6,0
10/02/2024,10/23/2024,37.647091,56.93961,60.217086,3,0
08/23/2023,09/11/2023,37.950211,57.38523,66.427653,6,0
08/22/2024,09/12/2024,38.344791,53.592466,67.714419,3,0
02/28/2024,03/21/2024,37.420629,51.205436,55.897795,4,0
12/09/2024,12/31/2024,37.204412,49.636535,59.150057,6,0
08/30/2024,09/22/2024,36.817114,59.786354,55.994641,3,0
05/12/2023,06/04/2023,37.790171,54.204855,53.295512,3,1
02/06/2023,02/28/2023,37.849394,55.837874,65.407547,4,0
04/20/2023,05/10/2023,38.284327,56.564629,51.771775,4,0
09/28/2024,10/19/2024,37.726563,55.7445,60.384183,5,0
06/01/2023,06/21/2023,37.596831,53.958015,57.52156,3,0
12/27/2023,01/19/2024,37.520261,54.091229,59.687486,6,0
09/24/2023,10/14/2023,37.415581,55.97406,51.51881,5,1
03/31/2024,04/22/2024,37.512982,55.710344,62.330294,5,1
06/14/2024,07/06/2024,37.740924,53.985206,57.182087,6,1
10/11/2023,11/02/2023,37.384141,57.520803,60.149355,6,0
02/17/2023,03/11/2023,37.623323,54.021176,59.380106,6,1
02/22/2024,03/13/2024,37.38503,55.12564,46.978906,6,1
02/20/2023,03/12/2023,37.706364,54.915646,60.889797,6,1
02/26/2024,03/18/2024,37.400336,56.430091,51.751396,3,0
02/21/2024,03/14/2024,37.388771,56.193903,42.571455,6,0
08/17/2024,09/08/2024,37.392406,54.828803,52.71087,5,0
08/11/2024,09/02/2024,37.27346,51.506362,57.829104,6,1
12/03/2023,12/26/2023,37.93385,56.226354,64.068691,5,0
04/06/2023,04/27/2023,37.591799,54.055923,63.908237,6,0
08/07/2023,08/27/2023,37.495306,56.745479,60.250736,3,0
09/28/2024,10/19/2024,37.854407,53.642894,50.77626,5,0
07/22/2023,08/14/2023,37.418537,55.613957,61.880886,5,1
05/24/2024,06/13/2024,37.95337,55.672241,47.639802,5,1
10/03/2024,10/26/2024,37.414016,61.475243,47.998624,3,0
12/01/2024,12/23/2024,37.67461,56.538499,59.249283,6,1
11/23/2023,12/13/2023,37.909804,55.451145,60.091117,6,0
04/18/2024,05/11/2024,38.078623,54.934938,62.751993,6,0
11/14/2023,12/03/2023,37.831924,58.07877,50.917867,6,0
10/19/2024,11/10/2024,37.179915,57.998503,51.273898,4,0
11/24/2024,12/15/2024,37.697522,55.333018,42.790618,5,0
04/20/2023,05/12/2023,37.662015,57.044027,55.131966,5,0
05/10/2023,05/29/2023,37.534878,54.350775,60.966757,5,0
05/04/2023,05/27/2023,37.445711,58.480185,63.807649,3,0
07/12/2024,08/01/2024,37.724537,50.971897,64.080564,3,0
05/27/2024,06/15/2024,37.613331,60.047657,55.764276,3,0
04/17/2024,05/08/2024,37.878274,59.290621,61.008707,5,0
05/05/2024,05/24/2024,37.923353,54.534042,60.209203,4,1
06/11/2023,07/04/2023,37.304318,56.922646,60.16403,6,0
05/17/2024,06/07/2024,37.25067,47.208427,62.511328,5,0
06/10/2023,07/02/2023,37.308501,56.445235,57.391126,6,0
09/15/2024,10/04/2024,37.725966,54.158449,61.383775,5,0
04/30/2024,05/21/2024,37.560823,58.48926,50.151631,3,0
12/20/2023,01/09/2024,37.116878,57.553217,68.538274,3,0
01/12/2023,02/03/2023,37.303146,52.366565,58.416095,5,1
01/06/2023,01/25/2023,37.50409,57.695796,60.696724,5,1
10/02/2023,10/23/2023,37.678405,61.825717,55.777987,3,1
01/15/2024,02/07/2024,37.293496,58.818388,53.818246,5,1
01/08/2023,01/28/2023,37.403632,54.913839,67.7698,4,0
08/05/2023,08/26/2023,37.621848,57.560831,55.865829,5,0
05/18/2023,06/10/2023,37.751147,55.046026,61.686238,4,0
09/30/2023,10/23/2023,37.474027,54.782859,64.65328,6,0
07/09/2024,07/30/2024,37.666602,56.953938,56.543825,3,1
09/24/2024,10/13/2024,37.708658,55.702976,58.33603,3,0
07/26/2023,08/18/2023,37.42988,55.60619,69.566016,4,0
03/03/2024,03/22/2024,37.767326,54.674492,58.176323,5,1
03/15/2024,04/05/2024,38.058809,51.504245,50.042023,5,0
02/04/2023,02/25/2023,37.414551,59.438075,51.256531,6,0
05/19/2024,06/09/2024,37.734623,59.424735,62.261256,3,0
05/05/2023,05/28/2023,37.951546,54.077475,69.167594,5,0
07/21/2024,08/13/2024,37.379565,54.459621,57.146336,6,1
08/04/2024,08/26/2024,37.467099,58.656787,60.216915,3,0
11/16/2023,12/09/2023,37.383039,53.512286,53.252425,6,0
11/07/2024,11/29/2024,37.87213,57.83047,56.688719,6,0
09/14/2023,10/05/2023,37.576519,47.666551,54.164294,5,0
01/18/2024,02/06/2024,37.538455,54.36974,64.60438,4,0
07/03/2023,07/25/2023,37.26634,54.029331,60.667513,6,0
06/14/2023,07/03/2023,37.241213,54.584969,57.126444,6,0
06/01/2024,06/20/2024,37.71444,59.004124,52.721287,4,0
11/14/2023,12/04/2023,37.782373,59.960367,59.898515,6,0
03/14/2023,04/05/2023,37.552028,51.942699,68.14318,4,0
09/17/2024,10/08/2024,37.746787,54.705782,55.090774,4,1
01/19/2024,02/08/2024,37.688755,58.937722,56.615308,4,0
01/08/2024,01/30/2024,37.96588,54.391907,54.146219,4,0
04/27/2023,05/20/2023,37.172205,54.528789,62.964914,5,0
10/18/2024,11/06/2024,37.354148,59.469308,58.546914,3,0
08/08/2024,08/29/2024,37.057584,51.575219,61.323121,6,0
05/07/2024,05/28/2024,37.226065,57.818655,55.565474,6,0
04/07/2023,04/29/2023,36.728114,60.156445,51.299444,3,0
01/12/2023,02/01/2023,37.308869,51.57666,55.964597,5,1
03/26/2024,04/18/2024,37.325844,57.718496,59.806339,6,0
06/21/2024,07/10/2024,37.180104,56.335746,60.901389,6,0
02/14/2024,03/07/2024,37.748946,54.508302,67.912122,5,0
04/11/2023,05/01/2023,37.760174,51.040441,54.724082,3,0
05/11/2023,05/31/2023,37.361979,56.880021,59.624077,6,1
04/27/2024,05/16/2024,37.563604,56.154297,58.852578,4,0
07/18/2023,08/10/2023,37.569262,57.512329,60.859316,6,1
08/03/2023,08/22/2023,37.508483,53.190495,59.757493,3,1
11/09/2024,11/29/2024,37.651922,56.665331,55.491161,6,0
11/17/2023,12/07/2023,37.371558,56.663904,44.225374,4,0
04/14/2023,05/05/2023,37.777437,49.810477,50.847048,3,0
10/29/2023,11/18/2023,38.044113,53.586485,58.032216,5,1
09/19/2024,10/12/2024,37.608631,60.161617,54.773899,4,0
10/02/2023,10/21/2023,37.501322,47.774529,58.798932,3,0
08/22/2023,09/10/2023,37.201496,55.527907,55.808145,6,0
10/10/2023,11/02/2023,37.65011,54.201232,50.571161,5,0
12/10/2023,01/02/2024,37.564842,58.811025,66.437031,4,0
03/13/2024,04/01/2024,37.795658,53.517616,55.556158,4,0
11/13/2023,12/04/2023,37.517183,55.834089,59.914921,3,0
06/13/2023,07/06/2023,37.700405,53.95611,57.494672,6,0
03/27/2024,04/18/2024,37.428201,50.438386,42.601524,6,1
02/06/2024,02/25/2024,37.407057,57.624848,54.82,4,0
06/12/2023,07/05/2023,37.608032,53.924562,49.190412,6,0
06/26/2024,07/19/2024,37.738756,58.719401,48.873401,5,0
08/25/2024,09/13/2024,37.342628,53.781768,60.013857,5,0
03/20/2024,04/12/2024,37.633335,46.780462,65.426445,3,0
02/18/2023,03/11/2023,37.757471,50.33183,62.160515,6,1
05/29/2024,06/17/2024,37.320439,54.95052,54.251433,5,0
12/11/2024,12/31/2024,37.146651,59.173066,61.896128,4,0
06/08/2023,06/30/2023,37.112756,51.969171,62.429476,4,0
02/11/2024,03/03/2024,37.746864,49.512651,62.29163,5,0
02/03/2023,02/23/2023,37.959947,51.191682,61.245242,5,0
03/02/2024,03/21/2024,37.552055,54.383096,65.170755,6,0
03/22/2024,04/13/2024,37.18509,46.625613,50.77286,3,0
07/05/2023,07/28/2023,37.783017,56.998408,60.071266,4,0
02/22/2024,03/13/2024,37.568685,56.941621,52.795145,4,0
12/21/2024,01/10/2025,37.320284,46.320168,63.338334,5,0
07/23/2023,08/13/2023,37.850069,55.127069,62.871942,5,0
01/07/2023,01/26/2023,37.635226,57.722542,63.8504,5,1
03/04/2024,03/26/2024,37.378474,52.659075,61.60292,3,0
06/03/2023,06/23/2023,37.387889,53.594251,61.091236,3,0
10/04/2024,10/27/2024,37.935762,52.049262,67.672949,5,0
07/21/2023,08/11/2023,37.898534,58.500272,56.559249,4,0
03/13/2024,04/04/2024,37.90057,56.961181,53.169547,6,0
02/19/2023,03/13/2023,37.523413,59.660894,54.061943,5,0
07/12/2024,08/04/2024,37.692284,53.195644,57.694333,5,0
02/13/2023,03/08/2023,37.750846,52.590814,57.529005,5,0
01/06/2023,01/27/2023,37.368999,56.840392,58.191541,6,0
09/30/2023,10/19/2023,37.50473,56.731263,58.446897,3,0
01/14/2024,02/02/2024,37.608575,56.099484,52.76068,3,1
04/19/2024,05/09/2024,37.402902,54.459592,58.956017,6,1
06/26/2023,07/16/2023,38.11888,58.257985,51.048515,6,1
09/05/2024,09/27/2024,38.091183,54.759381,41.297868,3,0
10/05/2023,10/27/2023,38.031206,54.562705,45.946901,4,0
11/25/2024,12/16/2024,37.902611,51.556593,55.202219,6,1
09/08/2023,09/30/2023,37.690872,54.061676,54.809426,4,1
08/13/2023,09/02/2023,37.345847,46.001058,63.775697,3,0
03/31/2023,04/20/2023,37.16824,55.717976,63.743312,6,0
11/14/2023,12/07/2023,37.468171,57.916264,51.126082,5,0
09/19/2024,10/09/2024,37.827517,56.747694,48.870518,6,0
08/02/2023,08/21/2023,37.555764,54.608662,62.718422,4,1
08/21/2023,09/12/2023,38.110545,56.557367,59.217353,5,0
12/09/2024,12/31/2024,37.400586,51.789961,55.317407,3,0
05/20/2023,06/08/2023,37.659342,55.583594,54.683225,3,1
05/16/2023,06/07/2023,37.501999,49.077433,71.035912,3,0
10/18/2023,11/08/2023,37.113387,53.457115,55.646876,6,0
06/06/2024,06/25/2024,37.706577,55.206352,62.881937,4,1
12/26/2024,01/15/2025,37.636119,55.47164,65.479004,4,0
10/09/2024,11/01/2024,37.955204,54.670185,49.309826,3,0
09/13/2024,10/06/2024,37.597187,54.018561,52.143299,3,0
12/11/2023,01/03/2024,37.358898,59.413549,59.074414,4,1
12/03/2023,12/25/2023,37.760223,53.478616,62.200575,5,1
07/04/2024,07/24/2024,37.818756,56.570707,59.582602,3,0
04/28/2023,05/20/2023,37.960516,54.084964,58.960818,5,0
05/09/2024,05/31/2024,37.436953,54.432249,61.056227,6,1
08/15/2024,09/07/2024,38.217121,60.6929,62.987095,6,0
09/28/2023,10/19/2023,37.249846,53.125965,56.142636,5,0
08/11/2023,08/31/2023,37.626559,53.338091,65.998041,6,1
04/03/2023,04/24/2023,37.678227,53.374431,48.11757,3,0
10/05/2023,10/28/2023,37.987651,52.357906,56.222099,5,0
07/18/2023,08/10/2023,38.135154,58.180554,50.827777,3,0
05/24/2023,06/14/2023,37.993234,58.415163,49.436002,6,0
12/03/2024,12/26/2024,37.191908,54.093131,61.181873,5,1
04/29/2023,05/20/2023,37.594162,60.265426,57.428285,5,0
01/19/2024,02/08/2024,37.577,54.518986,60.443483,6,0
07/04/2023,07/23/2023,37.609022,59.297628,57.698586,5,1
06/02/2024,06/25/2024,37.225449,56.146628,62.979426,4,0
07/25/2023,08/16/2023,37.245849,53.287074,59.748685,4,0
06/16/2024,07/09/2024,37.602504,59.288405,62.30618,4,0
08/06/2023,08/26/2023,37.265001,53.667374,60.245585,4,0
07/22/2024,08/12/2024,37.624921,55.385465,62.56805,5,1
06/21/2023,07/11/2023,37.918498,52.41512,60.138659,6,0
06/29/2023,07/22/2023,38.181923,53.004889,47.881313,4,0
07/10/2024,08/01/2024,37.85316,58.24783,55.357554,6,1
09/10/2023,09/29/2023,37.76882,57.361664,60.226371,6,1
05/29/2023,06/21/2023,37.573339,60.200061,59.161671,3,0
06/18/2024,07/11/2024,37.29433,53.388777,64.829557,5,0
05/02/2024,05/22/2024,37.270764,58.706409,66.126185,3,0
04/28/2023,05/18/2023,37.935678,50.239696,59.764705,3,0
03/27/2023,04/19/2023,37.431018,57.763459,67.259326,5,0
06/02/2023,06/23/2023,37.819687,56.991716,64.216306,4,0
09/23/2023,10/14/2023,37.372707,55.09121,60.680218,3,1
07/22/2024,08/13/2024,37.768676,55.49612,45.936447,4,0
12/19/2023,01/09/2024,37.714936,57.252994,65.12593,5,0
03/07/2023,03/29/2023,37.660104,55.362263,69.372163,4,0
02/13/2023,03/05/2023,38.067377,57.316436,54.601002,6,1
06/24/2024,07/15/2024,37.260085,52.237669,66.585514,3,0
12/16/2023,01/08/2024,37.321241,57.636027,54.686416,5,0
09/10/2024,10/01/2024,37.218687,56.808442,55.692169,4,0
04/09/2023,04/29/2023,37.499477,53.587646,56.128951,4,1
03/25/2024,04/15/2024,37.39273,50.56616,54.037595,3,0
12/10/2024,12/31/2024,37.344822,51.988925,60.991899,5,0
07/29/2023,08/18/2023,37.639805,58.81139,57.90314,6,1
03/13/2024,04/05/2024,37.747585,51.820195,62.174886,3,0
06/26/2023,07/16/2023,37.799734,58.311336,58.7846,3,0
08/30/2023,09/20/2023,37.607011,54.862056,47.169881,4,0
10/16/2023,11/06/2023,36.873902,50.761421,60.165147,6,0
05/29/2023,06/17/2023,37.60131,58.023357,67.395026,4,0
06/02/2024,06/21/2024,37.909949,56.969163,62.97333,5,0
05/14/2023,06/03/2023,37.343639,52.079309,61.555694,3,0
07/20/2024,08/11/2024,37.394739,54.633749,61.469486,4,1
10/30/2024,11/19/2024,37.303389,57.648251,55.957537,6,0
09/10/2023,10/03/2023,37.187469,50.630927,53.977058,4,0
06/20/2023,07/10/2023,37.570631,49.806009,64.896147,3,0
04/26/2024,05/18/2024,37.429096,51.85996,55.197413,5,0
10/09/2023,11/01/2023,37.171954,56.43128,63.271863,6,0
10/07/2024,10/28/2024,38.237952,56.937991,52.951266,6,1
07/10/2024,07/30/2024,37.022261,52.893668,68.152549,4,0
02/09/2024,02/29/2024,37.540522,54.446604,61.503302,5,0
08/25/2024,09/15/2024,37.392679,54.756281,57.957158,4,1
02/26/2024,03/19/2024,37.377258,53.99466,55.874225,4,0
04/01/2024,04/21/2024,37.044227,56.884201,55.466125,5,0
02/17/2023,03/08/2023,37.471858,56.793364,63.342262,4,0
04/29/2023,05/18/2023,38.273222,54.056333,55.941725,5,0
08/30/2024,09/18/2024,37.618714,60.492092,58.516633,3,0
12/23/2023,01/14/2024,37.430684,50.268649,64.510237,4,0
11/25/2023,12/14/2023,37.64987,51.659872,63.219642,6,1
02/02/2024,02/21/2024,37.994523,59.644577,45.922529,4,0
11/13/2024,12/06/2024,37.244449,55.223504,59.128733,6,1
03/25/2023,04/14/2023,37.773563,60.519003,53.362988,6,0
04/08/2024,05/01/2024,37.872146,52.408495,61.639111,3,1
10/27/2023,11/16/2023,37.444669,57.44833,64.467607,5,0
10/20/2023,11/09/2023,37.685016,55.376663,61.157138,5,1
01/31/2023,02/19/2023,37.220561,53.487152,63.520378,3,0
05/05/2023,05/27/2023,37.428591,56.191595,64.298668,5,0
01/28/2024,02/17/2024,37.625735,53.356219,58.471121,4,0
08/05/2024,08/27/2024,37.529441,52.182377,56.288648,3,0
12/02/2023,12/23/2023,37.65145,54.287225,56.160982,4,0
04/13/2024,05/05/2024,38.094889,55.575739,57.855813,6,0
01/09/2024,01/30/2024,37.696198,61.251665,51.022157,6,1
07/09/2023,07/31/2023,37.310041,58.812178,62.487626,5,1
10/09/2024,11/01/2024,37.333898,52.942248,57.71965,5,0
10/29/2024,11/18/2024,37.589397,53.030601,60.7022,4,0
01/04/2023,01/23/2023,37.397293,54.151714,59.107403,6,1
04/03/2023,04/26/2023,37.711097,55.60162,54.943844,3,0
02/26/2024,03/17/2024,37.386311,52.431957,48.216446,6,1
09/16/2023,10/05/2023,37.851943,52.923434,63.462898,4,0
01/13/2024,02/02/2024,37.798524,52.656876,65.279139,6,1
07/31/2024,08/19/2024,37.717146,57.038623,61.707809,6,1
01/29/2024,02/19/2024,37.867352,58.785675,60.888133,4,0
06/02/2024,06/22/2024,37.756575,51.948549,51.354984,5,0
08/05/2023,08/26/2023,37.451806,53.591013,56.931037,6,1
06/08/2024,07/01/2024,38.13867,53.104546,57.053351,6,0
08/12/2023,09/03/2023,37.022002,53.346173,71.656895,3,0
09/18/2023,10/08/2023,37.575248,50.259539,61.246855,3,1
08/03/2024,08/26/2024,37.203209,50.350541,62.049926,3,0
07/19/2024,08/11/2024,36.694343,59.141383,59.257847,6,0
08/18/2024,09/07/2024,37.732207,58.094256,58.423421,6,0
12/31/2023,01/21/2024,37.678713,56.878739,47.223131,6,0
06/10/2024,07/02/2024,37.571314,55.894555,53.397793,4,1
12/21/2023,01/12/2024,37.065848,55.22798,64.706437,5,0
11/13/2024,12/03/2024,37.29788,54.274032,51.240846,6,0
01/17/2023,02/06/2023,37.894323,52.718676,52.838791,5,0
08/25/2024,09/17/2024,37.802581,54.668748,61.745639,4,0
12/09/2024,12/30/2024,37.585885,58.582644,43.228014,6,0
10/10/2023,10/29/2023,36.931741,53.003765,58.332123,4,0
05/29/2024,06/17/2024,37.406296,57.582999,53.932802,4,0
09/27/2023,10/19/2023,37.309893,56.138569,65.372003,4,0
11/28/2024,12/21/2024,37.326679,57.198066,53.54587,4,0
08/30/2024,09/21/2024,36.854182,54.536738,47.13274,6,0
09/14/2024,10/06/2024,37.596631,55.974616,60.809888,3,1
11/08/2023,11/29/2023,37.616309,53.642998,72.10453,5,0
08/23/2024,09/14/2024,37.743186,56.782511,55.514084,5,0
12/03/2023,12/22/2023,37.579645,52.741326,62.03446,4,1
09/08/2023,09/28/2023,37.592982,54.148968,42.582186,4,0
09/02/2023,09/24/2023,37.731703,48.882541,56.723137,4,0
07/19/2023,08/11/2023,38.295204,54.631665,59.9827,4,0
04/12/2024,05/05/2024,37.466811,57.948515,59.924235,6,0
09/14/2023,10/03/2023,37.321657,53.255624,61.942924,4,1
12/01/2023,12/21/2023,37.475202,56.004125,51.212739,3,1
05/07/2023,05/29/2023,37.442178,56.470161,57.082357,5,0
08/26/2023,09/14/2023,37.328167,52.0537,56.015895,5,0
09/28/2023,10/18/2023,37.422452,56.079514,65.754295,4,0
02/26/2023,03/19/2023,37.438173,58.256742,46.640538,5,0
11/28/2023,12/18/2023,37.839666,58.310688,54.381532,5,0
07/17/2023,08/09/2023,37.835408,50.857168,53.310998,5,0
11/26/2023,12/18/2023,37.3068,55.524107,63.954209,3,0
01/02/2024,01/21/2024,37.384522,54.948754,54.109974,6,1
07/10/2023,07/29/2023,37.93763,58.0095,71.460025,5,0
04/17/2024,05/07/2024,37.435863,57.951555,54.016063,3,0
06/17/2024,07/08/2024,37.506976,55.185057,61.286549,5,0
02/10/2024,03/02/2024,37.51763,58.864365,61.178722,3,0
06/03/2023,06/23/2023,37.158209,51.985944,44.920009,4,0
04/13/2024,05/04/2024,37.279217,54.532192,58.973993,3,1
11/21/2023,12/10/2023,37.295388,60.296065,50.819753,4,0
10/31/2024,11/21/2024,37.16155,54.218124,62.647922,3,0
05/17/2023,06/08/2023,37.662743,54.309909,56.861749,4,0
10/15/2024,11/04/2024,37.833773,55.549833,64.430335,6,0
10/24/2024,11/15/2024,38.123664,56.128416,62.589496,5,0
03/21/2024,04/13/2024,37.738213,53.223126,57.755926,5,1
04/13/2023,05/03/2023,37.64726,61.30981,48.9527,6,0
01/10/2023,01/31/2023,37.975844,62.248016,59.285965,3,0
12/02/2024,12/24/2024,37.682988,51.226472,50.462475,4,0
11/23/2023,12/16/2023,37.836713,52.630723,76.121425,4,0
12/09/2023,12/30/2023,36.809896,52.948044,59.997995,6,0
05/06/2024,05/29/2024,37.758047,56.681902,54.625207,6,1
04/09/2024,04/28/2024,37.72893,52.422084,70.171842,4,0
05/29/2024,06/18/2024,37.896651,53.334015,57.780696,5,1
06/05/2023,06/25/2023,37.456859,59.680125,48.257048,5,0
09/04/2024,09/27/2024,37.082934,53.790463,55.945408,3,0
04/30/2023,05/23/2023,37.950334,52.221586,56.097034,4,0
11/05/2023,11/25/2023,38.006796,53.335968,58.124736,3,0
05/19/2024,06/09/2024,37.397363,56.914739,66.874916,4,0
09/05/2023,09/24/2023,38.174725,52.743683,71.150746,6,0
03/23/2023,04/11/2023,38.130545,50.636328,49.710875,3,0
11/06/2023,11/28/2023,37.831742,59.797266,64.039301,6,0
07/02/2023,07/23/2023,37.737128,56.364811,55.168413,6,0
02/06/2024,02/29/2024,38.153858,51.473737,50.06473,3,0
02/15/2024,03/06/2024,37.412427,54.147737,53.653905,3,0
05/30/2023,06/22/2023,37.796036,56.950314,45.683803,5,0
09/04/2023,09/27/2023,37.629405,57.659369,57.542305,6,1
04/24/2023,05/15/2023,37.035652,56.42891,50.525233,5,0
05/19/2024,06/09/2024,37.922636,54.172774,55.206086,3,0
02/26/2023,03/20/2023,37.693293,61.992707,61.016779,4,0
01/24/2024,02/15/2024,37.308361,56.454497,54.990711,4,0
08/03/2024,08/24/2024,37.388865,54.358304,55.802459,5,1
12/11/2024,01/01/2025,37.72989,55.178742,61.967533,5,1
06/07/2024,06/29/2024,37.664773,60.091339,64.111675,4,0
01/23/2024,02/11/2024,37.462646,55.845861,47.423625,4,0
11/10/2024,12/02/2024,37.747521,53.957126,55.539546,6,1
02/04/2023,02/23/2023,37.469616,53.958548,59.933274,5,0
06/10/2024,07/02/2024,36.999344,52.562679,50.490445,3,0
11/13/2024,12/03/2024,37.810526,53.137651,62.803175,6,0
01/07/2023,01/27/2023,37.071049,50.058345,48.397476,5,0
05/22/2024,06/13/2024,37.755222,52.447941,56.050605,6,0
01/21/2024,02/09/2024,37.084618,49.235383,59.094799,3,0
01/05/2023,01/24/2023,36.988365,51.919583,49.050875,6,0
04/24/2023,05/13/2023,38.008899,56.332849,60.841926,6,0
04/24/2023,05/16/2023,37.661744,55.835221,48.145521,5,0
12/26/2023,01/17/2024,37.49834,57.508208,50.989709,6,1
07/16/2024,08/07/2024,38.095554,54.856347,60.056668,6,0
09/01/2023,09/21/2023,37.544878,50.203264,55.761843,6,0
05/03/2024,05/26/2024,37.847677,53.100471,57.129384,6,0
03/24/2024,04/14/2024,37.49119,53.800201,60.085845,6,0
11/06/2024,11/26/2024,37.651029,53.387227,63.926181,3,0
05/28/2024,06/20/2024,37.664684,59.932074,59.724566,6,1
02/08/2024,03/01/2024,38.422571,56.766855,45.961527,5,0
11/04/2024,11/24/2024,38.141333,59.546859,59.369698,3,0
09/21/2023,10/12/2023,37.669076,54.229226,53.834241,4,1
07/18/2024,08/06/2024,37.055785,51.90782,60.674161,6,0
10/26/2023,11/15/2023,37.648083,54.145761,56.568965,5,0
07/14/2024,08/04/2024,37.311092,50.592188,53.623859,5,0
11/18/2023,12/07/2023,37.49687,54.518476,67.107937,6,0
06/03/2024,06/26/2024,37.69253,52.556741,56.542201,3,0
09/17/2023,10/06/2023,37.480369,57.414021,55.68033,3,0
10/03/2023,10/22/2023,38.049517,54.84407,65.985201,3,0
07/30/2023,08/19/2023,37.68257,51.771962,54.112258,5,0
08/04/2024,08/24/2024,37.754174,54.814516,51.26656,4,0
01/02/2024,01/22/2024,37.299236,50.107762,53.318965,6,0
12/27/2023,01/15/2024,37.686238,59.918545,57.67677,4,0
07/15/2023,08/05/2023,37.187255,57.644045,53.699957,3,0
04/22/2023,05/13/2023,37.846351,54.430793,53.882971,5,0
12/31/2024,01/22/2025,38.009349,58.112928,56.739929,6,0
12/09/2023,12/30/2023,37.906902,51.559096,57.268461,5,0
09/04/2024,09/25/2024,37.064418,54.499741,63.94714,3,0
05/15/2023,06/06/2023,37.984497,55.312095,54.331274,4,1
08/13/2023,09/02/2023,36.836824,57.261949,45.423893,5,0
05/24/2023,06/14/2023,37.957002,56.412598,56.093361,4,0
02/24/2024,03/18/2024,37.724987,56.626747,61.455875,3,0
02/01/2024,02/20/2024,38.316026,56.565403,58.125368,4,0
07/20/2024,08/10/2024,37.585313,57.573348,52.703918,3,0
06/18/2023,07/08/2023,37.324984,51.614784,60.810688,6,0
02/25/2023,03/19/2023,38.413317,50.415329,51.316541,4,0
11/23/2024,12/13/2024,37.509525,56.530276,52.47216,3,0
11/11/2024,12/02/2024,37.567299,53.784438,50.029984,4,0
08/25/2023,09/15/2023,37.610289,55.559585,61.011041,5,1
05/25/2024,06/14/2024,37.207176,57.775755,56.065524,3,0
10/15/2023,11/03/2023,37.603594,52.696555,65.56664,4,0
11/10/2024,12/02/2024,37.722845,53.785829,63.006067,3,1
08/04/2023,08/24/2023,38.051982,54.94107,57.688068,4,0
09/11/2023,10/03/2023,37.6519,54.45299,63.090928,5,0
02/12/2023,03/07/2023,37.36553,50.420084,64.898814,3,1
12/08/2024,12/29/2024,37.538993,55.430904,53.030838,3,1
01/06/2024,01/29/2024,37.761548,54.403125,62.099131,5,0
11/08/2023,11/27/2023,37.705676,55.74269,62.944189,5,0
11/15/2024,12/08/2024,37.70059,58.150394,57.142734,3,0
01/19/2023,02/11/2023,36.93778,50.933527,57.664704,5,0
05/20/2024,06/12/2024,37.704995,52.421619,50.013404,4,0
10/21/2023,11/10/2023,37.904145,55.459247,62.287641,4,0
09/14/2023,10/06/2023,37.512018,52.822386,50.885036,3,0
06/24/2023,07/17/2023,37.390795,51.228324,60.942898,5,1
02/18/2023,03/10/2023,37.917371,55.387868,54.008957,5,0
06/02/2024,06/21/2024,37.62102,50.961496,47.717341,3,1
02/24/2023,03/16/2023,37.567111,54.098626,57.076412,3,0
04/13/2023,05/06/2023,37.393394,55.623438,58.011482,5,0
10/12/2023,10/31/2023,38.030865,51.500912,68.342813,5,0
01/27/2024,02/16/2024,37.629568,56.055688,53.98446,6,1
03/06/2023,03/26/2023,36.81376,49.929744,57.312587,5,0
02/23/2024,03/14/2024,37.758989,60.368189,58.571204,5,0
10/28/2024,11/19/2024,37.917118,58.984884,58.256407,6,0
05/27/2024,06/16/2024,37.609179,51.637443,49.969141,6,0
08/18/2023,09/09/2023,37.613544,56.349837,56.080978,5,1
10/11/2023,11/02/2023,37.648107,57.245863,51.755778,6,1
01/09/2023,01/29/2023,37.774077,51.111603,67.846523,3,0
10/14/2024,11/04/2024,37.186709,57.271598,58.738013,5,0
04/10/2024,05/02/2024,37.328815,58.02333,66.104638,4,0
04/26/2024,05/16/2024,37.459104,51.119143,63.914978,4,0
08/22/2024,09/10/2024,37.074487,61.67857,58.439481,3,0
09/10/2023,09/29/2023,37.419853,55.249746,54.551273,6,1
09/10/2023,09/29/2023,37.751019,58.30734,50.737619,3,0
10/22/2023,11/11/2023,37.525965,51.536073,59.725859,6,1
04/08/2024,04/30/2024,38.455292,62.153387,61.122656,6,0
07/31/2023,08/19/2023,37.284553,56.928335,61.873461,6,1
04/16/2024,05/08/2024,37.203609,55.897723,56.982667,4,0
02/10/2024,03/03/2024,37.860888,54.538807,53.018715,4,0
07/20/2023,08/10/2023,37.719283,53.376156,56.239801,5,1
08/26/2023,09/15/2023,37.590993,53.151407,54.346738,3,0
07/31/2023,08/23/2023,37.749887,54.283792,52.818262,4,1
12/26/2023,01/16/2024,38.032375,58.186303,51.018032,4,0
10/07/2023,10/30/2023,37.268124,53.074475,50.089151,5,0
09/20/2024,10/11/2024,37.815416,52.014982,47.996912,6,0
09/12/2023,10/02/2023,37.677553,48.895859,56.731643,4,0
09/27/2024,10/19/2024,37.263037,53.888367,57.9412,3,0
09/03/2023,09/23/2023,37.604338,52.908388,60.739647,3,0
10/07/2023,10/30/2023,37.932441,52.378466,64.005442,3,0
11/27/2023,12/20/2023,36.961471,56.948857,55.360557,3,1
05/07/2023,05/29/2023,37.305194,51.89844,68.5276,4,0
08/19/2024,09/10/2024,37.191028,55.358175,55.792227,6,0
05/20/2024,06/12/2024,37.779337,51.844242,59.734625,5,0
10/15/2024,11/07/2024,37.136574,49.224023,57.045433,5,0
07/24/2024,08/16/2024,37.629544,53.120275,54.626463,3,0
11/08/2023,12/01/2023,36.770941,50.227971,49.306527,5,0
11/05/2024,11/26/2024,37.62086,56.293738,64.04662,5,0
05/28/2024,06/18/2024,37.56934,59.761683,58.349278,5,0
07/05/2024,07/27/2024,37.720695,56.886536,52.436915,5,0
06/17/2023,07/08/2023,36.835076,52.754556,67.042226,6,0
03/14/2024,04/03/2024,37.259678,55.498156,58.75789,5,0
10/06/2024,10/25/2024,37.453441,51.122487,70.764659,3,0
05/31/2023,06/19/2023,37.60667,59.598099,63.950106,5,0
06/18/2024,07/09/2024,37.323496,51.842825,63.058009,6,0
08/22/2023,09/12/2023,38.089991,54.39768,61.880823,3,0
03/26/2023,04/15/2023,37.50082,57.332885,53.816929,4,0
11/09/2024,12/01/2024,37.099234,57.580208,59.881268,4,0
07/05/2024,07/26/2024,37.823732,54.451093,61.385652,4,0
10/02/2023,10/25/2023,37.725901,53.561256,56.127128,4,1
09/09/2024,10/02/2024,37.478943,49.638321,56.224941,3,0
02/19/2023,03/12/2023,37.904687,59.852317,56.319003,4,0
11/10/2024,11/29/2024,38.176279,55.48533,53.728946,3,0
02/02/2023,02/23/2023,37.948427,52.844889,54.093528,5,0
02/16/2023,03/11/2023,37.773695,56.708978,52.994367,3,0
12/19/2023,01/07/2024,37.155596,52.723089,57.518321,3,0
10/18/2024,11/08/2024,38.075179,57.282556,60.592967,4,0
07/30/2024,08/20/2024,37.073182,57.256827,58.675634,5,0
01/07/2024,01/26/2024,38.072169,54.001414,65.39652,4,0
12/28/2024,01/17/2025,37.549337,51.231297,53.555899,5,1
03/22/2024,04/13/2024,37.36533,51.16003,71.046143,6,0
03/10/2023,03/31/2023,37.759581,57.85499,60.603831,4,0
11/30/2023,12/23/2023,38.018209,56.728808,55.449358,3,0
12/22/2024,01/12/2025,37.128106,58.185619,56.748102,3,0
10/16/2024,11/07/2024,37.242191,56.356495,57.299792,3,0
01/03/2023,01/22/2023,37.372074,54.795362,56.487597,5,0
11/04/2023,11/26/2023,37.652275,54.592568,64.773352,5,1
01/09/2024,01/29/2024,37.759705,60.007837,61.547709,4,0
04/19/2023,05/10/2023,37.443334,55.37702,52.634026,5,0
11/08/2023,11/29/2023,37.687683,57.590519,58.985301,4,0
05/06/2024,05/29/2024,37.220768,53.419986,64.636812,4,0
01/09/2024,02/01/2024,37.911726,59.69798,50.040378,4,0
10/20/2023,11/08/2023,37.463112,58.340594,61.965115,5,0
12/06/2024,12/25/2024,37.239991,59.02654,48.641355,3,0
12/28/2024,01/16/2025,37.391371,55.13816,64.128978,3,0
02/06/2024,02/27/2024,36.954953,55.14407,64.126888,6,0
09/15/2024,10/08/2024,38.066969,57.093018,66.196391,6,0
06/11/2023,07/03/2023,36.956999,48.972542,61.847576,4,0
05/05/2024,05/28/2024,37.41926,52.766773,60.094637,4,0
09/25/2023,10/14/2023,38.059166,55.760451,64.320307,6,0
01/04/2024,01/23/2024,37.301284,56.200076,54.883074,6,0
07/12/2024,08/01/2024,37.400291,58.536552,62.7054,3,0
04/12/2024,05/04/2024,37.563564,48.187999,68.633663,4,0
05/17/2024,06/06/2024,37.809842,53.963479,54.669413,3,0
08/17/2024,09/07/2024,37.269331,56.452216,63.803751,4,0
11/14/2023,12/03/2023,37.774698,53.639743,53.820838,3,1
09/04/2023,09/24/2023,37.656096,55.35312,55.271722,3,0
12/20/2023,01/09/2024,37.681393,52.965771,56.781678,5,1
07/08/2024,07/29/2024,37.438196,53.581083,63.963474,6,0
04/19/2023,05/09/2023,38.127268,51.96389,58.147338,3,0
02/27/2023,03/19/2023,37.614779,57.248591,59.251839,6,1
07/26/2024,08/16/2024,37.665875,61.514538,51.893286,6,0
04/02/2024,04/22/2024,37.182786,52.819147,44.97819,3,0
05/27/2024,06/17/2024,37.215231,57.723321,55.400865,6,0
12/31/2024,01/23/2025,37.886698,50.785807,60.776458,4,0
12/22/2024,01/13/2025,37.627542,55.223734,50.158226,5,1
08/26/2023,09/15/2023,37.7157,53.458782,58.058726,4,1
09/02/2023,09/21/2023,37.769275,57.978177,50.497072,3,0
03/16/2024,04/05/2024,37.986349,54.503912,66.298748,3,0
03/17/2024,04/09/2024,37.774741,59.04914,60.034453,6,1
04/18/2023,05/08/2023,37.624365,56.124164,51.673296,6,1
12/17/2023,01/08/2024,37.421728,58.414064,48.871133,4,0
11/26/2023,12/16/2023,37.343165,54.581525,58.2018,5,0
02/27/2024,03/21/2024,37.367653,53.059914,63.182104,3,0
09/22/2023,10/13/2023,37.943618,51.690344,59.089744,4,0
05/29/2023,06/19/2023,37.33686,50.647788,79.291402,6,0
11/30/2024,12/20/2024,37.425672,53.990587,58.255022,4,1
01/28/2024,02/20/2024,37.293078,52.558354,50.8152,5,0
01/13/2023,02/02/2023,37.269263,55.963365,64.501925,4,0
03/10/2023,04/02/2023,37.849057,55.283351,65.490566,5,0
12/23/2023,01/11/2024,37.401568,53.511055,60.208034,4,0
03/02/2023,03/23/2023,37.615998,51.608078,56.873682,4,0
07/12/2023,08/02/2023,37.904766,60.858149,54.693556,6,0
07/15/2024,08/03/2024,37.275504,56.424416,65.592299,4,0
09/16/2024,10/06/2024,37.70173,59.369094,68.044788,5,0
04/10/2024,05/02/2024,37.500125,58.458759,64.55584,6,0
10/03/2023,10/26/2023,37.458741,50.466747,62.129841,6,0
12/10/2023,01/02/2024,37.167382,55.073437,57.129331,6,0
04/22/2024,05/12/2024,37.560018,54.842612,55.072662,3,1
01/14/2024,02/04/2024,37.452943,53.450655,52.767483,3,1
01/08/2023,01/29/2023,37.717168,52.000667,55.281424,5,0
04/01/2024,04/21/2024,37.061423,52.264727,56.464591,6,0
11/23/2023,12/14/2023,37.14693,56.244936,50.464726,6,0
05/20/2023,06/11/2023,37.234651,51.707462,52.935407,5,0
12/14/2023,01/06/2024,37.255603,56.956749,55.137172,4,0
09/27/2024,10/17/2024,37.766668,54.85459,58.987435,5,0
10/25/2024,11/17/2024,37.447544,56.136282,38.040896,3,0
06/12/2024,07/02/2024,37.312267,56.907226,58.977459,6,0
06/28/2024,07/18/2024,37.42797,52.358106,66.578289,5,0
12/31/2023,01/20/2024,37.168475,53.200555,65.46563,6,0
08/11/2023,08/31/2023,37.425787,49.85553,40.57802,3,0
09/21/2023,10/14/2023,37.718095,55.159671,63.47026,6,0
03/26/2023,04/18/2023,37.79344,52.447716,57.807291,4,1
07/21/2023,08/11/2023,37.40201,55.901695,65.549531,5,0
10/30/2024,11/21/2024,37.801995,52.470534,50.609155,3,0
04/09/2023,04/29/2023,37.503841,52.954865,53.974606,6,1
12/30/2023,01/19/2024,37.69787,50.267738,59.878926,4,0
01/03/2023,01/22/2023,37.568535,53.472509,67.718169,6,0
11/03/2024,11/26/2024,37.73381,56.422706,53.571081,4,0
08/27/2023,09/17/2023,37.616878,52.263945,56.772705,4,0
01/15/2024,02/07/2024,37.231788,52.388207,60.18225,3,0
11/10/2024,11/29/2024,37.522492,54.106516,55.173493,5,0
02/02/2024,02/22/2024,37.286649,57.039185,55.994197,5,0
10/06/2024,10/26/2024,37.567372,50.540103,53.750803,4,0
06/15/2024,07/05/2024,37.444681,52.109994,60.744243,3,0
12/11/2024,12/31/2024,37.404949,54.256826,52.833037,4,1
05/04/2024,05/23/2024,37.101438,62.278912,53.166573,5,0
11/10/2024,12/02/2024,37.345686,57.693652,62.864008,3,0
04/14/2024,05/07/2024,37.369306,54.40941,64.506111,5,1
01/08/2023,01/28/2023,37.839079,55.029609,55.039334,4,0
06/21/2023,07/10/2023,37.921031,54.207759,52.447004,3,1
08/09/2023,08/28/2023,37.785486,56.157938,58.198092,3,0
10/04/2023,10/25/2023,37.294672,54.594041,54.460861,5,1
06/26/2024,07/18/2024,37.837813,57.002186,59.456999,6,1
07/05/2023,07/28/2023,37.973043,52.9515,61.237402,4,0
04/19/2023,05/11/2023,37.762167,56.992155,51.602599,6,0
12/25/2024,01/13/2025,37.452513,53.366948,55.214991,6,0
11/06/2024,11/25/2024,37.527603,57.96139,51.89238,6,0
05/30/2023,06/22/2023,37.989007,52.124473,51.055619,3,0
12/14/2024,01/03/2025,37.692727,51.094825,55.996294,6,1
06/03/2023,06/24/2023,37.567705,56.043473,60.863384,5,1
05/02/2024,05/25/2024,37.926934,52.610603,68.351117,6,0
07/09/2023,08/01/2023,37.327583,50.649819,62.561823,3,0
03/08/2024,03/30/2024,37.898907,56.525994,58.907913,4,0
12/03/2024,12/25/2024,37.248547,57.570672,61.311095,3,0
08/14/2024,09/02/2024,38.010419,55.787697,57.709435,5,0
04/30/2024,05/23/2024,38.105318,56.53799,52.242482,3,0
09/06/2023,09/29/2023,37.357609,55.62462,52.429884,4,0
03/29/2023,04/18/2023,37.108207,61.958925,64.029655,3,0
06/26/2024,07/19/2024,37.666405,51.396067,57.530974,3,0
10/07/2023,10/26/2023,37.542608,56.068447,50.958101,5,0
12/19/2023,01/11/2024,37.703695,58.268209,55.03385,6,0
12/06/2023,12/25/2023,37.809482,51.718981,67.34362,6,0
04/03/2023,04/23/2023,37.429722,51.241676,59.51932,3,0
04/29/2023,05/20/2023,37.753219,53.324084,54.620067,3,0
08/04/2023,08/25/2023,37.849224,58.542323,58.013374,5,0
07/12/2024,07/31/2024,36.906422,56.113842,52.509027,5,0
09/11/2024,10/04/2024,37.397421,54.641756,49.868696,3,0
04/02/2024,04/21/2024,37.465475,56.344434,60.584173,3,0
05/27/2024,06/17/2024,37.268434,53.926269,59.913671,4,0
05/30/2023,06/21/2023,37.399679,53.548853,57.627913,4,0
09/30/2023,10/22/2023,37.585483,56.635946,48.690099,6,1
12/27/2023,01/17/2024,38.285715,48.890781,54.413636,5,0
01/16/2023,02/06/2023,37.381229,50.934041,59.2673,5,0
03/02/2024,03/24/2024,37.818354,49.22637,59.85934,5,0
09/02/2024,09/24/2024,37.735102,50.680881,59.339112,4,0
09/17/2024,10/07/2024,37.47262,57.757753,59.189897,5,0
06/15/2023,07/06/2023,37.732211,53.194682,54.871826,5,0
09/13/2023,10/04/2023,37.616571,58.442345,53.812217,5,0
05/23/2024,06/12/2024,37.123364,48.419949,50.194662,5,0
03/11/2024,03/30/2024,37.461447,50.379327,52.097994,4,0
03/24/2024,04/16/2024,37.61804,53.80362,54.70569,6,1
01/03/2023,01/22/2023,37.048901,50.012805,62.075328,3,0
08/09/2024,08/31/2024,38.133537,56.088925,65.890082,6,0
04/22/2023,05/12/2023,37.450341,55.887976,52.712359,6,0
02/06/2024,02/29/2024,37.281437,53.025956,65.215442,3,0
03/02/2023,03/25/2023,37.164104,53.824024,54.198507,3,0
06/03/2024,06/24/2024,37.833426,56.346753,65.873586,6,1
08/21/2024,09/13/2024,37.771854,55.179152,63.5805,5,1
12/30/2023,01/18/2024,37.34294,59.115274,56.293816,5,1
06/08/2024,06/28/2024,38.101686,54.529807,51.584259,5,0
11/16/2024,12/09/2024,38.169622,57.834959,59.052677,3,0
06/08/2023,06/27/2023,37.69852,58.704335,49.775146,5,0
02/21/2024,03/15/2024,37.655811,59.356462,69.372361,5,0
01/02/2024,01/25/2024,38.169255,55.218435,61.688727,3,0
10/23/2023,11/11/2023,37.445767,53.083988,58.356127,3,0
08/22/2023,09/12/2023,37.725025,56.008383,59.245582,5,0
12/21/2023,01/10/2024,37.304551,57.624413,56.692958,4,0
01/04/2023,01/27/2023,37.382179,58.705768,67.925874,6,1
02/20/2023,03/15/2023,37.345873,54.07142,49.010425,5,1
02/09/2024,03/01/2024,37.510515,55.579345,53.603233,6,0
03/08/2024,03/28/2024,37.619301,53.281727,68.564663,3,0
06/02/2024,06/23/2024,38.044164,51.364379,50.187332,4,0
03/30/2023,04/20/2023,37.988691,51.381502,62.155098,5,0
10/23/2023,11/13/2023,37.336936,50.603632,60.382263,5,0
07/20/2024,08/10/2024,37.513476,55.572332,58.693892,6,1
05/07/2024,05/27/2024,37.382112,57.487591,57.738622,6,1
01/23/2024,02/13/2024,37.967099,55.925412,57.467136,5,0
11/02/2023,11/21/2023,37.711928,61.319115,56.559748,6,0
04/30/2024,05/20/2024,37.90436,55.81991,57.855585,5,1
02/20/2024,03/14/2024,37.507573,55.939919,61.780344,6,0
01/11/2024,01/31/2024,37.423716,56.359644,53.220005,6,1
04/12/2024,05/05/2024,36.928196,51.836635,54.795034,6,0
06/24/2023,07/15/2023,37.497969,50.978095,68.734359,3,0
04/23/2024,05/13/2024,37.171501,54.145877,53.726981,6,0
07/18/2023,08/07/2023,37.610486,58.262787,66.157605,3,0
10/08/2024,10/29/2024,37.773256,55.498996,56.021142,6,0
10/26/2023,11/17/2023,37.991109,55.690362,52.116317,5,0
05/15/2024,06/07/2024,37.671931,56.58223,58.983717,5,1
12/29/2023,01/21/2024,37.725251,55.100702,48.377183,6,1
03/06/2023,03/27/2023,37.815352,53.43442,66.951625,6,0
03/26/2023,04/16/2023,37.530381,50.415597,61.635329,6,0
03/27/2024,04/17/2024,38.210476,53.471944,60.000038,3,0
06/19/2023,07/10/2023,37.411353,60.200248,54.817623,4,0
02/12/2024,03/04/2024,37.246927,52.209499,48.771852,6,0
04/19/2024,05/09/2024,37.785495,49.763691,62.315274,5,0
01/12/2023,02/04/2023,37.78481,50.962238,68.804058,3,0
11/26/2024,12/19/2024,37.719041,56.82431,50.19069,4,0
10/13/2024,11/01/2024,37.682416,48.897949,55.097318,3,0
10/12/2024,11/01/2024,37.718317,54.564812,49.704473,6,0
03/03/2024,03/25/2024,37.216477,51.743119,60.542757,4,0
04/18/2024,05/08/2024,37.893729,56.802794,54.473258,3,0
01/18/2023,02/07/2023,37.539137,55.778016,62.47532,4,0
04/14/2024,05/07/2024,37.811806,54.881549,49.250473,3,0
09/20/2024,10/10/2024,37.955403,50.719358,61.677243,5,0
06/04/2024,06/27/2024,38.009384,52.56742,68.621904,6,0
02/07/2023,02/28/2023,37.691993,52.005538,55.814757,3,0
01/06/2024,01/26/2024,37.491935,54.856624,63.635929,6,1
01/30/2024,02/18/2024,37.879747,60.708159,52.782383,3,0
11/02/2024,11/24/2024,36.955622,55.938581,54.943476,3,0
04/09/2023,05/02/2023,37.452517,55.928228,69.93713,6,0
10/09/2023,11/01/2023,37.600236,51.951127,56.128175,4,0
02/16/2024,03/06/2024,38.073978,53.434474,64.914111,6,1
12/15/2023,01/03/2024,38.167661,50.597616,74.6624,6,0
12/01/2023,12/21/2023,37.63543,48.04803,55.955257,5,0
12/14/2024,01/02/2025,37.947796,52.356106,57.346928,5,0
02/12/2023,03/06/2023,37.804513,52.290024,60.032366,3,0
08/16/2024,09/06/2024,37.592421,52.624303,58.691007,5,1
08/14/2023,09/05/2023,37.284989,55.734659,59.266619,4,0
10/06/2023,10/28/2023,37.221297,57.119027,54.163367,5,0
03/05/2023,03/26/2023,37.871079,53.125847,45.900693,4,0
10/03/2024,10/22/2024,37.6051,45.303084,61.020094,6,1
03/15/2024,04/06/2024,37.954242,57.676695,51.940012,4,0
06/28/2024,07/17/2024,37.674039,56.825639,67.195221,4,0
10/04/2024,10/26/2024,37.377058,49.409191,61.205502,3,0
08/21/2024,09/11/2024,37.222454,54.505512,59.954013,3,0
04/05/2024,04/25/2024,37.831249,49.928245,67.277269,4,0
05/14/2024,06/06/2024,37.072974,60.230168,65.945935,5,0
11/10/2023,11/30/2023,37.663288,55.999033,62.227742,6,1
11/24/2024,12/16/2024,37.32168,55.496673,57.519965,3,0
07/07/2024,07/29/2024,37.597639,56.466268,54.619374,4,0
05/17/2023,06/05/2023,37.755922,56.898926,55.226895,4,0
09/18/2023,10/11/2023,37.750184,55.811205,47.738338,3,0
05/04/2023,05/25/2023,37.837455,52.041928,55.095548,5,0
12/25/2024,01/17/2025,37.759361,50.396927,54.393923,4,1
05/10/2023,06/01/2023,37.842052,54.045606,66.051162,5,0
02/23/2023,03/15/2023,37.510787,51.533587,61.703613,5,1
06/19/2023,07/12/2023,37.598227,54.285256,61.982331,5,1
07/11/2024,07/30/2024,37.515035,49.654356,46.845758,4,0
10/19/2023,11/11/2023,37.841788,54.117765,59.950362,5,0
11/06/2023,11/27/2023,37.470399,53.483276,50.688008,6,1
12/19/2024,01/08/2025,37.545344,54.882527,51.584194,5,1
08/07/2023,08/26/2023,37.81647,58.058982,49.071729,6,0
11/14/2024,12/04/2024,37.318084,53.510899,47.265656,5,0
03/13/2023,04/01/2023,37.162756,50.547649,51.911625,3,0
03/10/2023,04/02/2023,37.456372,58.365711,59.272262,3,0
11/14/2023,12/04/2023,37.562143,53.192374,52.003205,6,1
01/20/2023,02/11/2023,38.01963,50.42323,72.527534,3,0
01/21/2024,02/09/2024,37.184721,53.635101,59.72369,5,1
02/11/2024,03/03/2024,37.202145,56.458059,58.682081,3,0
11/26/2023,12/16/2023,37.477981,61.753476,47.568918,5,0
04/25/2024,05/18/2024,36.902013,53.255717,49.263319,3,0
04/20/2024,05/12/2024,38.012654,55.099311,52.453116,3,0
03/15/2024,04/03/2024,37.472621,56.045948,58.055338,4,0
01/15/2023,02/07/2023,37.57035,50.272955,54.81551,4,0
05/04/2023,05/23/2023,37.198658,51.598523,54.194242,6,0
07/25/2023,08/16/2023,37.525973,55.82166,57.434319,3,1
10/04/2023,10/23/2023,37.277401,54.02752,66.080455,6,0
01/21/2024,02/11/2024,37.158679,52.118482,59.203019,5,0
06/09/2024,07/02/2024,37.08764,54.167289,52.207084,4,0
06/27/2024,07/20/2024,37.917641,52.910901,50.75987,4,0
06/24/2024,07/17/2024,38.144608,57.290847,51.085772,4,0
09/12/2023,10/02/2023,37.829245,64.416181,56.15133,3,0
04/11/2024,05/02/2024,37.592972,53.303263,54.337171,4,1
11/29/2023,12/19/2023,37.414602,51.783099,73.529544,4,0
04/30/2024,05/19/2024,37.734419,52.924651,49.027095,6,0
10/07/2024,10/27/2024,37.560068,56.381137,59.070293,4,0
02/18/2024,03/11/2024,37.477715,50.794558,49.535369,6,0
08/02/2024,08/25/2024,37.330785,57.427017,62.365072,3,0
08/02/2024,08/24/2024,38.044455,48.810614,75.884464,3,1
10/31/2023,11/21/2023,37.185748,54.286619,60.217759,3,0
12/08/2023,12/29/2023,37.59125,56.542308,54.651407,6,0
05/02/2023,05/23/2023,37.426263,50.369561,56.905434,4,1
12/13/2023,01/01/2024,37.872242,53.984058,56.595221,4,0
12/25/2024,01/15/2025,37.713927,51.690954,52.259751,5,0
11/22/2023,12/11/2023,37.126394,58.467385,58.831055,6,0
08/26/2023,09/18/2023,37.758153,54.770681,64.693287,3,0
09/26/2023,10/16/2023,37.901127,55.597544,65.356054,3,0
04/02/2023,04/23/2023,37.315467,56.742041,71.241333,5,0
05/10/2024,05/29/2024,37.656986,55.936441,59.898715,4,0
08/20/2024,09/08/2024,37.416758,49.848061,43.528806,4,0
09/04/2024,09/23/2024,37.430063,55.189291,49.155442,6,1
04/14/2024,05/05/2024,37.468677,54.20792,63.570932,5,1
04/04/2023,04/27/2023,37.018726,50.921812,55.275065,6,0
06/19/2023,07/09/2023,37.804315,57.798113,56.339493,6,0
07/30/2024,08/21/2024,37.645568,51.986152,58.209878,5,1
03/30/2023,04/22/2023,37.219772,56.030254,49.608194,6,0
10/20/2023,11/11/2023,36.97279,54.304784,60.87599,4,0
12/30/2024,01/22/2025,37.786268,51.030323,54.262056,3,0
04/06/2024,04/29/2024,37.719177,52.644135,62.774455,6,0
07/30/2023,08/18/2023,37.525538,56.034159,56.027425,5,1
09/24/2023,10/14/2023,37.952674,56.733661,58.073138,3,0
05/29/2023,06/19/2023,37.413783,55.890326,65.112403,6,0
11/20/2024,12/13/2024,37.762189,57.614261,62.230773,5,0
08/12/2024,08/31/2024,37.55604,54.687959,55.724858,3,0
03/26/2024,04/16/2024,37.269933,56.884227,55.788873,4,0
09/17/2023,10/06/2023,37.846147,52.802141,52.90097,6,1
05/05/2023,05/27/2023,37.586205,53.485974,50.864363,3,0
01/06/2023,01/25/2023,37.363364,51.355286,52.707482,6,0
07/04/2024,07/26/2024,37.370878,53.87015,47.623933,4,0
06/21/2024,07/13/2024,37.493015,53.736926,57.181753,5,0
05/17/2023,06/09/2023,37.795731,57.803738,57.571416,4,0
05/05/2023,05/24/2023,37.296205,53.144814,49.409541,5,0
12/02/2024,12/23/2024,38.277393,51.358535,60.511857,4,0
01/11/2024,02/03/2024,37.17125,50.86471,60.32072,6,1
12/20/2024,01/12/2025,37.286358,52.736716,56.564682,6,1
10/12/2024,11/03/2024,38.471764,53.889585,65.30465,5,0
05/24/2024,06/15/2024,37.151402,57.344965,56.706648,6,0
05/22/2024,06/10/2024,37.841776,51.448243,56.893301,4,0
04/28/2024,05/21/2024,37.183301,61.059617,52.989904,5,0
08/05/2024,08/28/2024,37.726604,52.099075,50.575473,5,0
05/11/2023,05/31/2023,37.366469,54.619464,55.235561,6,1
01/12/2024,02/02/2024,38.130925,58.947064,53.59437,6,0
10/25/2024,11/13/2024,37.870603,52.785175,47.30173,6,1
04/02/2024,04/24/2024,37.424342,54.863912,67.605356,4,0
06/27/2023,07/17/2023,37.752615,53.968063,60.233714,3,0
12/27/2023,01/19/2024,37.381711,58.14445,55.080454,4,0
10/22/2024,11/11/2024,37.423393,49.130834,60.063443,4,0
03/28/2023,04/18/2023,37.459539,51.666511,51.701006,4,0
09/15/2024,10/06/2024,37.601296,52.18871,59.618975,4,0
01/22/2024,02/11/2024,37.486251,54.657334,60.124853,5,1
11/29/2024,12/22/2024,37.200811,47.6812,58.29216,5,0
03/26/2023,04/18/2023,37.448584,55.886605,58.818281,3,0
12/17/2024,01/05/2025,37.79184,59.166157,50.7347,4,0
04/08/2024,04/28/2024,37.499503,52.194829,49.999412,6,0
08/29/2023,09/21/2023,37.2644,54.312896,57.153287,4,0
08/27/2023,09/18/2023,37.63003,56.763686,66.459893,6,1
12/24/2024,01/13/2025,37.800751,61.724128,51.923604,3,0
04/24/2023,05/16/2023,37.831088,54.550026,65.090639,6,0
04/05/2023,04/25/2023,36.855532,52.26969,50.916536,5,0
06/30/2024,07/22/2024,37.492658,57.431394,57.943259,4,0
11/06/2024,11/29/2024,37.296707,54.219482,64.748806,3,0
01/19/2023,02/08/2023,37.848084,61.522466,58.449285,4,0
05/29/2023,06/20/2023,37.236568,59.276414,51.625285,4,0
02/27/2024,03/18/2024,37.364483,55.44832,50.193555,3,0
08/25/2024,09/14/2024,37.789386,56.23573,66.543885,6,0
11/27/2023,12/18/2023,38.083043,53.519823,50.025734,6,0
08/10/2023,08/31/2023,37.793127,57.740222,45.719419,3,0
03/07/2023,03/30/2023,37.136509,57.744632,59.423064,6,0
02/16/2023,03/10/2023,37.512361,50.601334,63.074928,5,0
08/18/2024,09/07/2024,37.941087,52.528406,62.232985,3,1
03/17/2023,04/07/2023,37.570264,54.299315,54.063935,4,0
07/01/2023,07/22/2023,37.098931,57.346642,53.33641,6,0
05/17/2024,06/06/2024,37.551119,59.818007,62.81649,4,0
03/31/2023,04/19/2023,37.970642,58.917049,57.520181,6,1
03/09/2023,04/01/2023,37.804142,53.752814,49.347495,5,1
03/27/2024,04/19/2024,37.671273,52.671095,53.418693,3,0
07/31/2023,08/20/2023,37.317195,52.773611,58.661744,5,0
08/26/2023,09/16/2023,37.650675,56.62287,50.326948,6,1
11/26/2023,12/17/2023,37.853771,48.681823,46.938887,6,0
09/30/2024,10/21/2024,38.102629,52.019128,57.787973,4,0
03/22/2024,04/12/2024,37.522703,57.959386,49.235857,5,1
01/13/2024,02/05/2024,37.58143,53.700356,54.489815,3,0
10/10/2023,11/01/2023,38.052019,53.852787,68.517906,6,0
11/26/2024,12/16/2024,38.107717,52.131666,67.213099,3,0
08/09/2023,09/01/2023,38.035746,55.703675,58.610904,3,0
10/12/2024,11/01/2024,38.151253,52.232492,59.739966,4,0
01/13/2023,02/02/2023,38.207972,56.42757,55.622936,4,0
10/13/2024,11/03/2024,37.405003,54.121984,58.180991,5,1
11/20/2023,12/10/2023,37.400778,54.874612,65.176127,4,0
06/23/2023,07/12/2023,37.972121,56.791377,67.454073,6,0
08/19/2024,09/10/2024,37.221442,51.013031,64.651856,4,0
04/20/2023,05/13/2023,38.058416,57.113561,58.686363,4,0
01/01/2024,01/22/2024,37.575068,53.531936,54.203167,3,0
05/25/2023,06/13/2023,37.232721,57.252476,44.648301,3,0
06/29/2023,07/20/2023,37.575384,61.114707,59.035613,6,1
08/30/2023,09/19/2023,37.452266,53.580101,64.652504,6,1
12/23/2023,01/11/2024,37.877248,57.616437,62.759966,5,0
02/10/2024,03/04/2024,37.508842,54.37255,54.153596,5,0
07/26/2024,08/17/2024,37.568908,53.696885,58.546146,3,0
10/03/2024,10/22/2024,37.25719,59.912293,67.586656,6,1
02/13/2023,03/06/2023,37.482074,54.164473,53.69949,4,1
12/07/2023,12/28/2023,37.756236,56.384066,59.367745,5,0
04/26/2024,05/19/2024,37.709041,55.599803,57.516675,3,0
04/10/2024,04/29/2024,38.193975,54.80596,67.909194,5,0
12/12/2023,12/31/2023,37.743977,56.960034,57.239554,4,1
03/13/2024,04/01/2024,37.195822,58.421865,56.78251,6,0
07/26/2023,08/16/2023,37.594833,54.643068,52.536787,5,1
10/17/2024,11/05/2024,37.373478,61.02847,57.00764,6,0
09/30/2024,10/22/2024,37.074614,53.852746,51.549693,6,0
04/18/2023,05/07/2023,37.546546,61.385516,62.359131,4,0
03/10/2024,03/31/2024,37.345771,58.8485,65.993142,4,0
08/26/2023,09/17/2023,37.800687,58.230993,54.450599,4,0
03/27/2024,04/18/2024,37.76979,55.487023,62.128952,4,0
05/01/2023,05/23/2023,37.065753,53.652456,64.171864,5,0
03/02/2024,03/24/2024,37.743031,55.512182,76.137806,4,0
07/24/2023,08/13/2023,37.678406,53.520054,50.707968,6,0
08/13/2024,09/05/2024,37.493972,51.800774,56.797098,5,0
09/09/2023,09/30/2023,38.14303,52.959213,61.054573,3,0
04/18/2023,05/11/2023,37.712314,50.512381,59.913504,5,0
11/06/2023,11/26/2023,37.686754,50.318941,54.034552,6,1
04/16/2023,05/09/2023,37.043598,51.470707,60.41083,6,0
11/12/2023,12/02/2023,37.611782,55.200364,59.304587,6,1
01/17/2024,02/05/2024,37.333406,54.899718,62.976622,5,0
01/05/2023,01/26/2023,37.214176,53.26251,64.199921,3,0
09/30/2024,10/22/2024,38.096952,54.309835,55.750372,3,0
06/18/2023,07/09/2023,37.792606,50.884739,59.371322,4,0
05/25/2023,06/15/2023,37.844389,63.689198,64.181962,6,0
11/03/2024,11/23/2024,37.438832,56.122831,64.896236,4,1
10/23/2023,11/12/2023,37.472323,55.271711,56.976196,4,1
01/23/2023,02/12/2023,36.968656,59.252313,60.673195,3,0
08/04/2023,08/23/2023,38.01145,56.740009,60.076467,3,0
02/14/2023,03/05/2023,37.772579,57.602323,59.433433,3,0
03/15/2023,04/06/2023,37.817087,52.832253,51.484244,6,0
05/30/2024,06/18/2024,37.267635,49.287728,55.546412,3,0
11/08/2023,11/30/2023,37.84861,54.244798,61.228967,3,0
06/03/2024,06/22/2024,37.818209,50.629733,52.10273,3,0
01/06/2023,01/29/2023,37.246872,49.716398,55.742258,4,0
05/16/2024,06/04/2024,37.959049,51.367555,57.481941,4,0
01/07/2023,01/29/2023,37.710301,49.973868,42.267636,6,0
08/01/2023,08/23/2023,37.872541,62.489604,66.525847,5,0
04/14/2024,05/06/2024,37.540584,50.862454,69.550928,3,0
12/10/2024,01/01/2025,37.514904,59.40772,53.709585,6,0
06/29/2024,07/21/2024,37.15331,51.378154,57.362571,4,0
11/04/2023,11/23/2023,37.896751,53.998905,54.006009,6,1
05/20/2024,06/12/2024,37.211825,53.099659,59.688363,4,0
07/02/2023,07/23/2023,36.98249,56.499994,57.942329,4,0
08/27/2023,09/15/2023,37.57539,55.810268,60.784439,4,1
12/04/2024,12/24/2024,37.529386,53.161284,60.615626,6,1
08/24/2024,09/12/2024,37.296534,52.881831,50.324252,3,0
07/27/2024,08/15/2024,37.705643,55.411628,54.342117,5,1
06/08/2024,06/27/2024,37.310432,52.703391,54.861713,4,1
04/27/2023,05/19/2023,37.462297,58.85485,54.553525,3,0
07/28/2023,08/20/2023,37.848883,55.958078,64.350179,5,0
07/26/2024,08/16/2024,38.065718,54.097718,48.595355,4,0
09/21/2024,10/14/2024,37.931594,55.781849,51.381342,4,0
04/03/2023,04/23/2023,37.710858,57.965651,57.477777,6,1
06/30/2024,07/19/2024,37.788825,51.643351,50.356671,5,0
08/07/2024,08/26/2024,38.233548,57.566268,60.076327,6,0
05/07/2023,05/28/2023,37.228035,57.741331,52.652595,3,1
07/29/2024,08/17/2024,37.804027,51.854735,42.351708,6,1
06/13/2023,07/05/2023,37.30273,52.769788,59.668026,4,0
07/31/2024,08/23/2024,37.5951,51.076968,60.178524,5,0
06/22/2023,07/15/2023,38.183428,56.504774,62.863907,3,0
05/13/2023,06/04/2023,37.591025,52.717242,52.663006,4,0
03/02/2023,03/21/2023,37.450667,62.831321,68.916884,3,0
05/11/2023,05/30/2023,37.630608,56.441258,56.74203,5,1
09/03/2023,09/25/2023,37.888209,55.571113,62.719437,4,0
03/02/2023,03/22/2023,37.724208,58.477916,63.714983,5,0
07/10/2023,08/02/2023,37.729761,58.588816,53.3258,6,1
09/24/2023,10/17/2023,37.625858,58.13977,53.86031,3,0
12/22/2023,01/13/2024,37.982234,56.477926,58.889004,5,0
12/30/2023,01/22/2024,37.733557,55.179374,65.459248,4,0
04/09/2023,05/01/2023,36.915217,57.65139,55.220699,4,0
01/07/2023,01/28/2023,37.657909,51.21665,58.071914,4,1
02/19/2023,03/13/2023,37.265274,52.960767,65.339239,4,0
01/22/2024,02/13/2024,37.801169,57.668941,49.479714,4,0
08/30/2023,09/19/2023,37.947396,57.922414,64.99121,5,0
03/16/2023,04/07/2023,38.114255,55.455095,50.918774,6,0
10/30/2024,11/22/2024,37.436596,53.756951,60.892304,5,0
04/14/2024,05/03/2024,37.239339,58.524315,47.735132,5,0
01/25/2023,02/17/2023,37.795138,52.089563,65.545432,6,1
05/28/2023,06/16/2023,37.835974,59.942829,49.795061,4,0
11/06/2024,11/26/2024,37.439776,56.241141,59.204078,3,1
06/19/2024,07/09/2024,37.720674,51.381088,55.267295,3,0
05/20/2023,06/10/2023,37.308389,53.324228,62.769838,5,0
08/15/2024,09/06/2024,37.803209,55.407962,61.679902,4,0
10/19/2024,11/09/2024,37.777923,54.905431,57.722824,4,1
03/11/2024,03/31/2024,37.647192,51.500903,57.841968,5,0
02/15/2024,03/05/2024,37.21175,53.804264,50.897625,5,0
02/05/2023,02/24/2023,37.538661,60.582568,61.987516,5,0
03/24/2023,04/13/2023,37.582265,54.310206,49.915182,5,1
03/02/2023,03/22/2023,37.535853,49.735566,70.775085,6,0
09/27/2024,10/17/2024,37.892623,50.583118,65.344411,5,0
04/13/2023,05/04/2023,37.418951,56.016745,63.699626,4,0
02/23/2024,03/13/2024,37.881077,54.140589,58.268411,3,0
08/22/2024,09/11/2024,37.373148,58.809087,58.819517,5,1
01/22/2023,02/11/2023,37.627231,54.654238,60.762324,4,1
10/21/2024,11/12/2024,37.36176,57.549175,63.920469,4,0
01/28/2023,02/20/2023,38.021771,55.046954,50.613533,6,0
04/13/2024,05/06/2024,37.593962,50.213654,59.412539,5,0
12/25/2023,01/14/2024,36.946061,54.01125,56.534848,4,0
08/31/2023,09/21/2023,37.663151,53.379485,54.583128,5,1
03/02/2023,03/25/2023,37.509512,49.240699,62.773917,4,0
05/18/2024,06/07/2024,37.542955,57.446324,56.981896,6,1
02/05/2023,02/26/2023,37.188487,51.438162,57.340429,6,0
01/06/2024,01/29/2024,37.770457,56.307878,59.74971,5,1
07/13/2024,08/03/2024,37.51305,58.17412,61.142872,5,0
05/27/2023,06/18/2023,36.636597,54.285566,56.947061,5,0
06/30/2023,07/23/2023,37.330599,55.316687,63.466726,6,1
07/11/2023,07/30/2023,37.183902,54.406458,58.501122,4,0
02/11/2023,03/06/2023,37.512578,54.652426,65.602972,4,0
04/12/2023,05/04/2023,37.513362,53.280958,62.10429,5,0
12/22/2023,01/14/2024,37.71397,51.919338,63.658385,5,0
11/02/2024,11/24/2024,37.505589,54.088846,65.277048,4,0
11/03/2024,11/25/2024,37.324059,50.496497,67.149187,6,0
12/19/2023,01/09/2024,37.685565,57.583001,67.165274,4,0
12/29/2023,01/18/2024,37.329837,51.660163,55.051902,4,0
08/19/2024,09/11/2024,37.510673,50.238056,51.382287,4,0
12/20/2023,01/08/2024,38.350747,51.987096,65.394298,4,0
10/29/2024,11/21/2024,37.537946,57.208855,64.545186,4,0
02/02/2023,02/22/2023,37.686728,56.44485,53.148743,4,0
09/14/2023,10/07/2023,37.770476,53.87176,63.697345,5,0
08/24/2024,09/12/2024,37.075009,58.889381,58.024274,4,0
10/27/2023,11/15/2023,37.388575,49.617422,64.576024,6,0
11/09/2024,11/29/2024,37.799321,57.293704,54.280667,3,0
11/15/2024,12/06/2024,37.67309,53.361468,63.767198,4,0
09/29/2023,10/21/2023,37.916113,54.46641,60.664998,6,0
08/08/2024,08/31/2024,37.19922,53.753306,55.733554,4,0
03/27/2023,04/19/2023,37.744538,56.281332,50.032665,3,0
05/22/2023,06/10/2023,37.627216,49.918809,53.737335,3,0
03/31/2023,04/23/2023,37.003227,57.116506,53.415422,3,0
09/13/2024,10/05/2024,37.855324,56.788099,70.868787,4,0
05/17/2023,06/08/2023,37.8944,54.312288,68.055904,4,0
02/06/2023,02/25/2023,37.468918,55.073171,53.259461,6,0
09/07/2023,09/29/2023,37.155499,56.337786,60.639201,3,0
09/28/2023,10/17/2023,37.957882,56.663985,47.887713,3,0
03/23/2023,04/12/2023,37.42934,53.341939,63.627365,6,0
09/17/2024,10/10/2024,37.275441,63.141784,43.476235,4,0
07/16/2023,08/04/2023,37.675156,53.688002,55.61274,6,1
04/20/2024,05/11/2024,37.50735,52.931435,51.553769,5,1
12/07/2023,12/28/2023,38.024747,55.938007,43.034279,5,0
10/29/2024,11/21/2024,37.854123,49.789277,55.386922,6,0
04/11/2023,05/04/2023,37.522747,50.978222,73.777047,3,0
03/30/2023,04/18/2023,37.090936,55.887093,62.942069,4,0
08/27/2023,09/16/2023,37.654397,57.717273,62.131256,4,0
10/12/2023,11/02/2023,37.50577,56.885185,56.253453,5,0
09/26/2023,10/16/2023,38.364696,54.968234,49.672656,6,0
06/08/2024,06/29/2024,37.594892,58.803085,53.361205,3,0
05/08/2024,05/30/2024,37.750519,52.788231,51.058089,5,0
04/14/2023,05/04/2023,37.829417,58.134574,52.028549,3,0
02/12/2023,03/04/2023,37.75123,50.425868,61.813008,3,0
07/24/2024,08/13/2024,37.89996,57.278746,61.637551,4,0
11/24/2024,12/13/2024,37.871563,54.140313,55.204923,6,0
02/01/2024,02/22/2024,37.350494,50.078735,66.4783,4,0
02/04/2024,02/25/2024,37.744546,57.62235,54.750172,4,0
01/21/2024,02/13/2024,37.874074,53.591931,52.590282,3,0
01/26/2023,02/15/2023,37.361926,54.978886,53.494304,4,0
12/12/2023,01/04/2024,37.85459,55.4793,45.865653,5,1
01/14/2024,02/02/2024,37.640123,49.107633,52.522256,3,0
12/19/2024,01/08/2025,37.725519,57.941015,65.482616,3,1
04/03/2023,04/22/2023,37.348781,53.352438,56.675706,6,1
12/26/2024,01/17/2025,37.79651,48.69154,65.484958,5,0
07/03/2024,07/25/2024,37.309916,54.963078,58.562411,5,0
12/09/2023,12/28/2023,37.525372,54.61012,60.369128,4,0
04/01/2024,04/24/2024,37.47706,49.011711,57.017372,6,1
02/13/2024,03/05/2024,37.525545,55.923258,61.483472,6,1
01/05/2024,01/26/2024,37.624549,56.263909,61.289433,4,1
04/02/2024,04/21/2024,37.242267,56.213488,65.602231,4,0
03/06/2024,03/25/2024,37.559435,55.333039,58.041499,6,0
01/01/2023,01/24/2023,37.429794,58.008281,61.270711,3,1
04/18/2024,05/11/2024,37.161076,54.276998,58.056522,6,0
10/22/2024,11/14/2024,37.455855,51.604662,61.513684,5,0
09/25/2024,10/18/2024,37.634788,51.317103,70.853128,3,0
08/10/2023,09/01/2023,37.957699,58.211606,55.975478,5,0
03/28/2023,04/17/2023,37.920131,53.926376,56.267635,5,0
02/04/2024,02/24/2024,38.126616,53.983059,47.39002,5,0
06/06/2023,06/27/2023,37.457849,53.825611,52.743359,5,0
12/06/2024,12/27/2024,38.218191,56.525541,59.679982,5,0
12/22/2023,01/11/2024,37.826985,58.931657,60.051437,4,0
09/04/2023,09/27/2023,38.086631,53.622348,55.294308,5,0
01/21/2023,02/10/2023,37.743726,55.485547,69.261255,4,1
07/10/2024,07/30/2024,37.944914,50.74704,60.702257,3,0
03/22/2023,04/10/2023,37.648373,54.680187,58.699368,5,0
11/27/2023,12/18/2023,37.593418,56.208039,59.139796,5,1
09/24/2024,10/13/2024,37.701792,59.591022,46.157046,5,0
06/12/2024,07/04/2024,37.88395,51.237839,65.369388,5,0
02/19/2024,03/11/2024,37.330992,55.989847,55.976447,4,0
03/29/2023,04/20/2023,37.245166,55.048148,57.896265,3,0
05/21/2023,06/09/2023,37.847293,58.454742,68.864187,5,0
08/19/2024,09/11/2024,37.871682,59.539483,52.986846,6,0
06/16/2024,07/07/2024,37.390192,55.193091,64.482697,3,0
04/30/2024,05/20/2024,37.560531,59.178505,70.337513,4,0
07/10/2023,07/31/2023,37.437342,55.259223,60.35738,3,0
08/20/2024,09/08/2024,37.478427,59.391885,51.083362,6,1
08/17/2023,09/08/2023,37.494066,56.712232,57.688851,3,0
08/21/2024,09/13/2024,37.424686,54.292009,60.609274,5,0
10/11/2024,11/03/2024,37.372312,55.206994,63.57888,6,1
12/30/2023,01/20/2024,38.179201,52.982673,61.778418,4,0
02/23/2023,03/14/2023,37.786845,57.059866,58.695188,5,0
06/17/2024,07/08/2024,37.643623,58.184688,48.784942,4,0
05/26/2023,06/14/2023,37.374434,50.817448,56.382252,4,0
09/04/2023,09/23/2023,37.657975,57.152364,50.654811,5,0
11/07/2024,11/29/2024,37.953379,54.526623,52.903798,4,0
03/31/2024,04/22/2024,37.508743,51.211839,57.657157,6,0
10/31/2023,11/22/2023,37.38539,53.363966,55.665199,6,1
08/17/2024,09/05/2024,37.116915,57.579813,61.299928,3,1
09/17/2023,10/08/2023,37.95843,56.093856,51.230095,5,0
02/06/2024,02/25/2024,37.604326,61.025764,59.370547,5,0
05/08/2024,05/29/2024,37.576132,58.229174,50.520228,6,0
11/07/2023,11/28/2023,37.463148,59.143904,63.216582,6,0
11/23/2024,12/15/2024,37.941133,56.734537,62.681787,5,0
03/23/2024,04/14/2024,36.981016,55.248213,66.890678,3,0
10/09/2023,10/30/2023,37.097702,60.316446,62.468493,4,0
06/04/2024,06/25/2024,37.755819,57.90313,61.903703,4,0
05/11/2023,06/02/2023,37.478315,53.217492,70.281101,6,0
12/29/2023,01/21/2024,37.488816,60.016919,50.941185,6,0
12/29/2024,01/19/2025,37.205871,55.383744,57.234739,5,0
11/21/2024,12/14/2024,37.793186,57.415569,57.643811,6,0
06/14/2024,07/05/2024,37.370159,56.50447,54.829377,5,0
06/19/2024,07/08/2024,37.351058,52.468349,53.299513,4,0
01/09/2024,01/28/2024,37.932383,53.017545,48.783304,5,0
11/17/2024,12/06/2024,37.637459,47.411352,61.148029,6,0
02/20/2023,03/11/2023,37.30742,51.3817,55.750632,3,0
02/05/2024,02/24/2024,37.159937,54.954413,51.543372,4,0
05/11/2023,06/02/2023,36.768384,54.146287,58.343092,5,0
12/13/2023,01/04/2024,37.560935,51.422097,60.936036,3,0
06/25/2023,07/16/2023,37.494997,53.535746,59.393359,5,0
03/14/2024,04/05/2024,37.418886,52.532167,56.543539,5,1
10/13/2024,11/01/2024,37.49342,54.693573,60.195806,5,0
06/22/2024,07/15/2024,37.781665,56.469778,56.2204,6,0
12/07/2023,12/30/2023,37.535106,51.607731,55.329888,3,0
01/18/2024,02/07/2024,37.707184,57.442052,52.382585,3,0
04/02/2024,04/22/2024,37.921899,54.577896,61.600224,6,1
02/24/2024,03/16/2024,37.047792,60.141365,57.984942,3,0
08/03/2023,08/23/2023,37.426456,55.831917,58.991598,6,0
04/09/2024,04/28/2024,38.027749,52.204639,59.950094,5,1
12/18/2023,01/10/2024,38.055743,54.271314,57.186792,4,0
11/06/2023,11/27/2023,37.30768,55.557869,57.879746,3,0
03/21/2024,04/13/2024,37.374699,51.205638,42.753788,6,0
05/29/2023,06/17/2023,37.88757,57.156355,48.427965,4,0
04/03/2024,04/23/2024,37.747564,51.529045,51.419165,4,0
05/21/2023,06/11/2023,37.470111,50.309313,55.931973,6,1
01/14/2024,02/02/2024,37.331612,49.286129,64.259099,5,0
01/29/2023,02/21/2023,37.738382,54.325536,63.250988,4,1
04/16/2024,05/06/2024,38.099397,59.14492,59.504173,6,0
06/15/2023,07/07/2023,37.277597,57.01828,58.542687,5,1
12/25/2023,01/14/2024,37.662492,56.36043,55.7462,6,1
04/23/2024,05/15/2024,37.825478,59.440109,65.777095,3,0
08/30/2024,09/18/2024,38.100696,52.727396,59.50809,4,0
06/24/2024,07/15/2024,37.484687,53.942647,60.149004,6,0
12/25/2024,01/13/2025,37.633049,49.622693,56.654319,3,0
02/06/2024,02/26/2024,37.798076,55.851893,54.683158,4,0
08/14/2024,09/05/2024,37.235582,56.730882,62.901021,3,0
10/13/2023,11/02/2023,37.687943,57.228482,66.099847,5,0
04/11/2024,05/02/2024,37.413598,56.830194,61.346237,6,1
02/18/2024,03/08/2024,37.57509,59.179505,64.02362,3,1
07/22/2024,08/14/2024,37.502748,56.39134,61.230541,3,0
05/28/2024,06/16/2024,38.040713,55.679559,55.159972,5,1
05/09/2024,05/31/2024,37.365,59.650988,67.316882,4,0
07/24/2023,08/16/2023,37.164528,54.075001,56.902833,5,0
09/23/2024,10/12/2024,37.270846,50.083151,63.538022,5,0
10/30/2023,11/20/2023,37.624494,53.262447,57.158332,4,1
05/25/2024,06/15/2024,37.300309,57.32586,60.776943,3,0
10/27/2024,11/18/2024,37.59421,58.737523,59.636141,6,0
02/22/2024,03/12/2024,37.039569,55.733877,57.446178,3,0
07/01/2024,07/20/2024,37.252459,50.470012,57.292735,5,0
08/15/2023,09/03/2023,37.811854,54.839867,56.478951,3,0
06/14/2023,07/07/2023,37.27893,55.40738,61.657175,3,0
06/06/2023,06/25/2023,38.051962,48.151204,55.029134,5,0
03/02/2023,03/21/2023,37.418942,59.094582,56.695904,4,0
03/23/2024,04/15/2024,37.596286,54.325853,61.998071,5,1
08/25/2024,09/17/2024,37.348139,51.902622,63.088519,4,0
10/18/2024,11/08/2024,37.746541,53.547253,58.074824,5,1
11/28/2024,12/17/2024,37.604451,56.236727,67.356247,4,0
03/01/2023,03/22/2023,37.901892,53.726788,51.073035,3,0
12/05/2024,12/27/2024,37.508317,48.731283,57.869085,6,1
09/08/2023,10/01/2023,38.324814,54.066713,61.750157,5,0
02/01/2024,02/22/2024,38.170945,54.232004,60.684489,4,0
12/09/2023,12/31/2023,37.047141,59.478799,66.063477,4,0
06/14/2023,07/07/2023,37.781138,52.325781,56.511832,5,0
03/17/2024,04/05/2024,37.330699,58.428303,59.301827,6,1
01/02/2023,01/23/2023,37.067172,53.347138,58.130961,4,0
10/26/2024,11/15/2024,37.771136,54.338822,54.322447,3,0
02/04/2024,02/23/2024,38.0699,52.427608,59.492111,5,0
04/03/2024,04/23/2024,37.662069,56.471288,72.402091,5,0
12/09/2024,12/30/2024,37.773002,61.222557,59.997862,4,1
02/06/2024,02/27/2024,37.694447,56.961736,57.464825,5,1
03/28/2024,04/20/2024,37.876699,57.047611,58.781314,6,0
07/30/2024,08/18/2024,37.512744,56.06155,51.980075,5,0
06/26/2023,07/15/2023,37.519528,52.626418,62.640869,3,0
10/19/2024,11/10/2024,37.065872,57.556318,65.808006,3,0
02/08/2024,03/01/2024,37.668569,53.27409,55.399034,6,0
07/10/2023,07/30/2023,37.945701,53.741174,56.535643,6,0
03/06/2023,03/29/2023,37.556159,55.625521,59.499102,6,1
05/31/2024,06/22/2024,37.827745,53.819296,53.28907,4,0
06/26/2023,07/16/2023,38.457066,56.957736,67.035524,5,0
06/11/2024,07/02/2024,37.911703,55.10463,54.687627,5,0
06/25/2024,07/15/2024,37.404186,53.165521,52.163976,4,0
06/23/2023,07/14/2023,37.904327,55.306819,56.419993,6,0
02/28/2023,03/23/2023,37.551031,56.639048,55.949513,4,0
02/08/2023,02/28/2023,37.224248,56.572161,56.398698,5,1
07/03/2024,07/23/2024,37.258938,57.023326,58.636861,5,0
09/09/2023,10/01/2023,38.075526,58.472364,51.481297,6,0
10/12/2023,11/02/2023,37.87172,54.298596,46.560417,6,0
06/12/2024,07/03/2024,37.62951,57.245839,58.211159,5,1
05/07/2024,05/29/2024,38.007447,45.78954,58.607084,6,0
04/06/2023,04/29/2023,37.3046,57.465497,60.099675,4,0
09/29/2024,10/22/2024,37.234604,53.32866,54.641447,5,0
06/26/2023,07/16/2023,38.005566,56.806776,48.631509,4,0
08/27/2024,09/15/2024,37.530052,56.369272,63.650303,4,0
01/18/2024,02/10/2024,37.908415,52.196302,70.004388,6,0
06/04/2023,06/26/2023,37.834147,55.891295,58.858866,3,1
07/25/2023,08/13/2023,37.590955,53.720942,65.082282,6,0
11/14/2024,12/04/2024,38.053019,55.475281,51.047233,4,0
07/10/2024,07/29/2024,37.622167,53.504501,59.137268,6,0
01/26/2023,02/14/2023,37.256781,55.721556,48.947133,5,0
07/26/2024,08/16/2024,37.47795,52.398907,60.011534,6,0
12/04/2023,12/24/2023,37.654548,55.917258,52.471442,5,0
06/26/2024,07/18/2024,37.219693,52.640779,58.494456,3,0
09/18/2024,10/08/2024,37.638285,56.869961,58.493846,6,0
08/14/2024,09/02/2024,37.563427,53.62887,63.412028,3,0
07/18/2024,08/10/2024,37.938742,54.336754,64.577371,6,1
08/20/2024,09/08/2024,37.788701,57.225543,57.277212,6,1
11/06/2024,11/28/2024,37.332444,57.363275,45.829477,5,0
10/08/2023,10/31/2023,37.395409,56.52547,62.970489,6,0
05/20/2024,06/09/2024,37.493178,55.624193,48.782749,5,1
12/23/2024,01/15/2025,37.774461,52.70611,55.69426,5,0
07/23/2023,08/11/2023,37.783233,54.837097,57.561115,3,1
11/24/2024,12/16/2024,37.913958,51.420602,56.762923,5,0
11/14/2023,12/07/2023,37.678968,54.232838,52.003678,3,0
07/04/2023,07/27/2023,37.384153,57.204681,59.289235,5,0
03/20/2023,04/08/2023,37.332384,53.505072,58.635011,6,1
10/09/2024,10/30/2024,38.07049,54.038339,58.646244,5,0
01/19/2024,02/07/2024,37.290207,58.705484,58.120928,6,0
04/05/2023,04/26/2023,37.595895,56.481357,63.441296,3,0
01/06/2023,01/29/2023,37.477461,50.090545,58.173682,4,0
01/06/2023,01/25/2023,37.349306,62.715896,54.751407,3,0
09/27/2023,10/20/2023,37.141627,53.109741,56.20699,5,0
02/07/2023,03/02/2023,37.640218,57.028937,59.904959,5,1
10/08/2023,10/27/2023,37.729648,57.691391,56.443245,3,0
05/12/2024,06/04/2024,37.500695,54.028752,58.996169,3,0
09/18/2024,10/07/2024,37.719202,52.705656,56.051908,3,1
08/16/2024,09/04/2024,37.737304,57.754084,59.956711,3,0
01/31/2023,02/20/2023,38.047989,55.954732,49.529561,4,0
07/09/2023,07/31/2023,37.920045,52.307879,65.176186,6,0
02/13/2023,03/08/2023,37.65523,55.056859,64.475312,6,0
09/14/2024,10/03/2024,38.026833,53.863302,50.871392,5,0
07/31/2024,08/23/2024,37.759966,56.808624,72.277893,3,0
07/20/2023,08/12/2023,37.03988,55.266274,61.683914,3,0
11/11/2024,12/02/2024,37.108359,56.39792,67.242721,6,1
06/29/2024,07/21/2024,37.506736,59.981599,60.787529,6,0
05/24/2023,06/13/2023,37.724134,50.114695,58.628947,5,0
04/25/2023,05/15/2023,38.015576,54.858118,50.506865,4,0
07/16/2023,08/05/2023,37.865584,54.310616,53.622558,4,0
04/21/2024,05/12/2024,37.534313,50.363075,50.410642,4,0
11/07/2024,11/26/2024,37.288502,57.161955,59.28024,5,1
03/13/2023,04/05/2023,37.222094,56.968014,56.507105,6,0
10/07/2024,10/30/2024,37.945966,51.818416,67.885398,3,0
02/02/2023,02/22/2023,37.771384,49.653552,63.63143,3,0
02/22/2024,03/14/2024,37.620055,54.354672,45.119265,6,1
11/30/2023,12/20/2023,37.824414,55.472256,58.529087,3,0
03/04/2023,03/27/2023,37.928293,54.090141,53.232969,4,0
09/26/2023,10/18/2023,37.775945,56.79026,42.092958,6,0
10/09/2024,10/31/2024,37.854279,56.63953,59.857257,6,1
07/31/2024,08/19/2024,37.866611,53.401068,66.233196,6,0
09/07/2024,09/26/2024,37.562495,55.848285,52.447796,6,0
04/24/2023,05/17/2023,37.721709,59.512655,55.988463,6,0
03/21/2024,04/13/2024,38.052755,51.310345,60.139553,3,0
05/13/2024,06/04/2024,37.113259,55.494386,56.41762,5,0
08/02/2023,08/21/2023,37.385412,48.976413,54.868754,5,0
03/13/2024,04/05/2024,38.125524,53.633696,64.219413,4,0
01/08/2024,01/29/2024,37.65422,60.021149,49.50942,4,0
03/15/2023,04/06/2023,37.33923,54.109432,50.382975,3,0
04/16/2024,05/06/2024,37.455606,56.103299,67.510795,3,0
01/24/2023,02/16/2023,37.58211,48.879251,49.451252,6,0
05/20/2024,06/08/2024,37.416736,53.036479,62.356136,5,0
03/05/2023,03/24/2023,37.467477,58.950331,58.147906,5,0
07/21/2024,08/10/2024,37.696935,56.918793,51.03474,4,0
10/26/2023,11/16/2023,37.49688,50.532381,65.545065,6,0
11/10/2023,12/03/2023,37.032541,54.448571,65.596948,4,0
12/10/2024,01/01/2025,37.500224,57.251831,59.811949,5,0
03/02/2023,03/23/2023,37.322705,54.242181,67.758626,6,1
10/12/2023,11/03/2023,37.19484,57.175178,58.976538,4,1
03/25/2023,04/16/2023,37.69111,53.19606,54.05847,5,1
09/26/2023,10/17/2023,38.103178,55.249802,58.960103,5,0
11/11/2024,12/04/2024,37.279,47.392959,55.183436,3,0
12/30/2023,01/20/2024,37.367892,53.533905,49.458744,4,0
12/30/2023,01/20/2024,36.930734,55.149781,54.906224,6,0
02/23/2024,03/16/2024,37.876796,55.157756,55.847842,3,0
07/28/2023,08/20/2023,37.695359,51.167669,50.004734,5,0
02/12/2024,03/02/2024,37.63279,61.406794,52.848954,3,0
12/19/2023,01/10/2024,38.005775,57.819999,54.516922,5,0
08/25/2024,09/16/2024,37.756213,53.829729,47.108231,3,0
03/30/2024,04/19/2024,37.467973,54.756773,56.453362,5,0
07/30/2023,08/20/2023,37.906826,55.599207,58.34079,5,0
01/18/2023,02/08/2023,37.447716,57.495922,66.253963,3,0
05/27/2024,06/15/2024,37.306461,61.700579,50.930455,3,0
10/20/2024,11/10/2024,37.689888,55.743341,60.266564,5,1
05/23/2024,06/15/2024,37.450204,51.837881,52.545925,4,0
02/10/2023,03/03/2023,37.77537,56.19279,63.857442,4,0
04/23/2023,05/14/2023,37.471463,56.524509,64.844267,3,1
08/21/2024,09/12/2024,37.628376,53.282365,54.802905,5,0
02/14/2024,03/06/2024,37.596875,51.457708,63.114601,6,0
03/20/2024,04/11/2024,37.257685,56.56801,60.476434,4,0
10/06/2023,10/28/2023,38.149857,56.817642,60.494879,5,0
08/16/2023,09/08/2023,37.569256,55.891395,58.281349,5,1
01/18/2023,02/10/2023,37.815099,53.626981,53.987155,3,0
12/20/2023,01/09/2024,37.686353,49.097035,56.186044,5,0
01/18/2023,02/07/2023,37.840984,53.051833,56.260267,3,0
09/27/2023,10/18/2023,37.549771,51.473597,65.758608,3,0
05/08/2024,05/29/2024,37.72586,50.293829,58.17098,4,0
06/06/2023,06/25/2023,37.453056,52.205678,56.321308,6,0
11/13/2024,12/06/2024,37.612646,57.572047,47.930693,3,0
10/19/2023,11/07/2023,37.714415,56.166162,57.714738,6,0
06/04/2023,06/27/2023,37.022708,56.790435,55.993198,5,0
03/09/2023,03/29/2023,37.579426,59.082674,64.50842,5,0
06/06/2023,06/29/2023,37.448196,52.131718,54.396181,3,0
04/15/2024,05/08/2024,37.920041,52.828699,59.566849,3,1
01/16/2024,02/05/2024,37.334862,56.674607,57.465645,6,0
02/19/2024,03/13/2024,37.377581,54.813243,56.568384,3,1
10/01/2024,10/21/2024,37.546429,51.197539,63.29185,3,0
07/17/2024,08/07/2024,37.933001,57.85005,56.597635,4,0
07/17/2024,08/05/2024,37.629127,54.267257,60.830029,5,0
10/27/2024,11/17/2024,37.797797,57.23816,55.13869,3,0
04/01/2023,04/24/2023,37.397126,58.07671,49.419692,3,0
06/19/2024,07/10/2024,37.768754,55.930333,59.188962,4,1
01/13/2024,02/04/2024,37.904068,58.981115,58.287465,4,0
06/20/2023,07/09/2023,37.801343,54.008287,74.135122,4,0
03/15/2023,04/05/2023,37.153349,50.630391,62.079842,3,0
09/21/2024,10/12/2024,37.410748,53.957305,69.312483,5,0
04/27/2023,05/17/2023,37.399644,52.052479,63.433924,6,0
03/16/2024,04/04/2024,37.996159,54.525888,56.66829,4,0
08/15/2023,09/05/2023,37.446643,54.140256,59.379892,5,0
11/13/2024,12/04/2024,37.56873,53.355774,55.602361,3,0
04/05/2024,04/28/2024,37.596882,52.335058,62.721687,6,1
02/01/2023,02/22/2023,37.366561,58.347281,68.539743,6,0
08/14/2023,09/02/2023,37.242028,52.908851,61.035404,4,0
01/07/2023,01/27/2023,37.732439,55.380409,68.349358,4,0
01/31/2023,02/21/2023,37.642976,58.768936,44.498412,3,0
07/10/2024,08/01/2024,37.158326,49.775786,54.138735,6,0
10/08/2024,10/30/2024,37.875968,52.50585,60.214708,5,0
09/19/2023,10/10/2023,37.53293,61.864153,62.031994,5,0
11/11/2023,11/30/2023,37.360332,54.820947,52.036012,6,1
02/03/2023,02/23/2023,37.41599,56.909101,56.352915,6,0
12/31/2024,01/21/2025,37.45552,56.088249,58.922325,5,0
05/27/2024,06/16/2024,37.701037,52.54329,65.229032,5,0
09/07/2023,09/26/2023,37.746839,50.703433,55.870023,5,0
10/21/2023,11/12/2023,37.692126,54.273302,60.73785,6,1
01/02/2024,01/22/2024,37.058061,49.352224,59.231289,4,0
10/01/2023,10/20/2023,37.058772,60.706325,62.255342,5,0
06/24/2024,07/14/2024,37.226548,57.031197,63.504828,4,0
08/31/2023,09/22/2023,37.802291,56.904858,62.477509,5,1
10/23/2023,11/15/2023,37.715462,48.427546,53.900484,4,0
01/06/2023,01/25/2023,37.403123,59.480837,56.826834,4,0
03/19/2024,04/11/2024,37.872296,53.333397,52.228456,5,0
03/16/2023,04/05/2023,37.731229,56.03157,56.205849,3,0
04/12/2023,05/04/2023,37.835918,58.152457,49.195016,4,0
09/06/2023,09/26/2023,37.43225,54.999153,58.655268,4,0
01/13/2024,02/04/2024,37.585877,55.120274,58.117312,3,1
10/21/2024,11/10/2024,37.596339,49.970998,48.71956,5,0
01/17/2024,02/05/2024,37.465213,51.118161,64.57275,3,0
07/12/2023,07/31/2023,37.317666,55.941442,57.999849,4,0
02/24/2023,03/16/2023,37.294928,57.204866,61.494364,6,0
05/05/2023,05/24/2023,37.769187,50.384624,49.38096,6,1
09/25/2023,10/16/2023,37.481495,54.092513,55.503438,5,1
01/30/2023,02/18/2023,38.18098,58.916001,63.34018,3,0
05/01/2023,05/22/2023,37.37822,54.706514,53.4893,4,1
07/29/2024,08/17/2024,37.504277,51.968996,55.300632,4,0
02/24/2024,03/14/2024,38.076544,47.753676,49.880586,3,0
03/08/2024,03/28/2024,38.112437,57.979909,46.62222,4,0
03/29/2024,04/20/2024,37.349107,54.097973,59.556798,5,1
10/08/2024,10/30/2024,37.613439,57.784457,55.17424,5,0
02/11/2023,03/04/2023,37.759672,54.387007,46.541824,5,0
09/08/2024,09/28/2024,37.444008,54.198729,56.52507,5,0
08/04/2024,08/23/2024,36.868362,56.248014,59.066824,3,0
09/26/2024,10/16/2024,37.496202,48.203326,61.042803,4,0
04/18/2024,05/07/2024,37.687997,53.393713,54.903624,5,1
09/11/2023,09/30/2023,37.69263,58.034866,59.200058,4,1
06/14/2024,07/05/2024,37.460514,49.351167,58.016815,4,0
02/09/2024,02/29/2024,36.942822,54.849566,50.529053,5,0
04/21/2023,05/12/2023,37.531816,55.064689,56.70674,6,1
08/10/2024,08/31/2024,37.689914,58.022125,52.727044,6,1
03/10/2023,03/31/2023,37.662116,56.780059,60.84669,4,1
07/11/2024,08/01/2024,37.600605,56.485738,57.337364,5,1
06/29/2023,07/21/2023,37.738378,55.806344,50.2464,4,0
01/18/2024,02/08/2024,37.840152,56.005543,53.964385,6,1
12/27/2023,01/18/2024,37.383046,50.437706,61.507883,6,0
05/15/2023,06/04/2023,38.094754,53.124786,65.426681,5,0
01/26/2024,02/18/2024,37.467513,55.396195,53.879163,6,0
12/30/2023,01/22/2024,37.598227,53.232323,67.223304,6,0
07/04/2023,07/25/2023,37.498441,56.337566,63.990408,3,1
03/09/2024,03/31/2024,37.304711,52.057654,55.843831,4,0
05/22/2023,06/11/2023,37.773285,56.528397,56.336786,3,0
04/14/2024,05/04/2024,37.706288,48.577864,62.143531,3,0
05/08/2023,05/31/2023,37.714158,52.836577,59.978642,5,0
05/03/2024,05/22/2024,37.411239,56.505063,66.654883,5,1
10/01/2023,10/22/2023,37.579419,53.801807,61.695414,5,0
01/21/2024,02/09/2024,37.29566,49.904392,57.81276,6,1
02/16/2024,03/06/2024,37.289403,53.659237,57.729014,3,0
05/16/2024,06/07/2024,37.032958,55.93916,57.173508,5,0
02/22/2023,03/17/2023,37.492696,53.154165,58.100718,3,0
05/05/2024,05/28/2024,37.170673,57.881923,55.421164,6,0
08/19/2023,09/07/2023,38.02416,58.061209,64.67374,5,0
03/12/2023,04/01/2023,37.787722,58.138265,54.600206,5,0
03/12/2023,04/03/2023,37.925809,55.351693,54.878027,6,0
11/20/2024,12/09/2024,37.681321,54.658283,54.632996,5,1
09/09/2023,10/02/2023,37.760914,57.769267,62.077838,6,0
07/12/2023,08/04/2023,37.356167,56.576826,61.255908,6,1
10/25/2023,11/15/2023,37.550862,57.985595,56.191656,3,0
07/02/2023,07/22/2023,37.36552,51.709674,62.335732,6,0
07/23/2024,08/12/2024,38.105254,59.878468,56.736129,4,0
06/28/2024,07/18/2024,37.573549,57.083746,52.243164,5,0
03/23/2024,04/13/2024,37.962384,53.443913,62.477349,4,0
09/22/2024,10/13/2024,37.864412,57.211759,52.265803,5,0
11/07/2023,11/28/2023,37.077661,50.374366,55.743817,3,0
05/08/2023,05/27/2023,37.618367,54.770046,60.47796,6,1
09/27/2023,10/18/2023,37.684866,49.611188,63.95524,6,0
03/19/2023,04/09/2023,37.469194,52.855007,56.084952,5,0
07/05/2023,07/25/2023,38.108996,59.237904,60.604991,3,0
10/20/2024,11/09/2024,37.260872,63.117625,56.895359,3,0
10/12/2023,11/02/2023,38.378838,56.026669,60.362383,5,0
07/20/2024,08/09/2024,37.537729,56.390057,64.324059,6,0
05/28/2023,06/19/2023,37.670056,49.753654,68.414559,5,0
11/28/2024,12/20/2024,37.510943,53.970853,68.594615,3,0
06/21/2024,07/10/2024,37.669868,56.476803,66.071296,6,0
02/05/2023,02/27/2023,37.518799,50.210588,59.838133,4,0
07/24/2023,08/14/2023,37.647032,54.639686,59.624181,6,1
04/22/2023,05/13/2023,37.611033,59.091942,60.011934,3,0
11/12/2024,12/04/2024,37.855616,57.276513,60.44033,4,0
09/20/2024,10/09/2024,37.621501,56.160022,59.660775,3,1
07/23/2023,08/14/2023,37.447656,55.79589,52.454019,6,1
06/16/2024,07/09/2024,37.429569,59.77601,58.957086,6,1
01/07/2023,01/27/2023,37.604216,53.318879,53.235898,3,0
03/11/2024,04/02/2024,37.216354,48.62399,51.435961,4,0
07/25/2024,08/15/2024,37.960599,53.52063,45.850757,6,0
06/16/2024,07/08/2024,37.880644,57.080652,58.913839,3,0
10/06/2023,10/27/2023,37.539,53.214614,57.838259,6,0
02/07/2024,02/29/2024,37.629035,58.691146,56.610434,4,0
06/25/2024,07/15/2024,37.678109,53.190249,65.892981,3,0
12/18/2024,01/09/2025,37.5941,49.994029,39.275959,4,0
12/17/2024,01/09/2025,37.712652,54.137839,51.551721,5,0
07/04/2023,07/27/2023,37.731875,53.513283,59.913986,3,0
01/19/2023,02/10/2023,37.884635,53.457343,65.551844,4,0
09/16/2024,10/07/2024,38.147419,52.24986,53.044274,5,0
01/17/2023,02/08/2023,37.805095,51.333661,55.361531,4,0
08/04/2023,08/26/2023,37.385481,58.158279,56.45838,4,0
11/19/2023,12/09/2023,37.813316,58.419455,51.735685,4,0
08/26/2024,09/15/2024,37.65518,58.112093,45.771661,5,0
10/08/2024,10/29/2024,38.315188,56.077893,64.981936,6,0
06/24/2023,07/16/2023,37.835433,57.491019,61.195785,5,0
07/07/2023,07/29/2023,37.879318,54.762917,55.258268,3,0
12/07/2024,12/30/2024,37.106324,53.180694,60.603689,5,0
06/11/2023,07/04/2023,37.664313,57.995881,58.575851,4,0
02/19/2023,03/10/2023,37.476594,58.687376,65.314101,3,0
01/04/2023,01/25/2023,37.475217,50.589417,58.807576,6,0
03/23/2024,04/11/2024,37.421624,53.022077,54.259458,6,0
04/05/2023,04/28/2023,37.152432,55.255394,46.960735,4,0
10/06/2023,10/26/2023,37.606214,51.84925,52.410825,3,0
06/22/2023,07/13/2023,38.033655,51.609829,61.251891,6,0
01/31/2024,02/20/2024,38.107005,50.95506,62.126237,3,0
06/21/2024,07/13/2024,38.134792,55.732285,66.316343,3,0
10/11/2024,11/01/2024,37.848989,51.294203,61.611837,4,0
04/28/2024,05/18/2024,37.714781,56.251338,53.517464,3,0
03/22/2024,04/10/2024,37.478035,51.491511,66.040395,4,0
04/24/2024,05/16/2024,37.214652,58.063258,60.141397,6,1
05/27/2023,06/15/2023,37.489237,55.847282,51.969146,5,1
09/19/2023,10/11/2023,38.103001,51.880763,61.739305,3,0
05/24/2023,06/15/2023,37.940437,54.624648,66.16352,6,0
04/24/2023,05/16/2023,37.961279,57.98115,49.896514,4,0
05/02/2023,05/24/2023,37.461214,55.241554,52.6013,5,0
10/05/2024,10/28/2024,36.84967,54.383862,59.662594,6,0
01/24/2024,02/15/2024,37.316302,53.660674,54.294314,3,0
01/08/2023,01/31/2023,37.605964,58.850115,63.598155,6,1
04/27/2024,05/19/2024,37.527338,53.521523,71.120146,4,0
03/14/2024,04/04/2024,37.790328,57.864469,57.509893,3,0
11/21/2023,12/12/2023,37.350584,55.974314,58.354687,4,0
07/02/2023,07/21/2023,37.844154,60.839942,51.277603,4,0
11/23/2023,12/13/2023,37.465388,47.378451,47.717964,3,0
11/24/2024,12/15/2024,37.867027,63.52762,56.618541,6,1
05/11/2024,05/31/2024,38.042306,53.989875,56.696285,3,0
04/30/2023,05/22/2023,37.571141,52.546286,58.723309,3,0
12/19/2023,01/10/2024,37.361895,56.219182,57.105251,5,1
06/26/2024,07/17/2024,37.703375,55.967184,44.811149,4,0
05/12/2024,06/03/2024,37.112431,49.210011,51.12184,3,0
12/18/2023,01/06/2024,37.764736,58.684902,57.507747,5,1
10/19/2023,11/09/2023,37.033664,56.658158,47.226394,6,0
09/13/2023,10/04/2023,37.982722,55.641478,55.239899,3,0
05/19/2024,06/07/2024,37.883975,57.384125,58.132748,5,0
08/10/2024,08/29/2024,38.051962,55.737745,68.42235,5,0
03/06/2023,03/26/2023,37.505231,49.631699,52.999716,3,1
11/11/2024,11/30/2024,37.367837,57.215481,57.910725,3,0
01/18/2024,02/08/2024,37.516568,56.199009,58.380506,5,1
04/07/2024,04/30/2024,37.791156,53.955825,45.224105,4,0
06/16/2023,07/08/2023,37.694672,57.088468,54.993927,6,0
08/23/2024,09/14/2024,37.697178,52.649668,57.894635,3,0
05/12/2024,06/02/2024,37.562278,56.169189,53.012629,4,0
05/12/2024,06/01/2024,38.010526,55.408182,54.511342,6,0
08/17/2023,09/07/2023,37.355689,54.075981,63.525288,6,0
01/20/2023,02/08/2023,37.117407,52.531651,52.204413,4,1
07/20/2024,08/08/2024,37.734442,59.418826,53.772425,3,0
08/07/2024,08/26/2024,37.602625,56.556692,53.568832,5,0
07/02/2024,07/21/2024,37.782225,56.380946,47.540401,5,0
05/30/2024,06/21/2024,37.401762,55.196463,64.167999,3,0
10/08/2024,10/31/2024,37.698835,57.757069,64.395731,6,1
08/12/2024,09/04/2024,37.648148,57.013823,62.665727,6,0
07/14/2023,08/03/2023,37.420832,51.198913,53.458656,4,0
05/30/2023,06/21/2023,37.446758,52.745345,69.850377,6,0
01/26/2024,02/14/2024,37.518944,56.011641,63.456311,3,0
10/28/2024,11/18/2024,36.892106,55.705758,47.327005,4,0
02/14/2023,03/09/2023,37.686532,57.012079,54.131941,6,1
10/21/2024,11/09/2024,37.778374,54.759947,55.583915,3,1
07/08/2024,07/28/2024,37.685892,59.014525,58.563958,3,0
10/28/2023,11/16/2023,37.558103,52.237266,49.68459,6,0
10/23/2023,11/12/2023,37.692699,56.658814,61.501089,5,0
01/04/2023,01/26/2023,37.903998,58.524141,61.490834,3,0
03/13/2024,04/01/2024,37.753606,55.152565,55.043591,3,1
07/16/2023,08/05/2023,37.623074,62.04429,47.543902,6,0
03/16/2024,04/05/2024,37.769245,49.347957,68.51242,6,0
06/11/2024,07/03/2024,37.349115,49.090462,62.024173,3,0
12/25/2023,01/17/2024,37.570871,53.843443,64.770664,4,0
10/13/2023,11/05/2023,37.879753,56.965868,52.493544,4,1
05/31/2024,06/19/2024,37.116149,59.158527,57.618125,6,0
08/11/2023,09/01/2023,37.552491,52.66218,56.861634,4,0
10/05/2024,10/25/2024,37.79096,59.560362,57.218186,3,0
10/05/2024,10/26/2024,37.99011,51.744924,59.367288,3,0
08/14/2023,09/04/2023,37.501989,58.598224,62.997665,4,0
12/31/2024,01/20/2025,37.910729,57.172817,52.927102,6,0
01/25/2023,02/17/2023,37.182974,52.483286,56.487531,3,0
03/23/2023,04/15/2023,37.423489,50.157838,46.529729,6,0
07/20/2023,08/09/2023,37.515387,57.130867,61.965419,6,0
07/17/2024,08/07/2024,37.431406,56.643687,50.758857,4,0
06/04/2023,06/23/2023,37.291991,58.696435,53.258876,5,0
07/29/2023,08/20/2023,37.755443,50.231498,67.756419,5,0
09/18/2024,10/10/2024,37.576736,53.392457,57.69299,4,0
09/26/2024,10/15/2024,37.715059,55.073811,62.509085,3,0
02/09/2024,03/02/2024,37.408639,57.987361,59.461416,4,0
12/23/2023,01/11/2024,37.708523,55.979285,57.852775,4,0
09/13/2023,10/06/2023,37.672612,57.369534,52.549992,5,0
12/25/2024,01/13/2025,37.654354,57.602261,59.850222,5,1
12/22/2024,01/14/2025,37.389892,55.439877,62.231064,4,0
06/11/2023,07/04/2023,37.138825,53.96361,55.834224,3,0
01/31/2023,02/23/2023,37.596187,54.887594,61.079639,3,0
03/24/2023,04/15/2023,37.804738,55.115554,48.207538,5,0
06/26/2023,07/17/2023,37.240739,54.075549,55.170335,3,1
12/23/2024,01/14/2025,37.541126,58.278584,61.917164,5,1
04/27/2023,05/20/2023,37.652414,52.222006,62.186404,3,0
08/05/2023,08/25/2023,37.72997,51.161514,55.961994,3,0
04/18/2024,05/07/2024,37.400522,57.200643,61.873869,4,0
04/11/2024,05/03/2024,37.820459,54.127048,68.964694,6,0
04/17/2023,05/06/2023,37.166686,54.077353,55.557957,6,1
08/17/2023,09/07/2023,37.824976,56.079573,49.25949,6,0
03/06/2024,03/29/2024,37.055569,56.614892,50.46312,4,0
02/26/2024,03/17/2024,37.52505,61.919054,57.500539,5,0
06/15/2023,07/08/2023,37.654895,50.372154,51.559624,5,0
07/08/2024,07/31/2024,38.216083,49.991254,45.045237,6,0
07/28/2024,08/17/2024,37.491352,56.863563,58.308871,4,0
06/13/2024,07/05/2024,37.80767,52.165987,58.578074,6,1
02/13/2023,03/05/2023,37.257958,55.972317,59.366693,5,0
06/14/2024,07/03/2024,37.900486,55.742568,60.6086,3,0
06/22/2023,07/12/2023,37.618782,49.071432,66.612372,4,0
05/15/2024,06/05/2024,36.752641,54.691668,51.566415,5,0
11/27/2024,12/19/2024,37.395484,54.675224,65.35209,3,0
08/24/2024,09/16/2024,37.809455,50.429455,55.806661,3,0
05/31/2023,06/22/2023,37.458185,49.258669,64.900041,4,0
10/26/2024,11/16/2024,37.696387,57.645567,53.590804,3,0
09/04/2023,09/23/2023,37.818,57.252998,58.085117,4,0
10/26/2024,11/18/2024,37.64792,51.996382,56.880986,6,1
09/24/2023,10/14/2023,37.337499,51.743316,54.042284,3,0
03/20/2023,04/11/2023,37.89306,56.702644,44.685574,6,0
07/04/2024,07/27/2024,37.110173,61.379258,50.402134,5,0
02/02/2023,02/23/2023,37.642141,57.045032,63.551404,6,0
11/30/2024,12/20/2024,37.762438,55.25924,60.692526,3,0
04/10/2023,05/01/2023,38.132264,50.531296,50.444588,5,0
09/29/2023,10/20/2023,37.204623,55.116515,51.97854,5,1
12/27/2023,01/19/2024,37.399012,51.031683,63.93497,5,0
01/05/2024,01/28/2024,37.587786,47.835928,63.067266,5,0
07/20/2024,08/08/2024,37.318467,56.758189,54.532961,6,1
03/28/2024,04/16/2024,37.26621,55.339869,51.902079,5,0
05/23/2024,06/14/2024,37.265457,50.958152,65.867499,4,0
12/21/2023,01/11/2024,37.831092,55.818455,50.849797,6,1
02/25/2024,03/17/2024,37.54221,56.477783,65.005386,5,0
08/29/2024,09/20/2024,37.61941,56.318788,54.195637,5,0
11/08/2024,12/01/2024,37.887039,56.837383,56.598796,6,1
08/23/2023,09/12/2023,37.504897,53.420789,64.732512,4,0
11/20/2024,12/10/2024,38.207014,51.658274,57.979674,6,1
11/12/2024,12/01/2024,37.310718,51.608571,71.228035,5,0
05/21/2023,06/09/2023,38.012036,57.73177,62.016845,6,1
12/09/2023,01/01/2024,37.36156,56.201629,59.171886,6,0
05/09/2024,05/30/2024,38.117618,53.372953,52.889745,4,0
04/04/2023,04/24/2023,37.479763,50.94002,61.680579,5,0
08/31/2024,09/19/2024,38.052089,52.945188,56.846546,3,0
02/22/2023,03/13/2023,37.669552,54.913767,50.308054,4,0
01/04/2024,01/25/2024,37.472253,54.292056,58.920049,4,0
03/17/2024,04/07/2024,37.613575,53.918803,68.42707,4,0
03/20/2024,04/09/2024,37.585099,58.925501,63.956799,4,0
10/03/2024,10/25/2024,37.623919,54.646542,67.545361,3,1
04/09/2024,04/30/2024,38.119353,54.02015,59.05126,5,1
11/20/2023,12/12/2023,37.519943,57.24235,65.381815,6,1
08/26/2023,09/16/2023,38.179546,55.471063,59.458363,6,0
02/06/2024,02/29/2024,37.571227,58.225777,55.788519,4,0
08/06/2023,08/25/2023,37.217628,59.121749,62.476281,5,0
04/18/2024,05/10/2024,37.286636,58.560687,59.841706,4,0
10/17/2023,11/06/2023,37.767055,55.048441,53.728616,5,1
06/13/2023,07/04/2023,37.483724,60.157741,53.951513,5,0
03/06/2024,03/28/2024,36.929833,56.415822,64.692915,3,0
05/04/2024,05/27/2024,37.712435,58.393544,64.789454,3,0
03/16/2023,04/04/2023,37.60513,57.573804,71.092307,6,0
07/06/2023,07/28/2023,37.404089,52.91996,51.160908,3,0
04/07/2024,04/27/2024,37.345747,53.040732,57.85637,3,0
10/29/2024,11/17/2024,38.170427,55.75739,50.138215,3,0
12/06/2024,12/29/2024,37.653149,50.246784,52.839428,5,0
05/04/2024,05/24/2024,37.344456,58.969224,56.506208,6,0
02/02/2024,02/23/2024,37.615161,59.845809,61.792067,5,0
02/13/2023,03/07/2023,37.509241,58.628281,62.857101,6,1
08/06/2023,08/25/2023,37.38297,58.155389,61.782371,3,0
09/18/2023,10/09/2023,37.621176,53.639316,60.967597,3,0
12/22/2023,01/11/2024,37.528038,56.288685,57.358713,6,1
06/13/2023,07/02/2023,37.66919,54.47086,54.754619,6,0
04/14/2024,05/06/2024,37.387358,54.554253,53.110262,4,1
12/19/2024,01/10/2025,37.714046,59.389831,58.441897,3,0
08/08/2023,08/30/2023,37.892661,57.296744,59.77662,5,1
01/15/2024,02/03/2024,37.420708,54.469843,59.442913,3,0
09/30/2024,10/22/2024,37.690033,53.4873,58.14936,3,0
12/04/2024,12/26/2024,37.579257,50.770776,65.155784,5,1
06/01/2024,06/20/2024,37.839593,56.857787,61.907441,3,0
09/23/2023,10/12/2023,37.657852,57.397109,50.81883,3,0
03/31/2024,04/19/2024,37.658587,56.274896,61.81672,3,1
02/01/2024,02/22/2024,38.218719,58.428654,46.850242,5,0
11/12/2023,12/04/2023,37.472412,53.125655,57.362205,4,0
01/16/2024,02/06/2024,37.455397,49.777248,57.482509,5,0
05/24/2024,06/12/2024,37.652847,55.057895,51.310713,3,0
01/08/2023,01/28/2023,37.486681,54.065718,64.051583,3,1
08/24/2023,09/14/2023,37.851455,57.813363,61.610008,6,0
08/25/2023,09/13/2023,37.985372,55.508401,62.270073,6,0
06/19/2023,07/08/2023,37.826042,57.891378,62.535759,4,0
06/21/2024,07/14/2024,37.721867,51.315597,60.733058,4,0
01/23/2024,02/15/2024,37.268619,54.328755,51.310252,4,0
06/07/2024,06/27/2024,37.594063,55.927675,65.157865,4,0
11/24/2023,12/14/2023,37.622132,56.908064,64.628707,3,0
12/16/2023,01/06/2024,37.646632,54.680143,66.186704,3,0
06/05/2024,06/25/2024,37.478997,57.595099,50.288092,3,0
04/25/2023,05/16/2023,37.685808,59.30089,56.35191,3,0
10/23/2023,11/11/2023,37.302442,58.866417,54.276724,6,0
09/04/2023,09/26/2023,37.938053,56.46958,57.009757,4,1
12/09/2024,12/30/2024,37.843987,57.773364,57.441329,5,1
04/01/2024,04/23/2024,37.314574,52.774245,56.549302,5,0
02/16/2024,03/07/2024,37.463102,47.734689,50.826554,4,0
06/18/2023,07/07/2023,37.259395,54.891344,60.80737,3,0
10/06/2023,10/25/2023,37.674538,54.24971,60.14378,3,0
03/17/2024,04/09/2024,37.832076,52.444274,57.395472,3,0
01/28/2024,02/19/2024,38.228277,53.95685,62.286734,6,0
07/09/2023,07/28/2023,37.218225,53.92334,52.920518,6,1
11/28/2024,12/17/2024,37.490757,53.422652,59.585704,5,1
12/08/2024,12/27/2024,37.925088,55.641872,64.552843,4,0
10/17/2023,11/08/2023,37.728243,56.747025,64.34853,5,0
11/12/2024,12/03/2024,37.428847,53.483316,65.316597,6,1
12/21/2023,01/11/2024,37.789731,56.954457,56.612115,6,1
09/25/2024,10/14/2024,37.696166,51.497075,70.411751,4,0
10/04/2024,10/24/2024,37.918622,55.112585,60.259692,6,1
02/18/2023,03/09/2023,37.62485,58.142228,59.002601,5,1
04/10/2023,04/29/2023,37.424957,56.035655,57.480328,4,0
08/26/2024,09/15/2024,37.295732,55.389807,66.718257,3,0
03/17/2024,04/08/2024,37.899981,56.499609,53.828503,4,1
08/05/2024,08/25/2024,37.74428,57.282047,54.66873,6,0
06/21/2023,07/12/2023,37.087263,57.791075,67.126571,6,0
06/08/2023,06/27/2023,37.961309,54.324898,61.536283,6,0
09/05/2023,09/27/2023,37.379008,54.792576,64.266449,4,0
05/31/2024,06/21/2024,38.067669,54.81679,62.966734,5,0
04/19/2024,05/09/2024,37.466107,54.74682,55.158868,3,0
06/02/2024,06/23/2024,37.472215,52.772331,46.379585,3,0
04/24/2024,05/15/2024,37.913294,51.732584,49.709288,4,0
08/19/2023,09/11/2023,37.471142,57.203327,59.957352,4,1
02/12/2024,03/03/2024,37.999884,56.078349,68.389309,5,1
08/23/2024,09/12/2024,38.055846,51.081867,62.862775,3,0
04/23/2024,05/13/2024,38.27448,53.17538,56.292282,3,0
04/20/2023,05/10/2023,37.729255,53.984221,57.866482,5,0
08/04/2024,08/25/2024,37.421853,57.281581,50.472981,6,1
07/29/2024,08/20/2024,37.426426,55.405419,52.674026,6,0
10/07/2023,10/26/2023,37.694664,54.54491,49.977067,3,0
12/28/2023,01/16/2024,37.547839,54.050898,67.489943,3,1
11/10/2023,12/01/2023,37.192424,52.026392,50.718343,3,0
09/22/2024,10/15/2024,37.819455,56.400148,57.6681,6,0
07/16/2024,08/05/2024,37.953304,53.963674,66.912538,4,0
04/06/2023,04/26/2023,37.648075,55.111618,57.560889,5,1
07/07/2023,07/27/2023,37.289195,49.588373,63.423911,6,0
12/29/2023,01/17/2024,37.925766,55.507611,47.400046,3,0
01/03/2024,01/25/2024,37.435629,57.920234,49.739665,3,0
03/13/2024,04/04/2024,37.525087,52.867581,53.980431,3,0
08/25/2023,09/16/2023,37.469339,55.528798,65.603449,3,0
11/16/2023,12/08/2023,38.046937,53.073771,62.971597,3,1
05/15/2023,06/05/2023,37.36375,53.282974,54.589398,4,0
08/31/2024,09/21/2024,37.701905,59.064754,60.223388,5,0
05/26/2024,06/18/2024,38.06637,53.743965,62.403615,6,1
08/16/2024,09/05/2024,37.33782,52.279007,61.896107,3,0
11/04/2024,11/24/2024,37.39568,54.0323,60.319918,6,1
04/15/2023,05/04/2023,37.645016,58.7703,52.729942,4,0
05/04/2023,05/26/2023,37.158159,53.399644,57.156825,4,0
01/10/2024,01/31/2024,37.595072,54.113277,59.421086,5,0
08/01/2024,08/20/2024,37.517616,61.968891,64.650111,5,0
10/08/2024,10/27/2024,37.61981,58.045287,65.900567,3,0
09/23/2023,10/14/2023,37.31909,54.544471,60.957983,3,0
10/08/2024,10/28/2024,37.528311,53.999106,58.986445,4,0
10/20/2023,11/12/2023,37.394512,63.871711,59.804479,6,0
04/13/2023,05/06/2023,37.43923,52.722548,52.610141,5,0
08/11/2023,08/30/2023,37.868801,64.377145,52.501158,4,0
05/20/2024,06/11/2024,37.511228,59.453698,56.303832,4,0
09/11/2023,09/30/2023,37.751593,55.639486,60.504621,5,1
02/19/2023,03/11/2023,37.377983,62.575075,57.969968,6,0
07/19/2024,08/09/2024,36.758038,55.380002,65.634697,4,0
04/17/2024,05/06/2024,38.045572,48.606176,60.024285,5,0
01/09/2023,01/29/2023,37.934232,56.831752,66.753,6,0
11/06/2024,11/26/2024,37.705398,50.605002,59.568356,4,1
01/09/2023,01/29/2023,37.769636,52.865412,64.947151,6,0
03/19/2023,04/08/2023,37.056363,53.948338,60.042888,5,0
03/14/2023,04/02/2023,37.650226,53.521967,64.426344,5,0
07/10/2024,07/30/2024,37.611715,59.640059,51.943403,5,0
02/01/2023,02/20/2023,37.893099,55.94002,57.356129,3,0
01/08/2023,01/29/2023,38.22021,55.765885,56.473456,4,0
07/11/2024,08/03/2024,37.71307,59.741172,55.179299,5,0
11/06/2023,11/29/2023,37.645964,51.504655,55.373957,5,1
03/27/2024,04/18/2024,37.367351,55.365049,72.113245,4,0
09/23/2023,10/13/2023,38.01613,56.01694,65.60768,4,0
03/22/2023,04/11/2023,37.12009,56.735229,52.423427,4,0
02/27/2023,03/20/2023,37.884705,54.679749,59.06787,4,0
09/30/2024,10/23/2024,38.070752,58.271651,51.998102,3,0
05/29/2024,06/20/2024,37.872516,56.632186,55.286397,5,1
04/04/2024,04/27/2024,37.607107,51.238284,53.577691,5,0
12/12/2024,01/04/2025,38.107353,57.878166,57.574881,5,1
12/11/2023,12/30/2023,37.524758,56.153197,58.496976,3,0
02/03/2024,02/26/2024,38.30074,58.866392,64.807009,6,0
08/06/2023,08/28/2023,37.735147,56.444874,54.952956,4,1
11/10/2024,11/30/2024,36.967241,52.342521,57.906832,4,0
04/27/2024,05/17/2024,37.69867,52.714077,59.615944,3,0
11/17/2024,12/08/2024,37.732804,51.668109,57.068199,4,0
06/11/2023,07/03/2023,37.586739,59.284107,62.082942,5,0
09/13/2023,10/06/2023,37.555117,55.843624,69.799946,4,0
08/21/2024,09/12/2024,37.938612,58.619291,59.978724,5,0
09/22/2023,10/14/2023,37.418829,52.700456,53.923049,6,0
11/26/2023,12/18/2023,37.734313,55.216861,58.276226,5,0
02/09/2023,03/04/2023,37.564391,61.500318,65.953446,3,0
09/07/2024,09/26/2024,37.758658,56.564439,52.620612,5,0
01/17/2024,02/08/2024,37.540754,57.396228,55.48573,6,1
03/02/2024,03/21/2024,37.824871,52.278123,63.481819,4,0
11/27/2023,12/17/2023,37.805813,51.522098,60.96479,4,0
08/19/2024,09/08/2024,37.807828,54.457298,66.207253,5,0
03/06/2023,03/25/2023,37.244046,56.416376,64.823882,3,0
02/27/2024,03/21/2024,38.240689,55.224499,59.20192,4,0
03/17/2024,04/08/2024,38.057124,50.04347,65.564247,6,0
01/05/2023,01/26/2023,37.988655,57.403346,65.072899,3,0
09/21/2023,10/12/2023,37.533049,55.586076,58.554579,3,0
03/29/2023,04/19/2023,37.702038,52.403365,64.084711,4,0
08/20/2024,09/12/2024,37.637976,53.964835,55.290733,6,0
05/13/2024,06/04/2024,37.461075,59.91714,49.492417,5,0
12/08/2023,12/30/2023,37.455876,51.798849,60.670014,4,0
06/16/2023,07/06/2023,37.814984,55.537699,57.910166,5,0
12/20/2024,01/08/2025,37.23972,52.503288,58.185253,5,0
10/17/2024,11/09/2024,36.919166,55.204941,62.960874,5,0
02/20/2024,03/10/2024,37.598887,61.370471,57.907294,3,0
02/03/2024,02/23/2024,37.869041,51.699518,55.618585,4,0
09/26/2024,10/19/2024,37.683797,54.544091,47.78527,5,0
09/10/2023,10/02/2023,37.881336,56.939584,56.247765,6,0
11/28/2024,12/18/2024,38.11936,52.968586,57.764407,3,0
06/01/2024,06/24/2024,38.061202,52.483622,55.234542,6,0
12/29/2023,01/17/2024,37.112195,51.941633,57.2908,3,0
01/28/2024,02/18/2024,37.36758,52.640815,58.347078,6,1
03/16/2024,04/06/2024,37.513796,53.981106,61.330935,3,1
01/27/2023,02/16/2023,37.38384,53.689475,54.405724,6,1
03/04/2024,03/27/2024,37.688826,58.602462,60.143557,6,0
05/02/2024,05/22/2024,38.149772,54.472314,54.70724,4,0
12/17/2023,01/07/2024,37.810664,60.75754,56.327516,4,0
11/06/2023,11/29/2023,37.45231,57.353252,58.517968,6,0
01/22/2024,02/14/2024,37.404478,54.232093,62.190613,3,1
09/20/2024,10/09/2024,37.118931,52.207101,57.601666,6,1
06/24/2023,07/17/2023,37.766719,51.503362,55.68936,6,0
03/13/2023,04/03/2023,37.862963,61.745495,62.600981,3,0
10/30/2024,11/22/2024,37.6989,51.801846,64.22035,5,0
06/15/2023,07/08/2023,37.23342,49.432636,58.693862,6,0
07/21/2024,08/12/2024,37.630605,57.078135,59.335362,4,0
09/04/2023,09/26/2023,37.839541,55.928121,58.291193,3,0
06/06/2023,06/28/2023,37.037443,56.748041,57.069578,6,0
08/16/2023,09/08/2023,37.64266,54.011374,68.081068,6,1
01/15/2024,02/05/2024,37.090941,54.305199,54.125276,5,0
04/13/2023,05/06/2023,37.400243,53.249438,64.171909,5,0
01/21/2024,02/11/2024,37.724633,55.348937,53.430924,4,0
04/08/2024,04/30/2024,37.328733,53.471612,55.489788,3,1
05/08/2023,05/27/2023,37.684625,54.58995,58.756925,5,1
09/26/2024,10/18/2024,37.314209,60.322986,53.388195,6,0
07/14/2023,08/05/2023,38.08664,53.972712,58.073644,5,0
05/07/2023,05/28/2023,37.785396,55.311564,57.483305,3,1
06/26/2024,07/18/2024,37.008043,61.463722,56.484672,4,0
10/15/2024,11/07/2024,37.140178,54.460907,62.854238,6,0
12/22/2024,01/10/2025,37.791901,54.722058,45.569761,3,1
07/09/2023,08/01/2023,37.769599,56.933779,59.887455,4,1
10/12/2023,11/04/2023,38.205764,54.294182,54.517963,6,0
01/26/2023,02/18/2023,37.600854,56.481949,61.400228,6,0
12/02/2024,12/23/2024,37.335167,57.821969,51.175941,4,1
04/29/2024,05/20/2024,37.935706,57.931005,60.146735,6,1
08/09/2024,08/31/2024,37.854816,56.735095,61.81527,6,1
05/26/2024,06/15/2024,37.840706,57.44527,64.919899,4,1
07/28/2024,08/18/2024,37.532654,54.322822,47.282359,6,0
11/15/2024,12/08/2024,37.636349,54.344863,56.322716,5,0
10/31/2023,11/21/2023,37.435488,57.553833,61.333221,6,0
11/27/2023,12/18/2023,37.993766,52.083255,54.981337,3,0
12/14/2023,01/06/2024,37.877776,54.231377,64.45888,3,0
04/23/2024,05/15/2024,37.699,56.985951,48.635174,6,0
01/21/2024,02/10/2024,37.527725,55.397631,57.696589,3,1
04/28/2024,05/19/2024,37.332796,55.943926,66.320186,6,0
12/05/2024,12/27/2024,37.998103,54.636963,55.721668,3,0
01/12/2024,02/03/2024,37.626279,50.944566,51.911175,6,0
01/24/2023,02/14/2023,37.537598,52.737853,52.248228,6,1
02/12/2024,03/02/2024,37.345335,53.067074,61.424259,5,0
06/04/2023,06/24/2023,37.35526,56.733943,50.111761,6,1
08/07/2024,08/30/2024,37.864037,53.145762,59.655641,4,0
02/18/2024,03/10/2024,37.952501,57.442968,56.782062,6,1
11/08/2023,11/29/2023,38.010104,53.454607,64.996086,4,0
01/12/2023,02/02/2023,37.991839,56.678448,61.485305,6,1
03/29/2024,04/20/2024,37.441061,55.220504,54.711235,4,0
11/27/2023,12/19/2023,37.815484,60.178677,66.705425,4,0
03/31/2024,04/23/2024,37.39568,52.604989,51.400442,4,0
05/05/2024,05/26/2024,37.893064,58.972111,54.883268,6,0
10/28/2023,11/20/2023,38.133713,55.525892,56.777558,6,1
01/23/2023,02/14/2023,37.694663,51.253515,70.429956,3,0
10/24/2023,11/12/2023,37.570667,55.8733,58.170771,4,0
12/04/2024,12/24/2024,37.592337,53.169417,56.687864,4,0
12/28/2024,01/19/2025,37.379427,52.012636,48.080356,5,0
04/23/2023,05/12/2023,37.39295,54.200025,48.052211,5,0
05/31/2023,06/22/2023,37.602809,62.733946,60.483948,5,0
07/23/2023,08/11/2023,37.197935,54.401283,55.926377,3,0
10/13/2023,11/03/2023,36.879513,53.949501,55.111261,6,0
02/05/2024,02/27/2024,36.948258,56.509381,67.062754,4,0
07/31/2024,08/19/2024,38.199779,60.260765,55.549423,6,0
01/31/2024,02/22/2024,37.622443,58.38352,57.473159,3,0
09/18/2024,10/10/2024,37.720516,58.492409,63.792056,3,0
04/28/2024,05/17/2024,37.738006,53.960902,59.820079,4,0
09/27/2023,10/16/2023,37.814979,58.607635,63.747361,4,0
09/16/2023,10/05/2023,37.085453,55.504704,56.151323,5,0
02/04/2024,02/23/2024,37.362914,55.98339,60.279639,3,0
08/22/2024,09/12/2024,37.594561,56.571553,47.491672,3,0
05/27/2023,06/17/2023,37.571539,57.846316,68.275638,4,0
07/31/2024,08/19/2024,37.155229,51.551791,64.074587,4,0
08/12/2024,09/03/2024,37.604228,58.751823,72.133539,5,0
09/05/2023,09/24/2023,37.740407,53.518253,56.804185,4,1
05/19/2023,06/10/2023,37.382038,55.993176,52.633097,5,1
11/14/2024,12/06/2024,37.556369,55.707725,64.950474,5,0
05/08/2023,05/30/2023,37.700335,55.29112,57.860297,6,1
07/18/2024,08/07/2024,37.725933,56.698248,60.235341,6,0
09/30/2023,10/19/2023,37.589833,57.847595,61.822791,3,0
08/16/2024,09/06/2024,37.262569,55.894502,68.622355,5,0
04/23/2024,05/13/2024,37.764939,57.528358,63.35111,5,1
01/06/2024,01/25/2024,37.36248,57.198701,56.422601,5,0
03/28/2023,04/19/2023,37.726538,55.136799,69.36821,6,0
05/01/2024,05/22/2024,37.919624,56.58684,60.434429,4,0
11/16/2024,12/06/2024,37.495691,60.682326,51.334677,6,0
01/16/2024,02/08/2024,37.389658,56.522555,54.592092,4,0
02/24/2024,03/16/2024,37.802097,52.741149,48.761242,3,0
05/17/2023,06/06/2023,37.871781,50.715657,53.935484,4,0
09/12/2024,10/05/2024,37.526343,53.146133,59.260939,4,0
08/03/2024,08/22/2024,37.40055,52.25398,60.65555,3,0
12/07/2024,12/30/2024,37.588937,54.538448,47.814555,6,0
03/10/2024,04/02/2024,37.994798,57.107392,53.893403,5,1
09/04/2023,09/25/2023,37.302831,56.097524,60.604626,4,0
05/19/2023,06/07/2023,37.560283,53.863535,57.932271,4,1
06/09/2023,06/30/2023,36.846005,54.366579,56.472314,6,0
02/25/2024,03/18/2024,37.972252,59.162829,56.937699,4,0
03/03/2023,03/23/2023,37.551094,53.647662,51.82847,5,0
12/10/2023,12/31/2023,37.795704,60.581185,57.754772,3,0
11/11/2023,11/30/2023,38.291087,57.674766,60.400727,4,0
08/09/2023,08/29/2023,38.106967,54.472202,55.328904,5,0
05/29/2023,06/17/2023,37.229533,56.245499,64.125394,5,1
06/06/2024,06/27/2024,37.622724,56.101927,61.452623,3,0
12/06/2024,12/28/2024,38.152519,56.054141,57.205995,6,0
03/31/2024,04/21/2024,37.621697,57.678252,57.755595,5,0
06/10/2023,07/01/2023,37.218151,51.899009,52.412106,5,1
03/05/2023,03/25/2023,37.577908,52.898316,73.05878,5,1
03/10/2023,04/02/2023,37.182138,55.616831,48.451104,3,0
07/07/2024,07/28/2024,37.872556,56.407325,45.494256,5,0
12/19/2023,01/08/2024,37.704248,54.283934,75.002875,3,0
09/13/2024,10/05/2024,37.875557,53.672774,61.589264,5,1
02/18/2023,03/11/2023,37.539492,56.944473,57.588583,4,1
08/28/2023,09/18/2023,37.573764,56.590357,64.431615,5,1
04/29/2024,05/19/2024,37.16704,55.233497,58.5711,3,1
05/18/2024,06/06/2024,37.302387,56.754995,51.936616,3,1
07/27/2023,08/17/2023,38.026157,53.600119,61.862144,5,0
09/08/2023,09/29/2023,37.621699,63.492007,64.863799,6,0
12/22/2023,01/14/2024,38.219451,50.403097,57.71732,6,0
09/26/2024,10/17/2024,37.637947,58.197801,54.847388,4,0
03/07/2023,03/30/2023,37.270556,54.77955,61.712465,3,0
05/05/2023,05/25/2023,37.539385,51.845484,46.908585,6,1
09/17/2023,10/07/2023,37.634347,56.825351,60.398698,3,1
01/07/2024,01/30/2024,37.60274,53.209179,62.550627,3,0
10/06/2023,10/29/2023,37.69716,54.097096,49.70968,4,0
03/24/2023,04/15/2023,37.848977,53.541544,54.037065,4,0
05/11/2023,05/31/2023,37.319988,56.962389,60.164836,4,0
04/09/2024,04/29/2024,37.353046,57.296838,54.391257,3,1
03/05/2024,03/27/2024,37.855308,54.188348,57.863945,6,1
06/13/2023,07/06/2023,37.385284,56.231403,68.264477,4,0
10/07/2024,10/29/2024,37.780062,50.672731,65.983431,5,0
08/06/2024,08/29/2024,37.170674,50.522595,59.498345,4,1
11/05/2023,11/25/2023,37.682662,52.894203,59.623622,3,1
09/03/2023,09/24/2023,37.848008,53.365616,54.454521,4,0
07/28/2023,08/19/2023,37.140797,55.767773,56.00945,5,0
01/08/2024,01/29/2024,37.720423,50.557327,57.848521,5,1
09/07/2024,09/26/2024,37.078028,50.738422,55.37176,3,0
03/11/2024,04/02/2024,37.450757,55.831289,56.80822,3,0
03/10/2024,03/29/2024,37.695057,56.180103,61.041743,5,0
02/25/2023,03/16/2023,37.920916,55.59708,61.756224,3,0
03/03/2023,03/23/2023,37.477232,50.997982,46.880409,5,0
09/02/2023,09/23/2023,37.871858,54.88126,70.060444,3,0
02/26/2024,03/18/2024,37.727503,50.399759,65.574264,4,0
02/25/2024,03/16/2024,37.551213,52.479283,69.366436,5,0
03/11/2023,03/31/2023,37.96956,55.857027,58.646831,6,0
12/21/2023,01/11/2024,37.334466,58.669223,67.42847,6,0
06/10/2024,06/30/2024,37.57695,55.509349,62.673045,5,0
02/02/2023,02/25/2023,37.293657,55.026915,52.784375,4,0
07/01/2023,07/23/2023,37.750926,49.35043,64.869557,6,0
02/14/2023,03/05/2023,37.181429,53.740278,52.49303,5,0
02/27/2023,03/18/2023,36.978262,52.811322,56.561448,4,0
12/09/2023,12/31/2023,38.019415,50.841945,61.118315,6,0
04/01/2024,04/20/2024,37.478482,50.682009,59.641854,3,0
05/27/2024,06/16/2024,37.827554,57.330448,64.583191,5,1
12/05/2023,12/25/2023,37.673053,55.650461,47.989423,6,0
05/29/2023,06/20/2023,37.475598,50.801403,59.683967,3,1
08/01/2023,08/22/2023,37.688409,53.036877,53.804188,4,0
01/16/2024,02/04/2024,38.038751,53.661346,52.950071,3,0
01/08/2024,01/30/2024,37.428084,52.200014,61.777763,5,0
04/09/2023,04/28/2023,37.652015,61.933802,60.615259,5,0
11/03/2024,11/24/2024,37.480336,52.521247,63.989253,6,1
11/18/2023,12/10/2023,37.43459,59.108969,55.441046,3,0
10/29/2024,11/19/2024,37.809459,56.874014,53.210301,6,0
10/22/2023,11/12/2023,37.867207,52.060474,63.331787,4,0
08/16/2024,09/06/2024,37.250143,54.924212,58.701872,3,0
01/13/2023,02/03/2023,37.837859,53.201958,71.852106,3,0
02/26/2024,03/18/2024,38.190694,55.756002,59.193365,4,0
04/25/2023,05/16/2023,37.404592,52.410225,54.538869,4,0
11/02/2024,11/21/2024,37.989361,61.536083,56.622557,4,0
05/16/2024,06/05/2024,37.862033,51.494315,66.839544,5,0
12/01/2023,12/23/2023,37.665831,54.135387,57.130912,4,0
11/18/2024,12/10/2024,38.082313,53.488456,56.596822,6,0
09/27/2024,10/20/2024,37.314972,59.435736,50.684218,3,0
12/24/2023,01/12/2024,37.393427,52.510775,57.361529,6,0
01/28/2023,02/20/2023,37.523873,57.881259,49.266073,4,0
05/05/2024,05/28/2024,37.249472,49.525762,60.129396,3,0
09/04/2024,09/25/2024,37.087179,54.694773,56.490683,6,1
12/29/2024,01/17/2025,37.247975,53.725809,54.405696,3,0
05/25/2023,06/17/2023,38.015455,59.67731,69.172888,3,0
12/26/2024,01/18/2025,37.869523,54.847583,49.978037,5,0
08/10/2023,08/31/2023,37.844312,54.872586,55.681827,6,0
07/01/2023,07/24/2023,37.393809,54.901143,57.889349,5,0
12/01/2024,12/20/2024,37.243292,53.792404,60.40677,4,0
07/26/2023,08/14/2023,37.838894,56.749662,57.249082,3,0
04/22/2024,05/13/2024,37.881981,53.362302,69.382291,4,0
12/14/2023,01/03/2024,37.341838,55.039493,57.657439,6,0
01/05/2024,01/24/2024,37.695522,59.750907,56.001789,6,0
07/19/2023,08/10/2023,37.273721,50.973805,55.711545,3,0
09/30/2024,10/19/2024,37.334925,55.199646,54.278136,3,0
04/04/2024,04/25/2024,37.362898,53.38322,58.293866,6,0
10/24/2024,11/16/2024,37.024694,59.729669,68.586222,3,0
02/03/2023,02/22/2023,37.142646,58.616517,64.154797,3,0
09/24/2023,10/14/2023,37.657857,54.943261,53.616215,5,0
08/01/2024,08/24/2024,37.373041,52.34388,59.967187,6,1
05/04/2023,05/25/2023,37.147245,55.458889,59.178272,3,0
04/18/2023,05/11/2023,38.159701,49.906181,62.440671,3,0
08/14/2024,09/03/2024,37.929676,52.114619,56.61959,4,0
11/10/2023,12/02/2023,37.524512,54.120884,54.346166,5,1
12/28/2023,01/20/2024,37.431968,52.246174,33.09083,5,0
03/12/2023,04/03/2023,37.734399,56.032218,56.088092,5,1
10/09/2023,11/01/2023,37.704315,57.289223,54.041736,5,0
11/21/2024,12/11/2024,37.473699,53.60178,59.152017,6,0
12/12/2024,01/01/2025,37.325213,53.820183,53.982068,6,0
01/24/2023,02/16/2023,37.77212,56.047696,57.760202,5,0
05/07/2024,05/27/2024,37.868661,50.550512,54.546096,4,0
01/31/2023,02/22/2023,37.531794,54.570486,60.737236,5,0
02/03/2024,02/22/2024,37.629158,54.589247,50.362287,5,0
10/12/2024,10/31/2024,37.474161,57.375521,58.313204,5,1
04/20/2023,05/10/2023,37.093773,55.298262,48.932794,6,1
04/07/2023,04/28/2023,38.128335,57.797197,53.666526,6,0
05/31/2023,06/20/2023,37.404889,55.516672,62.29786,3,0
07/30/2023,08/18/2023,37.871032,54.253888,63.3266,3,0
11/11/2024,12/04/2024,37.485972,58.784164,57.583839,6,0
05/16/2024,06/07/2024,37.713007,50.308967,61.272516,5,1
02/24/2023,03/15/2023,37.948429,57.066527,54.556877,4,0
10/12/2023,10/31/2023,37.545536,59.822295,62.285986,6,0
08/18/2023,09/07/2023,37.399537,52.935551,55.711159,3,0
09/02/2023,09/24/2023,37.614867,58.930485,52.537753,5,0
08/26/2024,09/16/2024,37.730423,51.566874,59.172711,3,0
10/12/2023,10/31/2023,36.76968,62.270034,62.161999,4,0
11/22/2023,12/14/2023,37.316294,51.275704,51.00406,4,0
08/08/2023,08/27/2023,37.475822,55.612588,64.468595,4,0
02/09/2024,03/03/2024,37.400831,58.078672,62.187112,4,0
06/18/2024,07/11/2024,37.832977,56.566535,62.194938,3,0
08/07/2024,08/30/2024,37.406302,52.986281,58.428459,4,1
08/10/2024,09/01/2024,37.938444,53.680442,46.518162,5,0
08/23/2024,09/11/2024,37.530196,54.059377,47.006892,5,0
04/24/2024,05/16/2024,37.742949,57.882077,53.735835,4,0
01/17/2024,02/06/2024,37.248186,53.132361,49.856184,4,0
03/12/2024,04/03/2024,37.368203,53.244587,51.406765,5,0
10/03/2023,10/24/2023,37.541364,52.264135,61.456301,4,0
11/02/2024,11/22/2024,37.613938,53.33809,59.571752,5,0
09/02/2023,09/24/2023,37.646485,54.384729,49.964317,5,0
02/23/2024,03/17/2024,37.830806,50.374209,53.193861,4,0
12/15/2023,01/03/2024,37.791249,52.536506,57.802905,3,0
03/20/2023,04/09/2023,37.493005,56.037768,63.761954,4,0
09/02/2023,09/23/2023,37.53569,58.60018,48.008249,6,0
09/15/2023,10/06/2023,37.805035,55.858114,64.539025,4,0
03/10/2024,03/31/2024,37.73577,55.409428,60.753926,3,0
08/02/2024,08/24/2024,37.677203,54.379274,59.336408,4,0
07/11/2023,07/30/2023,36.833627,55.871304,56.804263,3,0
07/05/2024,07/26/2024,37.533145,51.728284,57.684642,3,0
07/25/2023,08/15/2023,37.256015,54.181556,60.157094,5,0
11/12/2024,12/02/2024,37.541395,54.324916,64.790662,5,1
04/26/2023,05/17/2023,37.513829,55.815908,45.716363,4,0
01/18/2024,02/07/2024,37.864196,52.214997,63.087395,3,0
12/15/2023,01/03/2024,37.097826,56.293633,52.21879,5,0
05/24/2023,06/16/2023,37.563352,58.696735,63.095691,4,0
12/14/2023,01/03/2024,37.541625,58.213652,48.627789,6,0
03/01/2023,03/21/2023,37.446197,54.176627,58.773413,5,1
10/24/2023,11/13/2023,37.860471,59.017918,62.831927,3,0
05/09/2023,06/01/2023,37.955156,56.606775,53.137813,5,0
04/13/2024,05/06/2024,38.220473,55.491204,54.839709,4,0
03/03/2023,03/24/2023,37.99861,57.517512,58.047873,6,0
06/26/2024,07/17/2024,37.510004,51.149504,48.346884,5,0
02/07/2023,02/27/2023,37.254389,58.166447,48.66174,4,0
07/14/2024,08/02/2024,37.944258,52.885352,56.013315,6,0
04/24/2024,05/13/2024,37.982058,57.173784,59.130019,4,0
07/28/2024,08/18/2024,37.628014,60.832302,57.605751,6,1
12/01/2023,12/22/2023,38.426799,51.866401,63.07372,5,0
05/22/2023,06/13/2023,37.517186,56.987086,57.142988,4,0
07/04/2023,07/24/2023,37.801292,58.411305,61.897119,3,0
11/25/2024,12/14/2024,37.270019,54.889279,47.647125,6,1
07/10/2024,07/30/2024,38.058715,52.061257,47.042813,4,0
12/21/2024,01/12/2025,38.118229,53.157634,48.736262,6,0
08/29/2024,09/19/2024,37.908795,55.420379,63.846724,4,1
06/11/2023,07/03/2023,37.219788,48.593101,62.610519,6,0
05/31/2023,06/20/2023,37.676306,51.054924,57.267121,5,0
02/07/2024,02/26/2024,37.478767,51.237768,69.884022,5,0
11/03/2023,11/23/2023,37.549862,57.340488,52.878285,6,0
12/02/2024,12/22/2024,37.771752,54.834524,59.29857,5,0
12/11/2023,01/03/2024,37.557832,52.481158,50.441751,3,0
06/05/2023,06/25/2023,37.484688,57.876497,45.012884,3,0
07/08/2023,07/31/2023,37.650396,51.859026,53.992959,4,0
04/28/2024,05/21/2024,37.37607,53.050229,62.175032,5,0
09/01/2024,09/22/2024,37.164667,50.953275,52.160919,3,0
03/19/2023,04/10/2023,37.81101,54.499083,60.20302,4,0
09/25/2023,10/14/2023,37.614887,57.098752,52.944832,4,0
01/19/2024,02/10/2024,37.912671,60.384491,63.546532,6,1
11/09/2024,12/01/2024,37.396914,54.970919,56.265826,3,0
09/05/2023,09/27/2023,37.100068,60.412153,65.099837,5,0
03/23/2023,04/14/2023,36.948268,53.559588,54.508087,4,0
06/17/2023,07/10/2023,37.365572,52.795656,66.556747,5,0
03/13/2023,04/03/2023,37.478171,56.938197,54.650954,6,1
12/01/2023,12/23/2023,37.546009,55.889848,50.257362,4,0
08/08/2023,08/27/2023,37.729711,53.464894,56.872105,3,0
10/26/2024,11/15/2024,37.528184,57.723151,46.771613,3,0
08/17/2023,09/08/2023,38.161506,53.314116,52.619246,4,0
08/02/2023,08/22/2023,37.725577,54.875178,60.382917,4,1
03/01/2024,03/21/2024,37.865555,59.680013,70.041363,5,0
06/17/2024,07/07/2024,37.620731,51.409683,55.955516,6,1
04/21/2023,05/10/2023,37.345216,55.097767,57.788754,4,0
12/13/2023,01/04/2024,37.187527,59.279358,56.302316,3,0
07/14/2024,08/06/2024,37.517673,58.689143,58.062889,5,1
05/13/2024,06/02/2024,37.605613,55.756425,51.612337,3,0
03/17/2024,04/08/2024,37.593668,60.273013,61.492995,4,0
06/08/2024,06/27/2024,37.517155,60.718505,51.787739,6,0
04/15/2023,05/05/2023,38.136572,55.577508,58.315718,5,0
11/10/2024,12/03/2024,37.335349,53.970216,57.327499,3,0
06/09/2024,06/30/2024,37.50965,62.031587,60.640636,5,0
11/09/2023,11/28/2023,37.264999,53.883766,58.929605,4,0
04/19/2023,05/11/2023,37.66602,57.386302,54.535881,6,0
05/11/2024,05/31/2024,37.87214,53.446052,61.449884,6,1
12/10/2023,01/01/2024,37.924599,44.567282,52.641555,4,0
03/24/2024,04/15/2024,37.484702,54.352877,65.87952,3,1
07/07/2023,07/29/2023,37.527853,58.281947,50.052418,4,0
03/25/2024,04/15/2024,38.116653,52.172295,63.17992,3,1
08/09/2024,08/29/2024,37.802982,50.398847,69.365907,6,0
08/10/2024,08/29/2024,38.012162,54.696016,54.870578,3,0
05/03/2023,05/25/2023,37.410499,50.27538,64.655998,4,0
08/17/2024,09/09/2024,37.066508,54.113664,61.482867,3,1
03/24/2024,04/14/2024,37.916503,56.914329,65.538336,3,0
05/15/2023,06/05/2023,37.475141,59.128496,60.079247,4,0
09/16/2024,10/06/2024,38.204363,52.442839,57.549197,6,1
10/03/2023,10/22/2023,37.487242,55.538321,63.06659,4,0
04/02/2024,04/22/2024,37.402095,59.622835,60.410593,4,0
02/28/2024,03/21/2024,37.742377,54.018543,59.224749,4,0
07/04/2023,07/26/2023,36.888884,60.159149,59.30219,4,0
04/27/2023,05/19/2023,38.30424,55.83742,60.566734,3,0
11/02/2024,11/21/2024,37.380414,49.153965,59.69402,3,0
07/25/2024,08/15/2024,37.743458,56.995907,60.527445,4,0
10/18/2024,11/08/2024,37.779901,51.595405,63.738012,3,0
10/10/2023,11/01/2023,38.022765,54.183381,56.409199,4,0
12/24/2024,01/12/2025,37.835622,58.454792,71.346032,5,0
08/16/2024,09/06/2024,38.042706,56.073726,59.462091,6,1
08/16/2024,09/08/2024,37.770516,49.253174,59.412696,5,0
03/01/2023,03/20/2023,37.418668,52.121547,55.10843,4,0
03/18/2023,04/09/2023,37.881098,54.971883,63.636655,6,0
12/13/2024,01/05/2025,37.521045,57.062996,56.01315,4,0
10/01/2024,10/20/2024,37.162466,56.064275,54.847473,5,1
07/17/2024,08/07/2024,37.43015,53.035423,58.904821,6,0
09/22/2023,10/12/2023,37.142532,55.482996,67.869587,3,0
07/01/2024,07/23/2024,37.498212,53.23529,60.822292,4,0
12/06/2023,12/27/2023,37.50997,52.520588,53.809104,6,0
05/31/2024,06/21/2024,37.452751,53.58953,66.244255,4,0
03/31/2023,04/22/2023,37.681484,59.326295,54.54365,5,0
07/12/2024,08/03/2024,37.428927,59.178327,51.417643,3,0
12/05/2024,12/28/2024,37.656642,53.94417,49.706627,5,0
11/07/2023,11/29/2023,37.475767,55.492861,63.399926,6,1
03/23/2023,04/13/2023,38.172998,53.342332,51.742466,4,0
05/01/2023,05/20/2023,37.839187,51.51334,58.57008,4,0
07/28/2024,08/16/2024,37.405778,60.750811,54.384794,5,0
07/10/2024,07/31/2024,37.923202,53.387602,58.513091,6,0
11/21/2024,12/12/2024,38.068003,54.092863,61.575271,5,0
04/02/2023,04/21/2023,37.407721,57.665673,49.095701,4,0
06/18/2023,07/10/2023,37.399245,54.928201,51.664841,4,0
11/09/2023,11/28/2023,37.835932,56.150114,50.928138,6,0
01/22/2024,02/14/2024,36.892858,53.347563,50.792052,4,0
07/30/2023,08/19/2023,37.598567,53.046606,58.31187,4,1
01/31/2023,02/19/2023,37.334019,54.710511,55.5174,5,1
05/04/2023,05/26/2023,37.395812,55.886814,54.655951,4,0
06/01/2024,06/24/2024,37.418567,54.292366,67.027487,4,0
02/19/2024,03/10/2024,37.580834,54.316758,53.291439,3,1
11/29/2023,12/21/2023,37.296414,51.465666,54.294786,3,0
11/19/2023,12/08/2023,37.527576,57.716494,56.519774,6,1
06/08/2024,06/27/2024,37.215091,50.705058,54.941386,3,0
06/01/2023,06/24/2023,37.190922,51.861447,62.881299,3,0
08/28/2023,09/20/2023,37.611651,49.526264,52.307584,6,0
07/09/2024,07/29/2024,37.387982,54.220865,57.219285,3,0
08/19/2023,09/09/2023,37.928267,56.669192,57.553513,3,0
09/07/2023,09/30/2023,37.804517,46.003305,58.121611,5,0
01/12/2024,01/31/2024,37.863446,54.824137,57.509884,3,0
02/18/2023,03/09/2023,37.707691,55.573006,57.463233,5,0
10/30/2024,11/22/2024,37.288548,57.53942,63.206531,6,0
09/21/2023,10/12/2023,37.417325,57.490049,56.865115,3,0
09/04/2023,09/25/2023,36.914979,54.438684,55.298516,6,0
09/01/2024,09/20/2024,37.462456,52.78978,58.693473,5,0
03/21/2023,04/12/2023,37.651714,56.889104,62.239391,5,0
01/25/2023,02/16/2023,37.602431,58.287603,58.142383,6,1
12/23/2023,01/15/2024,37.739499,51.052889,56.265683,6,0
06/28/2024,07/20/2024,37.815575,54.752896,58.83393,5,0
12/09/2023,12/31/2023,37.600473,58.686695,58.556201,6,1
04/14/2023,05/06/2023,37.724991,59.870448,51.853038,3,0
11/17/2023,12/06/2023,37.730704,51.361676,58.190878,5,1
06/18/2024,07/11/2024,37.902498,58.004975,61.80141,5,0
06/25/2023,07/17/2023,37.912393,57.3997,45.651238,6,0
08/05/2024,08/26/2024,37.573456,54.197763,62.387518,6,1
03/19/2024,04/11/2024,37.925624,54.530786,53.847271,5,1
11/20/2024,12/13/2024,37.248708,49.744556,60.727486,3,0
01/25/2024,02/14/2024,38.186979,53.296175,52.429623,6,0
05/05/2024,05/25/2024,37.552868,58.819748,65.531234,5,0
04/13/2023,05/04/2023,36.947208,52.566011,63.534443,5,0
05/29/2024,06/21/2024,37.521116,51.944511,53.494656,4,1
05/24/2024,06/12/2024,37.715061,56.903484,70.164432,6,1
10/25/2023,11/13/2023,37.660619,48.189961,64.237372,6,0
05/22/2024,06/13/2024,37.649182,55.165977,60.053986,5,0
06/30/2023,07/23/2023,37.33063,56.779066,51.021626,5,0
08/07/2023,08/27/2023,37.527766,60.691668,55.576733,6,0
07/11/2024,08/03/2024,38.053697,54.280365,59.238445,4,0
01/13/2024,02/02/2024,37.573632,54.283429,64.806436,6,1
08/16/2024,09/06/2024,37.337924,56.118279,51.303611,6,0
10/22/2024,11/11/2024,37.402685,57.523267,52.565358,4,0
01/31/2023,02/20/2023,37.507373,49.571764,57.775722,6,0
07/20/2023,08/09/2023,37.36802,55.610849,55.081947,3,0
01/29/2023,02/18/2023,37.567086,52.377847,68.67899,3,0
09/02/2024,09/23/2024,38.060392,55.088581,54.666477,5,0
08/02/2024,08/22/2024,37.606044,59.531387,54.556083,4,0
09/23/2023,10/13/2023,37.874509,61.563484,61.473065,5,0
06/05/2024,06/27/2024,37.987651,54.138685,62.35324,6,1
05/26/2023,06/18/2023,37.801269,53.005587,70.324731,3,0
11/09/2024,11/28/2024,37.397069,55.373981,53.083636,3,0
02/01/2024,02/22/2024,37.701184,53.508864,62.495784,5,0
10/10/2023,10/29/2023,37.924615,57.73509,57.246567,4,0
01/14/2023,02/05/2023,37.938392,59.177674,67.033485,5,0
12/10/2023,01/01/2024,37.865483,47.749536,59.87712,6,0
07/06/2024,07/28/2024,37.859901,59.452091,65.314694,4,0
12/28/2024,01/16/2025,37.938529,54.443662,62.944741,5,1
11/30/2023,12/19/2023,37.42093,57.809348,51.077335,6,0
07/05/2024,07/28/2024,37.216091,51.93683,56.332808,4,0
04/18/2023,05/09/2023,37.369388,51.40886,52.382553,6,0
01/24/2024,02/14/2024,37.427775,52.954463,54.928559,5,0
10/14/2024,11/04/2024,37.860581,51.665657,53.181451,4,0
10/19/2023,11/09/2023,37.526925,53.216623,59.675114,4,1
06/14/2024,07/07/2024,37.455347,51.974132,61.31457,3,0
05/28/2023,06/16/2023,37.417223,57.279019,56.777532,5,0
09/12/2023,10/05/2023,37.774237,55.861353,44.769625,5,1
11/12/2023,12/01/2023,37.191342,49.785379,57.901407,4,0
11/29/2024,12/21/2024,38.115221,56.022275,59.724079,4,0
12/31/2023,01/22/2024,37.045373,59.644701,52.294799,6,0
06/24/2023,07/14/2023,37.547047,59.350443,62.495064,5,0
09/03/2023,09/25/2023,38.454811,60.678262,53.250381,6,0
09/08/2024,10/01/2024,37.826075,55.865267,59.987611,3,0
12/06/2024,12/28/2024,37.320429,57.650803,65.085783,5,0
03/11/2024,03/31/2024,37.517811,56.751861,46.526012,5,0
09/11/2023,10/02/2023,37.455161,55.495558,59.209381,3,0
02/16/2023,03/10/2023,37.805004,52.451572,50.523621,3,0
08/18/2023,09/07/2023,37.210237,57.117834,52.502575,6,0
12/21/2024,01/13/2025,37.502123,52.917425,60.094186,4,0
12/18/2023,01/06/2024,37.443128,56.864067,64.069212,3,0
11/26/2023,12/17/2023,37.391932,52.095177,63.181962,3,0
02/21/2023,03/14/2023,37.704667,58.485024,65.713463,4,0
03/07/2023,03/26/2023,37.890979,54.347856,51.389271,5,0
12/17/2023,01/09/2024,37.561428,56.895609,60.547334,4,1
01/02/2023,01/24/2023,37.248342,56.264715,67.520139,3,0
03/10/2023,03/29/2023,37.538459,59.15113,48.309763,4,0
05/13/2024,06/02/2024,37.651243,53.668332,59.0822,3,0
10/14/2023,11/02/2023,37.665727,53.993343,56.37008,6,1
01/18/2023,02/08/2023,37.909419,54.692108,52.937169,4,0
09/14/2024,10/03/2024,38.293163,51.147456,61.682503,3,0
04/27/2023,05/16/2023,38.013947,55.099417,53.8837,4,0
12/20/2023,01/12/2024,37.794332,62.240262,67.155675,4,0
07/21/2024,08/12/2024,37.394254,52.121073,59.973033,5,0
07/18/2024,08/08/2024,37.465064,53.09792,58.44898,5,0
08/13/2024,09/04/2024,37.787604,57.000309,55.654321,5,0
05/15/2023,06/07/2023,37.686439,52.69592,62.780715,6,1
03/16/2024,04/07/2024,37.087043,56.849498,61.837405,4,1
08/19/2024,09/10/2024,37.698999,49.861517,69.861854,6,0
04/23/2024,05/16/2024,37.953599,50.889903,67.384051,6,0
04/05/2024,04/25/2024,37.705732,55.130128,49.363239,6,0
07/23/2023,08/11/2023,37.363997,58.748488,60.240957,4,1
08/26/2024,09/17/2024,38.23491,53.985106,47.300857,6,0
11/25/2023,12/16/2023,37.212093,57.780684,67.165274,3,0
12/18/2023,01/06/2024,37.707067,54.050451,52.583506,6,1
05/11/2023,06/03/2023,37.870377,54.36293,68.429171,5,1
10/30/2024,11/20/2024,38.104663,54.858608,66.410539,4,0
05/15/2024,06/03/2024,37.902865,53.554564,67.559191,5,0
01/06/2023,01/29/2023,38.008004,54.671655,54.780253,4,0
12/03/2023,12/22/2023,37.37483,52.256559,56.830534,6,0
04/27/2023,05/18/2023,37.705682,55.261072,62.247578,5,0
04/12/2023,05/03/2023,37.917464,54.476163,60.252843,3,0
09/04/2023,09/23/2023,37.200045,55.714088,61.316304,5,1
01/01/2024,01/21/2024,37.703558,48.832274,60.321751,6,0
07/11/2023,07/31/2023,37.48818,49.983589,61.146793,5,0
09/13/2024,10/02/2024,37.534186,55.769226,61.975282,5,1
08/26/2024,09/15/2024,37.140634,57.287615,63.346393,5,0
04/28/2023,05/19/2023,37.623086,55.315198,55.734956,5,1
06/09/2023,06/28/2023,37.850632,56.264593,56.41037,3,1
10/04/2024,10/24/2024,37.590618,57.068652,67.925246,5,0
09/16/2023,10/09/2023,37.205738,52.587482,60.273647,5,0
06/11/2023,07/01/2023,37.648373,59.308902,45.89689,4,0
01/15/2023,02/04/2023,37.52188,51.32058,57.971732,5,1
02/26/2024,03/20/2024,37.872392,54.656151,63.116724,3,0
12/26/2023,01/16/2024,37.470696,49.879991,62.298949,4,0
05/17/2023,06/06/2023,37.625356,56.550554,58.358495,3,0
06/05/2024,06/26/2024,37.198588,58.328295,56.952124,6,0
12/22/2024,01/10/2025,37.63544,52.848923,62.513551,4,0
06/14/2024,07/05/2024,37.658222,53.919647,61.52081,3,0
01/23/2024,02/12/2024,37.124688,49.631522,62.531029,3,0
12/14/2023,01/02/2024,38.115461,55.27356,53.747853,4,0
02/19/2024,03/12/2024,37.823777,56.662333,60.321098,5,0
08/30/2024,09/21/2024,37.474897,57.382674,53.102177,6,1
03/28/2023,04/20/2023,37.718273,51.679801,58.319277,4,0
04/27/2024,05/19/2024,37.51075,51.769084,64.252379,5,0
10/24/2023,11/12/2023,37.977076,55.116,61.076504,6,0
05/07/2023,05/26/2023,37.291078,57.155499,52.566516,6,0
11/11/2024,11/30/2024,37.561024,53.702316,62.77899,5,0
02/17/2024,03/07/2024,37.126238,51.086959,65.42202,5,0
11/02/2023,11/23/2023,37.885094,52.131561,61.560822,3,1
07/16/2023,08/08/2023,37.503444,52.78276,57.768407,6,0
10/15/2024,11/04/2024,37.670642,51.569205,61.863246,3,0
04/19/2024,05/09/2024,37.121277,58.393062,62.410384,4,0
02/01/2024,02/24/2024,37.596963,55.200748,51.722586,5,0
01/21/2023,02/13/2023,37.3898,58.088599,56.671688,4,1
03/21/2024,04/13/2024,37.552061,56.728965,56.492084,3,0
06/30/2023,07/20/2023,37.382213,49.821305,55.510944,4,0
12/01/2024,12/21/2024,37.513114,54.587923,62.671507,4,0
05/16/2024,06/05/2024,37.431262,58.576454,56.24382,3,0
07/13/2023,08/03/2023,36.932016,56.384228,60.008949,5,0
08/17/2023,09/07/2023,37.977197,52.280883,52.424159,5,0
12/27/2024,01/16/2025,37.35558,50.193088,47.743579,3,0
08/20/2024,09/10/2024,36.887766,57.067039,59.576091,6,0
07/21/2024,08/10/2024,37.515945,55.790705,60.592467,3,0
06/14/2023,07/03/2023,37.594005,58.350483,59.431543,4,0
10/03/2023,10/23/2023,37.338602,55.286324,62.073652,4,0
10/25/2023,11/15/2023,37.217123,55.119699,56.572615,4,0
08/29/2023,09/19/2023,37.258914,55.135235,43.130903,6,0
08/16/2023,09/04/2023,37.514211,51.917389,67.386234,4,0
07/12/2023,08/04/2023,37.706418,53.859599,47.653615,4,1
08/14/2024,09/04/2024,37.338078,51.480017,53.580598,3,0
11/13/2024,12/05/2024,37.341981,56.451572,60.874466,6,0
05/15/2023,06/04/2023,37.825964,56.980132,55.640193,4,0
10/15/2023,11/07/2023,37.439615,54.710379,56.13073,6,0
12/21/2023,01/13/2024,37.915107,49.18878,56.798282,3,0
02/25/2023,03/20/2023,37.732202,56.064084,56.133078,6,0
01/02/2024,01/25/2024,37.704152,52.018396,63.110577,6,0
09/10/2023,09/30/2023,37.630333,53.27034,62.116335,4,0
05/05/2023,05/28/2023,37.056246,52.943447,56.109101,3,0
10/04/2023,10/26/2023,37.770743,58.816137,54.258654,3,0
07/22/2024,08/13/2024,37.258035,55.161848,54.98626,6,1
04/06/2023,04/26/2023,37.328815,53.436385,61.614223,4,0
04/30/2024,05/20/2024,37.200296,58.111392,63.534846,6,0
10/09/2024,11/01/2024,37.807206,53.765751,58.583025,5,0
02/22/2024,03/13/2024,37.683808,55.096447,57.87023,5,1
07/09/2024,07/28/2024,37.705468,48.99622,57.720556,4,1
04/15/2024,05/04/2024,38.01507,54.066163,52.964612,5,1
04/03/2023,04/22/2023,37.250679,56.503815,63.683972,6,0
02/21/2024,03/15/2024,37.895408,55.094734,56.421424,3,0
07/27/2024,08/19/2024,37.873291,51.071767,66.760008,6,0
03/04/2024,03/26/2024,37.338605,53.599247,49.458552,4,0
09/20/2023,10/12/2023,37.186477,59.302103,59.011045,3,0
04/15/2023,05/05/2023,37.242004,56.199899,53.67987,6,1
01/15/2023,02/05/2023,37.743032,58.531433,61.848673,5,0
04/27/2023,05/20/2023,37.157267,55.944426,51.437714,4,0
02/04/2024,02/25/2024,37.542118,53.220204,59.911611,5,0
06/25/2024,07/16/2024,38.163519,59.791159,51.744585,6,0
12/17/2024,01/08/2025,38.146861,52.772983,62.06207,6,0
01/28/2023,02/18/2023,37.293256,57.000732,61.175786,3,0
03/30/2024,04/19/2024,37.431655,57.072151,78.621725,5,0
11/14/2023,12/07/2023,37.904449,58.069035,66.694637,4,0
02/28/2024,03/22/2024,37.527147,53.422192,62.229871,5,1
07/03/2024,07/23/2024,37.392728,57.187724,65.045609,5,0
06/14/2024,07/07/2024,37.554688,49.602995,52.822187,6,0
07/22/2024,08/11/2024,37.113596,53.558655,55.187638,5,0
05/13/2023,06/03/2023,37.292112,55.291816,59.321799,3,1
10/11/2024,11/02/2024,37.311542,56.864815,57.59794,3,0
05/26/2023,06/15/2023,37.296355,53.388357,68.597057,3,0
05/25/2023,06/13/2023,37.629442,59.196732,58.644117,6,1
10/30/2024,11/18/2024,37.421312,53.531898,52.169604,4,1
09/20/2023,10/09/2023,37.290325,55.956579,57.140394,6,1
04/04/2024,04/26/2024,37.468193,55.133661,64.709308,6,1
07/13/2023,08/01/2023,37.569659,53.052114,63.816937,4,1
10/22/2023,11/10/2023,37.591572,55.794439,64.703449,6,1
03/16/2024,04/06/2024,37.241367,56.005592,59.230286,6,0
07/08/2023,07/28/2023,37.723548,57.396157,55.590197,4,0
10/14/2024,11/03/2024,37.506273,54.997034,59.660079,3,0
02/17/2023,03/08/2023,37.596973,51.844505,50.204799,6,1
12/04/2023,12/23/2023,37.886425,58.549026,49.383002,6,0
07/06/2023,07/26/2023,37.628228,52.191893,50.149847,6,0
03/18/2024,04/07/2024,37.636363,53.14516,62.75539,3,0
07/18/2023,08/07/2023,37.361705,49.122272,53.452418,4,0
09/27/2024,10/20/2024,37.865082,54.867955,56.898572,3,1
08/01/2023,08/22/2023,37.091142,52.434054,58.164379,3,0
01/05/2023,01/28/2023,37.76686,59.280206,58.400482,3,0
05/01/2024,05/22/2024,37.392996,53.723714,59.526974,5,0
04/04/2024,04/23/2024,38.025154,56.664119,64.494088,4,1
03/31/2024,04/19/2024,37.233696,54.238788,50.270197,4,0
05/18/2023,06/07/2023,37.357846,51.322441,49.390296,4,0
12/02/2023,12/25/2023,37.537128,46.48395,61.415604,3,0
01/23/2023,02/14/2023,37.768041,58.450148,61.856659,5,1
07/03/2023,07/23/2023,37.93935,54.650071,57.87091,6,0
06/10/2023,07/02/2023,37.898595,56.894843,61.484206,6,0
01/05/2024,01/28/2024,37.363359,53.534867,62.188253,3,0
09/18/2023,10/10/2023,37.601172,46.375589,54.544761,4,0
06/25/2024,07/18/2024,37.434949,55.658476,56.090498,3,0
12/03/2023,12/26/2023,37.045725,56.365479,65.551427,4,0
04/06/2023,04/29/2023,37.930974,55.195932,60.050568,5,0
09/06/2023,09/27/2023,37.791958,53.801288,41.848824,3,1
12/17/2023,01/07/2024,37.826539,51.703537,55.497549,4,0
05/17/2023,06/07/2023,37.819726,54.778067,61.402804,6,0
08/21/2023,09/11/2023,37.780623,53.600633,64.625376,3,0
08/14/2023,09/05/2023,37.692581,54.876356,59.472625,6,1
04/07/2024,04/28/2024,37.975153,49.667421,51.949389,5,0
12/03/2023,12/22/2023,37.930309,58.47635,62.957439,6,0
04/29/2024,05/18/2024,37.546406,59.633055,53.116466,5,0
06/15/2024,07/04/2024,37.563871,52.781745,61.798711,4,0
12/06/2023,12/27/2023,37.677488,55.411882,61.660627,5,0
09/26/2023,10/16/2023,37.521536,54.397025,56.669932,4,0
11/08/2023,11/27/2023,37.998966,51.572522,55.614608,5,0
03/18/2023,04/08/2023,37.96165,54.197157,74.824349,3,0
07/26/2023,08/15/2023,37.701773,55.375598,65.582897,5,0
10/11/2024,11/03/2024,37.461657,58.718336,62.442017,6,0
09/22/2023,10/12/2023,37.563033,50.114193,66.606012,3,0
04/13/2023,05/04/2023,37.561002,56.531409,63.807011,4,0
11/03/2024,11/22/2024,37.770737,51.631493,51.660053,3,0
02/27/2024,03/19/2024,37.913372,58.65842,58.865638,4,0
08/22/2024,09/12/2024,37.854789,58.818078,54.891965,6,0
10/31/2024,11/21/2024,37.512099,55.121676,49.895828,5,0
10/30/2024,11/22/2024,37.409035,53.995426,57.611439,6,0
07/17/2024,08/05/2024,37.178827,51.649104,49.991962,6,1
07/02/2024,07/23/2024,37.336362,57.752179,53.435323,4,0
12/12/2023,01/04/2024,37.556783,57.915446,63.954216,5,0
12/01/2023,12/23/2023,37.858351,49.87756,52.924308,5,0
01/05/2024,01/25/2024,37.695267,60.410293,59.449403,5,0
08/13/2023,09/02/2023,36.929398,57.407029,61.425599,5,1
11/18/2024,12/10/2024,37.184795,55.577558,59.832853,4,0
04/22/2024,05/14/2024,37.469548,55.092148,63.022793,5,0
10/09/2024,10/28/2024,37.932012,54.75055,56.833933,4,1
02/05/2024,02/25/2024,37.374294,59.321575,58.740113,5,0
02/18/2023,03/13/2023,37.147207,54.415505,55.86495,3,0
11/17/2023,12/10/2023,37.644934,51.092422,48.779855,5,0
12/25/2024,01/16/2025,37.94161,55.702124,54.260344,3,1
11/10/2024,11/29/2024,36.956903,57.247805,53.653059,4,0
03/21/2024,04/09/2024,37.419304,47.413802,63.175747,3,0
06/09/2023,06/30/2023,37.485992,57.413154,64.061468,3,0
01/06/2024,01/25/2024,37.876876,59.27227,43.041768,4,0
12/25/2024,01/17/2025,37.858218,52.56213,55.526128,4,1
08/22/2023,09/12/2023,37.088357,54.891582,51.499533,4,0
11/02/2023,11/21/2023,37.972825,53.720122,58.777811,3,0
06/27/2024,07/18/2024,37.208239,51.15009,51.894088,6,0
03/16/2024,04/08/2024,38.194439,52.456482,58.641141,6,0
04/29/2024,05/18/2024,37.969358,54.467402,72.885677,6,1
01/04/2023,01/27/2023,37.478357,58.512524,57.009418,3,0
10/21/2024,11/09/2024,37.447386,55.454273,47.776812,4,1
09/10/2023,09/29/2023,38.065666,57.613463,56.511073,3,0
04/16/2024,05/08/2024,37.559549,54.85258,61.380144,5,1
10/25/2024,11/16/2024,37.420026,54.661578,56.420525,3,0
01/17/2024,02/06/2024,37.530268,53.854116,57.870583,4,0
09/20/2024,10/11/2024,37.794233,56.638492,49.187012,5,0
11/13/2024,12/06/2024,37.724512,52.977265,51.914573,5,0
02/07/2024,02/26/2024,37.584519,56.08899,63.329144,6,1
10/21/2023,11/09/2023,37.854218,56.495593,58.679694,6,1
09/16/2023,10/08/2023,37.816892,48.745272,47.92906,4,0
12/05/2023,12/28/2023,37.661023,60.20462,49.429506,3,0
09/11/2024,10/04/2024,37.648035,55.762727,51.454336,4,1
02/16/2024,03/10/2024,37.673292,56.131631,54.70918,5,0
01/30/2023,02/20/2023,37.552498,51.861237,72.218638,3,0
12/31/2023,01/23/2024,37.682236,57.018284,54.257866,4,0
08/30/2023,09/18/2023,37.591545,56.199602,58.005622,6,0
04/24/2023,05/17/2023,37.988682,55.479338,54.597732,5,1
01/05/2023,01/24/2023,37.835491,56.117056,61.16893,5,0
12/19/2023,01/10/2024,37.734769,58.759228,59.813088,4,0
02/21/2023,03/14/2023,37.849538,52.765723,56.264506,4,0
06/12/2024,07/05/2024,37.486132,47.918653,54.679979,4,0
12/08/2023,12/29/2023,37.390804,59.464013,58.143036,4,1
02/05/2023,02/24/2023,37.933673,55.635961,55.294556,6,0
04/01/2024,04/23/2024,37.402385,52.354401,54.772686,4,0
11/17/2024,12/09/2024,37.254323,52.352817,62.356883,6,1
06/12/2024,07/05/2024,37.760967,56.635056,62.202388,6,0
12/14/2024,01/02/2025,37.979234,52.651015,63.535475,3,1
10/17/2024,11/06/2024,37.409624,54.497125,54.097654,3,1
11/13/2023,12/02/2023,37.411519,52.928016,69.989267,4,0
07/20/2023,08/09/2023,37.332361,53.93584,60.013092,4,0
05/29/2023,06/20/2023,37.609543,54.594776,57.332689,6,1
03/31/2024,04/23/2024,37.71384,52.397836,65.674247,5,0
06/04/2023,06/24/2023,37.436538,55.965391,50.532999,3,0
09/05/2024,09/24/2024,37.774776,56.026322,46.974752,3,0
09/15/2023,10/07/2023,38.014886,54.488394,57.635526,3,0
06/29/2023,07/18/2023,37.433342,51.296293,51.996742,4,0
09/20/2023,10/12/2023,37.323422,59.419088,55.350634,5,0
04/19/2024,05/09/2024,37.497116,57.737981,62.93055,5,0
06/13/2024,07/02/2024,37.119574,61.482329,67.155261,4,0
04/01/2023,04/20/2023,37.4443,56.523221,62.68796,4,0
01/10/2023,01/29/2023,36.973423,54.775881,58.443873,6,1
04/06/2023,04/27/2023,37.576505,52.754746,60.491244,5,1
07/15/2024,08/06/2024,37.581038,56.014932,65.357812,5,1
06/25/2023,07/14/2023,37.416897,56.482078,50.822285,6,1
03/29/2024,04/17/2024,37.750361,58.924294,58.66582,5,0
11/02/2023,11/22/2023,37.412687,58.133564,62.397766,6,0
06/06/2024,06/28/2024,37.408872,56.522574,61.074333,5,1
03/25/2023,04/15/2023,37.822942,52.310493,63.048436,4,0
07/27/2024,08/19/2024,37.620879,52.106337,62.044947,4,0
05/22/2024,06/11/2024,37.726895,53.72582,60.104089,5,1
10/20/2024,11/12/2024,38.293665,59.047821,54.867188,3,0
10/10/2024,10/29/2024,37.407895,51.86676,58.63583,3,0
03/03/2023,03/23/2023,37.49881,54.622096,51.383102,4,1
06/26/2023,07/18/2023,37.843898,56.938978,70.928071,3,0
02/24/2023,03/17/2023,37.980765,53.98078,71.532262,6,0
12/27/2023,01/17/2024,37.81873,54.288186,56.714754,4,0
01/28/2024,02/19/2024,37.586193,57.396401,54.861666,5,0
06/13/2023,07/05/2023,37.400275,61.374986,59.913129,4,0
01/10/2023,01/31/2023,37.389128,51.776324,59.300493,6,1
06/24/2024,07/13/2024,37.502694,55.729104,55.358895,5,0
01/10/2023,02/02/2023,38.038799,54.406441,67.24335,5,0
09/19/2024,10/10/2024,37.215613,54.983656,73.991834,3,0
12/25/2024,01/15/2025,37.140978,57.716757,61.825414,6,0
05/20/2024,06/12/2024,37.884752,54.389434,57.742518,6,0
08/14/2023,09/05/2023,37.646095,54.37279,59.538792,6,0
08/04/2023,08/24/2023,37.751876,53.449925,54.884673,5,0
10/25/2024,11/14/2024,37.93811,54.912598,64.371378,4,0
08/27/2023,09/16/2023,37.685588,57.271693,58.622355,3,0
07/19/2024,08/11/2024,37.251005,49.041802,65.455832,4,1
02/08/2024,02/27/2024,37.706051,53.9049,67.359512,4,0
05/23/2023,06/11/2023,38.081209,53.433312,54.222752,5,1
07/14/2023,08/06/2023,37.495896,57.715683,48.713312,4,0
10/04/2024,10/24/2024,37.715786,52.173089,60.122938,4,0
08/16/2024,09/06/2024,37.395948,52.749915,44.945185,6,0
12/27/2024,01/16/2025,37.092122,54.829911,60.166833,6,0
03/24/2023,04/12/2023,37.831343,55.591465,56.092016,4,1
01/04/2023,01/26/2023,37.210803,49.962086,59.109784,4,0
11/18/2024,12/07/2024,37.795067,49.310347,57.685669,6,1
03/06/2024,03/25/2024,37.577138,59.449359,55.931585,3,0
01/28/2023,02/19/2023,37.803046,55.643749,62.055401,5,1
09/18/2024,10/11/2024,37.936546,56.108209,49.840596,5,1
06/01/2024,06/21/2024,37.863932,63.16768,60.232578,5,0
01/19/2023,02/10/2023,37.001728,57.021366,64.576859,5,0
11/18/2024,12/08/2024,37.789112,56.45423,55.822864,4,1
06/08/2024,07/01/2024,37.615449,52.403591,48.723506,6,0
02/24/2023,03/15/2023,36.807829,58.987331,54.395266,3,0
06/25/2024,07/16/2024,37.837577,52.136276,58.326145,4,0
06/15/2023,07/08/2023,37.16787,52.545519,49.253072,3,0
04/07/2023,04/30/2023,37.636166,59.716985,57.383661,5,1
03/30/2024,04/21/2024,37.228411,51.748371,52.308132,6,0
10/08/2024,10/28/2024,37.704523,50.759323,65.546827,3,0
02/27/2023,03/20/2023,37.469564,49.931766,56.033523,3,0
12/23/2024,01/13/2025,37.898299,57.155576,63.855679,3,0
06/16/2024,07/08/2024,37.68047,51.602417,62.987023,5,1
09/08/2024,09/28/2024,37.502117,57.372958,57.640687,5,1
11/23/2023,12/12/2023,37.577794,55.433546,66.796639,6,1
11/16/2024,12/08/2024,37.814908,56.346659,47.384411,4,0
10/08/2024,10/28/2024,37.302701,55.095279,59.950654,6,0
12/24/2023,01/15/2024,37.698132,52.943141,52.392417,6,1
06/01/2023,06/22/2023,37.777517,52.981006,73.189661,6,0
04/03/2023,04/26/2023,37.71043,54.050934,57.537219,3,0
05/08/2023,05/27/2023,37.607408,58.132892,67.050489,5,0
04/16/2023,05/09/2023,37.637447,55.172009,65.555522,5,0
06/29/2023,07/22/2023,37.787398,54.840802,57.000954,5,1
06/21/2024,07/11/2024,36.751881,55.93832,65.462308,4,0
06/19/2024,07/10/2024,37.101755,55.422856,61.504249,4,0
06/22/2023,07/15/2023,38.078109,56.525679,62.804171,4,1
08/16/2024,09/04/2024,37.608431,55.713689,62.081027,5,0
10/17/2024,11/08/2024,37.753309,54.243196,54.084198,4,0
03/14/2023,04/02/2023,38.223139,50.733089,50.665934,6,0
06/14/2023,07/06/2023,37.786969,53.024536,61.572338,4,0
09/17/2024,10/06/2024,37.729956,53.439579,50.226053,5,0
06/14/2023,07/04/2023,37.560836,57.926938,57.470747,6,0
11/16/2023,12/06/2023,37.596697,53.938029,56.050363,3,0
10/18/2023,11/09/2023,37.597452,56.87705,54.827984,4,0
01/19/2023,02/11/2023,37.656894,55.265344,60.578699,6,0
06/14/2023,07/05/2023,37.352257,54.473153,56.116359,5,0
05/10/2024,05/29/2024,38.171742,58.206841,43.376287,5,0
08/22/2023,09/10/2023,37.798527,52.967124,60.059531,5,0
11/02/2024,11/23/2024,37.852591,55.540288,55.540389,4,0
09/15/2024,10/07/2024,37.150786,58.366279,53.277525,3,0
08/17/2023,09/08/2023,37.64783,57.489888,52.281337,4,0
03/13/2024,04/03/2024,37.628294,50.556021,48.740982,6,0
02/15/2024,03/07/2024,37.470799,53.357576,64.620379,5,0
12/10/2024,12/31/2024,38.049014,56.492616,51.205948,5,0
06/03/2023,06/22/2023,37.644075,53.650113,51.057779,5,0
02/12/2023,03/06/2023,37.501571,55.038013,57.973434,3,1
10/05/2024,10/24/2024,36.905981,52.543377,48.232019,5,0
05/20/2023,06/11/2023,37.720533,53.324491,59.248325,3,0
08/19/2024,09/11/2024,37.611902,51.843308,49.953444,4,0
06/04/2023,06/27/2023,37.41718,58.244105,57.121974,4,0
03/19/2023,04/08/2023,37.981094,53.820266,61.300502,3,0
04/22/2024,05/13/2024,37.793128,58.192921,51.734035,5,0
02/03/2024,02/23/2024,38.167392,52.626467,55.94424,5,0
06/07/2024,06/29/2024,37.913119,55.45871,64.081465,3,0
09/23/2024,10/13/2024,37.595692,54.622499,66.561546,3,0
08/24/2023,09/15/2023,37.508177,55.770145,46.448478,4,0
06/30/2024,07/23/2024,37.036784,56.484592,61.318767,4,0
09/09/2023,09/30/2023,37.475594,54.244459,55.859723,6,0
03/04/2024,03/23/2024,37.441064,54.489423,55.573604,4,1
05/16/2023,06/06/2023,37.312246,57.353146,58.830543,4,0
07/19/2023,08/10/2023,37.659941,52.933881,64.029413,6,0
09/20/2023,10/10/2023,37.583088,56.586803,63.258595,4,1
07/15/2024,08/03/2024,37.330578,55.406793,61.810562,4,1
02/04/2024,02/26/2024,37.621617,55.37725,52.769603,3,1
09/19/2023,10/12/2023,37.75342,54.742708,53.008679,4,1
09/06/2023,09/25/2023,37.511411,53.953341,67.818892,4,0
10/11/2023,11/01/2023,37.606824,55.824647,61.673725,5,0
03/20/2023,04/11/2023,37.614834,55.829748,68.411906,3,0
06/28/2023,07/17/2023,37.239288,55.100585,49.350477,5,0
09/17/2023,10/07/2023,37.721513,55.360676,50.029971,3,0
11/14/2024,12/04/2024,37.192196,57.425043,59.284876,5,0
01/04/2023,01/25/2023,38.550524,53.466009,65.600425,5,0
05/09/2023,06/01/2023,37.791485,59.043246,56.553315,3,0
09/13/2023,10/04/2023,37.661011,55.731462,61.015085,3,1
03/23/2024,04/12/2024,37.505463,56.134543,61.165633,3,1
11/04/2024,11/24/2024,37.409742,52.363552,55.788958,6,0
06/26/2024,07/17/2024,38.00082,53.79398,56.010817,3,0
04/08/2023,04/29/2023,37.117493,53.700866,52.092128,3,0
09/16/2023,10/06/2023,37.543375,54.963172,52.327395,5,1
08/29/2024,09/20/2024,37.728007,54.309108,60.381164,6,0
12/07/2024,12/27/2024,37.96249,49.651155,55.240048,6,0
08/17/2024,09/06/2024,37.147134,58.308992,58.713692,5,0
03/12/2024,04/02/2024,37.623838,54.5701,49.267844,3,0
08/06/2024,08/29/2024,37.704333,51.946961,61.297214,4,0
12/04/2023,12/24/2023,37.35775,56.402854,53.806638,5,0
03/20/2023,04/08/2023,38.195001,51.099978,47.167837,3,0
08/25/2023,09/14/2023,37.627456,60.389772,52.943021,3,0
10/20/2024,11/08/2024,37.808604,51.932332,59.170721,6,1
06/02/2024,06/23/2024,37.821356,56.567215,60.721279,5,1
03/12/2023,04/03/2023,38.016747,53.791185,54.956306,3,0
05/31/2023,06/20/2023,37.303841,60.510009,58.579,6,0
05/03/2024,05/23/2024,37.336486,53.097724,48.403596,3,0
06/10/2024,07/03/2024,37.064569,55.804841,70.558396,3,0
12/06/2023,12/28/2023,37.157025,58.200474,54.310043,5,0
09/09/2024,09/29/2024,37.646961,56.570378,64.232016,5,0
12/29/2024,01/19/2025,37.69656,54.81446,66.523562,3,0
11/04/2024,11/26/2024,37.687776,54.630244,64.592146,4,0
06/28/2023,07/19/2023,37.900971,55.359941,56.520426,3,0
06/20/2023,07/13/2023,37.684241,57.836858,57.397317,5,1
05/19/2024,06/09/2024,37.91046,55.553222,53.408994,3,1
03/10/2024,03/31/2024,37.766446,52.038058,68.061634,4,0
06/08/2023,07/01/2023,37.334993,55.538919,58.903031,5,0
10/11/2023,11/01/2023,37.452597,57.840329,69.591358,3,0
06/28/2023,07/17/2023,37.859248,57.389404,60.782679,3,0
09/30/2024,10/20/2024,37.996488,54.109617,53.843805,3,0
07/16/2024,08/05/2024,37.595815,52.848666,61.342808,4,0
01/29/2023,02/17/2023,38.001609,52.719076,62.580404,5,1
07/19/2023,08/08/2023,37.93026,56.506594,59.888999,5,0
05/27/2023,06/17/2023,37.407114,52.977424,51.53023,6,1
03/05/2024,03/26/2024,37.798901,57.273034,65.983338,5,1
09/25/2024,10/17/2024,37.180608,50.128135,67.30321,3,0
10/12/2023,11/03/2023,37.294365,59.064072,56.140822,6,0
12/22/2023,01/10/2024,37.939521,56.443773,77.092018,6,1
02/21/2024,03/12/2024,38.053775,49.956326,58.364197,3,0
02/21/2023,03/14/2023,37.572956,56.248651,55.112603,4,1
10/15/2023,11/03/2023,37.46284,54.636945,62.871514,3,0
11/27/2023,12/16/2023,37.458505,49.924872,54.627121,3,0
07/20/2024,08/09/2024,37.018989,57.632392,65.010547,3,0
01/02/2024,01/22/2024,36.590644,55.280695,57.921653,5,0
09/08/2024,09/30/2024,37.913668,55.398048,61.444248,5,0
08/11/2024,08/31/2024,37.270638,61.142623,48.365865,3,0
02/17/2023,03/10/2023,37.118,54.179192,66.473315,5,1
12/08/2024,12/27/2024,37.065395,60.687056,60.688414,4,0
01/20/2024,02/10/2024,37.669564,54.486742,62.849897,3,0
01/10/2024,01/31/2024,37.709361,48.431519,67.968426,6,0
04/14/2024,05/06/2024,37.938787,55.585251,61.02679,5,1
07/08/2023,07/31/2023,37.93485,58.456396,62.024622,5,1
11/17/2023,12/07/2023,37.600043,56.590601,60.121408,6,1
01/19/2024,02/11/2024,38.051062,55.710383,61.031942,6,0
09/24/2023,10/13/2023,37.880877,48.858642,59.849538,6,0
09/21/2023,10/11/2023,37.639228,52.685876,60.373374,5,0
06/21/2023,07/11/2023,37.6778,49.233177,51.818095,3,0
05/08/2023,05/30/2023,37.677033,51.885807,61.328418,5,0
07/05/2023,07/28/2023,37.398864,56.26001,59.583374,6,0
11/13/2024,12/05/2024,38.048123,54.691139,64.620571,5,0
09/03/2024,09/24/2024,37.896247,56.768856,54.47434,5,0
03/23/2023,04/11/2023,37.422165,51.264967,66.041795,5,0
01/02/2024,01/22/2024,37.222734,54.991615,56.038856,3,0
04/14/2024,05/03/2024,37.740154,52.855704,52.299792,3,0
07/25/2023,08/15/2023,37.230373,57.434364,63.845925,6,0
10/27/2023,11/18/2023,37.730116,50.238003,49.545185,3,0
10/05/2024,10/27/2024,37.372826,56.492482,55.59202,6,0
11/24/2023,12/17/2023,38.057811,55.346496,68.691051,6,1
02/13/2024,03/05/2024,37.762821,54.360533,56.414424,6,0
06/12/2024,07/01/2024,37.318397,48.434827,46.508115,6,0
07/16/2024,08/07/2024,37.325976,53.924648,59.817107,6,1
02/11/2023,03/03/2023,37.755481,57.383074,54.923431,5,0
06/04/2024,06/27/2024,37.585798,55.730778,52.335851,5,1
05/13/2024,06/03/2024,37.609234,52.235398,54.865761,4,1
06/08/2024,07/01/2024,37.1759,54.852688,50.815721,5,0
03/30/2023,04/21/2023,38.11001,55.144241,63.267437,5,0
03/24/2024,04/13/2024,37.881754,58.288927,65.061937,3,0
09/22/2024,10/11/2024,37.679979,57.366678,52.295109,6,0
02/21/2024,03/15/2024,37.573205,51.789048,61.495408,3,0
04/02/2023,04/21/2023,37.405693,53.73388,65.655143,6,0
02/03/2023,02/23/2023,37.120205,54.84071,57.106505,6,1
03/27/2023,04/17/2023,37.788194,59.826974,52.727452,6,0
07/03/2023,07/24/2023,37.282705,50.959497,55.724469,6,0
08/29/2023,09/17/2023,38.167331,55.349883,51.284176,5,0
07/10/2024,08/01/2024,38.023233,54.546565,59.702435,3,0
02/06/2024,02/27/2024,37.777801,56.330226,62.308134,5,1
01/08/2023,01/28/2023,37.370108,59.344009,53.134118,6,0
02/27/2023,03/20/2023,38.043646,54.432193,64.240179,5,0
06/29/2023,07/21/2023,37.678512,52.244453,52.616748,6,0
11/22/2023,12/13/2023,37.875014,52.556741,55.106418,4,0
12/21/2023,01/09/2024,37.882599,56.732287,50.448095,3,0
12/03/2023,12/25/2023,37.724581,53.83099,60.829915,4,0
09/17/2023,10/10/2023,37.864905,52.77759,52.574945,5,0
12/01/2023,12/23/2023,37.127655,55.804598,55.560512,4,0
01/17/2024,02/07/2024,37.323578,55.606351,66.630449,3,0
09/07/2024,09/27/2024,37.799439,57.015836,50.945801,4,1
10/11/2024,10/30/2024,37.62657,57.006922,50.027232,3,0
04/18/2023,05/09/2023,37.419117,58.38925,55.973535,4,0
09/26/2024,10/16/2024,37.625278,55.948721,62.092769,4,0
03/29/2023,04/19/2023,37.530822,60.347061,49.295238,6,0
04/12/2024,05/02/2024,37.039597,56.137913,52.196684,6,0
03/04/2023,03/26/2023,37.752208,56.939418,53.292445,3,0
05/21/2023,06/10/2023,37.486785,58.705017,64.526126,4,0
03/02/2024,03/23/2024,37.727752,59.336989,65.267378,5,0
09/17/2023,10/07/2023,37.118499,58.010531,54.8318,5,0
06/21/2023,07/11/2023,37.148102,55.452469,59.51106,4,0
05/19/2023,06/09/2023,37.695772,60.204641,59.581662,3,0
12/17/2024,01/09/2025,37.260508,52.31007,55.818113,4,0
11/19/2024,12/09/2024,38.153392,52.396554,64.181264,6,0
08/21/2024,09/13/2024,37.558933,56.027841,62.854615,3,0
06/21/2024,07/13/2024,37.631086,52.120334,58.056378,4,1
05/12/2024,06/02/2024,37.830418,53.907845,57.628408,5,0
09/18/2023,10/07/2023,37.686126,52.767642,55.822604,3,0
01/29/2023,02/18/2023,37.842289,56.654482,58.928376,6,1
10/07/2023,10/27/2023,37.523121,53.597265,66.744127,5,0
08/29/2023,09/21/2023,37.981296,53.971947,56.985599,4,1
01/13/2024,02/05/2024,37.440655,54.83905,61.151682,6,1
05/18/2024,06/07/2024,37.327359,53.645821,60.296503,5,1
10/14/2024,11/06/2024,37.460255,49.721678,53.413865,6,0
12/11/2023,01/01/2024,37.975912,57.000313,54.318533,4,0
11/24/2023,12/13/2023,37.732522,55.770717,57.168282,3,0
09/13/2023,10/05/2023,37.570875,54.223978,35.761759,3,0
05/28/2023,06/20/2023,37.362159,54.980195,57.259433,3,0
04/15/2023,05/08/2023,37.382768,49.705709,61.792543,4,0
05/05/2024,05/25/2024,37.658069,52.933946,62.889363,3,0
06/04/2023,06/26/2023,37.478414,53.799062,51.856812,6,0
08/24/2024,09/13/2024,38.213042,54.949149,53.890566,5,0
05/29/2024,06/19/2024,37.974776,55.802323,61.675828,4,0
07/18/2024,08/09/2024,37.551669,57.103117,45.901231,5,0
02/25/2023,03/17/2023,37.610624,56.299331,60.668274,6,0
01/22/2024,02/11/2024,37.792987,56.406667,66.704259,5,1
03/06/2023,03/29/2023,37.307591,54.494746,50.318721,6,1
06/30/2023,07/19/2023,37.524962,55.682399,58.795128,3,0
10/01/2023,10/21/2023,37.333932,52.356648,55.402111,4,0
07/27/2024,08/18/2024,37.141389,61.664652,57.420149,3,0
11/17/2023,12/10/2023,37.551812,59.503997,53.900068,5,1
11/28/2023,12/17/2023,37.496645,50.963242,54.927338,5,0
04/30/2023,05/19/2023,37.260584,55.040166,57.467815,6,0
05/09/2024,05/30/2024,37.893609,57.381993,63.006118,5,0
04/22/2024,05/11/2024,37.492661,58.293404,70.132114,6,1
11/23/2023,12/14/2023,37.277086,52.195033,60.268629,6,1
11/01/2023,11/22/2023,36.620392,55.454168,59.161418,3,0
04/12/2023,05/03/2023,37.884695,52.386432,56.280839,5,0
03/28/2024,04/16/2024,37.807244,52.70316,56.061245,3,1
08/13/2024,09/02/2024,38.062242,56.179576,59.266523,3,0
08/10/2023,08/31/2023,37.34056,56.472508,57.752487,6,0
11/20/2024,12/12/2024,37.798728,58.735413,54.701769,5,0
02/20/2023,03/15/2023,37.901444,53.499774,53.799276,4,1
11/15/2023,12/08/2023,37.572036,52.176591,61.012856,6,0
11/20/2024,12/11/2024,37.383828,59.652088,54.428377,4,0
10/25/2024,11/16/2024,37.931122,49.837225,60.643997,3,0
03/29/2024,04/20/2024,37.465129,52.684049,46.416327,4,0
02/22/2023,03/17/2023,38.000591,52.643895,47.604676,3,0
12/12/2024,12/31/2024,37.681257,56.58337,57.474169,6,1
10/21/2024,11/12/2024,37.888615,53.458158,54.643218,5,0
08/06/2023,08/28/2023,37.644064,53.086818,64.725297,5,0
04/23/2023,05/16/2023,37.422224,58.499725,62.871968,6,0
09/09/2024,10/02/2024,37.967228,52.479604,59.132178,3,0
09/10/2023,10/03/2023,37.667747,48.838345,58.973975,6,0
02/17/2023,03/09/2023,37.46676,53.85983,52.337881,3,0
04/04/2023,04/25/2023,37.306009,53.833562,63.517885,6,1
11/06/2023,11/28/2023,37.212164,57.363894,51.779486,4,0
11/02/2023,11/24/2023,37.618352,50.706799,66.647402,3,0
12/21/2024,01/09/2025,37.456043,56.224725,59.804761,3,0
05/07/2023,05/27/2023,37.440985,54.896159,62.36988,6,1
10/29/2024,11/20/2024,38.166309,54.917295,57.057036,5,0
01/09/2023,01/31/2023,37.221796,60.100817,57.797923,5,0
06/18/2024,07/10/2024,38.012485,55.376068,63.500451,3,0
12/20/2023,01/09/2024,37.711458,54.820835,60.248599,6,1
11/02/2023,11/21/2023,37.4921,51.623858,60.389578,4,0
10/08/2024,10/30/2024,37.06519,57.847244,60.943074,6,0
08/16/2024,09/05/2024,37.561152,50.307174,55.259306,3,1
05/17/2023,06/09/2023,37.830309,56.683964,56.275346,6,1
02/11/2023,03/03/2023,38.003185,53.318658,54.130315,6,0
06/20/2024,07/11/2024,37.18378,60.447776,62.479907,4,0
01/09/2023,01/31/2023,38.031086,63.582401,47.212368,3,0
01/06/2023,01/25/2023,37.63606,55.101111,71.475518,4,0
11/13/2023,12/05/2023,37.532316,59.669155,48.432643,6,0
02/05/2024,02/27/2024,37.584947,52.349599,64.717259,6,1
10/15/2023,11/04/2023,37.365657,57.365601,55.953507,3,0
01/21/2023,02/09/2023,37.407057,57.352139,55.109708,6,0
04/07/2023,04/28/2023,37.188731,55.274149,61.729916,3,0
04/09/2023,04/28/2023,37.365263,57.21486,47.280986,3,0
07/12/2023,08/01/2023,37.14896,53.787275,55.066891,6,1
01/03/2023,01/24/2023,37.794821,57.118603,51.796476,3,0
11/02/2024,11/21/2024,37.439719,59.675673,59.115291,5,0
08/27/2024,09/17/2024,37.503269,56.415448,40.620669,6,0
01/10/2024,01/29/2024,37.808204,58.587128,56.118471,5,0
09/20/2023,10/12/2023,37.654065,53.989659,55.529633,5,0
01/08/2024,01/29/2024,37.775957,53.684177,53.301526,3,0
04/20/2023,05/09/2023,37.345813,59.269096,65.784348,4,0
07/10/2024,07/31/2024,37.30504,56.275895,68.92028,4,0
08/14/2023,09/02/2023,37.934474,50.89734,62.133438,6,0
08/30/2024,09/22/2024,37.860986,53.651044,65.10224,3,0
04/30/2024,05/21/2024,37.09352,56.689925,63.030647,6,0
05/17/2023,06/07/2023,37.156601,56.265741,52.95686,3,1
12/22/2023,01/12/2024,37.444625,57.008884,56.860821,4,1
10/13/2024,11/01/2024,37.858906,55.491683,68.320693,6,0
08/02/2024,08/23/2024,37.405361,58.348584,63.953211,3,0
10/27/2023,11/15/2023,37.6438,56.360067,58.271777,6,1
04/08/2023,04/27/2023,37.528058,49.587496,57.324036,6,0
05/25/2024,06/13/2024,37.702396,56.19485,56.746134,6,1
02/21/2023,03/12/2023,37.72388,50.715968,51.973389,3,0
12/06/2023,12/28/2023,37.05312,55.15291,52.305382,3,0
03/03/2024,03/26/2024,37.822452,60.155226,41.511398,4,0
12/30/2023,01/22/2024,36.730592,60.974385,69.563482,6,0
08/10/2023,08/29/2023,37.192299,53.915498,55.221429,3,0
02/13/2024,03/03/2024,38.248767,56.47379,60.899463,4,0
07/12/2024,08/03/2024,37.367424,51.906632,56.416516,5,0
05/18/2024,06/08/2024,37.311271,55.060131,52.140121,5,0
11/06/2023,11/29/2023,37.053708,52.763592,62.782955,3,0
12/18/2023,01/09/2024,37.389244,52.058077,58.094241,5,0
01/25/2023,02/17/2023,37.619166,54.05643,51.072713,3,1
02/14/2024,03/08/2024,38.018618,44.296535,54.422534,6,0
07/31/2024,08/22/2024,37.58429,53.00688,69.479446,4,0
04/24/2024,05/13/2024,37.443869,53.195148,63.424529,5,0
02/01/2023,02/24/2023,38.13657,57.356063,56.652284,5,0
12/14/2024,01/02/2025,36.75023,52.789211,55.199347,5,0
12/10/2023,12/30/2023,37.505035,55.102974,61.143812,3,0
09/11/2024,10/02/2024,37.009716,54.43048,59.310983,5,1
04/27/2023,05/19/2023,37.209961,55.349142,49.900431,5,0
10/10/2023,10/30/2023,37.669261,50.505296,60.826889,3,0
08/10/2023,08/29/2023,38.035988,56.320512,56.671068,4,0
08/16/2023,09/05/2023,37.584845,52.034927,60.989724,6,0
06/18/2023,07/10/2023,37.305703,54.64965,65.451992,6,0
11/07/2024,11/30/2024,37.467766,54.358032,57.213405,5,0
12/02/2024,12/22/2024,37.717676,57.389638,55.786886,5,0
12/27/2023,01/18/2024,37.213782,57.630073,64.825787,3,1
04/09/2024,05/02/2024,37.31576,57.679452,60.649346,6,0
03/13/2024,04/04/2024,37.349838,55.280657,53.92035,5,0
05/04/2023,05/24/2023,37.343731,55.208682,48.889676,5,0
12/19/2023,01/09/2024,37.795639,58.855451,53.508226,3,0
11/27/2024,12/20/2024,37.344789,57.267848,68.967453,4,0
10/31/2023,11/20/2023,37.380532,47.81794,60.258058,5,1
07/24/2024,08/16/2024,37.96851,50.588221,62.8966,6,1
09/24/2023,10/13/2023,37.528719,55.536747,54.304469,3,1
11/25/2023,12/17/2023,37.511855,54.779486,59.321838,6,1
12/20/2024,01/08/2025,37.382924,57.880998,63.867584,3,0
12/30/2024,01/21/2025,37.488846,54.695119,58.44021,3,1
09/03/2023,09/25/2023,38.133858,54.559293,61.152774,6,0
07/26/2024,08/18/2024,37.356159,55.304701,63.319282,4,0
02/01/2023,02/23/2023,37.746166,52.431567,55.449417,6,0
08/13/2023,09/01/2023,37.19264,54.830978,59.046299,5,1
01/01/2024,01/20/2024,37.126385,55.189382,65.251203,6,1
06/09/2023,07/01/2023,37.970138,56.872078,60.98565,5,0
06/26/2023,07/16/2023,37.568422,53.217629,49.735042,3,0
08/22/2023,09/11/2023,37.865797,54.922717,51.798141,5,1
07/10/2023,07/31/2023,37.787931,54.109129,58.827772,4,0
11/20/2024,12/13/2024,37.858728,54.370525,64.72721,6,0
03/22/2024,04/12/2024,37.421969,54.73723,58.765261,3,0
05/05/2023,05/25/2023,37.569575,56.315625,51.711764,5,0
02/15/2023,03/10/2023,37.112372,54.868925,59.229967,6,0
11/24/2023,12/15/2023,37.612912,55.384641,55.835438,5,1
07/29/2023,08/17/2023,37.822293,63.924035,51.877459,5,0
09/07/2023,09/28/2023,37.459615,57.855219,55.657626,3,0
04/09/2024,04/28/2024,37.820919,60.333927,58.776371,5,0
10/10/2023,11/02/2023,37.314219,54.722984,58.755663,4,1
07/10/2024,08/01/2024,37.473903,51.284381,64.806993,4,0
01/09/2024,01/29/2024,37.452029,54.384803,57.28333,5,1
11/30/2024,12/21/2024,37.784925,56.874994,62.52696,5,0
08/11/2024,09/02/2024,37.513161,56.99654,49.809812,4,0
12/25/2024,01/15/2025,37.932147,53.098411,57.403799,4,0
04/18/2024,05/09/2024,37.260341,55.339444,59.400909,3,0
11/07/2024,11/26/2024,37.591095,51.347907,60.31119,6,1
05/16/2023,06/08/2023,37.380346,53.41249,55.223481,6,0
02/14/2024,03/07/2024,37.403866,55.827206,66.432502,6,0
06/09/2024,06/28/2024,38.031373,57.395911,61.125469,4,0
02/18/2023,03/11/2023,37.595763,51.593336,52.26646,5,0
02/27/2024,03/21/2024,38.038803,51.85176,58.335358,6,0
07/24/2024,08/15/2024,37.478498,56.304383,51.799701,6,0
01/08/2023,01/29/2023,37.71921,59.751071,64.962007,3,0
10/25/2023,11/13/2023,37.655848,61.852991,59.676461,5,0
08/22/2024,09/14/2024,37.883106,58.271447,51.885509,6,0
06/24/2024,07/13/2024,37.153282,47.689976,66.698026,4,0
11/04/2023,11/24/2023,36.917441,51.183444,59.940165,6,0
04/05/2023,04/28/2023,37.313321,55.54115,49.582701,4,0
03/17/2023,04/08/2023,37.382466,54.039488,61.054114,4,0
01/02/2024,01/24/2024,37.614629,52.623244,52.357026,4,0
01/12/2024,02/04/2024,37.841545,57.884501,63.103788,6,0
04/11/2023,05/02/2023,37.497449,58.851967,47.915557,3,0
06/28/2023,07/21/2023,37.837176,53.813595,60.547109,4,0
05/18/2023,06/10/2023,37.815581,59.24267,65.393617,5,0
12/09/2023,12/29/2023,37.322948,54.283358,55.240673,3,0
09/10/2023,10/01/2023,37.818458,53.696525,57.604297,3,0
03/15/2024,04/07/2024,36.682626,56.210205,62.752503,3,0
07/30/2023,08/19/2023,37.285312,54.594793,58.106263,6,0
11/13/2023,12/02/2023,37.449063,59.046651,60.042591,6,0
06/14/2024,07/07/2024,37.614396,57.160964,50.936797,3,0
11/18/2024,12/08/2024,38.177558,57.410827,52.942799,4,0
04/09/2023,04/29/2023,37.451532,52.953374,57.214637,5,0
06/04/2024,06/24/2024,37.792935,56.388137,68.025947,3,1
01/14/2024,02/04/2024,37.699007,50.563654,51.659581,3,0
02/06/2024,02/28/2024,37.615274,58.595115,54.920485,6,1
11/04/2024,11/27/2024,37.769663,50.001947,66.098842,5,0
08/31/2023,09/22/2023,37.800577,52.518318,53.735888,5,0
03/23/2024,04/11/2024,37.661118,57.169423,72.250834,4,0
12/17/2024,01/07/2025,37.751056,48.27163,55.742374,3,0
07/17/2023,08/06/2023,37.181687,58.830514,50.725594,5,0
01/25/2023,02/13/2023,37.63174,54.92856,64.246546,3,1
05/26/2024,06/16/2024,37.864471,58.878861,54.109144,4,0
11/17/2023,12/07/2023,37.636494,56.218297,64.694355,5,0
12/23/2024,01/15/2025,37.668826,55.382904,54.437657,6,0
11/01/2023,11/22/2023,38.141761,55.555779,63.108541,3,0
05/18/2023,06/08/2023,37.17542,52.368424,54.81999,4,0
06/10/2023,07/01/2023,37.260019,60.552691,57.057514,3,0
08/22/2024,09/12/2024,37.230418,51.520342,53.427184,4,0
12/13/2024,01/05/2025,37.540054,58.772522,58.180441,3,0
07/03/2024,07/22/2024,37.463876,51.199473,60.820351,5,0
09/01/2023,09/20/2023,37.030373,60.055466,60.818631,4,0
04/15/2023,05/05/2023,38.185227,53.713179,63.841057,6,0
08/08/2024,08/28/2024,37.445164,52.746889,55.958459,4,1
09/11/2024,10/02/2024,37.806393,52.048522,69.31842,6,0
06/06/2024,06/28/2024,37.381264,59.89775,56.997001,4,0
11/05/2024,11/24/2024,37.141641,52.129089,62.845834,4,1
07/03/2023,07/24/2023,37.346863,56.974432,64.65989,4,0
02/04/2023,02/25/2023,37.558171,54.263013,62.944822,6,0
03/09/2023,04/01/2023,37.69072,55.537318,48.670709,3,0
02/10/2024,03/02/2024,38.04144,53.740672,66.906904,6,0
07/22/2024,08/10/2024,37.540181,54.015329,57.830754,5,1
04/22/2023,05/13/2023,37.638345,55.041938,50.661879,5,1
10/01/2024,10/22/2024,38.088069,56.043564,57.812118,5,0
06/25/2023,07/15/2023,36.925695,54.345005,59.998019,6,0
02/02/2024,02/22/2024,38.026412,55.115312,48.754315,5,0
05/03/2023,05/22/2023,38.01646,55.582388,74.612057,5,0
01/09/2024,01/29/2024,37.590361,53.823106,56.507943,3,0
10/03/2024,10/22/2024,37.844558,51.162158,61.782669,5,0
08/15/2023,09/06/2023,37.693907,51.577617,56.887519,4,0
08/14/2024,09/05/2024,37.333495,55.743544,57.585587,4,0
04/27/2024,05/19/2024,37.505736,57.41259,57.224128,6,1
07/17/2024,08/08/2024,37.346717,57.170312,59.715415,6,0
10/03/2024,10/25/2024,37.665691,55.46789,58.505918,3,1
07/25/2023,08/16/2023,37.966738,49.644911,50.38436,5,0
04/18/2023,05/11/2023,37.587353,54.887514,54.949428,6,1
09/18/2024,10/08/2024,38.17327,56.767799,60.166481,6,1
07/13/2023,08/02/2023,37.703379,51.82292,63.794788,6,1
12/18/2023,01/08/2024,38.124117,54.050928,54.729067,3,0
05/07/2023,05/26/2023,37.570393,58.162199,59.945263,4,0
08/03/2023,08/26/2023,37.853082,62.730419,61.334673,3,0
09/05/2023,09/27/2023,37.49762,57.285357,72.472388,6,0
09/17/2024,10/10/2024,37.688884,52.438778,62.992483,6,0
04/13/2023,05/04/2023,37.621622,59.420555,61.106069,3,0
02/13/2024,03/03/2024,38.101447,52.804801,65.743769,4,0
01/05/2023,01/27/2023,37.758283,56.656508,57.829491,4,0
12/21/2024,01/09/2025,37.322746,54.218136,53.643758,5,1
09/14/2024,10/04/2024,37.061986,57.537597,47.869976,5,0
10/07/2023,10/29/2023,37.356064,52.958855,54.3407,4,0
03/28/2024,04/20/2024,37.450838,53.627707,59.058562,4,1
11/13/2023,12/02/2023,37.588873,57.73559,50.001819,5,0
10/04/2024,10/26/2024,37.49713,52.979322,62.146593,5,0
05/03/2024,05/26/2024,37.794707,54.072783,53.590195,3,0
05/06/2024,05/27/2024,38.231809,54.151831,48.935942,5,0
04/25/2023,05/17/2023,37.617784,58.10828,58.240216,4,0
05/28/2023,06/18/2023,37.779199,54.374031,62.97884,6,1
12/24/2023,01/15/2024,37.679641,59.263424,45.793671,5,0
02/26/2024,03/18/2024,37.807006,56.42304,52.510804,5,0
06/05/2023,06/24/2023,37.194174,54.379843,60.543221,5,0
12/04/2023,12/24/2023,37.853241,53.558309,49.633845,5,0
09/20/2024,10/12/2024,37.201837,53.493518,53.801834,4,0
10/07/2024,10/29/2024,37.290591,59.095775,63.208134,5,0
08/24/2024,09/12/2024,37.177099,54.084095,61.405745,6,0
03/21/2023,04/11/2023,37.882868,54.38895,62.547421,4,0
06/24/2024,07/17/2024,37.30968,53.96243,53.331693,5,0
08/12/2023,08/31/2023,37.654549,58.441787,54.316298,4,0
08/20/2023,09/11/2023,37.646334,54.306144,53.782095,3,0
09/14/2023,10/06/2023,37.910403,57.697512,57.680119,6,0
02/03/2023,02/22/2023,37.911566,52.580624,63.549533,3,0
12/09/2024,12/29/2024,37.977307,57.550522,62.31913,3,0
01/05/2023,01/24/2023,37.688202,45.044994,67.796226,4,0
01/23/2023,02/11/2023,37.271018,60.340117,50.189079,3,0
10/07/2024,10/30/2024,37.270966,52.629288,61.183934,5,1
07/19/2024,08/11/2024,37.676574,53.461553,53.925884,4,1
04/06/2023,04/26/2023,37.431293,54.95192,48.484842,3,0
06/12/2024,07/01/2024,37.704247,53.407777,60.607495,4,1
11/29/2024,12/22/2024,37.330515,58.0195,63.534802,5,0
08/17/2023,09/07/2023,38.094429,55.264425,52.657473,6,0
12/02/2024,12/25/2024,37.384479,58.904169,63.11409,4,0
06/30/2024,07/21/2024,37.850812,53.208761,60.380266,5,0
07/10/2023,07/31/2023,37.61908,57.396833,59.370409,3,1
03/22/2023,04/10/2023,37.442922,57.084184,54.885978,6,1
12/22/2023,01/11/2024,37.386113,60.789378,60.660479,5,0
06/22/2023,07/13/2023,37.90466,52.98728,67.780204,3,0
06/17/2024,07/10/2024,37.594741,55.600333,60.598833,6,0
09/18/2024,10/08/2024,37.794301,57.929507,61.812878,3,0
10/22/2023,11/13/2023,37.780958,54.249277,48.521539,4,0
02/17/2023,03/11/2023,37.656682,55.412737,57.250484,5,1
12/05/2023,12/26/2023,37.565747,55.442657,67.725274,4,0
12/30/2023,01/21/2024,37.136664,56.286118,51.572329,3,0
11/26/2024,12/18/2024,37.553229,55.46742,55.765645,4,0
04/30/2024,05/20/2024,37.592251,61.896105,50.741358,6,0
11/01/2024,11/23/2024,37.7729,56.462505,61.153606,6,1
03/07/2024,03/28/2024,37.31058,54.681809,59.811739,4,0
12/21/2024,01/13/2025,37.649298,56.731696,48.653759,6,1
09/20/2023,10/11/2023,37.724389,56.16484,56.380256,3,0
12/02/2024,12/24/2024,37.407496,54.717623,66.09433,3,1
08/23/2023,09/11/2023,38.26651,57.994438,60.836321,3,0
11/18/2024,12/10/2024,37.33255,58.462283,46.291858,5,0
04/08/2023,04/30/2023,37.536724,54.840407,59.368604,5,0
09/19/2024,10/12/2024,37.495821,52.535309,64.08842,3,0
11/26/2024,12/15/2024,37.692341,58.226507,60.184922,5,0
06/08/2023,06/30/2023,37.534218,58.667861,61.460358,3,0
12/10/2024,12/29/2024,37.455159,49.731419,66.603882,5,0
11/25/2024,12/15/2024,37.741289,55.866691,58.039127,4,1
05/09/2023,05/31/2023,37.668973,55.85673,59.951599,4,0
02/23/2023,03/16/2023,37.319465,53.525972,54.526548,4,0
05/17/2024,06/07/2024,37.661029,58.340242,69.154482,3,0
07/21/2024,08/10/2024,37.721224,58.405868,68.207246,6,0
12/27/2023,01/18/2024,37.227672,52.989258,62.14721,4,0
08/10/2024,08/29/2024,37.5574,54.872628,54.56193,5,1
06/11/2024,07/02/2024,37.418098,56.594059,58.528236,4,1
02/15/2023,03/08/2023,37.723842,51.272415,58.67744,4,0
09/16/2023,10/06/2023,37.280947,56.356553,72.841344,4,0
10/20/2024,11/11/2024,37.671525,57.778039,53.008763,6,1
05/04/2023,05/23/2023,37.329223,53.751144,60.064958,5,0
10/29/2023,11/18/2023,37.428656,54.819072,54.459934,4,0
04/27/2024,05/16/2024,37.70106,60.500127,63.323925,6,0
09/16/2023,10/09/2023,37.635812,59.072896,58.675779,6,0
03/23/2023,04/13/2023,38.032015,53.565378,58.592069,5,0
12/07/2024,12/27/2024,37.331623,51.961036,57.422594,3,1
12/20/2024,01/10/2025,36.880107,54.006219,55.424724,4,0
01/26/2024,02/14/2024,37.74497,50.330954,62.361558,5,0
05/11/2023,06/02/2023,37.558466,58.159665,62.850341,6,0
01/17/2023,02/06/2023,37.706705,55.792459,47.868564,3,0
08/20/2023,09/10/2023,37.809417,53.142781,53.085421,4,0
11/12/2024,12/05/2024,37.464708,55.82109,66.063757,4,0
03/25/2023,04/14/2023,37.116657,54.62637,64.224086,5,0
09/24/2023,10/13/2023,37.185149,59.72708,52.9772,3,0
12/27/2023,01/16/2024,37.48359,51.646787,51.482136,3,0
11/06/2024,11/27/2024,37.852445,56.451337,51.865025,5,1
03/28/2023,04/19/2023,37.402427,56.657914,56.203998,3,0
05/27/2024,06/15/2024,37.364075,57.109009,71.813646,4,0
06/03/2023,06/24/2023,37.769589,52.178005,56.335373,6,1
07/19/2023,08/09/2023,37.793421,56.280329,60.490415,4,0
03/09/2023,03/28/2023,37.582693,57.725066,65.999755,3,0
08/29/2024,09/21/2024,37.240902,50.973142,54.917855,6,0
01/25/2023,02/14/2023,37.730532,52.311752,62.354311,6,0
09/15/2023,10/08/2023,37.692293,56.42231,55.545745,3,1
12/25/2023,01/13/2024,37.546475,50.318022,69.096937,3,0
07/28/2024,08/17/2024,37.555882,50.509128,60.122922,6,0
03/23/2023,04/11/2023,38.072811,53.08143,63.424957,3,0
09/05/2023,09/28/2023,37.631352,50.74303,52.223683,4,0
03/22/2024,04/11/2024,38.526198,59.528364,49.739016,3,0
03/29/2024,04/17/2024,37.952235,55.040733,54.943533,6,1
03/17/2024,04/05/2024,37.579206,55.884738,52.385244,6,1
11/15/2024,12/06/2024,37.465744,53.915781,72.992799,3,0
10/11/2023,11/01/2023,37.588981,53.339732,64.01943,6,1
11/26/2024,12/17/2024,37.12218,56.62961,63.3522,6,0
05/04/2024,05/27/2024,36.944834,56.507522,60.102801,6,0
08/30/2024,09/22/2024,37.535405,58.688299,58.926602,6,0
09/23/2023,10/13/2023,37.459042,59.91599,59.981519,5,0
01/10/2024,01/31/2024,37.812886,58.798985,56.135855,5,0
04/22/2024,05/15/2024,37.739897,58.43007,67.283743,4,0
09/11/2023,10/04/2023,37.174674,57.307537,60.025827,3,0
12/03/2023,12/23/2023,37.731806,51.542861,54.370228,6,0
07/01/2023,07/22/2023,37.839001,60.56978,51.779524,3,0
09/06/2024,09/29/2024,36.937858,51.785182,62.811505,3,0
08/06/2024,08/28/2024,37.462823,59.374345,69.332256,5,0
06/18/2024,07/10/2024,37.420763,49.777403,54.454746,5,0
07/21/2024,08/10/2024,37.23844,51.775027,64.988461,6,0
08/09/2024,08/29/2024,37.338636,47.44559,56.675301,6,0
08/07/2023,08/29/2023,37.765721,47.832658,55.297626,6,0
02/19/2023,03/12/2023,37.82382,56.432511,56.298351,4,0
06/18/2023,07/08/2023,37.795399,47.616432,54.48851,3,0
08/24/2024,09/12/2024,37.132503,60.574395,55.766128,5,0
09/30/2024,10/22/2024,37.902806,55.627538,66.067597,5,0
09/04/2023,09/26/2023,37.992509,56.141312,67.741677,3,0
09/05/2024,09/27/2024,37.807848,57.266337,63.215469,5,0
10/29/2024,11/21/2024,38.130853,55.320698,63.208785,6,1
02/13/2023,03/08/2023,37.453798,56.547342,55.639696,3,0
05/17/2023,06/09/2023,37.782698,51.747637,56.209135,3,0
03/21/2023,04/11/2023,37.366389,55.516963,56.260586,4,1
06/22/2023,07/15/2023,36.982871,54.277404,63.876467,5,0
05/17/2024,06/07/2024,37.578152,53.432954,61.579697,3,0
11/09/2023,12/01/2023,37.948757,58.006116,61.2948,3,0
02/17/2023,03/10/2023,37.370811,51.781349,58.446269,6,0
10/31/2023,11/20/2023,37.906172,61.722459,45.787736,6,0
10/22/2024,11/11/2024,37.630098,54.173475,50.731136,5,0
10/20/2023,11/12/2023,37.443797,53.712821,53.409359,3,0
05/20/2024,06/12/2024,37.397886,55.153278,49.290363,6,0
05/04/2023,05/26/2023,37.305701,54.307161,57.51991,4,1
08/20/2024,09/10/2024,37.465932,54.95142,65.183576,4,0
06/04/2023,06/27/2023,37.853284,54.180989,70.3342,5,0
07/15/2024,08/06/2024,38.156793,50.861898,59.393459,6,0
12/11/2023,01/02/2024,37.171895,54.72238,66.720035,3,0
02/17/2023,03/08/2023,38.00297,57.235307,60.541128,4,0
04/12/2023,05/02/2023,37.685118,56.135124,58.220908,6,1
03/14/2024,04/05/2024,37.667149,55.834285,55.122185,4,1
05/07/2023,05/26/2023,37.518308,49.286121,61.678349,3,0
12/20/2024,01/09/2025,37.379012,53.612891,59.30177,3,0
02/28/2024,03/18/2024,37.75503,54.093923,48.455169,5,0
03/23/2023,04/14/2023,37.561066,62.930396,63.965186,5,0
06/26/2024,07/19/2024,38.2324,56.626962,59.844167,5,0
01/12/2023,02/03/2023,37.488113,53.86859,52.28569,6,0
10/31/2023,11/19/2023,37.758171,51.651395,65.971149,5,0
01/16/2024,02/07/2024,37.833884,51.883774,62.46665,4,0
07/16/2023,08/04/2023,37.309999,55.418391,54.076949,4,0
11/04/2024,11/25/2024,37.20036,47.494353,60.821686,6,0
04/08/2024,04/29/2024,37.790132,54.245531,57.273569,5,1
01/08/2023,01/27/2023,37.582673,55.273069,59.590926,5,1
07/06/2024,07/25/2024,37.148824,57.807272,56.815151,6,0
09/17/2024,10/06/2024,38.026047,56.03905,48.226119,3,0
01/26/2023,02/16/2023,37.436011,49.7723,63.327391,3,0
01/01/2023,01/23/2023,37.642583,54.376404,57.524316,3,0
01/12/2023,02/01/2023,37.540098,50.440147,60.204291,6,0
07/12/2024,08/02/2024,37.690346,52.343486,58.6081,4,0
10/27/2024,11/17/2024,37.716198,58.094299,63.407747,5,1
12/28/2024,01/20/2025,37.338062,52.374688,55.002913,5,0
10/27/2024,11/19/2024,37.685179,54.599553,63.212921,4,0
11/10/2024,12/01/2024,37.760417,51.559599,58.048391,3,0
06/15/2024,07/05/2024,38.077584,56.965657,51.983715,6,0
02/14/2024,03/04/2024,37.848019,56.247086,48.370455,6,1
06/02/2023,06/25/2023,37.28867,58.636473,59.284014,6,0
10/25/2024,11/17/2024,37.794496,57.542488,64.958761,5,0
12/10/2024,12/31/2024,37.68456,52.325213,63.336283,4,0
06/17/2024,07/09/2024,36.809766,50.547626,54.971051,6,0
11/11/2023,12/02/2023,37.191922,55.852025,51.42406,3,1
12/18/2024,01/08/2025,37.656119,54.62179,59.187277,5,0
12/12/2023,01/01/2024,37.704218,55.406192,58.700479,5,0
07/07/2023,07/26/2023,37.943477,60.864627,61.635884,4,0
09/24/2023,10/13/2023,37.817133,51.112862,56.185883,5,0
09/10/2023,10/03/2023,37.726527,57.630855,56.096025,6,1
09/10/2023,10/01/2023,37.635109,61.8849,50.873556,6,0
11/21/2023,12/10/2023,37.59488,57.785917,66.230987,5,1
07/28/2024,08/16/2024,37.895642,54.008213,68.763447,3,0
12/14/2023,01/06/2024,37.353905,56.522459,56.765412,3,1
12/03/2024,12/23/2024,37.443556,55.528336,60.888296,6,1
11/15/2024,12/05/2024,37.638692,51.100146,64.243598,4,0
03/12/2024,04/02/2024,38.259845,54.107191,69.153083,5,0
03/05/2024,03/25/2024,37.702419,59.44309,62.225535,4,0
12/17/2024,01/07/2025,37.171971,54.528685,53.912023,5,0
12/29/2023,01/17/2024,37.387504,56.192461,63.899228,6,0
06/16/2023,07/05/2023,37.686048,57.787772,48.288369,6,1
12/17/2024,01/06/2025,37.989553,53.133667,49.805724,4,0
09/07/2024,09/28/2024,37.837042,52.763398,60.456554,4,0
11/17/2024,12/09/2024,37.307224,54.55844,56.651558,4,1
09/10/2023,10/01/2023,37.369589,53.963299,62.270212,5,0
12/25/2024,01/15/2025,37.18034,51.570742,50.334506,5,0
05/14/2023,06/06/2023,37.715368,54.335966,49.823177,3,1
09/26/2023,10/16/2023,37.48751,54.6228,66.392221,3,1
11/19/2023,12/09/2023,37.570611,55.529755,61.387103,4,1
07/20/2023,08/12/2023,37.218851,58.916827,62.272078,5,0
06/11/2023,06/30/2023,37.634198,54.902064,66.073913,5,0
03/17/2024,04/05/2024,37.732925,54.020429,55.656891,6,1
10/04/2023,10/23/2023,37.828408,58.858623,60.634222,6,1
05/03/2024,05/26/2024,37.653691,57.526003,48.701531,5,1
04/10/2024,05/01/2024,37.156228,50.780946,53.98863,6,1
07/31/2023,08/21/2023,37.261426,51.831059,66.54907,6,1
10/01/2023,10/20/2023,38.13003,57.032134,49.915111,3,0
02/10/2023,03/05/2023,37.039364,57.909985,66.491693,6,0
03/06/2023,03/27/2023,37.529585,60.500667,53.333467,5,0
02/02/2023,02/22/2023,37.76154,51.624463,64.302353,4,0
02/17/2024,03/08/2024,37.431756,57.774363,52.261728,4,1
01/17/2024,02/09/2024,37.234083,58.694451,53.12161,3,0
07/07/2023,07/28/2023,37.332857,57.054619,48.142088,6,0
06/21/2024,07/14/2024,37.646786,59.264017,55.523264,3,1
07/04/2023,07/24/2023,37.49458,55.271873,64.712944,5,0
03/20/2024,04/08/2024,37.167057,55.269062,60.978439,3,0
01/19/2023,02/09/2023,37.342722,57.041008,71.191505,3,0
11/08/2024,11/29/2024,37.205001,55.739924,59.846871,4,0
09/26/2023,10/18/2023,38.144691,53.867573,47.727641,4,0
07/09/2023,07/29/2023,37.26027,56.081433,56.633903,6,0
06/17/2023,07/09/2023,37.770777,51.928956,63.687678,6,0
02/01/2024,02/24/2024,37.935051,54.035929,65.909583,3,0
08/18/2023,09/10/2023,37.863869,52.524724,60.656072,3,0
01/28/2023,02/19/2023,37.557259,55.809869,58.436956,3,0
05/06/2023,05/26/2023,37.705129,57.982082,62.478752,5,1
12/23/2023,01/15/2024,37.961409,54.135887,46.532694,4,0
04/04/2024,04/24/2024,37.557705,56.83639,71.81866,5,0
09/01/2024,09/20/2024,37.298303,54.897725,56.000985,5,1
06/24/2023,07/14/2023,37.338366,54.687077,56.394066,3,0
09/04/2023,09/24/2023,37.732408,51.950382,62.230464,4,1
09/13/2023,10/05/2023,36.859581,56.088074,64.571378,5,0
01/15/2024,02/03/2024,37.656169,53.580761,65.835614,3,0
09/08/2024,09/29/2024,37.57046,54.805629,53.58116,6,1
08/28/2023,09/19/2023,38.052212,53.18035,51.694122,6,0
01/22/2023,02/10/2023,38.092452,56.273246,62.003067,5,1
07/24/2023,08/15/2023,37.507825,64.486851,59.428606,5,0
05/23/2023,06/14/2023,37.922274,58.86898,58.41812,3,0
05/04/2024,05/24/2024,37.680147,56.888066,62.22517,5,1
09/13/2023,10/06/2023,38.039594,54.664933,58.999609,4,0
06/26/2023,07/16/2023,37.320311,52.330222,56.750774,4,0
06/14/2023,07/05/2023,37.371486,51.913153,57.55545,3,0
03/02/2024,03/25/2024,37.589163,58.266315,46.008661,6,0
04/05/2023,04/25/2023,38.445423,54.174916,62.510988,6,0
08/05/2024,08/28/2024,37.45478,59.098652,55.921205,4,0
08/04/2023,08/25/2023,37.575421,50.765469,53.413072,4,0
10/25/2024,11/16/2024,37.439853,51.870179,60.087214,3,0
09/14/2024,10/06/2024,37.266426,59.677128,58.456282,4,0
07/29/2023,08/19/2023,37.869119,55.831081,60.104192,5,0
02/11/2023,03/04/2023,37.628882,50.726821,50.829741,4,0
07/14/2024,08/04/2024,37.315665,50.146717,63.837581,6,1
11/07/2023,11/27/2023,37.459056,53.986482,56.129411,5,1
04/15/2023,05/06/2023,38.174012,54.535729,55.044609,6,1
01/16/2024,02/05/2024,38.169585,53.259409,42.962048,5,0
03/25/2024,04/14/2024,37.811163,53.551192,61.291261,6,0
01/28/2024,02/20/2024,37.50891,56.873492,63.92072,3,0
10/06/2023,10/25/2023,37.091475,53.120377,61.999719,3,0
11/23/2024,12/14/2024,37.51252,55.913099,56.657452,6,0
06/09/2024,07/01/2024,37.772961,55.068067,68.492634,6,0
10/02/2024,10/23/2024,38.099923,57.855978,63.970962,3,0
08/24/2023,09/13/2023,37.672301,58.750111,52.02153,6,0
06/22/2024,07/13/2024,37.276135,57.036625,61.121358,5,1
07/16/2023,08/08/2023,36.960297,56.377185,48.277165,3,0
05/12/2024,06/01/2024,37.79211,55.212731,58.873656,4,0
09/05/2023,09/27/2023,37.577585,51.615491,70.853724,3,0
04/06/2023,04/26/2023,37.59354,51.568493,53.040421,6,0
12/04/2023,12/23/2023,37.457211,56.591496,60.652466,6,1
01/31/2024,02/22/2024,37.440215,52.467467,54.176167,4,0
04/14/2023,05/04/2023,36.909429,57.355156,58.686822,4,0
02/23/2024,03/16/2024,37.821464,47.750805,69.826881,4,0
06/15/2024,07/04/2024,37.420359,55.987969,54.511697,4,0
07/22/2023,08/13/2023,37.188426,53.983736,55.030848,4,1
01/04/2024,01/27/2024,37.634112,50.337568,58.11448,5,1
05/27/2024,06/15/2024,37.687755,47.939112,57.991948,3,0
02/18/2023,03/10/2023,37.264597,56.974219,55.325535,5,0
11/12/2024,12/02/2024,37.533197,59.777111,57.942804,6,0
11/12/2023,12/02/2023,37.488004,52.601201,58.869836,6,0
10/02/2023,10/24/2023,37.974632,56.680973,56.025566,5,0
04/27/2023,05/17/2023,36.999064,56.466747,45.232822,5,0
07/16/2023,08/08/2023,37.937258,60.315128,50.188896,5,0
10/25/2023,11/13/2023,37.982486,55.184719,53.472071,4,0
05/31/2023,06/19/2023,37.396326,59.9915,52.176036,5,0
01/28/2023,02/18/2023,37.324555,52.218326,51.347782,4,0
01/06/2024,01/29/2024,37.612782,61.007861,61.040862,4,0
02/14/2023,03/09/2023,37.751317,56.822152,61.731202,6,0
03/27/2023,04/17/2023,37.198811,52.869652,47.546011,4,0
05/30/2024,06/18/2024,37.505489,54.681835,74.741336,5,0
03/27/2024,04/15/2024,37.742026,49.588055,50.050242,6,0
10/21/2023,11/12/2023,37.175098,49.333622,56.270241,6,0
03/02/2024,03/24/2024,37.038181,55.612232,60.15223,3,1
09/26/2023,10/17/2023,37.49718,57.786957,62.386501,3,0
06/16/2024,07/05/2024,37.467306,52.425504,65.021985,4,0
12/29/2024,01/19/2025,37.598434,57.014319,52.007249,3,0
10/28/2023,11/16/2023,37.0498,56.975644,51.766297,6,0
01/02/2024,01/25/2024,37.085916,57.498585,60.902158,5,1
07/14/2024,08/03/2024,37.274778,51.819407,58.415867,4,0
12/23/2024,01/11/2025,37.935986,58.695868,58.084265,3,0
12/26/2024,01/18/2025,37.575452,53.917042,57.618323,3,0
01/03/2024,01/22/2024,37.365391,56.438367,50.807425,6,0
12/02/2023,12/21/2023,37.827297,52.495205,55.935597,4,0
10/22/2024,11/13/2024,37.324579,55.922289,62.171901,4,0
12/07/2023,12/28/2023,37.941032,57.214078,62.408259,5,0
07/02/2023,07/22/2023,37.988731,53.225655,58.597314,4,0
12/14/2024,01/03/2025,37.846712,54.480634,57.150624,4,0
11/29/2024,12/22/2024,37.789636,55.756409,59.307893,3,0
06/25/2024,07/14/2024,37.88296,55.996455,53.551979,6,0
10/27/2023,11/17/2023,37.365783,53.638905,64.97967,6,0
11/26/2024,12/16/2024,37.280822,55.193628,51.636894,6,1
05/31/2023,06/19/2023,37.645612,51.983917,61.010382,5,0
10/31/2023,11/23/2023,37.425541,52.869388,58.726392,5,0
01/27/2023,02/17/2023,37.815839,60.307436,54.190795,4,0
09/21/2024,10/11/2024,37.476789,58.621482,60.070776,5,1
04/10/2023,05/02/2023,37.88527,54.705912,65.559281,3,0
05/05/2024,05/24/2024,37.610867,50.732319,55.711992,3,0
06/07/2023,06/28/2023,37.500853,52.774532,58.944305,4,0
05/15/2024,06/05/2024,37.525975,49.742305,58.123646,5,0
03/15/2023,04/05/2023,37.525195,50.133184,54.336178,3,0
05/30/2023,06/20/2023,37.933769,54.194411,59.630646,5,0
06/22/2024,07/12/2024,37.756415,58.673324,52.009122,6,0
05/19/2024,06/08/2024,37.675804,55.190004,54.223045,6,0
03/04/2024,03/27/2024,37.575922,57.080904,62.504329,3,0
07/23/2024,08/13/2024,37.219881,54.500828,61.918423,6,1
12/14/2023,01/05/2024,37.65179,55.024234,60.691814,4,1
04/30/2024,05/23/2024,37.176555,51.769155,52.855941,4,0
10/26/2023,11/16/2023,37.337548,56.937287,61.18429,6,0
06/05/2023,06/27/2023,37.345013,54.219781,55.827655,6,1
12/19/2024,01/11/2025,37.310627,59.798332,54.99028,5,0
05/12/2024,06/02/2024,37.028421,54.423941,57.225245,6,0
03/04/2023,03/26/2023,37.963821,51.741529,57.519271,6,0
11/06/2024,11/28/2024,37.720158,52.525245,65.102115,4,0
05/12/2024,06/03/2024,37.721942,51.410347,54.756134,5,0
04/03/2023,04/23/2023,37.556116,53.96453,60.681476,3,0
01/24/2024,02/14/2024,37.152724,46.303776,56.061171,3,0
09/16/2023,10/05/2023,36.791912,56.367234,68.934039,3,0
07/20/2023,08/09/2023,37.244185,57.320552,53.728945,6,0
04/09/2023,04/30/2023,37.517641,54.114689,56.209287,3,0
06/18/2023,07/11/2023,37.707828,59.447456,60.419722,3,1
12/06/2024,12/29/2024,38.037729,55.076416,60.673015,3,0
06/15/2023,07/06/2023,37.551542,51.86302,60.051752,5,1
01/08/2024,01/31/2024,37.701973,56.547745,63.298987,5,0
06/21/2023,07/11/2023,37.991735,60.529182,55.58687,4,1
12/13/2023,01/03/2024,37.266536,52.541143,55.320045,5,0
11/17/2023,12/09/2023,37.610896,55.350178,66.644833,3,0
01/12/2024,02/03/2024,37.376594,53.22001,61.532755,4,0
08/07/2024,08/29/2024,38.198571,54.061392,60.326268,6,1
04/15/2024,05/05/2024,37.809861,55.922044,55.239554,5,1
06/04/2023,06/23/2023,37.557306,53.024762,58.809767,6,0
04/29/2023,05/18/2023,37.271629,59.26857,58.790244,6,0
02/28/2023,03/23/2023,37.086096,55.399024,56.331174,4,0
07/05/2023,07/27/2023,37.917211,56.606568,58.963912,3,1
11/28/2023,12/17/2023,37.440222,55.782377,65.302139,4,0
11/10/2024,11/29/2024,37.23754,51.821622,62.698472,6,0
03/15/2023,04/06/2023,37.136654,54.454612,56.821995,3,0
05/10/2023,06/01/2023,37.419388,52.443909,64.323447,5,0
07/25/2024,08/15/2024,37.805027,54.262811,62.729972,5,1
12/02/2024,12/22/2024,38.037505,53.09004,48.741117,5,0
03/24/2024,04/14/2024,37.796326,54.014264,57.190431,5,0
02/01/2024,02/20/2024,37.487932,62.314909,63.703413,6,0
10/19/2024,11/08/2024,37.203813,53.260491,64.910379,3,0
05/10/2023,06/02/2023,37.781933,55.46887,39.677089,3,0
03/20/2024,04/10/2024,37.448719,57.536348,61.947348,4,0
12/27/2023,01/15/2024,37.426158,56.720462,58.620843,3,0
12/05/2024,12/26/2024,37.332385,56.893664,51.815345,5,0
01/08/2023,01/29/2023,37.763813,54.762243,51.831878,3,0
03/14/2024,04/02/2024,37.660594,51.190936,60.477332,4,1
12/24/2023,01/14/2024,37.327489,49.962903,56.916877,6,1
10/09/2024,11/01/2024,37.59899,56.039672,59.333552,4,0
08/22/2023,09/11/2023,37.189077,60.789681,49.300305,5,0
08/23/2024,09/15/2024,38.073317,55.751498,58.808913,3,0
11/02/2023,11/23/2023,37.773901,57.597386,53.777849,5,0
10/15/2024,11/05/2024,37.512923,54.343259,58.324649,6,1
05/01/2023,05/20/2023,37.568541,56.776398,61.433169,6,0
07/08/2024,07/28/2024,37.443298,53.098517,52.986484,6,0
07/11/2023,07/30/2023,37.645701,58.193035,55.553284,4,0
01/10/2023,02/02/2023,38.025679,55.94931,65.896556,3,0
03/20/2023,04/11/2023,38.157625,54.422242,55.137481,3,0
01/24/2023,02/13/2023,37.696673,57.41532,61.639602,5,0
11/22/2023,12/13/2023,38.236085,55.487459,53.05084,4,0
07/30/2024,08/19/2024,37.556622,53.043131,60.413243,5,0
01/16/2024,02/08/2024,37.887659,55.35225,52.584362,4,0
02/23/2024,03/15/2024,37.466416,55.611216,60.11364,6,1
02/07/2024,02/27/2024,37.670075,57.036572,72.054526,5,1
08/06/2023,08/27/2023,37.363913,55.524903,57.746681,5,1
01/30/2024,02/20/2024,37.764203,57.363901,54.494879,5,0
12/16/2024,01/07/2025,37.643889,52.721446,58.566093,5,0
01/23/2024,02/14/2024,38.026213,56.109706,60.05963,5,0
05/13/2024,06/03/2024,37.357565,53.450982,56.614288,6,1
06/14/2024,07/05/2024,37.447831,48.522084,59.806406,3,0
07/12/2024,08/01/2024,37.812586,53.93866,59.510444,3,1
06/10/2023,06/29/2023,37.459443,57.707117,58.415298,4,0
07/06/2024,07/25/2024,37.745706,58.071862,64.197727,5,1
06/24/2024,07/14/2024,37.905505,53.451139,67.460835,5,0
08/07/2023,08/27/2023,37.349195,54.062244,43.48215,3,0
07/28/2023,08/16/2023,38.709321,51.847872,48.8351,4,0
05/09/2024,05/31/2024,37.609045,54.797776,65.332112,3,0
09/12/2023,10/03/2023,37.191692,56.793542,59.370579,6,0
03/17/2024,04/07/2024,37.735048,54.676028,48.203611,4,0
09/21/2024,10/13/2024,37.851819,56.893907,56.489494,4,1
03/29/2024,04/21/2024,37.606515,55.468774,56.285876,6,0
01/12/2023,02/03/2023,37.580459,55.38286,51.492502,5,1
12/07/2024,12/26/2024,37.744933,49.584796,66.085978,5,0
02/14/2023,03/08/2023,37.516356,57.979612,68.499863,6,0
07/26/2023,08/15/2023,37.413022,50.54852,65.022065,4,0
02/12/2024,03/02/2024,37.599699,53.772769,57.591457,4,0
02/07/2024,02/29/2024,38.030401,54.105083,48.924819,3,0
05/28/2024,06/16/2024,37.345566,56.269084,51.645494,3,0
06/18/2024,07/08/2024,37.401701,55.033771,53.488768,3,0
09/19/2024,10/08/2024,37.923532,49.912204,52.024337,4,0
07/05/2023,07/28/2023,37.597164,61.073804,58.770099,3,0
02/29/2024,03/23/2024,36.920146,56.39694,66.843347,5,0
08/03/2023,08/23/2023,37.018301,57.765871,51.768464,4,0
10/03/2023,10/24/2023,37.706888,53.147835,59.48143,3,0
07/06/2024,07/27/2024,37.107238,54.409889,62.657456,3,1
05/07/2024,05/27/2024,37.419006,57.337525,62.104101,5,1
04/27/2023,05/17/2023,37.768169,56.447963,55.155864,6,1
12/20/2024,01/08/2025,37.987351,51.481454,56.383243,4,0
12/04/2024,12/24/2024,38.283175,59.545154,62.416096,4,0
01/26/2024,02/16/2024,37.722939,53.007648,65.877469,3,0
01/05/2024,01/26/2024,37.739046,56.574639,62.485783,4,0
07/25/2023,08/13/2023,37.249504,53.284851,60.311752,3,1
06/25/2024,07/17/2024,37.748337,57.504125,58.333506,4,1
08/06/2024,08/29/2024,37.76279,52.531529,67.540593,4,0
08/09/2024,08/28/2024,37.470566,49.520114,63.463281,6,0
03/26/2023,04/14/2023,37.451226,51.912937,49.579024,5,0
01/07/2023,01/30/2023,37.499996,53.264003,54.327898,4,0
03/12/2024,04/01/2024,37.369712,58.293569,54.035287,6,0
05/06/2023,05/26/2023,36.988259,57.337515,57.930115,5,0
06/09/2023,07/01/2023,37.693641,54.321468,57.012843,4,0
08/31/2024,09/22/2024,37.741507,55.848477,53.940223,3,0
11/06/2024,11/27/2024,37.648085,56.922838,58.988653,4,1
07/01/2023,07/23/2023,37.835654,59.424778,62.178078,3,0
07/21/2023,08/13/2023,37.305187,57.859417,59.716254,3,0
10/17/2023,11/07/2023,37.640124,53.085219,63.172087,3,0
10/10/2024,11/02/2024,37.246532,58.394834,53.395789,4,0
12/12/2023,01/04/2024,37.756702,53.669487,59.324451,4,1
12/30/2024,01/18/2025,37.604283,52.274784,50.040943,4,0
11/20/2023,12/13/2023,37.500652,58.63091,56.224766,3,0
11/30/2024,12/22/2024,37.841379,53.166196,54.284959,4,0
09/18/2023,10/07/2023,37.727469,55.650157,66.087296,3,0
07/02/2024,07/21/2024,37.337152,59.412546,67.352081,4,0
07/23/2024,08/12/2024,37.784146,53.976165,59.949409,4,0
01/30/2023,02/20/2023,37.608976,46.40681,47.985185,5,1
05/27/2023,06/19/2023,37.723285,50.170805,55.865011,3,0
09/07/2024,09/29/2024,37.60607,61.649008,66.138005,3,0
10/30/2023,11/19/2023,37.461809,53.829188,60.649224,5,0
01/03/2024,01/22/2024,37.617174,58.917916,63.236056,3,0
05/22/2023,06/12/2023,37.591044,52.135719,63.257736,6,1
03/20/2023,04/12/2023,37.548249,55.660513,62.539937,3,0
07/18/2023,08/06/2023,37.732689,52.420664,59.306162,3,0
12/06/2024,12/26/2024,37.977371,57.587726,56.536431,4,0
08/22/2023,09/11/2023,38.055852,49.400539,70.63821,5,0
06/04/2024,06/27/2024,37.266614,58.993763,62.813047,3,0
07/10/2024,08/02/2024,37.485395,55.93727,61.300534,4,0
10/19/2023,11/08/2023,37.700898,53.771825,56.34352,3,0
11/19/2024,12/12/2024,37.485091,55.573219,68.659289,5,1
12/11/2024,01/03/2025,37.272303,55.305005,59.300011,3,0
12/16/2024,01/08/2025,37.89578,55.52858,49.385916,6,1
02/17/2023,03/09/2023,37.653115,57.005102,49.61779,5,0
04/19/2023,05/10/2023,37.577601,56.694181,62.470414,4,0
10/08/2023,10/31/2023,37.486897,56.157602,56.932147,6,1
04/04/2024,04/27/2024,37.584902,54.494935,54.334736,5,0
04/28/2024,05/19/2024,37.550875,55.415849,54.75887,6,1
01/01/2024,01/22/2024,37.176572,61.883376,63.184292,5,0
10/06/2023,10/25/2023,37.546791,55.254744,48.302136,6,0
10/23/2023,11/13/2023,37.782064,50.74848,51.473124,6,0
08/28/2023,09/17/2023,37.367936,55.11411,53.653694,4,1
08/28/2024,09/18/2024,37.36981,49.858493,56.000446,3,0
07/27/2023,08/16/2023,37.459974,55.075492,48.272305,6,0
12/18/2023,01/08/2024,37.736256,52.953078,68.173857,6,0
09/22/2024,10/14/2024,37.608187,54.591647,52.689881,4,1
03/28/2024,04/17/2024,37.492642,57.477183,67.620924,5,0
08/11/2024,09/01/2024,37.480968,51.470087,50.421596,6,0
10/27/2024,11/15/2024,37.582925,59.5504,63.219421,5,1
01/15/2023,02/03/2023,37.697889,55.686962,43.359609,5,0
11/12/2023,12/04/2023,37.534218,52.086985,61.252712,5,0
07/27/2024,08/16/2024,37.607172,59.080269,49.529103,6,0
01/01/2024,01/24/2024,37.876994,53.373331,53.460959,3,0
08/22/2023,09/13/2023,37.910099,53.680427,59.238845,3,0
10/15/2024,11/04/2024,37.833848,54.983842,54.814819,4,0
08/29/2023,09/18/2023,37.956678,53.104541,56.529023,6,0
07/16/2023,08/07/2023,37.014358,48.958184,56.256835,6,0
07/08/2023,07/28/2023,37.379945,49.485122,68.606217,5,1
04/27/2024,05/18/2024,37.5751,51.15877,53.571366,3,0
08/05/2024,08/27/2024,37.702927,56.786125,69.650317,6,1
08/22/2023,09/12/2023,38.18207,59.16932,64.227955,4,1
05/31/2023,06/21/2023,37.94511,57.034195,57.493665,6,0
07/26/2023,08/18/2023,37.690156,57.052289,55.255008,4,0
03/24/2023,04/12/2023,37.383201,52.937377,68.863976,6,1
04/08/2023,04/30/2023,37.546526,50.759519,50.270909,6,0
02/22/2024,03/12/2024,37.331466,53.646411,58.837111,5,0
02/13/2023,03/04/2023,37.736666,56.471254,60.608294,6,1
10/19/2023,11/11/2023,37.873534,53.212246,51.695673,4,0
04/26/2023,05/15/2023,37.982212,56.419096,57.506207,5,0
08/26/2023,09/17/2023,38.366438,55.530922,51.928147,3,0
01/22/2024,02/11/2024,38.023553,51.288996,62.133371,3,0
04/07/2024,04/26/2024,36.929543,64.393157,56.90769,4,0
09/19/2024,10/09/2024,37.837707,54.16939,51.833553,6,1
09/06/2024,09/27/2024,37.824416,53.352491,51.797417,5,0
05/10/2024,05/30/2024,37.816932,59.749265,48.449445,6,0
01/24/2023,02/15/2023,37.179319,52.5047,52.346974,3,0
01/19/2024,02/09/2024,37.124171,54.152599,60.335984,5,0
10/09/2024,10/30/2024,37.607723,56.884244,54.673939,3,0
12/20/2024,01/08/2025,37.347291,50.212457,64.777651,5,1
05/30/2023,06/22/2023,37.564698,52.972277,54.228278,3,0
03/12/2023,04/01/2023,37.633781,54.648271,56.331217,4,0
01/20/2024,02/08/2024,37.628092,50.241983,62.816968,5,1
11/12/2024,12/05/2024,37.280166,56.121041,56.071906,5,1
04/08/2023,04/29/2023,37.409472,55.19822,58.630577,3,1
02/10/2023,03/03/2023,37.533198,47.018225,58.781623,6,0
06/22/2023,07/15/2023,37.373056,53.859577,53.536578,3,1
01/26/2023,02/15/2023,37.145466,53.050171,65.399844,3,0
04/08/2024,04/27/2024,37.706766,52.895661,58.513645,5,1
03/28/2024,04/17/2024,37.6575,56.139019,46.573455,3,0
06/16/2023,07/05/2023,37.596488,54.396867,51.453922,4,0
09/21/2023,10/14/2023,37.621148,52.716765,49.085658,6,0
08/09/2023,08/30/2023,37.527756,55.042623,62.910528,5,0
11/10/2023,12/01/2023,37.825544,57.772468,51.99151,4,0
09/19/2023,10/10/2023,37.849045,54.675243,51.380536,3,1
05/03/2023,05/25/2023,37.437462,55.578063,61.262046,4,1
02/01/2023,02/20/2023,37.484335,57.314993,50.29514,4,0
12/14/2024,01/06/2025,37.429129,55.248013,62.424246,3,1
06/16/2024,07/06/2024,37.220102,58.724416,50.511533,3,0
05/11/2024,06/01/2024,37.510224,46.343191,53.808706,3,0
02/01/2023,02/23/2023,37.622498,58.765237,53.068921,3,0
12/17/2024,01/07/2025,37.449984,56.529189,55.829605,6,0
08/23/2024,09/11/2024,37.538964,53.686843,65.924619,4,1
05/02/2023,05/23/2023,37.465571,51.475621,52.840512,5,0
02/05/2023,02/27/2023,37.520096,55.302979,55.184282,5,0
10/21/2024,11/13/2024,37.634144,60.943528,64.758483,6,0
04/23/2023,05/16/2023,37.535479,52.401531,54.977127,4,0
12/16/2024,01/06/2025,36.898373,50.879658,62.764443,4,0
05/12/2024,06/03/2024,37.649197,56.420174,57.395282,3,0
12/02/2023,12/25/2023,37.641163,55.356953,52.809995,6,1
04/21/2024,05/13/2024,37.691424,54.256894,56.808424,6,1
04/16/2024,05/05/2024,37.554136,53.476044,55.861384,3,0
06/02/2024,06/24/2024,37.889581,59.475604,56.546912,3,0
05/05/2024,05/26/2024,38.016773,51.588593,56.693757,4,0
08/03/2024,08/25/2024,37.840527,55.925213,61.057001,6,1
04/12/2023,05/05/2023,37.339558,48.033808,54.953764,3,0
04/17/2024,05/10/2024,37.489003,60.10448,55.365465,5,0
03/18/2023,04/09/2023,37.950647,58.63919,57.971018,5,0
10/03/2023,10/22/2023,36.905805,59.39982,48.520678,6,0
02/04/2023,02/23/2023,37.388295,52.995383,49.86756,6,0
12/30/2023,01/21/2024,37.356187,56.311311,56.822936,6,0
03/07/2024,03/27/2024,37.614834,51.044045,53.185336,6,0
06/17/2023,07/07/2023,37.680308,52.855417,54.34509,5,0
03/27/2024,04/16/2024,37.099044,50.31666,56.809339,4,0
03/07/2024,03/28/2024,37.567369,51.68626,57.534093,6,0
02/12/2023,03/05/2023,37.48395,48.65864,60.963553,5,0
02/19/2023,03/11/2023,37.214382,55.994706,56.597587,3,0
01/16/2024,02/07/2024,38.034074,56.027394,55.106635,3,0
10/28/2024,11/18/2024,37.209787,55.672886,70.053533,4,1
04/02/2024,04/21/2024,37.202578,51.700512,56.841352,3,0
07/11/2023,07/31/2023,37.988444,53.672441,49.081683,3,0
09/02/2024,09/22/2024,37.067191,57.537315,61.097849,6,1
08/21/2024,09/10/2024,37.720743,54.200199,46.389991,4,0
09/12/2023,10/04/2023,37.248224,56.693579,74.511069,5,0
09/03/2023,09/26/2023,37.362899,60.181877,56.626834,6,0
10/29/2023,11/17/2023,37.383294,54.321291,59.847268,5,0
10/09/2024,10/31/2024,37.934187,54.385306,64.933235,4,1
09/27/2023,10/17/2023,36.707064,52.38695,61.720788,4,0
10/18/2023,11/10/2023,37.735422,52.941362,50.146502,4,0
10/24/2024,11/13/2024,37.845481,53.846107,50.780856,5,0
04/26/2023,05/16/2023,37.527285,53.766104,65.563516,6,0
04/25/2023,05/17/2023,37.177771,58.575052,53.84134,6,0
04/04/2024,04/23/2024,38.076658,52.096255,56.546223,6,0
01/22/2023,02/14/2023,37.838956,55.27528,60.928616,4,1
03/19/2023,04/10/2023,37.835611,60.880182,63.016384,4,0
06/15/2023,07/05/2023,37.662211,59.878169,53.514813,4,0
01/23/2023,02/11/2023,38.113423,55.108532,62.935713,5,0
11/21/2023,12/11/2023,37.715218,58.128857,62.101637,5,1
01/23/2024,02/11/2024,37.318289,59.309351,50.343233,5,0
06/03/2023,06/24/2023,37.282581,58.723904,60.179866,4,0
11/25/2023,12/17/2023,37.96998,59.174544,59.022462,4,0
12/11/2023,01/02/2024,37.591441,55.421751,57.549623,6,1
02/29/2024,03/20/2024,37.499185,58.630285,54.532211,6,0
08/15/2023,09/07/2023,38.022814,52.221907,58.947013,3,1
02/22/2023,03/13/2023,37.789452,57.280268,62.680667,4,0
08/13/2023,09/04/2023,37.146264,51.954098,60.538545,4,0
12/06/2023,12/28/2023,37.785221,53.637485,54.167606,6,1
08/24/2023,09/14/2023,37.99157,53.570448,55.826867,3,0
06/17/2024,07/09/2024,38.343467,55.145948,50.879595,5,0
12/24/2024,01/13/2025,37.727944,54.713616,46.89631,6,1
03/11/2023,03/31/2023,37.222611,53.635063,53.739819,5,0
10/04/2023,10/25/2023,37.394896,52.250894,51.498981,6,0
10/09/2024,11/01/2024,37.635515,56.177463,54.841389,3,0
04/15/2023,05/05/2023,37.252633,62.196921,62.482644,4,0
02/19/2023,03/12/2023,37.692916,49.895896,61.875306,6,0
09/18/2023,10/10/2023,36.96192,54.430349,61.247317,4,0
09/11/2024,10/03/2024,37.711002,53.470258,57.912954,6,0
01/12/2024,02/02/2024,37.405121,51.82621,58.088756,4,0
07/09/2023,07/28/2023,37.077,54.554851,49.872884,3,0
06/10/2024,07/01/2024,37.524655,61.384632,59.25104,6,0
09/13/2023,10/04/2023,37.469634,58.45237,59.346115,5,0
05/02/2023,05/21/2023,37.92245,59.547129,67.330489,5,0
02/09/2024,02/28/2024,37.298305,54.912887,54.203259,4,1
01/23/2023,02/14/2023,37.879713,54.992111,58.818492,6,0
12/03/2023,12/23/2023,37.386993,57.329023,56.286101,4,0
10/04/2023,10/24/2023,37.661645,50.113966,54.046148,3,0
10/09/2023,10/31/2023,37.563473,56.630125,47.755103,6,0
11/25/2024,12/15/2024,37.339468,53.815729,49.153108,6,0
01/11/2023,02/01/2023,37.355059,54.824786,49.188816,4,0
09/26/2024,10/16/2024,37.726995,57.258068,61.590007,5,0
10/31/2024,11/20/2024,37.341862,55.05391,57.318848,6,1
01/21/2024,02/12/2024,37.591121,54.812326,53.201829,6,0
08/03/2024,08/24/2024,37.045487,53.962021,64.218364,4,0
12/16/2024,01/06/2025,37.278115,56.914365,58.788724,4,0
03/09/2024,03/28/2024,37.80644,59.560265,58.741023,3,0
04/22/2023,05/13/2023,37.589933,50.437699,56.746363,4,0
10/27/2024,11/15/2024,38.186569,51.464319,64.873869,4,0
10/10/2024,11/01/2024,37.678446,55.858739,57.136709,5,0
12/19/2023,01/09/2024,37.567095,56.389864,52.286213,4,0
08/04/2024,08/23/2024,37.992682,53.079413,42.44587,5,0
07/10/2024,07/30/2024,37.50523,57.965986,52.239097,3,0
07/28/2023,08/18/2023,37.190618,55.030232,57.917976,6,1
10/17/2024,11/07/2024,37.12969,57.778266,47.13673,3,0
04/19/2023,05/12/2023,38.034622,46.649094,59.366828,5,0
09/10/2023,09/29/2023,37.025498,52.500867,51.401225,5,0
09/12/2023,10/05/2023,37.524827,56.067051,57.420377,4,0
07/15/2024,08/03/2024,37.675296,55.290995,61.909967,4,0
02/10/2023,03/05/2023,37.741242,59.959806,54.281599,5,0
11/04/2023,11/25/2023,37.577633,57.580734,58.188444,4,0
11/27/2024,12/17/2024,37.702179,58.29109,55.10997,6,1
09/03/2024,09/25/2024,37.384995,54.839693,56.356671,3,0
03/09/2023,03/29/2023,37.409168,51.048766,54.91811,5,0
11/15/2023,12/08/2023,37.212095,55.051371,61.826815,6,0
02/13/2023,03/07/2023,37.901416,55.106373,61.897077,6,0
12/03/2024,12/24/2024,37.960158,50.875705,62.804946,6,0
05/30/2024,06/21/2024,37.172581,54.614492,55.219346,6,1
01/01/2023,01/23/2023,37.440244,57.491731,55.433972,4,0
01/03/2024,01/24/2024,37.660527,49.372181,61.69528,3,0
11/03/2024,11/26/2024,37.499693,46.054727,55.422734,5,0
03/08/2024,03/28/2024,37.315868,55.481059,53.376744,3,0
10/22/2023,11/10/2023,37.868168,52.308845,54.954824,4,0
06/03/2023,06/23/2023,38.354266,59.045276,58.561753,4,0
11/11/2024,11/30/2024,37.409327,55.562143,51.860824,5,0
09/07/2024,09/28/2024,37.840119,54.836948,58.248411,3,1
03/08/2023,03/29/2023,37.771151,55.201697,54.865096,6,0
01/15/2024,02/07/2024,37.348165,55.422208,57.837066,6,0
04/30/2024,05/21/2024,37.498847,55.130235,62.081198,4,0
03/19/2023,04/10/2023,38.166062,54.881118,67.661331,5,0
09/18/2023,10/09/2023,37.239939,53.181763,62.966495,5,0
01/28/2024,02/18/2024,37.297894,48.674675,48.88229,5,0
09/30/2023,10/23/2023,37.852359,52.110519,59.903401,5,1
02/07/2024,02/26/2024,37.578343,55.876547,54.091615,3,0
07/16/2023,08/08/2023,37.700808,52.459583,62.331779,3,0
01/21/2023,02/12/2023,37.337912,56.509388,72.094634,4,1
09/26/2024,10/16/2024,37.260966,54.176797,57.128371,3,0
10/09/2024,11/01/2024,37.54793,48.229565,65.666156,3,0
05/14/2023,06/03/2023,37.301158,57.062761,56.190852,6,1
04/09/2024,04/30/2024,37.302463,52.091806,67.465442,5,0
10/26/2023,11/15/2023,38.196015,52.510164,54.507803,3,0
08/27/2024,09/18/2024,37.317981,57.140169,64.087063,6,0
01/19/2023,02/09/2023,37.294242,50.926943,68.097369,4,0
08/09/2023,09/01/2023,37.754091,55.421878,56.3929,3,0
09/01/2024,09/23/2024,37.786518,55.575244,66.333612,3,0
01/19/2024,02/11/2024,37.499584,57.423092,57.04883,6,1
03/18/2024,04/09/2024,36.984249,54.783815,49.176727,3,0
12/08/2024,12/27/2024,37.252515,51.900753,55.162304,5,0
05/30/2024,06/22/2024,37.632055,57.305898,61.429057,6,1
04/17/2024,05/10/2024,37.250065,58.505779,52.849895,5,0
04/06/2024,04/27/2024,37.309305,53.858798,66.56679,5,0
06/13/2023,07/06/2023,37.829277,51.887364,52.424141,6,0
08/21/2023,09/13/2023,38.250535,54.700337,67.062676,5,0
05/14/2024,06/03/2024,37.767029,51.375065,53.445448,6,0
08/08/2024,08/30/2024,37.750686,52.839323,58.333864,4,0
04/19/2023,05/12/2023,37.356697,53.259534,59.230226,5,0
03/28/2024,04/18/2024,37.49627,56.292046,52.050412,4,0
11/06/2024,11/27/2024,37.807401,55.501667,45.157778,5,1
04/04/2023,04/23/2023,37.381985,47.738142,54.994314,3,0
03/14/2023,04/02/2023,37.699959,56.632864,60.829542,6,0
10/26/2024,11/18/2024,37.464233,59.256243,64.410314,3,0
03/20/2023,04/12/2023,37.309149,59.042232,53.288172,5,0
07/03/2023,07/26/2023,36.840544,59.707873,57.967658,5,0
12/24/2023,01/12/2024,37.606665,52.956093,58.349778,3,1
07/10/2024,08/02/2024,37.987542,56.31647,67.53978,3,0
06/22/2023,07/15/2023,37.927316,55.05301,50.124602,4,0
02/25/2023,03/19/2023,37.583683,54.648251,62.813925,6,1
12/19/2023,01/08/2024,37.554083,50.183483,47.778433,5,0
08/06/2024,08/29/2024,37.834545,49.134226,65.994343,6,0
10/17/2024,11/09/2024,37.904995,56.502185,60.932092,3,0
09/25/2023,10/14/2023,37.383873,55.465429,51.756575,6,0
06/26/2023,07/19/2023,37.422775,56.761744,56.910922,6,0
07/22/2024,08/14/2024,37.839701,55.162247,59.036655,3,0
06/17/2023,07/07/2023,37.080327,54.188723,56.786675,3,0
11/04/2023,11/26/2023,37.51713,58.477357,71.561581,5,0
05/01/2023,05/22/2023,37.312208,59.470897,64.678733,5,0
12/30/2023,01/18/2024,37.300078,55.184746,58.975596,6,0
11/15/2023,12/08/2023,37.555814,59.120587,60.083031,6,0
08/06/2023,08/28/2023,37.515374,50.317639,49.838844,3,0
03/17/2024,04/09/2024,37.765511,58.423897,61.71502,3,0
07/20/2023,08/08/2023,37.965777,55.125159,64.796883,4,0
01/14/2024,02/02/2024,37.589586,54.555037,54.852259,6,0
08/24/2023,09/16/2023,38.195235,56.562495,67.397203,5,0
04/15/2024,05/06/2024,37.870489,58.281499,69.638136,6,0
05/29/2024,06/18/2024,37.666025,54.83787,59.00659,5,0
04/02/2023,04/24/2023,37.936734,53.425601,62.074458,3,0
12/26/2024,01/14/2025,37.55855,55.812508,55.707927,3,0
07/29/2023,08/17/2023,37.26942,56.96181,64.87117,6,0
04/21/2024,05/11/2024,37.235522,58.956822,55.406853,3,0
11/19/2023,12/08/2023,37.520851,51.393182,59.348308,3,0
12/01/2023,12/24/2023,38.165406,51.034695,62.496628,5,0
05/27/2023,06/19/2023,37.361521,57.156898,55.130282,5,1
12/12/2023,01/04/2024,37.255518,52.927506,48.810309,4,0
10/20/2024,11/12/2024,37.647139,53.641008,49.934481,4,1
03/21/2023,04/09/2023,37.604537,51.711885,55.143099,6,0
12/27/2023,01/17/2024,37.636079,56.487273,58.729665,4,0
12/07/2024,12/30/2024,37.376953,58.040154,67.145506,4,0
03/09/2024,04/01/2024,37.326966,53.922834,69.58274,6,0
04/21/2023,05/14/2023,37.419106,50.160097,60.049028,4,0
02/14/2024,03/04/2024,37.235977,58.51191,51.215576,3,1
02/19/2024,03/12/2024,37.713519,55.441284,60.697686,3,0
10/31/2023,11/21/2023,37.750008,59.432307,56.755875,4,0
11/23/2023,12/13/2023,37.591067,60.62244,57.940928,3,0
11/20/2024,12/10/2024,37.559882,48.970299,58.133795,5,1
02/14/2023,03/05/2023,37.772146,57.039194,62.44742,4,0
10/06/2023,10/29/2023,36.966865,61.324351,43.146304,5,0
10/13/2024,11/02/2024,37.309167,53.211485,56.161311,5,1
09/26/2024,10/16/2024,37.784855,55.253313,47.745305,5,0
05/13/2023,06/02/2023,37.773824,57.759672,54.856023,6,0
08/22/2023,09/11/2023,37.920819,52.123278,52.668927,6,0
09/10/2023,10/03/2023,37.588064,58.589823,44.866715,6,0
03/16/2024,04/07/2024,37.418304,49.969908,58.049389,3,0
03/10/2024,04/01/2024,37.650738,52.347444,51.391219,6,1
12/22/2024,01/12/2025,37.684936,57.042646,61.443118,5,1
08/16/2024,09/08/2024,37.580306,53.657071,51.4077,5,1
08/14/2023,09/05/2023,37.588916,64.790563,57.81992,3,0
05/05/2024,05/24/2024,37.323569,55.155217,59.112912,3,0
03/31/2023,04/20/2023,37.621526,57.619265,58.704403,6,0
08/24/2024,09/12/2024,37.566829,56.557015,63.758483,6,0
06/22/2024,07/12/2024,37.615948,53.861371,73.721418,4,0
08/27/2024,09/18/2024,37.812818,57.808049,64.198746,5,0
11/24/2023,12/17/2023,37.334543,60.632,56.670531,5,0
02/23/2024,03/16/2024,37.575884,52.615088,54.119568,6,1
11/12/2023,12/01/2023,37.452046,53.752042,58.654554,4,0
05/03/2023,05/22/2023,37.425086,48.450168,47.528973,6,0
04/16/2024,05/05/2024,37.086851,53.054389,56.868867,4,0
02/02/2023,02/24/2023,37.503824,52.666668,60.081004,6,0
01/05/2024,01/26/2024,37.746328,48.763605,66.239769,6,0
09/09/2023,09/30/2023,37.674598,57.46135,61.382169,3,0
06/23/2024,07/15/2024,37.83355,53.274575,62.954356,6,1
12/28/2024,01/20/2025,37.680075,51.522443,60.586062,6,0
12/19/2024,01/09/2025,37.889347,53.380858,63.514388,6,0
01/19/2023,02/11/2023,37.196136,59.004234,60.628033,5,1
09/07/2023,09/28/2023,37.326017,49.972756,60.000921,6,0
01/05/2023,01/25/2023,37.192492,54.9154,57.073746,3,0
02/03/2023,02/22/2023,37.548201,58.450573,56.879217,5,0
07/22/2024,08/11/2024,37.187257,57.692579,40.617455,5,0
04/23/2024,05/12/2024,37.793233,61.451181,61.423541,5,0
11/19/2023,12/12/2023,37.427517,51.665345,67.698048,4,0
07/30/2024,08/21/2024,37.630619,52.815245,63.214887,6,1
10/24/2023,11/12/2023,37.411688,50.559816,53.87459,3,0
07/28/2023,08/16/2023,37.796174,56.553937,60.374141,6,1
11/08/2023,11/27/2023,37.954212,53.196725,57.31306,5,0
09/13/2024,10/05/2024,37.462847,54.138696,58.662218,4,0
01/17/2023,02/09/2023,37.811835,57.298759,57.291764,6,0
04/19/2024,05/09/2024,38.174342,51.829125,71.174471,4,0
12/25/2024,01/16/2025,36.978905,54.060538,59.981974,4,0
08/27/2024,09/18/2024,37.283547,58.918563,59.432687,4,0
03/26/2024,04/18/2024,37.820521,54.385436,55.079165,4,0
07/02/2023,07/21/2023,37.496395,59.126424,54.770808,3,0
02/12/2023,03/05/2023,37.663217,57.144489,59.947779,6,0
11/28/2024,12/19/2024,37.40302,51.588206,59.642993,4,0
05/09/2023,05/30/2023,37.616361,56.174232,61.209412,5,1
01/13/2023,02/02/2023,37.106517,53.304203,48.837356,3,0
04/08/2024,04/29/2024,37.452912,53.346491,50.017161,6,0
09/28/2023,10/21/2023,37.54267,56.049051,52.565345,5,0
06/14/2024,07/04/2024,37.997033,51.209429,58.226911,4,0
08/12/2024,09/04/2024,38.031169,55.4489,58.929973,6,0
09/05/2023,09/26/2023,37.841543,58.876506,53.950163,5,0
10/19/2024,11/11/2024,37.281319,55.250925,55.1887,5,0
06/01/2023,06/21/2023,37.38649,54.43189,60.873604,3,0
03/29/2024,04/19/2024,37.762638,55.680462,55.908963,3,1
10/11/2023,11/03/2023,37.610469,58.935192,64.380936,3,0
01/02/2023,01/23/2023,37.715926,57.290768,50.604446,6,0
05/04/2024,05/23/2024,37.212334,56.992945,67.678168,3,0
05/21/2024,06/12/2024,37.904638,58.140069,58.378026,5,0
12/29/2023,01/20/2024,37.319743,55.056762,62.679537,6,1
03/31/2024,04/19/2024,37.529109,52.237892,50.77402,6,0
08/22/2023,09/14/2023,37.279758,57.604158,63.660118,5,0
09/05/2024,09/28/2024,37.617603,51.79709,62.403974,6,1
05/11/2023,05/30/2023,37.238303,56.592526,62.062798,6,0
03/21/2023,04/13/2023,37.756556,50.867934,66.260036,6,0
03/12/2023,04/03/2023,37.241342,50.89651,56.474189,5,0
07/21/2023,08/09/2023,37.728244,54.345073,55.330411,5,0
05/05/2024,05/26/2024,37.646632,50.332801,56.771498,4,1
05/03/2024,05/22/2024,37.643843,57.594658,54.013497,4,0
03/23/2023,04/11/2023,37.991219,52.953393,57.809609,4,0
03/28/2023,04/16/2023,37.302362,54.94422,56.48134,4,0
08/12/2023,08/31/2023,37.213469,59.373122,59.203987,5,1
05/04/2024,05/24/2024,37.364803,57.210774,58.838429,5,0
06/05/2024,06/26/2024,37.54158,52.852342,72.379722,3,0
06/15/2023,07/08/2023,37.698977,58.466737,65.256697,6,0
11/23/2024,12/16/2024,37.359734,54.805271,52.089273,6,0
08/22/2024,09/14/2024,37.679511,53.663765,62.253823,4,1
08/31/2024,09/20/2024,36.873858,55.370502,63.597928,5,0
11/13/2024,12/02/2024,37.893232,56.781911,67.864418,3,1
08/08/2024,08/27/2024,37.629583,54.52141,58.375037,5,1
03/21/2023,04/13/2023,37.654015,55.810921,48.646115,3,1
10/26/2024,11/14/2024,37.342463,59.680737,56.528047,6,0
04/29/2023,05/20/2023,37.375536,57.458475,58.049804,4,0
05/02/2023,05/24/2023,37.720049,53.89676,51.911682,6,1
10/04/2023,10/27/2023,37.458426,49.942306,54.016001,5,0
02/04/2023,02/25/2023,37.823542,55.618126,54.98705,3,0
02/16/2023,03/10/2023,37.559399,53.583875,74.650175,3,0
01/05/2023,01/24/2023,37.843659,53.158804,63.924424,6,0
10/15/2024,11/03/2024,37.236095,55.391873,53.712092,6,0
08/10/2024,09/01/2024,37.626628,55.321481,49.243028,5,0
06/15/2023,07/05/2023,37.508229,55.93948,58.138287,5,0
01/14/2023,02/06/2023,37.942839,56.60013,61.192514,3,1
08/31/2024,09/21/2024,37.774491,52.724401,58.613325,4,0
10/12/2024,11/04/2024,37.220398,56.368244,54.018474,6,0
06/11/2024,07/03/2024,37.402824,53.238756,59.672429,4,0
08/26/2023,09/17/2023,37.430345,55.883166,56.3532,3,1
08/26/2023,09/18/2023,37.563906,51.684455,52.687954,4,0
09/17/2023,10/08/2023,37.354019,51.45158,48.391244,4,0
04/27/2023,05/16/2023,37.650595,50.410489,66.896791,5,0
12/17/2024,01/08/2025,38.253627,51.608727,56.272386,6,0
07/17/2024,08/05/2024,37.847312,55.381287,54.721025,3,0
11/27/2024,12/19/2024,37.395609,57.120798,64.477596,5,0
04/25/2023,05/16/2023,37.43542,53.726929,62.334665,3,0
02/03/2024,02/24/2024,37.821964,53.989287,54.833997,4,0
08/26/2024,09/17/2024,37.385909,52.286493,63.366175,6,0
09/06/2024,09/25/2024,36.961545,53.309463,54.179221,4,0
09/21/2023,10/10/2023,37.645162,57.742995,58.521521,5,1
10/01/2023,10/22/2023,37.65214,58.711728,61.568763,4,0
09/22/2023,10/11/2023,37.283549,50.090803,56.703977,5,0
03/29/2024,04/18/2024,38.185567,55.788793,56.864975,5,0
10/28/2024,11/16/2024,37.659576,54.440979,59.588478,5,0
12/15/2024,01/04/2025,37.593195,52.776361,64.787175,5,0
11/07/2023,11/26/2023,37.959774,49.490616,55.977132,3,0
01/02/2024,01/25/2024,37.661761,55.320678,64.313039,5,1
01/24/2024,02/13/2024,37.701829,55.19489,59.016438,3,1
05/24/2024,06/15/2024,37.904082,56.283045,45.431205,4,0
08/23/2024,09/13/2024,37.569563,56.681666,57.760259,4,0
04/12/2023,05/02/2023,38.329308,52.709445,57.797607,5,0
11/02/2024,11/24/2024,37.333431,58.209586,42.541075,5,0
08/10/2024,09/02/2024,37.583417,56.552927,48.45701,6,0
10/23/2023,11/11/2023,37.734428,54.394946,55.447016,6,0
06/01/2024,06/21/2024,37.541374,57.659536,66.396137,3,0
05/13/2023,06/05/2023,37.314953,59.333611,63.554399,5,0
02/04/2023,02/27/2023,37.68911,59.864004,60.609453,6,0
04/24/2023,05/13/2023,37.194078,57.035753,52.548419,3,0
06/30/2024,07/19/2024,37.467396,53.545337,57.569019,6,1
12/24/2023,01/14/2024,37.402073,56.91064,56.240304,6,1
03/24/2023,04/15/2023,37.422921,53.151131,68.81949,5,0
08/07/2024,08/30/2024,37.058742,52.251387,56.183129,5,0
03/28/2024,04/20/2024,36.822995,60.51075,61.162701,6,0
04/15/2023,05/06/2023,37.569082,54.833131,45.779878,4,0
06/29/2024,07/18/2024,37.641121,59.058746,57.164061,5,1
02/18/2023,03/10/2023,37.171843,52.005909,54.180005,6,0
08/01/2023,08/24/2023,37.681148,57.028899,52.205261,3,0
12/05/2023,12/28/2023,38.248298,55.576004,58.611209,6,0
02/19/2024,03/13/2024,37.123648,55.203191,66.437035,3,0
04/26/2024,05/19/2024,38.179649,55.772928,45.837949,3,0
11/22/2023,12/12/2023,37.358523,56.629192,52.776468,3,1
04/08/2023,04/28/2023,37.200912,54.34013,49.23705,6,0
12/07/2023,12/27/2023,37.741635,59.089654,62.08708,5,0
08/19/2024,09/08/2024,38.177611,57.186613,60.711144,6,0
12/09/2024,12/30/2024,37.458274,54.969162,56.167134,4,0
10/07/2024,10/29/2024,36.874349,57.734752,56.649763,5,0
08/20/2023,09/09/2023,37.531831,57.773833,59.710119,4,0
11/26/2023,12/16/2023,38.088185,53.338615,63.535115,6,0
06/10/2023,07/01/2023,37.707166,53.23941,55.796335,4,0
10/12/2023,10/31/2023,37.450217,56.097417,53.202305,3,0
01/21/2024,02/09/2024,37.745103,55.530617,51.939031,4,1
02/25/2024,03/15/2024,37.553958,55.210373,65.947836,6,0
08/02/2023,08/21/2023,37.304343,58.497853,57.396933,4,0
03/06/2023,03/29/2023,37.542593,50.203529,70.010349,6,0
06/20/2024,07/09/2024,37.718916,52.877363,62.966128,4,0
01/17/2023,02/05/2023,37.582935,54.365059,66.858639,4,0
09/21/2024,10/13/2024,37.971714,55.972348,62.270122,3,0
04/01/2024,04/20/2024,38.016025,46.843013,68.120098,3,0
11/23/2024,12/14/2024,37.289852,56.558766,59.711255,3,0
05/24/2024,06/12/2024,37.553895,56.877222,69.450882,3,0
07/28/2024,08/19/2024,37.658281,54.974792,53.524925,3,0
06/12/2024,07/02/2024,37.645992,57.101729,68.44149,6,1
11/10/2024,12/02/2024,37.765753,58.788121,63.021995,6,0
09/04/2024,09/23/2024,37.706991,50.790684,57.398057,6,0
02/15/2023,03/09/2023,37.237413,51.541936,51.956053,6,0
03/24/2023,04/16/2023,37.08587,51.736694,59.944348,6,0
09/25/2023,10/17/2023,37.549534,57.923125,53.914592,6,1
09/14/2023,10/05/2023,37.432074,58.567091,61.554164,4,0
11/28/2023,12/17/2023,38.0259,54.794615,59.067464,6,1
03/02/2024,03/25/2024,37.384274,48.933303,68.985492,4,0
09/01/2023,09/20/2023,37.58042,52.639555,50.723135,4,0
04/09/2023,04/29/2023,37.585378,53.270761,56.984525,3,0
06/13/2024,07/05/2024,38.474624,54.748685,49.35574,6,0
05/16/2024,06/04/2024,37.567058,56.797968,54.910951,3,0
02/13/2024,03/05/2024,37.875313,54.755332,76.628526,6,0
10/06/2023,10/28/2023,37.85832,52.29419,41.73222,3,0
04/16/2024,05/09/2024,37.783479,56.420392,56.545125,6,0
03/12/2024,04/02/2024,37.613598,54.743413,56.181824,5,0
08/25/2023,09/16/2023,37.525872,56.971027,65.939748,6,1
01/15/2023,02/03/2023,37.71424,56.421563,56.50373,4,1
01/02/2024,01/23/2024,37.549214,56.202424,52.594394,4,0
04/13/2023,05/05/2023,37.269683,50.725965,55.898679,4,0
01/03/2024,01/24/2024,37.067259,47.042719,66.979677,4,0
02/01/2023,02/23/2023,37.981869,53.358904,60.235613,3,0
07/21/2023,08/12/2023,38.041476,57.913115,61.05805,4,0
04/24/2023,05/16/2023,37.744023,52.658163,43.82227,6,0
02/04/2023,02/23/2023,37.556861,55.709123,45.338202,4,0
12/14/2024,01/06/2025,38.062585,57.766306,47.580255,3,0
02/04/2024,02/26/2024,37.798559,50.087395,56.141698,5,0
07/21/2023,08/11/2023,37.966025,53.775094,59.468854,5,1
10/07/2023,10/29/2023,37.358413,57.398111,46.171975,6,0
12/08/2024,12/29/2024,37.349321,51.737371,45.918779,4,1
02/12/2024,03/03/2024,37.461949,61.242871,61.17468,3,0
08/15/2024,09/03/2024,38.591352,57.582095,48.632331,3,0
08/28/2024,09/18/2024,37.360815,56.843699,62.810065,4,0
10/24/2024,11/16/2024,37.927988,58.180853,57.912758,5,0
01/06/2023,01/25/2023,37.516481,55.776439,60.664999,4,1
03/01/2023,03/24/2023,37.451949,57.686039,63.951404,4,0
05/31/2023,06/21/2023,38.072992,60.164248,64.233662,6,0
08/12/2023,09/02/2023,37.377543,52.833861,59.234809,5,0
02/18/2023,03/13/2023,37.56761,50.590225,63.435407,4,0
11/21/2024,12/11/2024,37.511554,59.868904,54.2119,5,1
05/31/2024,06/23/2024,36.725011,54.078425,71.712102,6,0
09/30/2024,10/20/2024,37.70384,53.794152,57.238971,6,1
03/18/2023,04/10/2023,37.543714,59.295466,42.803157,4,0
10/31/2024,11/22/2024,37.358585,57.284053,64.511911,6,1
12/12/2024,01/03/2025,37.176805,55.764592,57.540722,4,0
06/01/2024,06/20/2024,37.193052,55.930216,61.324006,5,0
10/02/2023,10/24/2023,37.685801,59.626322,59.795681,5,0
12/07/2023,12/29/2023,38.184888,50.7136,52.411533,4,0
04/15/2023,05/05/2023,37.434134,54.771296,51.667853,6,1
07/02/2024,07/21/2024,37.883058,57.800126,53.193079,3,1
01/04/2023,01/24/2023,37.878097,51.677219,52.437262,3,0
04/07/2023,04/26/2023,38.036732,53.559722,55.249846,4,0
10/30/2023,11/20/2023,37.990731,55.59978,56.716754,4,0
08/26/2024,09/18/2024,37.611969,58.222057,46.743998,5,0
05/08/2023,05/28/2023,37.094229,58.655551,49.917676,3,1
01/05/2023,01/24/2023,37.707654,52.800525,48.878005,3,0
11/23/2024,12/14/2024,37.90635,58.50549,57.004522,6,0
10/23/2023,11/12/2023,37.749474,49.629913,50.629907,5,0
02/02/2023,02/21/2023,37.915127,49.715225,53.749867,4,0
10/24/2023,11/15/2023,37.154611,53.239257,61.341544,5,0
01/30/2023,02/18/2023,37.431757,57.89033,61.169039,6,0
11/09/2023,11/30/2023,37.588527,58.301372,54.16714,6,0
12/20/2023,01/12/2024,37.204425,58.381225,60.066769,4,0
01/31/2023,02/23/2023,37.88134,54.055325,61.502873,6,1
03/22/2023,04/14/2023,37.601978,50.397714,56.816373,3,0
01/05/2023,01/27/2023,37.428532,55.103741,48.831096,6,0
02/03/2024,02/22/2024,37.246458,52.46836,67.998242,5,0
09/16/2024,10/06/2024,38.104222,55.387514,50.601165,5,0
05/09/2023,05/28/2023,37.843965,62.048894,57.264561,4,0
01/24/2024,02/14/2024,37.966147,52.117193,48.283971,3,0
05/08/2023,05/27/2023,37.526453,53.43063,55.788757,4,1
04/29/2024,05/20/2024,37.772941,55.01718,59.902111,6,1
02/07/2023,02/28/2023,37.732449,55.086928,55.032189,6,1
06/01/2023,06/24/2023,37.582804,51.564777,58.807332,6,1
09/12/2023,10/01/2023,37.378924,52.381094,57.059359,4,0
12/20/2023,01/08/2024,37.398823,55.376143,65.109081,6,1
01/05/2024,01/25/2024,37.319808,51.330951,58.248526,4,0
09/08/2024,09/27/2024,37.323809,52.540573,63.362409,6,0
07/01/2024,07/22/2024,37.113804,53.778903,61.464206,3,1
01/22/2024,02/10/2024,37.681646,54.157686,57.989774,6,1
02/25/2024,03/16/2024,37.590883,54.090789,51.299611,6,1
01/07/2024,01/26/2024,37.621657,54.247226,59.592167,3,1
08/27/2023,09/17/2023,37.459054,56.418351,53.459426,5,0
05/05/2024,05/27/2024,37.731655,53.552031,62.25067,6,0
05/31/2024,06/23/2024,37.083824,60.050135,67.462333,4,0
10/17/2023,11/05/2023,37.429939,57.942912,53.995999,4,1
02/16/2024,03/10/2024,37.733377,51.081501,62.804449,6,0
10/21/2023,11/12/2023,37.772475,56.254304,57.270613,6,1
05/09/2023,05/31/2023,37.455487,51.009807,54.789433,6,0
05/19/2024,06/10/2024,37.551698,57.469158,54.517796,6,0
09/23/2023,10/13/2023,37.553376,52.861294,65.821855,6,0
07/30/2024,08/21/2024,37.493633,47.705786,52.382067,6,0
12/27/2024,01/16/2025,38.446226,50.447596,56.868104,3,0
02/04/2024,02/25/2024,37.635841,53.611101,67.615287,4,0
01/13/2024,02/03/2024,37.862938,54.300268,55.884117,3,0
03/15/2023,04/05/2023,37.636516,53.854339,60.493187,5,0
03/07/2024,03/27/2024,37.322142,51.626903,62.8839,3,0
08/11/2024,08/31/2024,38.418804,55.628202,56.397509,3,0
11/16/2023,12/07/2023,37.40501,50.134286,55.851299,3,0
04/30/2024,05/20/2024,37.800211,57.948518,51.365511,6,0
06/09/2024,06/29/2024,37.585971,50.699234,66.574631,3,0
12/01/2023,12/23/2023,37.435673,52.321275,51.877162,4,0
08/20/2023,09/09/2023,37.730524,58.456174,70.89677,6,1
10/07/2023,10/28/2023,37.141705,49.19542,57.118095,4,0
04/07/2023,04/27/2023,38.196515,55.230962,60.949658,4,0
08/24/2023,09/12/2023,37.181722,56.431053,57.874728,4,0
06/04/2023,06/24/2023,37.12854,51.055874,48.222087,5,0
01/06/2023,01/25/2023,37.579163,58.368431,61.246955,4,0
07/26/2023,08/18/2023,36.94495,56.531062,57.80821,6,0
06/15/2023,07/04/2023,37.050856,54.380725,62.748026,6,0
12/26/2024,01/15/2025,36.90394,58.186899,57.69565,5,1
08/10/2024,08/31/2024,37.337629,53.465095,54.180918,6,0
08/06/2023,08/26/2023,37.4882,50.621702,59.791299,5,0
07/12/2023,07/31/2023,37.326157,58.379483,62.598299,6,0
05/06/2023,05/26/2023,36.870166,59.585369,59.385239,5,0
02/01/2024,02/24/2024,37.654258,53.632926,67.131854,5,0
08/26/2023,09/18/2023,37.754489,59.523254,57.676245,3,0
01/06/2023,01/25/2023,37.616825,59.671916,68.262816,6,0
05/13/2024,06/01/2024,37.821721,52.950862,53.717802,6,1
06/25/2023,07/15/2023,37.32692,55.656748,61.876785,3,0
03/07/2023,03/30/2023,37.794618,54.382716,58.334477,3,0
02/05/2023,02/28/2023,37.351868,53.265054,60.256929,4,0
08/07/2023,08/29/2023,38.272192,54.366726,56.638805,6,0
02/18/2023,03/13/2023,37.437655,53.832165,56.575383,5,0
11/12/2023,12/03/2023,37.426571,51.801327,52.413654,5,1
09/29/2024,10/20/2024,37.664012,60.878105,58.105986,5,0
10/23/2024,11/12/2024,37.637098,51.974601,63.801341,5,1
12/05/2024,12/27/2024,37.665629,58.523236,62.512616,4,0
12/18/2024,01/06/2025,37.533423,59.965207,64.749549,3,0
12/03/2024,12/24/2024,37.703003,54.91454,55.289173,6,1
08/20/2024,09/09/2024,37.437106,49.367628,54.524221,5,0
02/02/2024,02/25/2024,37.638786,55.349683,66.745698,6,1
10/20/2024,11/10/2024,37.916012,61.375525,51.729711,6,0
03/28/2023,04/18/2023,37.367069,57.354103,48.443176,5,0
04/26/2023,05/16/2023,37.318135,54.406436,60.191215,3,0
10/28/2024,11/20/2024,37.703631,52.947758,52.231737,3,0
07/10/2023,07/31/2023,38.104169,52.356692,53.659718,4,0
02/15/2023,03/09/2023,37.91983,55.081163,62.822271,6,0
11/17/2023,12/07/2023,37.991569,53.855633,64.431606,3,0
05/30/2023,06/18/2023,38.077302,53.798091,68.23916,5,0
01/19/2024,02/07/2024,38.362355,52.87004,50.2021,4,0
11/27/2024,12/16/2024,37.615943,51.07552,54.687344,6,1
07/01/2024,07/21/2024,37.591847,55.191309,53.099332,6,0
11/24/2024,12/13/2024,37.745686,53.313842,62.201186,4,0
08/30/2023,09/19/2023,37.326277,63.536852,55.328635,6,0
07/09/2023,08/01/2023,37.610986,55.696013,49.652037,6,0
04/05/2023,04/25/2023,37.444884,50.995712,54.736499,4,0
07/01/2024,07/21/2024,37.881717,55.803222,48.369096,5,1
11/04/2023,11/23/2023,37.787413,54.46857,65.966697,5,0
01/04/2023,01/27/2023,37.745654,52.82894,61.14001,5,1
07/11/2024,08/02/2024,38.115296,55.627542,65.80258,5,0
06/03/2024,06/22/2024,37.782991,54.85401,52.155911,6,0
01/20/2023,02/12/2023,37.527451,54.496312,54.930571,3,0
07/29/2024,08/17/2024,38.237154,54.371632,62.135198,6,0
03/23/2024,04/14/2024,37.913968,58.090139,73.122091,3,0
03/08/2024,03/29/2024,37.729061,56.267638,64.775424,4,0
09/02/2023,09/25/2023,37.981699,55.878663,54.673495,5,0
12/05/2024,12/24/2024,37.727521,57.500852,62.584674,5,0
11/19/2023,12/12/2023,37.721511,58.912906,49.011568,6,1
10/29/2024,11/17/2024,37.73228,53.924304,60.009114,5,1
11/23/2024,12/16/2024,37.429783,55.746603,61.167662,3,0
08/17/2024,09/05/2024,37.30838,58.7331,65.757512,5,0
04/07/2024,04/26/2024,37.348133,50.432298,57.759582,6,0
09/16/2024,10/07/2024,37.713927,54.578033,63.366257,3,0
01/14/2023,02/06/2023,37.123801,52.416365,59.189765,3,0
09/16/2023,10/06/2023,37.264653,55.661794,57.011673,4,0
12/18/2023,01/06/2024,36.938105,53.846669,61.017285,3,0
04/04/2023,04/25/2023,37.332935,51.306566,41.004765,4,0
04/19/2023,05/10/2023,37.924953,66.152309,66.563048,6,0
04/17/2023,05/07/2023,37.887411,58.305822,58.260576,4,0
12/16/2024,01/08/2025,37.669857,54.974571,54.859701,6,1
07/14/2023,08/06/2023,37.927991,55.119125,56.314862,4,0
04/26/2023,05/18/2023,37.414989,55.389811,69.450027,4,0
08/22/2023,09/12/2023,37.176318,59.236656,62.503818,4,0
04/16/2023,05/08/2023,37.177983,53.213564,55.237117,4,0
08/24/2023,09/16/2023,37.689799,55.67237,53.333727,5,0
10/17/2023,11/08/2023,38.126945,55.097561,73.204581,5,0
12/11/2024,12/31/2024,37.477943,62.489711,52.871228,6,0
09/17/2024,10/07/2024,37.818983,53.58055,71.795215,6,0
02/08/2024,02/29/2024,37.470203,58.925258,58.598816,3,0
12/03/2024,12/25/2024,37.983804,53.745687,51.666077,3,0
01/23/2024,02/12/2024,38.009695,57.729822,46.176973,5,0
05/02/2023,05/22/2023,37.285706,58.294047,45.347244,6,0
08/05/2023,08/27/2023,38.072694,60.888701,53.486153,5,0
10/14/2023,11/02/2023,37.480157,55.951069,46.416546,5,1
08/21/2023,09/13/2023,37.501088,56.718633,62.703735,3,0
02/09/2023,03/04/2023,37.610922,53.629868,59.943481,4,0
06/16/2023,07/05/2023,37.662515,59.144359,65.909507,4,0
03/26/2024,04/14/2024,37.740889,57.551981,53.743363,3,0
06/08/2023,06/27/2023,37.865473,50.770056,55.256843,4,0
10/01/2023,10/23/2023,37.617603,53.984596,57.362287,3,0
08/03/2024,08/23/2024,37.879781,55.937748,62.162344,3,0
03/20/2024,04/10/2024,37.548081,52.290327,62.600957,5,0
08/24/2023,09/14/2023,37.843372,56.47394,60.014908,3,0
09/23/2024,10/13/2024,37.249944,55.274005,69.510994,3,0
08/03/2024,08/24/2024,37.351261,54.748972,54.204012,4,0
01/31/2023,02/19/2023,37.73532,55.543479,64.914059,3,0
12/18/2024,01/06/2025,38.00221,61.062738,52.976377,6,0
12/05/2024,12/25/2024,37.681743,58.767919,51.117058,5,0
06/27/2024,07/17/2024,37.309397,53.233708,50.06727,3,0
07/14/2023,08/06/2023,37.371709,50.624413,59.29819,6,0
04/27/2024,05/20/2024,37.716553,54.393299,53.625366,3,1
08/12/2023,09/03/2023,37.535844,56.687982,51.601447,3,0
10/08/2024,10/28/2024,37.445455,57.362747,47.033306,6,0
04/19/2023,05/12/2023,37.933945,52.854701,56.260709,5,1
01/24/2024,02/16/2024,37.682445,60.840147,56.949975,4,0
02/23/2023,03/14/2023,37.571042,49.59282,56.344935,5,0
02/19/2023,03/11/2023,37.633549,52.898242,59.983345,3,0
07/16/2024,08/06/2024,37.852801,51.725005,59.448628,6,0
09/29/2024,10/20/2024,37.374213,57.886034,60.205428,4,0
09/07/2023,09/27/2023,37.842266,56.551279,58.27339,6,0
05/22/2023,06/12/2023,37.342047,55.816224,50.005207,6,1
09/08/2023,09/27/2023,37.343006,56.938261,76.494068,5,0
01/13/2024,02/03/2024,37.767794,49.460731,48.072313,4,0
03/07/2023,03/27/2023,37.290108,51.455637,70.168191,4,0
05/19/2024,06/09/2024,38.04093,55.421076,53.515578,3,0
12/20/2023,01/11/2024,37.840805,58.824096,60.874479,3,1
08/16/2024,09/05/2024,37.651364,52.974314,63.689732,3,0
01/13/2024,02/05/2024,37.795589,63.532962,51.972364,4,0
10/31/2024,11/19/2024,38.001803,54.584709,72.522006,4,0
01/29/2023,02/21/2023,37.736832,49.22913,50.297315,5,0
09/26/2023,10/19/2023,37.544413,54.772638,59.273366,6,1
03/22/2023,04/14/2023,37.845007,53.900503,57.25269,5,0
03/05/2023,03/25/2023,37.656367,54.774444,51.492724,3,0
08/07/2023,08/29/2023,37.437718,55.880291,64.925314,3,0
04/16/2024,05/06/2024,37.546748,54.710984,63.702544,5,0
11/20/2024,12/12/2024,37.202043,59.586132,49.862787,3,0
09/24/2024,10/13/2024,37.572103,52.850622,47.026321,6,0
01/08/2024,01/31/2024,38.011596,50.261364,53.34284,3,0
05/24/2024,06/15/2024,37.431156,51.419303,62.174744,4,0
01/25/2024,02/16/2024,37.576643,51.277847,61.497161,4,0
10/27/2023,11/17/2023,37.730713,54.594881,52.838285,6,0
11/12/2023,12/04/2023,37.578556,50.336446,57.56315,4,0
07/07/2023,07/29/2023,37.554314,57.15111,55.135499,5,0
08/04/2024,08/26/2024,37.990511,56.66128,63.533157,4,0
02/20/2023,03/15/2023,37.656833,50.681072,59.973272,4,0
12/27/2023,01/17/2024,37.866249,53.707456,63.951842,4,0
03/28/2024,04/17/2024,37.802364,57.220759,62.283278,3,1
01/05/2024,01/26/2024,37.886959,56.761958,62.063388,3,0
01/06/2023,01/27/2023,37.242513,58.504409,59.265344,5,0
10/12/2023,11/01/2023,37.807347,55.579267,59.790955,3,0
05/21/2024,06/09/2024,37.368566,55.218755,57.804517,4,0
12/13/2023,01/03/2024,38.036821,59.34829,53.538244,3,0
01/21/2024,02/13/2024,37.561483,57.012663,58.780906,6,0
09/28/2023,10/18/2023,37.479341,53.147247,58.587944,6,0
07/17/2024,08/06/2024,37.703587,54.140043,57.226151,3,0
11/03/2023,11/24/2023,37.316162,53.529892,46.048751,5,0
11/09/2023,11/30/2023,37.365218,53.202005,51.907847,6,1
06/27/2024,07/20/2024,37.461434,52.835608,62.091441,3,0
05/01/2023,05/21/2023,38.314634,51.528967,56.781528,3,0
07/06/2024,07/25/2024,37.838073,56.606147,56.266659,6,0
10/09/2023,10/29/2023,37.798685,53.075748,52.714015,6,0
01/10/2023,01/30/2023,37.579803,55.331456,52.785621,6,1
06/02/2024,06/21/2024,38.005067,53.520087,64.91367,3,0
10/09/2023,10/30/2023,37.449323,52.921566,63.465172,3,0
12/17/2024,01/06/2025,37.404945,50.358868,66.948964,3,0
09/10/2023,09/29/2023,37.646497,58.759647,51.687065,6,1
02/03/2024,02/22/2024,37.724484,58.034575,61.260327,3,0
03/16/2023,04/05/2023,37.626489,53.274982,60.108833,5,0
11/26/2023,12/18/2023,37.807312,53.84937,59.376528,4,0
02/04/2024,02/23/2024,37.799231,55.867794,58.508406,5,0
04/02/2024,04/22/2024,37.917379,51.392687,56.265001,4,0
02/14/2023,03/07/2023,37.112989,53.383666,66.904455,6,0
03/04/2023,03/23/2023,38.295259,51.194686,63.57249,3,0
07/30/2024,08/21/2024,37.505623,53.007162,59.849123,6,1
07/30/2023,08/19/2023,37.395402,60.405985,65.783186,6,1
01/13/2023,02/03/2023,37.430415,54.673414,65.142899,4,0
11/18/2023,12/10/2023,37.627735,56.11885,61.927398,4,0
08/23/2023,09/15/2023,37.912634,54.169496,57.488363,5,0
10/13/2023,11/05/2023,37.398963,50.563545,53.295214,3,0
04/30/2024,05/22/2024,37.668253,51.391827,61.385317,4,0
03/11/2023,04/02/2023,38.00231,55.053287,62.387754,5,0
06/26/2023,07/16/2023,37.312228,53.241339,59.454992,4,0
07/20/2024,08/11/2024,37.356115,61.229676,68.161239,5,0
08/13/2023,09/01/2023,36.985859,60.03937,62.575849,6,0
11/03/2023,11/26/2023,37.960701,51.603542,60.09673,6,0
03/11/2023,04/03/2023,37.583927,60.380787,59.561342,4,0
12/31/2024,01/20/2025,37.318654,53.720316,61.591037,4,0
07/09/2023,07/29/2023,37.877615,57.275011,58.204265,4,1
04/21/2024,05/13/2024,37.424883,52.953588,64.760179,3,0
03/14/2023,04/03/2023,37.6171,56.161961,48.386975,4,0
02/06/2023,03/01/2023,37.755824,58.836566,46.185341,5,0
02/24/2024,03/15/2024,37.697826,52.78624,55.840566,6,0
04/12/2023,05/03/2023,37.900025,52.580451,62.800543,3,0
09/15/2023,10/08/2023,37.891809,61.394564,61.499911,4,0
07/12/2024,08/03/2024,37.373481,53.010072,57.794212,6,0
08/28/2024,09/20/2024,37.468029,55.096162,66.38364,6,1
12/26/2024,01/18/2025,37.236034,59.112933,50.071029,4,0
05/01/2023,05/23/2023,37.307203,54.146859,60.481395,6,1
05/07/2024,05/26/2024,37.786561,53.782491,61.107677,4,0
09/18/2023,10/11/2023,37.842537,58.068988,52.017169,6,0
06/01/2023,06/23/2023,37.800744,58.083245,54.954791,4,0
08/09/2023,08/29/2023,37.577902,52.776637,63.640123,6,1
08/01/2024,08/20/2024,37.260388,52.021111,46.451245,6,0
01/13/2024,02/01/2024,37.57405,50.781212,61.034109,6,1
03/28/2024,04/20/2024,37.379124,57.351278,59.022433,6,0
01/20/2023,02/10/2023,37.939419,54.409596,53.721345,3,0
07/12/2023,07/31/2023,38.117815,59.145181,49.843907,6,0
09/01/2023,09/22/2023,37.745828,61.14018,50.40961,5,0
08/15/2024,09/04/2024,37.133596,58.136046,63.085599,3,0
01/16/2023,02/05/2023,37.709416,53.712853,59.284681,4,0
07/21/2023,08/12/2023,37.215895,48.797821,63.727448,3,0
03/23/2023,04/15/2023,37.711371,61.061311,61.171979,5,0
10/19/2023,11/07/2023,37.706468,54.072734,73.074788,3,0
04/15/2023,05/07/2023,37.5107,58.754528,65.011004,5,0
09/26/2024,10/17/2024,38.06186,55.902299,44.555319,6,0
09/20/2024,10/12/2024,37.628312,53.338031,53.545519,3,0
04/07/2024,04/27/2024,37.87097,57.405224,60.621984,6,1
07/16/2023,08/05/2023,37.30887,52.84826,53.827185,6,1
05/12/2024,06/01/2024,37.372499,52.298267,69.328466,3,0
05/27/2024,06/19/2024,37.886762,53.169169,62.722127,4,0
11/06/2024,11/26/2024,36.727329,49.895722,66.297126,4,0
02/12/2024,03/05/2024,37.279606,51.144675,66.291662,4,0
05/20/2023,06/08/2023,37.457245,59.796609,68.175986,6,0
01/31/2024,02/21/2024,37.530602,47.552076,49.600775,3,0
08/04/2024,08/25/2024,37.693696,57.714481,53.917386,4,1
06/24/2023,07/13/2023,37.59983,55.464565,64.895644,4,1
06/11/2023,07/02/2023,37.193345,50.192652,64.71025,5,0
09/14/2023,10/07/2023,37.661824,59.121398,59.111086,4,0
06/08/2023,06/28/2023,37.799258,53.034198,60.050312,4,0
01/05/2023,01/28/2023,37.725497,56.828858,52.679983,6,0
02/10/2024,03/02/2024,37.627013,56.384908,47.908148,4,1
05/28/2024,06/18/2024,37.766088,59.746887,55.450795,3,0
08/18/2023,09/10/2023,37.28457,55.241546,59.910649,5,1
04/09/2024,04/28/2024,37.992033,54.626752,60.785233,3,0
05/13/2023,06/02/2023,37.721645,57.618347,65.303709,4,1
12/19/2024,01/08/2025,37.605252,56.840984,62.130542,3,0
04/07/2023,04/29/2023,37.736446,52.662822,52.750315,5,0
05/04/2023,05/23/2023,37.412953,52.300921,64.601742,6,1
07/09/2024,08/01/2024,37.312,53.351368,51.610075,3,0
10/07/2024,10/27/2024,37.595171,53.84999,56.658003,4,0
08/02/2024,08/22/2024,37.341736,57.421499,62.359738,6,0
05/19/2024,06/09/2024,37.339557,59.257674,61.897746,3,0
02/18/2024,03/10/2024,37.65228,53.354204,56.488978,4,0
04/11/2023,05/03/2023,37.558139,56.138016,59.813792,3,0
12/25/2023,01/14/2024,37.636587,53.624266,67.965884,3,0
12/22/2024,01/13/2025,37.95165,55.899568,55.8189,5,0
05/13/2024,06/05/2024,37.812133,56.099247,66.397886,6,0
10/11/2023,11/03/2023,37.470489,51.420795,67.934411,5,0
02/27/2023,03/21/2023,37.287409,56.579604,71.333928,6,1
01/21/2023,02/10/2023,37.637641,52.989389,51.436375,6,0
02/27/2024,03/20/2024,37.864291,53.724684,54.127623,5,0
02/06/2023,02/28/2023,37.193358,53.175309,53.168068,4,0
09/29/2023,10/19/2023,37.715092,58.922056,59.595082,6,1
01/26/2023,02/18/2023,37.847852,62.057772,60.038269,4,0
02/14/2024,03/04/2024,37.231769,55.329657,61.275101,6,1
03/18/2023,04/06/2023,37.761593,55.164672,61.526214,4,1
12/15/2023,01/03/2024,38.295664,52.66928,52.410097,4,0
01/31/2024,02/21/2024,37.748069,60.428195,49.592201,4,0
10/22/2023,11/10/2023,37.692422,52.795224,52.540698,5,0
04/25/2023,05/14/2023,37.02417,53.791232,63.581362,3,0
11/12/2023,12/05/2023,37.840015,58.127132,50.736649,6,0
04/05/2023,04/26/2023,37.921381,51.564299,65.839472,5,0
07/10/2024,08/02/2024,37.918556,56.259187,54.795709,5,0
08/07/2023,08/29/2023,37.444569,55.276677,59.343885,6,0
02/06/2023,02/26/2023,37.475509,55.581562,61.734263,5,1
05/17/2024,06/09/2024,37.753499,58.387399,60.190934,6,0
10/24/2024,11/15/2024,37.845177,52.455447,56.548695,6,1
08/19/2023,09/10/2023,37.642352,59.430435,60.243468,4,0
04/11/2023,05/04/2023,37.573936,60.466057,59.79275,3,0
11/17/2023,12/08/2023,37.786105,57.372402,58.969878,4,0
05/28/2023,06/17/2023,37.000895,53.913916,52.264165,4,0
05/20/2023,06/08/2023,37.006873,59.500692,57.005029,4,0
01/06/2023,01/25/2023,37.457454,50.138903,52.770061,5,0
06/14/2024,07/04/2024,37.4425,46.816797,60.876678,3,0
02/28/2023,03/22/2023,37.258626,54.932724,56.449442,3,0
02/03/2023,02/26/2023,37.613199,58.681209,46.889232,4,0
09/10/2023,10/02/2023,37.494999,51.105994,51.823287,3,0
02/09/2024,03/01/2024,37.339698,58.13492,58.05071,4,0
03/04/2023,03/25/2023,37.731266,57.83488,57.71093,4,0
09/16/2023,10/05/2023,37.618564,56.972507,56.98492,4,1
06/05/2024,06/26/2024,37.666008,55.957629,69.934479,3,1
01/25/2024,02/14/2024,38.438659,53.325966,53.251901,6,0
03/21/2024,04/09/2024,37.990694,58.584249,52.825606,6,0
12/10/2023,12/29/2023,37.747903,56.927709,51.011562,3,0
06/16/2023,07/07/2023,37.058613,52.46321,61.017464,4,0
09/23/2024,10/12/2024,37.79734,58.054412,58.720313,6,0
01/23/2023,02/11/2023,37.388919,55.998255,49.57782,6,1
03/30/2023,04/21/2023,37.248478,53.278648,63.544771,3,0
09/06/2023,09/27/2023,37.953785,58.295952,61.625738,5,1
12/13/2024,01/05/2025,38.211496,50.50142,64.738507,3,0
12/02/2024,12/24/2024,37.17363,50.639187,57.441926,6,0
12/03/2024,12/26/2024,37.79801,50.975284,57.070815,6,0
01/14/2024,02/05/2024,37.720642,54.34985,49.757028,5,1
06/17/2023,07/07/2023,37.776205,52.191839,53.685993,3,0
05/23/2024,06/15/2024,38.012447,54.687852,61.794894,5,0
04/15/2024,05/05/2024,37.322357,57.322049,64.757359,4,0
09/17/2024,10/10/2024,37.362408,49.071011,58.75853,6,0
01/01/2024,01/21/2024,37.917071,53.075211,51.752466,5,0
02/06/2024,02/29/2024,37.541293,51.895011,50.314703,6,1
02/11/2024,03/01/2024,37.35329,57.406166,58.771954,5,0
05/19/2024,06/11/2024,37.563659,56.661568,54.197393,4,0
10/12/2023,11/01/2023,38.095729,59.410664,58.254733,3,0
07/30/2024,08/20/2024,37.492203,53.704388,67.594997,5,0
05/22/2023,06/10/2023,37.430092,46.165028,60.39664,3,0
05/25/2024,06/13/2024,37.529181,56.322628,59.325487,6,0
06/12/2023,07/01/2023,37.668151,52.9701,58.228738,5,1
02/26/2023,03/21/2023,37.986233,54.25912,59.651219,5,1
11/14/2023,12/05/2023,37.638116,55.868402,63.348199,5,0
12/27/2024,01/16/2025,37.676568,56.946282,62.056539,4,0
01/13/2024,02/03/2024,37.180324,55.255924,46.37384,3,0
10/21/2023,11/09/2023,37.373534,55.936562,60.628322,4,1
03/14/2023,04/06/2023,37.988136,59.701238,55.792923,6,0
02/04/2024,02/26/2024,37.838171,55.896807,62.031234,6,0
05/28/2024,06/18/2024,37.155593,55.514134,58.654329,5,0
01/12/2023,02/04/2023,37.462424,51.400069,60.15452,5,0
12/20/2024,01/08/2025,37.997684,55.684878,66.113405,5,0
09/30/2023,10/23/2023,37.489621,58.242018,61.568456,6,0
10/27/2023,11/18/2023,37.509595,52.955782,60.152261,6,1
05/30/2024,06/21/2024,37.865116,55.438725,64.865688,3,0
08/30/2024,09/21/2024,37.874057,47.77967,63.735252,4,0
08/15/2023,09/07/2023,37.222465,58.316742,68.588325,3,0
07/30/2024,08/21/2024,37.175758,56.804554,56.079649,6,0
02/14/2023,03/09/2023,37.777168,55.791915,58.01526,3,0
05/15/2024,06/04/2024,37.58001,50.818999,55.621389,4,1
08/16/2023,09/06/2023,38.095454,56.730563,62.027742,5,0
03/30/2024,04/21/2024,37.796298,54.88905,56.93039,6,1
08/08/2024,08/30/2024,37.345543,54.446857,62.812404,5,0
05/26/2023,06/16/2023,37.229359,57.379685,52.643717,5,0
12/11/2024,01/03/2025,37.683524,53.255186,54.000187,3,0
03/19/2024,04/08/2024,37.732483,52.341996,47.988871,3,0
03/30/2023,04/19/2023,37.423265,51.840214,56.107861,6,0
12/23/2023,01/14/2024,37.859905,57.624194,50.849504,4,0
05/23/2024,06/12/2024,37.496004,57.515746,57.241625,4,1
03/19/2023,04/10/2023,37.626219,54.711853,66.462274,6,0
08/07/2023,08/29/2023,37.079673,53.427657,47.941113,5,0
11/11/2024,12/04/2024,37.674224,60.110358,61.065986,6,0
01/10/2023,02/02/2023,38.083057,55.428993,49.01254,6,0
01/29/2023,02/20/2023,37.371845,50.33442,52.289676,3,0
04/16/2024,05/08/2024,37.313311,56.572388,60.960041,5,1
05/28/2024,06/20/2024,37.802774,55.517976,62.667322,6,1
04/21/2023,05/11/2023,37.681793,57.120114,62.884223,5,0
01/04/2023,01/27/2023,38.082135,56.13472,58.423585,4,0
03/27/2024,04/15/2024,37.754988,53.881724,56.661657,5,1
10/19/2023,11/07/2023,37.389647,56.720213,53.594134,3,0
09/21/2024,10/12/2024,37.990862,52.981403,51.37519,3,0
12/23/2023,01/15/2024,37.142069,55.477228,56.11744,6,1
03/15/2024,04/04/2024,37.30465,50.651452,51.210231,3,0
06/08/2023,06/29/2023,37.769887,50.255526,50.156837,4,0
11/28/2023,12/20/2023,37.125202,52.23441,56.763005,4,0
03/17/2023,04/08/2023,37.557154,56.444959,68.053125,6,1
11/01/2024,11/24/2024,38.054478,56.071758,71.245668,4,0
06/02/2023,06/21/2023,37.732801,57.818001,53.795541,5,0
07/29/2023,08/21/2023,37.748584,58.383752,57.293406,6,0
09/08/2024,09/29/2024,38.02621,53.079359,65.787655,6,0
05/30/2024,06/18/2024,37.402331,56.452352,50.441079,4,0
05/09/2023,05/31/2023,38.090985,59.046213,64.042581,5,0
06/02/2024,06/23/2024,37.370506,49.534721,65.47575,6,1
03/28/2023,04/16/2023,37.544573,61.271533,62.204285,3,0
01/04/2023,01/24/2023,37.676737,57.092787,48.80679,4,0
04/01/2024,04/21/2024,36.875665,52.138763,56.742462,4,0
07/20/2023,08/12/2023,37.743669,55.385313,60.423636,6,0
01/12/2023,02/03/2023,38.037865,52.546728,67.909267,6,0
04/26/2024,05/19/2024,37.865106,56.601563,53.118881,5,1
12/01/2024,12/21/2024,37.735067,61.292236,59.072543,4,0
04/07/2024,04/28/2024,37.318137,56.955516,64.307253,4,0
11/12/2024,12/01/2024,37.364758,57.411751,53.996735,6,0
04/08/2024,04/30/2024,37.54002,54.575559,59.074007,5,0
09/18/2024,10/07/2024,37.669694,55.931833,50.577997,3,0
01/21/2024,02/12/2024,37.660635,57.036902,52.94262,5,0
03/04/2023,03/26/2023,37.454687,58.206062,45.013419,6,1
12/18/2024,01/09/2025,37.622591,54.020608,49.891277,4,1
07/12/2024,07/31/2024,37.601191,58.91664,54.804518,5,0
07/09/2023,07/28/2023,38.149827,53.310705,58.879552,4,0
08/16/2024,09/06/2024,37.870765,55.209664,50.636674,6,1
09/29/2024,10/21/2024,38.175668,53.407394,57.369651,6,0
04/07/2024,04/28/2024,37.445246,51.496218,60.091283,4,0
05/21/2023,06/10/2023,37.574597,57.867255,53.759246,6,0
03/10/2023,03/29/2023,37.998512,54.302938,52.826963,4,0
05/29/2023,06/20/2023,37.902705,58.783411,65.071577,4,0
08/29/2023,09/21/2023,37.799814,53.935243,68.354686,4,0
10/23/2024,11/13/2024,37.75821,51.118525,56.818763,5,0
01/09/2023,02/01/2023,37.57604,50.670153,54.02956,4,0
06/26/2024,07/16/2024,38.293321,53.732175,57.069047,3,0
12/06/2023,12/28/2023,37.850383,54.384312,55.618992,6,1
07/19/2023,08/11/2023,37.438596,53.57778,56.32671,6,1
02/10/2023,03/01/2023,36.922573,50.733383,48.335364,6,0
10/16/2023,11/07/2023,37.833155,55.965107,50.806631,3,0
06/08/2023,06/28/2023,37.378749,54.590406,52.352366,6,0
08/17/2023,09/06/2023,37.739907,60.182752,56.23136,4,0
05/12/2024,06/01/2024,37.936759,53.104441,55.546001,5,1
12/16/2023,01/04/2024,36.802115,53.203826,56.024823,3,0
03/31/2023,04/19/2023,37.482731,50.400663,54.92725,3,0
06/13/2023,07/03/2023,37.860977,58.680045,55.868945,5,0
05/07/2023,05/28/2023,37.735169,53.492598,55.475613,4,0
03/11/2024,03/30/2024,37.655425,53.584797,59.183317,4,0
12/15/2024,01/05/2025,37.114896,50.994291,64.665227,4,0
01/16/2024,02/07/2024,37.791086,53.997004,63.752936,4,0
11/19/2023,12/08/2023,37.401763,49.471748,53.605068,6,0
12/11/2024,01/01/2025,37.886771,54.293153,53.675368,3,0
06/22/2024,07/15/2024,37.45556,56.213513,59.463919,3,0
11/23/2024,12/16/2024,37.817057,54.925639,53.606494,5,0
11/01/2023,11/24/2023,37.500533,58.645953,52.8517,4,0
05/02/2023,05/22/2023,37.888274,50.692426,62.211274,6,0
03/22/2023,04/10/2023,37.58009,54.765492,50.989345,5,0
05/24/2024,06/12/2024,37.414753,59.664526,50.862968,3,0
06/21/2024,07/10/2024,37.525477,56.243336,51.03126,5,0
12/08/2024,12/31/2024,37.395764,61.0497,62.7091,4,0
08/21/2023,09/10/2023,37.714269,56.287038,56.16979,3,0
10/31/2024,11/21/2024,37.722684,53.192796,64.197056,5,0
03/12/2024,03/31/2024,37.520181,60.578055,55.535403,6,0
05/01/2023,05/21/2023,37.885633,56.622751,64.68546,4,0
10/01/2024,10/22/2024,36.821679,53.278246,56.43782,5,0
09/09/2023,09/28/2023,37.731466,51.911798,60.115527,3,0
11/27/2023,12/18/2023,37.129717,56.069772,59.042968,4,0
07/19/2024,08/11/2024,37.125282,51.350798,46.577826,5,0
08/18/2023,09/06/2023,37.984951,52.721668,64.256567,3,0
10/22/2024,11/13/2024,37.417214,56.174805,66.61641,5,0
08/26/2024,09/14/2024,37.708325,55.770221,59.855366,3,0
01/05/2024,01/24/2024,38.125356,55.277182,66.545193,5,0
06/23/2023,07/16/2023,37.738383,55.206189,55.128297,5,0
05/19/2023,06/08/2023,37.789556,54.804227,66.566158,6,0
10/27/2023,11/18/2023,37.23699,57.342125,63.572851,5,0
07/07/2024,07/30/2024,37.416249,56.852216,55.270845,3,0
08/30/2023,09/22/2023,37.474423,56.233404,52.022795,4,0
12/10/2024,01/02/2025,37.546451,57.985424,56.379058,6,1
12/02/2024,12/21/2024,37.919247,50.815647,59.045535,5,0
11/12/2024,12/05/2024,37.424041,57.202097,54.747966,3,0
12/11/2024,12/31/2024,37.910141,56.877745,50.196736,4,0
12/22/2023,01/13/2024,38.050973,58.978771,61.28013,3,0
08/02/2023,08/23/2023,37.625768,51.453137,55.36827,4,0
08/27/2023,09/15/2023,37.998724,55.084858,60.289167,5,1
07/30/2024,08/21/2024,37.656371,55.470896,56.610011,6,0
08/04/2023,08/23/2023,37.780224,51.838848,73.884255,3,0
07/29/2024,08/18/2024,37.86788,47.477767,58.630795,5,0
05/04/2024,05/25/2024,37.84716,57.927506,60.780861,4,1
03/03/2023,03/26/2023,37.190653,49.826924,59.242462,4,0
02/02/2024,02/25/2024,37.790729,50.108661,52.091166,3,0
09/18/2024,10/09/2024,37.110494,51.937471,60.731143,4,0
04/30/2023,05/22/2023,38.373688,56.166736,52.228526,6,0
09/12/2024,10/03/2024,38.143602,59.600033,59.07726,6,1
02/24/2024,03/15/2024,37.638592,53.017143,52.611042,4,0
11/24/2023,12/15/2023,37.622813,56.576997,63.029026,6,1
09/23/2023,10/12/2023,37.713346,54.434719,49.118402,3,0
03/03/2023,03/23/2023,38.156655,59.694521,57.525347,3,0
08/22/2024,09/10/2024,37.94679,59.40098,64.165229,5,0
02/14/2023,03/08/2023,37.68418,54.459265,56.70417,6,1
05/26/2024,06/15/2024,37.886086,56.193521,51.983057,3,0
01/29/2024,02/19/2024,37.4589,54.306003,64.589752,5,1
09/27/2023,10/17/2023,37.790117,53.853199,60.552503,6,1
06/18/2023,07/07/2023,37.512282,52.906612,70.004762,6,0
01/13/2024,02/01/2024,37.754201,56.549296,54.885588,6,0
05/01/2023,05/23/2023,37.773741,57.326111,68.164904,6,0
06/15/2023,07/04/2023,37.525565,55.082389,64.570141,4,1
02/06/2024,02/25/2024,37.832322,55.714925,64.193334,5,0
05/01/2024,05/20/2024,37.202528,50.118123,57.948532,3,0
05/22/2024,06/14/2024,37.734799,57.486512,53.914796,3,0
04/02/2023,04/23/2023,37.189112,53.93638,58.180304,6,0
04/30/2024,05/20/2024,37.423681,58.367636,57.997439,4,1
10/08/2024,10/27/2024,37.71839,56.777085,65.981481,5,1
11/17/2024,12/10/2024,37.073374,55.600355,66.745112,3,0
04/28/2023,05/17/2023,37.775494,55.569827,63.481771,6,1
01/23/2024,02/14/2024,37.893339,54.591596,49.790308,4,0
02/07/2023,03/01/2023,37.503722,53.773748,55.543097,3,0
04/20/2023,05/10/2023,37.879325,59.912591,58.527912,3,0
03/19/2024,04/10/2024,37.264159,58.07967,56.39193,6,0
08/08/2023,08/28/2023,37.740203,49.309403,54.120106,5,0
12/15/2024,01/03/2025,37.719925,52.840552,63.371179,3,1
11/30/2024,12/20/2024,37.417191,53.830293,67.666494,5,0
12/03/2023,12/23/2023,37.71462,54.995197,53.392327,6,0
07/17/2023,08/06/2023,37.795438,53.972323,46.762002,5,0
01/06/2023,01/26/2023,37.840566,59.2308,59.179401,5,0
09/01/2024,09/22/2024,37.518038,55.833873,67.03769,6,0
05/16/2023,06/08/2023,37.696686,51.652873,53.938794,4,0
11/20/2024,12/13/2024,37.529414,60.065385,59.200834,5,0
09/22/2023,10/11/2023,37.839734,53.892457,55.711808,3,0
08/14/2023,09/05/2023,37.434745,51.328738,62.68434,3,1
02/16/2024,03/07/2024,37.563305,58.257281,48.183066,5,0
10/04/2024,10/27/2024,37.681811,53.528949,63.837782,3,0
06/13/2024,07/06/2024,38.094648,56.769946,52.352627,3,0
10/15/2024,11/03/2024,37.490894,53.617171,62.410209,6,1
01/01/2024,01/20/2024,37.159949,54.210146,62.000229,4,0
03/04/2024,03/23/2024,38.072484,55.394241,60.4672,4,0
06/26/2023,07/15/2023,37.402644,54.53835,63.115606,4,1
05/11/2024,06/01/2024,37.60677,56.095895,60.01176,3,1
02/15/2023,03/09/2023,37.675409,54.963708,56.122199,4,0
06/14/2024,07/06/2024,37.418441,55.550756,61.903834,3,1
02/25/2024,03/17/2024,37.570641,54.313133,59.89893,3,0
08/29/2023,09/19/2023,37.904254,58.102779,60.422838,4,1
09/19/2024,10/11/2024,37.876411,51.461831,56.013424,4,0
11/21/2024,12/10/2024,37.64937,57.303437,61.441811,3,1
05/03/2023,05/25/2023,37.415876,53.021004,57.538472,6,1
11/28/2023,12/19/2023,37.407374,56.134574,51.940012,5,0
08/17/2023,09/05/2023,37.111732,56.123797,60.233759,3,0
07/11/2023,08/02/2023,37.285724,55.485208,59.584267,6,0
06/21/2023,07/12/2023,37.158457,55.235306,47.14529,4,0
03/18/2024,04/09/2024,37.389067,56.442607,57.586661,6,1
02/05/2023,02/26/2023,37.382382,52.768067,45.268349,4,0
05/26/2023,06/16/2023,37.964085,55.013463,58.641966,5,0
09/14/2023,10/06/2023,37.820963,52.261019,59.935797,5,0
04/18/2024,05/08/2024,37.430061,55.115029,57.827447,4,0
07/17/2023,08/08/2023,37.770821,55.233063,52.603019,4,0
03/09/2024,03/31/2024,37.459368,55.99354,54.858353,4,0
02/28/2024,03/18/2024,37.578584,54.625251,56.449172,4,0
01/04/2023,01/25/2023,37.915035,55.222645,61.804328,3,0
09/26/2023,10/15/2023,37.514791,54.917828,61.76699,4,0
03/19/2024,04/07/2024,38.179808,58.230975,62.958418,5,0
11/24/2024,12/13/2024,37.528474,54.651873,52.823458,3,0
02/19/2024,03/09/2024,37.90695,62.405467,61.30674,5,0
11/09/2023,12/02/2023,38.073893,58.652977,59.860448,3,0
04/20/2024,05/12/2024,37.568717,54.56361,59.875313,6,1
09/23/2024,10/16/2024,37.292323,52.853799,49.292641,4,0
08/04/2023,08/27/2023,37.213362,53.881357,48.158333,4,0
06/03/2023,06/23/2023,37.743912,57.004039,49.312841,4,0
08/29/2024,09/18/2024,37.323199,55.50907,55.75866,6,0
09/08/2023,10/01/2023,37.272701,58.546469,56.533887,6,0
06/25/2024,07/16/2024,38.129893,49.232596,65.471017,3,0
08/16/2024,09/06/2024,37.290788,54.601574,51.260769,5,1
04/07/2024,04/27/2024,37.899709,55.543564,55.358321,5,1
10/05/2023,10/27/2023,37.725957,50.862024,62.613213,3,0
11/21/2023,12/14/2023,37.617598,55.614704,55.750207,5,1
07/21/2024,08/09/2024,37.669262,56.11813,48.460771,5,1
06/04/2024,06/27/2024,37.491872,53.533031,45.276764,5,0
07/31/2024,08/19/2024,37.642816,59.735326,52.937547,5,0
03/10/2023,03/30/2023,38.036452,49.087042,57.401589,4,0
12/08/2024,12/31/2024,37.538333,50.892948,61.487303,4,0
08/16/2024,09/05/2024,37.214619,52.530308,49.088502,6,0
08/13/2023,09/02/2023,38.386611,51.447533,59.918704,3,0
06/20/2024,07/10/2024,37.835253,56.046175,52.237718,5,0
03/11/2023,03/31/2023,37.458365,58.088803,53.300396,6,1
08/14/2023,09/06/2023,38.524011,50.555856,57.010843,5,0
12/17/2024,01/08/2025,37.254675,52.38316,61.475042,6,0
01/06/2024,01/25/2024,37.778413,57.530973,50.58569,3,0
08/03/2024,08/22/2024,37.180882,54.343839,54.858634,6,1
05/24/2023,06/13/2023,37.623752,54.849637,65.333929,3,0
03/01/2023,03/22/2023,37.557946,53.606773,55.894229,5,0
06/19/2023,07/08/2023,37.287268,53.379199,56.730618,4,0
05/12/2023,06/01/2023,37.119395,58.431337,55.173655,3,0
06/21/2024,07/10/2024,37.394203,50.095894,57.698604,4,0
08/01/2024,08/20/2024,38.157847,55.411035,54.212058,3,0
01/16/2024,02/06/2024,37.390131,57.088494,54.475313,6,0
10/22/2023,11/10/2023,37.778944,56.156652,57.651513,3,1
10/03/2023,10/22/2023,37.430743,55.210224,56.03847,3,0
11/02/2023,11/23/2023,37.616558,57.584541,56.272601,6,0
08/05/2024,08/27/2024,36.964316,54.050431,52.609196,4,0
12/15/2023,01/05/2024,37.447538,55.098177,55.48014,6,1
08/15/2023,09/07/2023,37.629069,54.757593,59.016097,5,1
01/28/2024,02/20/2024,38.040169,57.616403,65.129144,4,0
02/29/2024,03/20/2024,37.297314,49.707054,53.478516,4,0
10/11/2024,11/01/2024,37.663415,51.891467,53.228556,6,0
02/21/2023,03/15/2023,37.391711,59.419782,57.755099,3,1
08/05/2024,08/26/2024,37.755786,51.152053,54.332228,5,0
12/19/2023,01/11/2024,37.785791,54.194557,51.333683,4,0
09/26/2023,10/15/2023,37.767537,56.012199,57.240578,6,0
09/05/2024,09/28/2024,37.567998,57.295288,55.8181,3,0
07/27/2024,08/15/2024,37.211417,56.346332,60.711801,6,1
01/27/2023,02/17/2023,38.136648,55.319377,60.526778,4,1
04/01/2023,04/24/2023,37.834798,50.729287,50.610567,5,0
10/24/2024,11/13/2024,37.793408,56.739233,60.902804,4,0
03/19/2024,04/07/2024,37.731808,54.600568,56.565753,6,0
12/31/2023,01/19/2024,38.076256,54.720979,64.30263,6,0
01/01/2024,01/21/2024,37.277339,54.201519,61.801309,3,0
01/27/2023,02/18/2023,37.337772,59.529971,57.02503,5,0
05/07/2024,05/30/2024,37.434353,58.112291,54.819748,4,0
02/07/2024,02/28/2024,37.273201,56.296869,65.758968,3,0
10/08/2024,10/28/2024,37.591502,52.345057,46.979379,5,0
03/10/2023,03/31/2023,37.960774,51.422871,51.282404,6,0
11/12/2024,12/05/2024,37.59672,47.709824,56.054913,5,1
11/14/2023,12/05/2023,38.40378,56.51357,64.96344,4,0
02/24/2023,03/17/2023,37.810728,55.490494,54.705228,4,1
02/28/2024,03/19/2024,37.402477,52.925046,52.974052,3,0
10/28/2023,11/16/2023,38.100228,57.636113,51.691671,3,0
10/16/2024,11/07/2024,37.232813,53.793375,50.505378,4,0
08/26/2024,09/16/2024,37.299361,61.600796,55.487341,6,0
03/28/2024,04/20/2024,37.650398,57.471928,48.659928,4,0
01/26/2023,02/17/2023,37.241851,55.536922,59.911995,5,1
04/12/2023,05/01/2023,37.548259,52.155713,55.723902,6,1
03/16/2024,04/05/2024,37.2867,60.331729,54.878529,5,0
11/18/2024,12/11/2024,38.091098,55.850259,65.10641,4,0
01/05/2023,01/26/2023,37.645634,53.359433,56.941786,4,0
12/27/2023,01/17/2024,37.580616,51.56271,51.952605,3,0
04/13/2023,05/06/2023,37.273476,57.518803,62.810869,3,0
11/15/2023,12/04/2023,37.059243,57.65209,53.35128,6,0
01/01/2024,01/24/2024,37.542228,53.126964,55.074968,3,0
05/12/2023,06/04/2023,37.578874,56.56681,61.09276,6,0
01/23/2023,02/12/2023,36.95347,52.888914,68.188237,5,0
09/30/2023,10/23/2023,37.397305,56.306884,56.164067,3,0
02/28/2023,03/19/2023,37.377808,57.774498,52.222155,3,0
12/13/2023,01/03/2024,37.919711,51.264535,64.088918,3,0
09/30/2024,10/21/2024,37.447957,57.536561,62.496188,6,0
08/24/2024,09/13/2024,37.602606,58.511853,69.482694,6,0
09/03/2024,09/24/2024,37.795407,52.076972,56.385582,3,0
06/30/2024,07/19/2024,37.604719,55.526577,60.003864,6,1
01/28/2024,02/18/2024,38.02376,57.611623,54.980505,3,0
11/13/2023,12/04/2023,37.381693,56.118916,61.919329,3,0
11/29/2024,12/22/2024,37.575923,54.539199,63.166541,3,1
06/21/2024,07/14/2024,37.803108,50.626514,49.947202,3,0
10/27/2024,11/19/2024,37.936744,49.273517,54.533274,4,0
04/07/2024,04/26/2024,37.151686,56.676165,61.541643,3,0
07/20/2024,08/08/2024,37.1136,56.260678,52.271166,3,0
12/20/2023,01/12/2024,37.397831,49.577888,64.8428,6,0
07/28/2024,08/20/2024,37.921374,58.228783,64.321953,3,0
04/28/2023,05/18/2023,37.929022,55.565416,50.586778,4,0
11/07/2023,11/27/2023,37.73441,54.614577,64.648112,5,1
10/06/2023,10/27/2023,37.927413,56.229451,70.047207,5,0
12/20/2024,01/09/2025,37.707063,54.111859,66.484616,4,0
03/11/2024,03/31/2024,37.870017,56.590056,58.066176,6,1
01/17/2024,02/09/2024,37.809187,57.291912,58.091509,3,0
12/18/2024,01/07/2025,36.914046,57.309949,57.965848,6,0
08/13/2023,09/01/2023,38.164927,54.679646,60.58719,6,1
10/27/2023,11/15/2023,37.685297,53.724891,56.116682,6,1
08/28/2024,09/18/2024,37.959805,56.291372,60.669127,4,0
03/25/2023,04/13/2023,37.492294,56.277242,46.00233,6,0
08/14/2023,09/02/2023,37.293325,53.026363,54.12903,6,0
01/06/2024,01/29/2024,37.068769,56.761902,60.548558,5,0
07/12/2024,08/01/2024,36.960866,54.135143,50.769703,3,0
06/23/2024,07/16/2024,37.610145,51.177823,58.459035,4,1
08/08/2024,08/30/2024,37.740031,56.436036,69.197213,4,0
08/07/2024,08/27/2024,37.897848,60.129313,60.822899,4,0
10/08/2023,10/28/2023,37.07534,50.505654,48.547165,4,0
10/25/2024,11/15/2024,37.26871,53.31742,61.207263,6,1
09/24/2024,10/13/2024,37.781644,54.041764,61.994149,5,0
02/27/2023,03/20/2023,38.052756,57.416365,64.921176,5,0
09/10/2024,10/02/2024,37.366487,56.685819,50.306559,3,1
07/27/2023,08/19/2023,37.737841,52.706606,56.290893,3,0
05/30/2023,06/20/2023,38.192151,51.177183,70.204303,5,0
03/05/2023,03/25/2023,37.318969,58.53924,51.610709,5,0
03/08/2023,03/29/2023,37.829751,55.749594,60.695088,5,0
03/03/2024,03/24/2024,37.740387,53.434089,55.146872,6,0
10/13/2024,11/05/2024,37.850874,58.601347,54.257093,4,0
04/10/2023,05/01/2023,37.796899,55.383152,52.810265,4,0
10/23/2023,11/14/2023,37.479643,56.721526,54.5797,4,1
03/16/2023,04/04/2023,37.829457,52.013469,56.226741,5,0
11/28/2023,12/20/2023,37.633856,52.195781,60.919348,4,0
08/24/2024,09/16/2024,37.814849,55.344269,52.245062,3,0
01/20/2023,02/10/2023,37.374654,54.14708,59.057697,3,0
03/26/2024,04/14/2024,37.540797,61.8968,54.010784,4,0
07/13/2024,08/02/2024,37.909856,55.186428,57.308081,5,0
05/19/2023,06/11/2023,37.401757,48.92917,50.85243,5,1
04/07/2023,04/26/2023,37.377104,56.010677,64.840571,4,0
07/26/2024,08/15/2024,37.802475,48.809698,53.272511,5,0
05/14/2023,06/06/2023,37.20677,49.301131,57.226109,6,1
11/19/2024,12/11/2024,37.256561,52.566737,52.593274,4,0
10/19/2024,11/10/2024,38.067501,55.149565,62.161736,3,0
11/04/2023,11/25/2023,37.909403,61.563694,51.47182,4,0
05/31/2024,06/23/2024,37.488173,55.351116,56.672225,6,0
02/12/2023,03/05/2023,37.766039,55.773193,48.160545,3,0
02/16/2024,03/09/2024,37.615629,55.613072,60.048713,5,1
08/05/2023,08/28/2023,37.439452,57.84812,64.02267,6,0
12/13/2023,01/04/2024,37.211686,56.548765,60.20189,5,0
02/03/2023,02/24/2023,37.88579,56.065024,63.460093,5,0
03/21/2023,04/13/2023,37.480804,54.236913,60.946799,6,0
09/16/2023,10/07/2023,37.624075,48.363062,59.992228,6,1
12/29/2023,01/19/2024,37.855101,59.421202,48.072746,5,0
08/25/2023,09/16/2023,36.932312,60.439493,63.560414,6,0
07/09/2023,07/29/2023,37.575377,52.10776,51.41369,5,0
01/03/2024,01/25/2024,37.818669,50.679515,58.459865,3,0
05/06/2023,05/27/2023,37.858891,51.230301,60.375592,4,1
05/31/2023,06/20/2023,37.902404,52.903971,53.432755,3,0
09/14/2024,10/05/2024,37.951405,50.566322,57.031935,5,0
06/24/2024,07/17/2024,37.64792,53.158995,62.353859,3,0
02/19/2023,03/11/2023,37.341397,57.483919,60.091297,5,0
12/30/2023,01/18/2024,37.849571,55.919307,58.17986,4,0
09/01/2024,09/24/2024,37.858369,53.216498,48.362267,5,0
05/11/2023,06/02/2023,37.731982,56.063217,50.44631,4,0
06/09/2023,07/02/2023,37.977066,52.310631,51.497251,5,0
04/08/2024,04/28/2024,37.187164,53.301721,68.993757,6,0
09/29/2023,10/18/2023,37.423636,59.713937,51.550031,3,0
06/20/2024,07/11/2024,37.576047,50.685434,52.680342,6,0
11/23/2023,12/13/2023,37.416857,53.599614,58.233869,3,1
12/07/2024,12/30/2024,37.298058,55.401526,57.864083,4,0
06/02/2024,06/22/2024,37.556363,55.985009,60.860016,6,0
04/18/2023,05/11/2023,37.45629,52.507913,55.70917,3,0
05/23/2024,06/11/2024,37.878351,51.403478,58.941538,4,0
02/27/2024,03/17/2024,37.470399,58.566465,64.185609,3,0
06/30/2024,07/23/2024,37.132813,51.989664,63.782206,5,1
06/18/2024,07/11/2024,37.144593,53.942256,55.460178,3,0
03/13/2024,04/02/2024,38.116758,55.195162,61.615706,6,0
11/19/2024,12/11/2024,37.205668,59.502791,67.509944,6,0
08/29/2024,09/17/2024,37.536125,50.907506,58.723308,3,0
08/21/2024,09/13/2024,37.388847,63.632783,58.35444,3,1
08/06/2023,08/27/2023,37.509048,54.680574,69.968632,3,0
10/25/2023,11/14/2023,37.426239,51.655365,46.032634,6,0
03/01/2023,03/20/2023,37.694456,57.384524,68.508471,5,1
12/02/2024,12/22/2024,37.700996,55.807978,52.065902,3,0
05/26/2024,06/16/2024,37.00027,58.503765,47.070431,5,0
11/03/2023,11/23/2023,37.424489,48.606048,57.258754,4,1
11/06/2023,11/26/2023,37.429898,51.368386,57.8454,4,0
02/08/2023,03/02/2023,37.521865,59.978784,43.307909,4,0
11/17/2023,12/08/2023,37.294919,55.405309,65.377059,3,0
06/06/2023,06/26/2023,37.229658,55.070559,63.201132,6,0
02/03/2024,02/23/2024,37.260329,58.803175,60.139565,4,0
11/26/2024,12/19/2024,37.912482,56.27231,64.420759,4,0
09/09/2023,09/28/2023,37.408415,60.203629,62.514661,3,0
06/01/2024,06/21/2024,37.390857,56.924282,44.440516,6,0
11/20/2023,12/12/2023,37.61,55.850941,50.21365,6,1
11/15/2023,12/07/2023,37.152729,52.815331,59.31573,4,0
08/01/2024,08/23/2024,37.214808,56.764458,61.329727,6,0
01/29/2023,02/17/2023,37.847744,53.888246,59.185721,3,0
08/23/2024,09/13/2024,37.566298,54.28759,38.288676,4,0
06/20/2023,07/09/2023,37.586777,58.427911,58.351693,4,0
07/07/2024,07/27/2024,37.754374,58.843645,56.380244,4,1
01/19/2024,02/09/2024,37.652656,60.205021,54.837838,5,1
05/17/2023,06/06/2023,37.399175,53.950526,54.204294,6,1
09/12/2023,10/03/2023,37.07348,51.436915,58.973554,6,0
09/14/2024,10/06/2024,37.126697,55.175146,69.379105,4,0
08/08/2023,08/28/2023,38.037384,55.26104,52.716184,5,0
08/31/2023,09/19/2023,37.622093,56.401076,43.748538,3,0
12/21/2023,01/10/2024,37.115555,53.450672,46.259477,6,0
02/23/2023,03/15/2023,37.632837,55.985232,56.700476,6,1
01/31/2024,02/22/2024,37.776133,49.699186,47.544941,5,0
04/16/2023,05/08/2023,37.740387,55.478821,58.084392,3,1
02/27/2024,03/20/2024,37.074487,49.766771,56.449467,6,1
06/27/2023,07/20/2023,37.556677,49.613539,57.224177,6,0
11/09/2024,12/01/2024,37.800137,53.65932,53.615359,4,0
05/27/2023,06/18/2023,37.097756,53.344824,53.152368,6,0
02/28/2023,03/19/2023,37.333765,54.147165,62.433192,5,0
09/12/2024,10/02/2024,37.837702,56.802115,67.790519,3,0
06/07/2023,06/27/2023,37.507025,58.39271,58.707478,5,0
11/04/2023,11/26/2023,37.361551,58.487399,60.532086,4,0
08/05/2023,08/25/2023,36.991842,54.238955,62.43508,4,0
03/14/2024,04/04/2024,37.683718,55.255933,58.534155,3,0
07/14/2023,08/04/2023,37.930892,50.617288,42.883882,5,0
12/01/2023,12/20/2023,37.590437,57.437701,58.446279,3,0
11/19/2023,12/09/2023,37.592201,53.572723,68.150761,6,0
03/04/2024,03/23/2024,37.690031,54.897654,64.300208,4,0
01/13/2023,02/05/2023,37.726723,58.115498,62.539651,5,0
08/12/2024,08/31/2024,38.063649,57.739554,61.729116,3,0
11/01/2023,11/22/2023,37.00703,56.150459,67.284294,4,0
09/21/2023,10/10/2023,37.715576,52.714903,62.563239,6,1
10/29/2024,11/17/2024,37.855706,59.082379,55.281623,6,0
11/20/2024,12/12/2024,37.936024,55.754208,65.16776,5,0
01/15/2023,02/07/2023,37.823533,51.971643,61.61046,6,1
11/09/2023,11/28/2023,37.949656,59.893248,62.081978,5,0
01/15/2023,02/06/2023,37.213446,53.841232,62.459347,6,1
12/18/2024,01/08/2025,37.258037,53.238358,66.650977,6,0
09/09/2023,09/30/2023,37.276104,52.715627,68.553396,6,0
01/30/2024,02/22/2024,37.838501,52.548607,56.433315,3,0
09/29/2024,10/21/2024,37.835303,53.019714,54.132277,5,0
11/22/2024,12/15/2024,38.08672,56.581457,58.826066,4,0
06/03/2023,06/23/2023,37.949609,59.725655,47.048509,5,0
09/19/2024,10/10/2024,37.60302,57.23543,65.424771,5,1
11/15/2023,12/04/2023,37.971279,56.810016,55.895768,5,0
10/02/2023,10/24/2023,37.675051,52.17765,53.126066,3,0
12/31/2023,01/23/2024,37.929881,57.200605,60.974799,6,0
09/04/2023,09/27/2023,37.590806,54.558824,58.784087,4,0
08/12/2023,09/01/2023,37.442161,50.667054,62.506593,6,1
04/18/2024,05/07/2024,37.279662,60.267829,57.163912,6,1
04/16/2024,05/07/2024,37.881804,59.66884,51.245688,4,0
04/12/2023,05/05/2023,37.429178,53.465554,56.876401,5,0
08/30/2023,09/18/2023,37.601922,50.733583,52.245307,5,0
09/22/2024,10/13/2024,37.769563,47.070098,60.974689,6,0
07/09/2023,07/30/2023,37.92242,64.183147,51.249915,6,0
03/01/2023,03/23/2023,37.314828,56.220481,53.098294,4,0
05/17/2024,06/09/2024,37.349683,56.831363,62.684647,6,0
03/09/2024,04/01/2024,37.325267,58.866381,54.562025,4,1
05/01/2024,05/23/2024,38.120711,58.827293,59.678735,6,1
08/11/2023,09/01/2023,37.767458,57.884425,60.055961,4,0
05/14/2024,06/06/2024,37.268453,56.922451,58.125055,3,0
11/05/2024,11/25/2024,37.590472,54.152884,71.423825,6,0
05/05/2023,05/24/2023,37.779396,55.055871,55.045754,5,1
05/11/2024,06/02/2024,37.775828,58.728235,62.883237,3,0
02/20/2023,03/11/2023,37.175888,53.358311,55.688376,4,0
12/28/2024,01/16/2025,38.070178,58.480383,49.61711,5,0
12/08/2023,12/27/2023,37.674377,52.080432,59.680416,4,0
09/19/2024,10/08/2024,37.574777,60.788696,61.353542,3,0
06/22/2023,07/11/2023,38.313483,57.151049,56.734823,6,0
05/31/2024,06/22/2024,37.177569,55.643856,58.183577,5,1
07/25/2024,08/15/2024,38.051429,54.776489,61.398154,3,0
05/24/2024,06/16/2024,37.948736,52.452739,45.340082,4,0
11/14/2023,12/04/2023,36.976571,57.857303,56.020975,5,0
10/16/2023,11/08/2023,38.071621,55.856385,54.890783,6,0
07/23/2024,08/14/2024,37.677854,53.28238,62.089976,4,0
04/05/2024,04/27/2024,37.510119,55.572527,55.699376,3,0
02/14/2023,03/05/2023,37.057602,61.634701,60.902828,3,0
04/07/2024,04/27/2024,37.393431,57.457683,55.951069,6,1
01/06/2023,01/28/2023,38.067918,54.377936,50.389315,3,0
09/10/2024,10/03/2024,37.975731,56.42792,53.27777,5,0
10/25/2023,11/16/2023,37.716514,55.228899,57.229264,5,1
08/16/2024,09/08/2024,37.795331,58.553493,60.038274,4,0
10/15/2023,11/07/2023,38.226499,55.538446,61.209653,5,0
05/10/2023,05/29/2023,37.05099,55.031275,53.344322,4,0
06/11/2024,07/04/2024,37.74305,54.048215,56.364652,4,1
02/19/2024,03/10/2024,37.803459,57.945794,54.347127,6,0
12/12/2024,01/01/2025,37.394741,53.33547,52.410996,6,0
01/26/2024,02/16/2024,37.645989,62.616185,62.176166,6,0
09/20/2024,10/12/2024,37.588844,61.312429,61.918375,5,0
01/30/2023,02/18/2023,37.917101,62.736954,61.340869,4,0
07/04/2024,07/25/2024,37.833376,57.090276,65.565488,6,0
03/29/2023,04/21/2023,37.582372,58.027495,69.642533,6,0
08/28/2024,09/16/2024,37.601718,53.435461,52.152738,6,1
07/25/2024,08/17/2024,37.654814,56.922075,66.612691,5,0
09/30/2023,10/21/2023,38.135687,53.88333,63.591946,6,0
10/18/2023,11/10/2023,37.503364,54.418507,50.457151,6,1
03/08/2023,03/28/2023,37.510549,47.985115,59.235206,4,0
03/31/2023,04/22/2023,37.687368,53.528479,58.272505,5,0
03/08/2024,03/29/2024,37.839147,54.652574,63.427487,5,0
08/17/2023,09/06/2023,38.050897,56.472106,66.264077,4,0
11/27/2024,12/17/2024,38.076205,55.452091,59.454302,5,0
10/16/2023,11/04/2023,37.831805,54.076724,51.714665,4,0
11/02/2023,11/21/2023,37.57116,52.659632,52.495802,6,1
12/31/2024,01/23/2025,37.98413,51.895819,59.84044,6,1
09/29/2024,10/18/2024,37.563491,52.207084,68.627174,6,1
04/28/2023,05/19/2023,37.627193,53.058787,57.013895,4,1
07/23/2023,08/11/2023,37.861101,58.117684,45.274391,4,0
09/11/2024,10/04/2024,38.114762,55.029824,63.037692,5,0
03/29/2024,04/21/2024,37.677317,56.972533,58.434721,6,1
01/10/2024,02/02/2024,37.727044,55.287314,54.233346,3,0
07/27/2023,08/15/2023,37.516184,50.925598,66.661854,4,0
09/29/2023,10/20/2023,37.783222,54.795785,56.21754,6,0
04/09/2023,05/02/2023,37.611703,56.646371,57.235696,4,0
10/11/2023,11/02/2023,37.564322,55.366359,55.347537,4,1
05/17/2023,06/05/2023,37.231144,52.917605,64.215447,6,0
01/07/2024,01/27/2024,37.688437,53.992761,57.370124,3,0
08/11/2024,09/01/2024,37.715236,55.878329,58.134034,4,0
08/25/2023,09/13/2023,37.849684,59.810105,55.813532,6,0
04/07/2023,04/26/2023,37.874962,55.361775,68.164082,6,1
09/06/2024,09/27/2024,37.347287,58.356571,58.62661,4,1
04/29/2023,05/20/2023,37.320055,51.067012,59.494232,6,0
11/18/2023,12/09/2023,37.801273,50.997852,70.024243,5,0
05/17/2023,06/09/2023,37.675622,51.990941,62.61734,4,0
01/19/2024,02/10/2024,37.27374,53.497569,55.383803,5,1
12/01/2024,12/23/2024,37.908459,59.870737,61.967621,4,0
10/03/2024,10/22/2024,37.534683,57.10595,63.308942,6,0
06/19/2023,07/09/2023,37.689618,56.482256,63.503548,6,1
08/13/2024,09/01/2024,37.86512,58.045905,59.475825,4,0
11/22/2024,12/14/2024,38.021669,57.060538,57.541291,4,0
03/02/2023,03/23/2023,37.445261,52.195075,64.84114,4,0
03/25/2023,04/14/2023,36.995356,59.061884,60.482496,3,0
10/31/2024,11/23/2024,37.756099,53.331364,57.783191,5,0
02/13/2023,03/07/2023,38.021915,57.115059,65.683753,6,0
04/14/2024,05/05/2024,38.022106,51.93657,68.07424,5,0
07/04/2024,07/24/2024,37.805668,57.37285,55.325398,4,0
03/28/2023,04/18/2023,37.616624,60.405189,62.84412,3,0
09/04/2023,09/26/2023,37.736792,50.922179,66.819379,4,0
03/09/2023,03/31/2023,38.203912,57.438321,49.957229,5,0
10/29/2024,11/17/2024,37.627892,58.021734,50.667888,6,0
05/18/2023,06/10/2023,37.818415,55.7461,56.469479,6,0
09/16/2023,10/09/2023,37.583143,52.232177,46.253322,5,0
08/16/2023,09/08/2023,37.69403,64.681086,65.821318,3,0
11/12/2023,12/01/2023,38.166416,51.293151,59.334802,5,0
07/16/2023,08/04/2023,37.523138,48.441057,52.535886,5,0
05/07/2024,05/27/2024,37.473954,51.304112,59.246859,5,0
01/04/2024,01/23/2024,37.395466,55.573893,60.762015,6,1
09/11/2024,10/01/2024,37.669159,50.894645,53.838841,5,0
06/09/2023,06/29/2023,37.822067,52.94659,59.42527,3,0
11/21/2023,12/12/2023,37.760771,52.847065,60.60925,3,0
12/23/2023,01/14/2024,37.807988,56.355043,63.788046,6,1
06/30/2024,07/22/2024,36.952191,52.114252,67.91254,6,0
11/05/2024,11/27/2024,37.404804,56.300048,56.520087,6,1
11/27/2023,12/16/2023,37.640329,52.708881,56.850244,4,0
01/25/2024,02/16/2024,37.411679,54.614051,50.43219,3,0
07/18/2023,08/09/2023,37.257637,53.850855,68.009971,5,0
02/13/2024,03/06/2024,37.732064,60.928501,54.638704,6,0
05/24/2023,06/16/2023,37.636627,54.675112,55.509713,5,0
11/09/2023,11/29/2023,37.685237,54.831164,58.076898,3,0
07/24/2023,08/14/2023,37.784885,52.788873,60.259022,5,0
04/10/2023,04/30/2023,37.785071,58.93863,57.575212,3,0
02/14/2024,03/07/2024,37.831879,53.978054,59.664604,5,0
12/27/2023,01/19/2024,37.53785,57.139648,57.50832,4,1
07/19/2024,08/08/2024,38.037919,53.291706,54.188723,5,0
06/13/2023,07/02/2023,38.076928,59.383234,55.493151,4,0
12/22/2023,01/14/2024,37.726085,60.354452,60.93301,5,0
07/31/2023,08/19/2023,37.752875,49.958184,51.275751,6,0
09/26/2023,10/15/2023,38.004321,55.766703,61.890747,5,0
07/29/2024,08/17/2024,37.732688,56.034702,53.941157,5,1
09/13/2024,10/06/2024,37.187122,55.320521,59.112613,6,1
03/11/2024,03/30/2024,37.562228,55.753648,61.983543,4,1
05/14/2023,06/05/2023,36.921632,54.082878,54.869835,5,0
01/15/2023,02/06/2023,37.969751,52.029131,58.597662,4,0
03/14/2024,04/06/2024,37.73742,55.60823,66.537921,5,0
04/24/2023,05/15/2023,37.510533,52.93938,56.280226,3,1
04/23/2024,05/13/2024,37.217032,55.550723,61.338966,3,0
02/25/2023,03/20/2023,37.376425,51.710227,57.912525,3,0
01/30/2023,02/19/2023,37.488479,55.142856,60.753768,4,1
04/30/2023,05/21/2023,37.722951,51.196295,62.495088,3,0
11/06/2023,11/25/2023,37.572145,56.012524,58.442285,3,1
08/30/2024,09/20/2024,37.028596,52.748792,55.254461,5,0
08/26/2023,09/15/2023,38.038839,51.017912,59.108033,6,0
05/22/2023,06/13/2023,37.863468,55.791029,59.757841,3,1
12/01/2023,12/24/2023,36.613163,52.243583,60.467195,6,0
01/25/2023,02/17/2023,37.520085,48.973161,56.602558,4,0
01/17/2023,02/06/2023,37.715242,57.371679,39.805291,5,0
07/20/2023,08/11/2023,37.585005,56.627489,57.183361,3,0
09/10/2024,10/02/2024,37.865624,57.255892,52.735494,4,0
09/19/2024,10/08/2024,37.304263,56.1223,54.645952,5,1
04/10/2024,04/30/2024,37.35578,53.944709,55.496854,4,1
11/11/2024,12/04/2024,37.418881,58.75791,54.178286,5,1
11/04/2023,11/26/2023,37.853814,55.364001,51.889041,4,0
01/20/2024,02/09/2024,37.388075,50.761427,47.169549,5,0
04/28/2023,05/20/2023,37.509192,60.112907,56.71305,4,0
06/23/2023,07/15/2023,37.006737,53.872161,61.65518,5,0
04/12/2023,05/04/2023,37.626383,55.118326,54.578744,4,1
05/14/2023,06/04/2023,38.176855,54.780387,69.974814,5,0
09/10/2023,09/29/2023,37.443592,57.583471,64.578741,6,0
01/23/2023,02/12/2023,37.2686,54.476851,52.951178,3,0
08/03/2023,08/24/2023,38.192718,55.087403,63.120406,5,0
08/23/2024,09/12/2024,37.551523,58.569225,59.017265,4,0
04/28/2024,05/21/2024,37.335341,52.797721,60.5013,4,0
03/01/2023,03/21/2023,37.849871,51.0794,61.318726,4,0
11/09/2023,11/28/2023,37.827309,54.018275,60.614876,4,1
02/01/2023,02/20/2023,37.882908,54.241223,59.443289,6,1
03/26/2023,04/15/2023,37.567007,57.06543,59.851042,3,0
05/25/2023,06/17/2023,37.967898,53.124804,58.738431,6,0
11/08/2024,11/27/2024,37.979002,53.549856,55.914895,4,1
11/16/2023,12/06/2023,37.741943,47.463184,59.875288,6,0
01/24/2024,02/16/2024,37.896405,50.342434,54.924411,3,0
09/01/2023,09/21/2023,38.027078,52.760592,48.434391,6,0
01/01/2024,01/21/2024,38.062231,49.112474,51.013107,3,0
02/18/2024,03/11/2024,37.319874,55.915721,45.395411,5,1
01/02/2024,01/21/2024,37.492257,53.620011,63.446369,3,0
12/16/2023,01/04/2024,37.817291,50.458576,53.781539,5,0
08/31/2023,09/22/2023,37.48304,53.84421,59.006213,6,1
02/14/2023,03/07/2023,38.005258,55.245319,58.040074,6,1
09/06/2023,09/28/2023,37.518731,54.228473,57.581864,6,1
10/25/2023,11/17/2023,37.462891,55.213207,57.959904,4,1
06/18/2024,07/09/2024,37.755101,51.876973,48.260478,3,0
06/22/2023,07/13/2023,37.430949,53.673098,49.167319,5,0
01/12/2023,02/03/2023,37.635825,55.255406,61.606833,4,0
03/25/2023,04/15/2023,37.409231,56.4786,58.268755,4,1
07/01/2023,07/20/2023,37.356247,57.01201,60.325494,5,1
03/08/2024,03/27/2024,37.72067,54.578533,44.4289,4,0
10/17/2024,11/07/2024,37.346226,58.459932,52.837725,3,1
12/27/2024,01/19/2025,37.160072,53.600499,55.518105,6,0
10/19/2024,11/07/2024,37.888878,59.048304,61.766645,3,0
01/14/2024,02/03/2024,37.582519,53.864114,57.029439,3,1
07/09/2024,08/01/2024,37.595649,53.46583,64.871554,4,0
09/02/2023,09/25/2023,37.780155,51.964494,65.810651,4,0
09/10/2023,10/01/2023,37.692495,54.315649,54.276426,5,0
02/25/2023,03/16/2023,37.469435,52.832101,60.815446,4,1
04/01/2023,04/24/2023,37.40739,54.44789,73.494512,5,0
04/18/2023,05/10/2023,37.052145,54.739876,69.046062,4,0
04/16/2024,05/09/2024,38.092997,50.228554,67.376738,5,0
09/05/2024,09/28/2024,37.437387,54.920532,54.320318,6,0
11/09/2024,11/28/2024,37.263555,56.768265,61.234341,5,1
01/22/2024,02/14/2024,37.538652,55.972953,64.252519,3,0
09/18/2023,10/08/2023,38.054285,54.306357,63.753253,3,0
12/27/2024,01/15/2025,37.343963,53.395363,63.1741,5,1
10/20/2023,11/08/2023,37.251804,55.347706,45.23698,6,0
11/07/2023,11/30/2023,37.679022,57.633126,44.175615,5,0
12/31/2024,01/19/2025,37.401705,51.011947,57.246882,5,0
01/07/2023,01/28/2023,37.415732,51.799244,67.775003,6,0
05/09/2024,05/28/2024,37.746427,52.761116,69.050252,6,0
08/13/2023,09/01/2023,37.790743,54.526654,62.092508,5,1
01/24/2023,02/12/2023,37.746176,53.440232,59.173195,5,1
08/20/2024,09/11/2024,37.132931,57.125555,54.097774,3,1
04/19/2024,05/12/2024,37.797421,51.85635,61.403908,5,0
11/24/2024,12/15/2024,37.607591,53.140129,62.53387,6,1
07/23/2024,08/12/2024,37.32546,51.95024,45.313294,3,0
06/19/2024,07/09/2024,37.238968,57.780773,60.388005,6,0
04/06/2023,04/27/2023,37.06388,54.071762,59.874467,4,0
01/01/2024,01/20/2024,37.985426,55.790663,59.706332,5,0
07/17/2023,08/09/2023,37.326308,57.547103,54.290259,3,0
08/03/2024,08/23/2024,37.90047,49.87884,50.497694,4,0
09/10/2023,09/29/2023,37.506312,57.69674,61.155111,4,0
06/03/2024,06/26/2024,37.31155,59.58294,49.106766,4,0
05/18/2024,06/06/2024,38.295112,56.492092,61.450582,6,0
05/19/2023,06/11/2023,37.277317,51.936124,47.341828,5,0
07/06/2024,07/25/2024,37.04591,57.472199,56.432313,4,0
09/20/2023,10/11/2023,37.637112,55.041523,63.920455,6,1
05/15/2023,06/05/2023,37.773047,54.390871,62.706019,5,0
07/30/2023,08/22/2023,37.655796,47.81717,54.454046,6,0
06/02/2024,06/23/2024,37.449167,56.840305,66.187613,5,0
07/19/2024,08/07/2024,37.241108,55.843864,65.739675,4,0
09/28/2023,10/17/2023,38.16137,54.296343,60.8358,3,0
05/21/2024,06/10/2024,37.436372,52.980419,71.705962,4,0
01/02/2023,01/23/2023,37.79805,57.955749,58.282432,6,0
09/20/2024,10/09/2024,37.763582,56.18618,55.684564,3,0
12/09/2024,01/01/2025,37.60849,53.526034,51.064081,4,1
11/23/2023,12/12/2023,37.568613,54.446935,58.678596,5,1
12/15/2024,01/03/2025,37.6819,54.531168,50.127963,4,0
02/14/2024,03/08/2024,37.749294,51.805667,56.02784,5,1
12/02/2024,12/25/2024,37.398741,59.875799,67.099785,5,0
06/24/2024,07/15/2024,37.33373,50.194572,54.861275,4,0
02/22/2024,03/16/2024,37.270607,58.605661,53.397026,5,0
04/09/2023,04/28/2023,37.539534,56.770732,59.086663,6,0
07/20/2023,08/11/2023,37.589631,61.344701,59.815221,3,0
05/07/2024,05/29/2024,37.468793,54.545845,54.288386,4,0
03/04/2024,03/27/2024,37.81424,53.272214,57.797233,4,0
09/07/2023,09/26/2023,37.488406,50.092103,62.752198,6,0
01/14/2024,02/03/2024,37.490497,54.537195,65.867525,4,0
10/22/2024,11/13/2024,37.214574,57.64187,53.629864,5,0
07/04/2023,07/23/2023,37.607973,61.661109,63.878212,3,0
04/05/2023,04/24/2023,37.433011,56.884941,50.020573,5,0
12/15/2024,01/03/2025,37.265391,59.095778,57.930222,5,1
11/22/2024,12/13/2024,38.049508,57.596838,49.590028,5,0
05/30/2024,06/18/2024,37.127291,56.442755,47.842393,4,0
06/23/2023,07/15/2023,37.64488,57.183113,67.733567,6,1
08/31/2023,09/19/2023,38.054209,57.296714,52.19908,5,0
03/26/2023,04/17/2023,37.652351,57.64337,56.782351,4,0
05/05/2024,05/24/2024,37.153139,54.212067,57.499593,5,0
08/19/2023,09/08/2023,37.725709,54.994135,63.92264,6,0
05/17/2024,06/09/2024,37.697428,52.246218,66.626253,6,0
11/05/2023,11/24/2023,37.921064,52.134895,64.021978,3,0
11/30/2023,12/20/2023,37.903875,54.413821,57.129116,5,1
11/19/2023,12/08/2023,37.695715,61.246874,59.452323,4,0
12/06/2024,12/26/2024,37.463449,59.17898,65.620916,4,0
08/16/2023,09/08/2023,37.762941,55.640341,55.488282,3,0
03/03/2024,03/25/2024,37.766509,53.889252,56.150913,3,0
03/09/2024,03/29/2024,37.532089,53.057987,54.859771,3,0
06/05/2023,06/27/2023,37.210908,60.993256,54.375805,4,0
06/08/2024,06/29/2024,37.872958,53.151299,60.682674,4,0
09/08/2024,10/01/2024,37.474809,59.410268,59.27234,3,0
12/03/2023,12/25/2023,37.40038,57.15072,49.05048,6,0
