Farm_ID,Cow_ID,Date,Breed,Age_Years,Location,Lactation_Month,Disease_Stage,Health_Status,Feed_Quality,Monthly_Milk_Litres,Fat_Percentage,SNF_Percentage,Local_Milk_Price_LKR_per_Litre,Expected_Milk_Yield_Next_Month
F331,C1,2024-03-28,Jersey,5,Polonnaruwa,7,3,Sick,Medium,137.62,4.28,8.36,175.92,126.16
F444,C2,2024-10-03,Local,9,Nuwara Eliya,8,1,At_Risk,Low,45.8,4.44,9.14,174.42,44.58
F188,C3,2024-09-27,Holstein,7,Matale,10,0,Healthy,High,231.25,4.18,8.6,172.73,217.65
F274,C4,2024-03-29,Holstein,8,Kandy,3,3,Sick,Low,210.01,4.62,8.88,185.21,219.07
F264,C5,2024-02-04,Local,10,Anuradhapura,2,0,Healthy,Low,66.47,3.81,8.88,180.3,68.59
F191,C6,2024-08-05,Crossbreed,3,Monaragala,4,1,At_Risk,Low,161.94,4.18,8.75,175.5,152.22
F296,C7,2024-07-31,Local,5,Kurunegala,10,1,At_Risk,High,63.71,3.62,8.4,167.1,59.11
F301,C8,2024-03-05,Crossbreed,6,Badulla,2,1,At_Risk,Low,210.74,4.29,8.48,178.83,179.79
F419,C9,2024-10-15,Local,9,Monaragala,9,0,Healthy,Low,50.45,3.52,8.4,179.43,48.99
F407,C10,2024-03-02,Local,8,Badulla,10,1,At_Risk,Medium,63.48,4.61,8.65,178.01,58.09
F5,C11,2024-08-05,Jersey,9,Monaragala,3,0,Healthy,Low,334.19,4.0,9.17,186.98,299.83
F241,C12,2024-02-21,Holstein,10,Anuradhapura,7,1,At_Risk,Medium,272.9,4.07,8.4,188.62,262.71
F187,C13,2024-08-30,Crossbreed,6,Kandy,4,0,Healthy,High,203.35,4.48,8.43,176.34,179.4
F128,C14,2024-12-13,Local,10,Matale,2,0,Healthy,Medium,78.65,3.78,8.62,185.47,72.46
F456,C15,2024-05-16,Crossbreed,2,Nuwara Eliya,1,0,Healthy,Low,184.97,4.56,9.06,175.74,175.16
F180,C16,2024-04-22,Holstein,4,Anuradhapura,1,0,Healthy,Medium,369.93,3.72,8.42,178.36,319.24
F187,C17,2024-04-22,Jersey,5,Badulla,10,0,Healthy,High,230.39,4.43,8.35,194.25,240.83
F160,C18,2024-07-16,Holstein,8,Nuwara Eliya,6,0,Healthy,Medium,490.51,3.81,8.34,177.89,440.68
F198,C19,2024-08-27,Crossbreed,8,Kandy,4,2,Sick,High,117.58,4.45,8.57,187.15,118.72
F147,C20,2024-05-27,Crossbreed,7,Matale,9,1,At_Risk,High,144.53,3.92,8.42,183.42,141.5
F473,C21,2024-05-30,Holstein,10,Matale,4,1,At_Risk,High,379.68,4.72,8.34,184.02,363.84
F385,C22,2024-10-30,Holstein,4,Nuwara Eliya,10,0,Healthy,Low,255.93,4.78,8.72,183.02,266.96
F404,C23,2024-05-31,Local,6,Polonnaruwa,5,2,Sick,Medium,46.36,3.86,8.9,185.53,43.16
F112,C24,2024-04-08,Crossbreed,9,Anuradhapura,1,2,Sick,Low,158.91,4.52,8.87,186.81,166.01
F398,C25,2024-10-03,Crossbreed,3,Monaragala,2,0,Healthy,Low,187.47,4.79,8.38,178.26,166.05
F375,C26,2024-01-22,Crossbreed,9,Nuwara Eliya,8,2,Sick,Medium,130.11,4.24,8.29,179.75,116.94
F284,C27,2024-11-12,Holstein,7,Kurunegala,6,0,Healthy,Low,487.06,4.32,8.99,183.25,462.63
F6,C28,2024-04-08,Holstein,4,Badulla,4,2,Sick,Medium,234.59,4.79,8.67,183.49,234.48
F253,C29,2024-06-09,Crossbreed,9,Badulla,5,0,Healthy,Medium,221.86,4.24,9.18,173.91,202.64
F431,C30,2024-12-07,Crossbreed,10,Anuradhapura,2,0,Healthy,High,233.77,4.71,8.27,181.28,215.48
F170,C31,2024-09-03,Crossbreed,3,Matale,10,0,Healthy,Medium,169.21,3.68,8.91,177.86,158.04
F264,C32,2024-05-21,Holstein,10,Kurunegala,2,1,At_Risk,Medium,283.35,3.51,8.83,168.99,291.29
F125,C33,2024-05-29,Crossbreed,3,Kurunegala,7,0,Healthy,Low,191.4,3.55,8.67,176.35,185.31
F53,C34,2024-02-29,Local,2,Monaragala,6,0,Healthy,Low,92.95,3.97,8.33,180.14,83.02
F308,C35,2024-05-23,Holstein,8,Badulla,5,0,Healthy,Medium,362.92,4.19,8.74,184.65,379.31
F117,C36,2024-11-13,Crossbreed,4,Badulla,10,2,Sick,Medium,78.25,4.07,8.28,171.21,79.6
F89,C37,2024-08-24,Holstein,6,Nuwara Eliya,9,0,Healthy,Low,376.22,4.08,8.44,172.68,340.85
F185,C38,2024-10-11,Holstein,6,Kurunegala,7,1,At_Risk,High,328.67,3.82,8.56,183.36,287.0
F341,C39,2024-02-08,Holstein,2,Kandy,5,0,Healthy,High,594.88,3.73,8.22,182.57,546.85
F147,C40,2024-04-05,Crossbreed,8,Polonnaruwa,5,0,Healthy,High,273.39,4.65,8.46,176.81,279.21
F340,C41,2024-05-31,Crossbreed,5,Polonnaruwa,5,1,At_Risk,High,231.8,4.73,9.07,190.03,228.42
F330,C42,2024-02-12,Local,2,Matale,3,0,Healthy,Medium,92.74,4.72,8.59,196.42,82.46
F418,C43,2024-04-24,Local,4,Kandy,2,1,At_Risk,Medium,61.35,4.35,8.59,187.13,55.6
F164,C44,2024-12-22,Crossbreed,6,Polonnaruwa,4,0,Healthy,Medium,271.76,3.55,8.62,184.85,271.8
F224,C45,2024-02-06,Holstein,2,Nuwara Eliya,3,1,At_Risk,High,324.63,3.83,8.78,185.64,291.43
F342,C46,2024-07-05,Local,8,Kurunegala,7,2,Sick,Low,36.57,4.67,8.71,193.23,31.81
F367,C47,2024-05-23,Jersey,10,Badulla,4,2,Sick,Medium,197.1,4.74,8.88,187.05,185.22
F181,C48,2024-02-11,Crossbreed,10,Kurunegala,3,1,At_Risk,High,151.01,4.73,8.98,179.57,157.78
F442,C49,2024-09-09,Crossbreed,6,Matale,10,1,At_Risk,Medium,122.09,4.42,9.17,187.96,124.25
F496,C50,2024-12-30,Jersey,10,Polonnaruwa,8,2,Sick,Medium,196.65,3.61,8.28,185.83,181.73
F445,C51,2024-12-29,Holstein,2,Matale,4,3,Sick,Medium,268.43,4.48,8.58,176.47,258.14
F476,C52,2024-11-12,Local,4,Badulla,10,0,Healthy,High,58.21,3.51,8.67,166.23,59.06
F417,C53,2024-04-26,Crossbreed,2,Anuradhapura,7,1,At_Risk,Medium,130.68,4.02,8.68,171.86,136.26
F47,C54,2024-08-20,Crossbreed,7,Matale,5,3,Sick,High,121.27,3.83,8.9,169.81,108.34
F272,C55,2024-12-23,Holstein,6,Anuradhapura,1,1,At_Risk,Medium,341.23,4.46,9.12,193.77,321.14
F357,C56,2024-02-10,Holstein,9,Monaragala,5,0,Healthy,High,511.71,4.0,8.43,175.32,461.56
F35,C57,2024-09-09,Local,2,Badulla,6,0,Healthy,High,71.97,4.28,8.47,175.46,74.71
F119,C58,2024-10-15,Jersey,6,Kandy,3,1,At_Risk,High,265.83,4.71,9.07,178.0,267.29
F417,C59,2024-04-07,Local,2,Polonnaruwa,2,0,Healthy,Low,94.48,4.01,9.03,181.48,81.0
F437,C60,2024-01-23,Local,6,Polonnaruwa,1,0,Healthy,Low,100.7,4.56,9.2,195.53,101.08
F446,C61,2024-10-14,Crossbreed,4,Kurunegala,5,0,Healthy,High,208.57,3.67,9.15,178.82,179.24
F54,C62,2024-08-23,Holstein,8,Nuwara Eliya,8,1,At_Risk,High,346.86,4.5,8.72,192.04,333.74
F435,C63,2024-04-12,Local,2,Matale,9,0,Healthy,Low,40.12,4.48,8.82,188.88,35.2
F249,C64,2024-06-14,Holstein,7,Monaragala,2,1,At_Risk,Low,389.51,4.22,8.29,186.73,366.21
F340,C65,2024-03-09,Local,4,Anuradhapura,7,1,At_Risk,High,77.88,4.1,9.04,186.38,81.46
F183,C66,2024-12-01,Jersey,3,Kandy,5,0,Healthy,Low,345.01,3.81,8.28,170.68,303.74
F160,C67,2024-03-01,Holstein,9,Badulla,6,0,Healthy,High,445.51,4.04,9.07,180.7,395.81
F233,C68,2024-01-12,Holstein,6,Nuwara Eliya,3,0,Healthy,High,419.65,3.73,8.29,169.71,374.02
F239,C69,2024-02-25,Local,2,Kandy,2,0,Healthy,High,91.28,3.55,9.0,178.06,93.54
F214,C70,2024-01-14,Jersey,5,Anuradhapura,1,2,Sick,Medium,211.91,3.74,8.41,174.81,206.33
F407,C71,2024-08-25,Jersey,9,Badulla,7,1,At_Risk,Medium,187.38,3.69,8.33,180.64,187.37
F441,C72,2024-09-29,Jersey,7,Badulla,2,0,Healthy,Low,257.73,3.85,8.58,168.9,229.97
F111,C73,2024-08-15,Local,10,Badulla,10,2,Sick,Medium,40.4,4.38,8.99,183.77,38.68
F320,C74,2024-08-13,Jersey,9,Kandy,2,1,At_Risk,Low,256.02,3.99,8.54,187.89,230.13
F350,C75,2024-11-26,Jersey,6,Polonnaruwa,6,3,Sick,Low,96.06,3.79,8.57,177.66,83.34
F6,C76,2024-11-17,Local,8,Kurunegala,8,2,Sick,Medium,34.86,3.52,8.9,185.15,33.65
F203,C77,2024-01-26,Local,7,Kandy,4,3,Sick,Medium,40.25,4.44,9.02,188.77,36.47
F1,C78,2024-03-30,Jersey,7,Badulla,5,3,Sick,Low,160.49,3.76,8.94,178.2,161.06
F10,C79,2024-09-17,Holstein,6,Polonnaruwa,6,0,Healthy,Low,495.55,3.92,8.79,176.58,427.5
F408,C80,2024-02-07,Crossbreed,9,Kurunegala,2,2,Sick,Medium,107.12,4.39,8.96,185.81,99.87
F76,C81,2024-02-04,Crossbreed,6,Matale,1,2,Sick,Medium,161.14,3.66,8.93,185.37,166.83
F339,C82,2024-03-18,Jersey,9,Kurunegala,6,2,Sick,High,200.32,4.54,9.03,179.13,191.23
F179,C83,2024-05-04,Holstein,10,Kandy,4,2,Sick,Low,291.27,4.56,8.64,183.14,265.14
F435,C84,2024-02-08,Local,2,Kurunegala,7,0,Healthy,Low,96.88,4.0,8.74,188.13,84.61
F500,C85,2024-08-18,Local,4,Matale,6,1,At_Risk,Low,57.87,3.68,8.99,179.2,55.82
F10,C86,2024-01-05,Holstein,10,Kurunegala,6,0,Healthy,Low,350.3,4.47,8.23,186.1,359.19
F157,C87,2024-05-15,Local,7,Kurunegala,1,2,Sick,Low,38.98,4.6,8.33,183.95,34.3
F148,C88,2024-01-11,Holstein,3,Monaragala,4,0,Healthy,High,499.61,4.24,8.92,184.38,520.5
F104,C89,2024-07-28,Crossbreed,7,Kandy,8,0,Healthy,Low,174.31,3.87,8.81,186.94,169.48
F287,C90,2024-02-20,Holstein,5,Monaragala,8,3,Sick,Low,209.43,3.53,8.85,180.72,208.86
F182,C91,2024-11-08,Crossbreed,10,Polonnaruwa,8,3,Sick,Low,79.79,3.65,9.18,183.28,73.12
F313,C92,2024-04-26,Local,8,Nuwara Eliya,6,0,Healthy,High,82.0,3.99,8.94,174.01,79.6
F17,C93,2024-05-07,Crossbreed,5,Kandy,3,0,Healthy,Medium,269.58,3.95,8.55,184.25,241.25
F63,C94,2024-05-29,Local,7,Matale,3,0,Healthy,Low,89.9,4.04,9.11,177.65,80.37
F63,C95,2024-07-07,Jersey,6,Monaragala,2,0,Healthy,High,356.7,4.1,8.76,188.21,316.35
F158,C96,2024-10-11,Holstein,2,Polonnaruwa,7,0,Healthy,Low,381.93,4.05,9.0,177.49,372.38
F114,C97,2024-08-09,Crossbreed,4,Polonnaruwa,8,0,Healthy,High,213.2,4.09,8.72,179.72,205.08
F162,C98,2024-03-27,Local,2,Kurunegala,4,0,Healthy,High,64.53,4.48,8.47,192.75,67.48
F328,C99,2024-02-23,Jersey,8,Nuwara Eliya,2,1,At_Risk,Medium,194.36,3.79,8.43,181.34,178.39
F288,C100,2024-04-29,Crossbreed,4,Monaragala,5,2,Sick,Medium,144.54,4.44,9.01,194.17,146.19
F263,C101,2024-06-09,Local,5,Matale,4,1,At_Risk,Medium,61.45,3.88,9.1,169.06,54.79
F234,C102,2024-07-13,Crossbreed,4,Kurunegala,3,1,At_Risk,Medium,174.07,4.66,9.02,183.44,168.51
F342,C103,2024-12-29,Crossbreed,6,Polonnaruwa,4,0,Healthy,Low,250.6,3.97,9.06,174.09,220.03
F9,C104,2024-02-09,Crossbreed,9,Badulla,10,3,Sick,Medium,61.79,3.74,8.68,177.65,61.16
F98,C105,2024-08-02,Holstein,8,Anuradhapura,9,0,Healthy,High,332.32,4.05,8.33,188.51,327.88
F486,C106,2024-03-16,Holstein,3,Kurunegala,6,0,Healthy,High,470.7,4.15,8.27,179.6,419.53
F309,C107,2024-06-21,Crossbreed,7,Anuradhapura,10,0,Healthy,Low,173.55,4.64,8.8,188.41,176.61
F149,C108,2024-09-23,Crossbreed,3,Monaragala,5,0,Healthy,High,245.94,3.61,8.8,171.01,223.25
F406,C109,2024-03-09,Jersey,2,Polonnaruwa,4,1,At_Risk,High,290.33,4.73,8.6,196.38,274.87
F491,C110,2024-07-19,Jersey,5,Kandy,10,0,Healthy,High,178.3,4.59,9.05,195.0,179.04
F39,C111,2024-10-17,Local,10,Nuwara Eliya,5,0,Healthy,Low,103.69,4.14,8.89,180.1,105.12
F445,C112,2024-01-17,Jersey,4,Anuradhapura,5,0,Healthy,Low,338.53,3.97,8.29,188.05,352.09
F215,C113,2024-07-16,Crossbreed,2,Matale,7,0,Healthy,Medium,187.38,4.63,8.93,192.43,196.02
F16,C114,2024-07-17,Local,10,Badulla,2,1,At_Risk,High,77.72,3.57,8.87,166.58,81.59
F328,C115,2024-11-10,Jersey,6,Nuwara Eliya,10,0,Healthy,High,193.0,3.66,8.93,170.45,200.5
F483,C116,2024-04-17,Holstein,5,Nuwara Eliya,2,2,Sick,High,251.42,4.58,8.24,187.73,219.77
F497,C117,2024-01-04,Crossbreed,4,Badulla,2,1,At_Risk,High,148.55,4.44,8.27,180.71,149.76
F34,C118,2024-09-07,Local,3,Matale,9,0,Healthy,Low,55.65,4.64,8.62,185.64,57.03
F236,C119,2024-07-03,Holstein,4,Nuwara Eliya,2,0,Healthy,High,317.13,3.57,8.29,166.45,306.4
F376,C120,2024-06-06,Local,10,Kurunegala,9,0,Healthy,Low,59.38,4.45,8.2,183.85,60.6
F344,C121,2024-05-19,Jersey,6,Monaragala,2,0,Healthy,High,227.41,4.78,8.63,185.49,236.8
F333,C122,2024-08-13,Crossbreed,6,Monaragala,5,0,Healthy,Medium,204.29,4.64,9.14,185.75,180.47
F330,C123,2024-04-16,Holstein,5,Badulla,4,0,Healthy,Medium,585.68,4.34,8.81,183.65,518.51
F177,C124,2024-01-09,Jersey,10,Kurunegala,10,0,Healthy,Low,238.51,3.96,8.26,188.98,246.99
F160,C125,2024-08-14,Crossbreed,2,Nuwara Eliya,10,0,Healthy,Medium,130.98,4.49,8.9,177.98,117.21
F476,C126,2024-01-29,Holstein,10,Monaragala,8,1,At_Risk,Medium,357.65,3.62,9.08,171.51,367.58
F472,C127,2024-05-03,Crossbreed,3,Nuwara Eliya,9,2,Sick,Low,107.84,4.35,8.75,175.24,99.7
F461,C128,2024-03-21,Holstein,6,Badulla,8,0,Healthy,Low,410.68,4.75,8.31,195.39,354.13
F147,C129,2024-12-01,Crossbreed,4,Matale,3,0,Healthy,Medium,238.14,4.24,8.47,189.97,233.78
F188,C130,2024-01-07,Jersey,10,Kurunegala,1,0,Healthy,Medium,257.22,4.71,8.31,191.08,264.0
F415,C131,2024-03-22,Holstein,10,Monaragala,10,0,Healthy,High,361.7,3.67,8.54,181.57,366.61
F188,C132,2024-12-09,Jersey,3,Nuwara Eliya,7,0,Healthy,Medium,291.16,4.78,8.83,183.0,295.16
F222,C133,2024-02-06,Holstein,4,Monaragala,6,2,Sick,High,268.14,4.75,8.54,190.15,233.41
F394,C134,2024-07-11,Crossbreed,5,Monaragala,4,1,At_Risk,High,135.0,3.89,8.91,170.25,116.31
F381,C135,2024-01-07,Local,3,Matale,8,2,Sick,Low,65.42,4.76,8.95,180.2,56.47
F226,C136,2024-10-11,Crossbreed,7,Matale,1,0,Healthy,Low,230.8,3.83,8.2,171.48,239.77
F462,C137,2024-03-24,Jersey,10,Kurunegala,3,0,Healthy,Low,369.22,4.4,8.42,175.65,362.17
F84,C138,2024-09-18,Local,2,Matale,3,3,Sick,High,27.85,4.45,9.11,191.65,27.9
F497,C139,2024-10-07,Local,4,Monaragala,5,0,Healthy,High,79.24,4.44,8.95,178.41,78.69
F50,C140,2024-07-17,Holstein,9,Kandy,2,0,Healthy,Medium,360.83,3.62,8.35,175.27,351.9
F273,C141,2024-08-23,Crossbreed,9,Polonnaruwa,5,3,Sick,Medium,103.57,4.54,8.68,177.75,93.17
F72,C142,2024-03-04,Jersey,7,Anuradhapura,9,0,Healthy,Low,178.18,4.35,8.53,185.31,167.68
F301,C143,2024-08-04,Holstein,6,Polonnaruwa,8,0,Healthy,Medium,380.9,4.12,8.8,177.03,389.29
F160,C144,2024-03-20,Local,10,Kurunegala,6,0,Healthy,High,75.51,3.64,8.44,186.13,71.46
F461,C145,2024-03-17,Holstein,2,Kurunegala,4,1,At_Risk,High,299.58,3.92,8.72,170.96,259.35
F375,C146,2024-10-31,Holstein,8,Anuradhapura,6,0,Healthy,Medium,418.1,4.4,9.0,178.0,434.96
F328,C147,2024-06-26,Jersey,7,Kandy,3,1,At_Risk,Low,291.12,4.3,8.5,191.7,283.86
F127,C148,2024-10-23,Crossbreed,8,Nuwara Eliya,4,1,At_Risk,High,188.61,4.28,8.98,182.42,166.5
F238,C149,2024-12-21,Local,7,Matale,2,1,At_Risk,High,75.75,4.12,8.82,177.78,75.66
F352,C150,2024-11-07,Local,6,Anuradhapura,7,1,At_Risk,Low,64.95,4.22,8.92,176.77,67.87
F350,C151,2024-07-31,Holstein,4,Badulla,3,1,At_Risk,Low,312.84,3.54,8.46,174.65,311.41
F435,C152,2024-04-05,Local,5,Polonnaruwa,8,1,At_Risk,Medium,75.23,4.5,8.7,185.87,72.79
F243,C153,2024-07-04,Jersey,6,Matale,10,0,Healthy,High,221.6,4.28,8.99,185.9,228.8
F87,C154,2024-10-24,Local,3,Kandy,3,1,At_Risk,Medium,88.39,3.67,8.92,184.88,79.33
F14,C155,2024-08-18,Jersey,8,Monaragala,2,0,Healthy,High,234.33,4.07,8.3,178.8,216.02
F449,C156,2024-06-12,Holstein,8,Polonnaruwa,2,0,Healthy,High,402.99,4.76,8.46,190.73,420.71
F133,C157,2024-10-02,Jersey,4,Monaragala,10,0,Healthy,Low,194.76,4.08,8.87,173.72,188.45
F165,C158,2024-10-31,Local,10,Badulla,1,0,Healthy,High,63.05,3.55,8.94,178.78,64.24
F20,C159,2024-10-08,Crossbreed,7,Polonnaruwa,8,0,Healthy,Medium,139.87,3.85,8.26,179.12,119.99
F490,C160,2024-10-02,Jersey,4,Nuwara Eliya,7,0,Healthy,High,331.57,3.91,8.71,169.93,347.26
F407,C161,2024-10-20,Crossbreed,3,Polonnaruwa,8,0,Healthy,Medium,235.03,4.25,8.45,182.93,206.34
F352,C162,2024-12-23,Jersey,3,Kurunegala,4,0,Healthy,Medium,351.01,4.76,8.29,191.05,359.31
F26,C163,2024-05-15,Crossbreed,3,Anuradhapura,6,1,At_Risk,Medium,200.29,3.99,8.22,174.78,204.88
F304,C164,2024-03-09,Jersey,9,Badulla,1,2,Sick,Medium,226.86,4.28,9.14,189.34,219.02
F245,C165,2024-03-17,Jersey,3,Anuradhapura,2,1,At_Risk,High,227.75,4.63,9.19,191.35,206.74
F489,C166,2024-10-05,Crossbreed,3,Monaragala,4,0,Healthy,Medium,192.51,4.37,9.01,188.95,180.41
F143,C167,2024-11-11,Crossbreed,9,Badulla,1,0,Healthy,Low,210.94,3.93,8.83,181.5,202.44
F462,C168,2024-11-25,Jersey,2,Monaragala,1,0,Healthy,High,285.0,3.52,8.79,168.57,285.53
F153,C169,2024-01-12,Crossbreed,4,Nuwara Eliya,9,0,Healthy,High,177.9,4.6,9.11,192.28,156.52
F493,C170,2024-01-21,Jersey,5,Polonnaruwa,5,1,At_Risk,Low,310.02,4.56,8.92,194.71,275.66
F470,C171,2024-10-01,Jersey,6,Badulla,7,2,Sick,Low,158.3,4.71,8.26,195.79,137.77
F420,C172,2024-06-06,Holstein,6,Kurunegala,4,0,Healthy,Low,426.82,4.54,8.74,181.63,423.93
F159,C173,2024-03-11,Crossbreed,5,Matale,1,2,Sick,High,127.48,3.66,9.06,182.6,115.89
F362,C174,2024-02-16,Jersey,9,Monaragala,1,3,Sick,Medium,130.63,4.55,8.75,176.37,135.89
F378,C175,2024-04-30,Local,7,Kandy,7,2,Sick,Medium,62.46,3.8,8.41,180.22,63.58
F60,C176,2024-06-15,Holstein,9,Polonnaruwa,8,0,Healthy,Low,347.83,4.51,8.47,191.55,342.1
F226,C177,2024-06-09,Jersey,4,Badulla,2,1,At_Risk,Medium,243.09,4.26,8.37,187.34,217.16
F78,C178,2024-03-17,Crossbreed,7,Nuwara Eliya,1,0,Healthy,Low,210.11,4.29,8.75,177.54,203.58
F425,C179,2024-08-28,Local,3,Kandy,9,0,Healthy,Low,62.28,4.38,8.64,182.72,53.14
F229,C180,2024-12-18,Crossbreed,4,Nuwara Eliya,8,1,At_Risk,High,140.05,4.68,8.97,182.1,135.73
F444,C181,2024-01-05,Holstein,9,Kurunegala,9,0,Healthy,Low,283.33,4.3,8.64,189.64,244.79
F326,C182,2024-05-09,Jersey,9,Monaragala,5,2,Sick,High,225.96,4.19,8.52,178.56,236.99
F36,C183,2024-11-28,Jersey,7,Badulla,2,1,At_Risk,Medium,275.09,4.1,8.26,182.25,268.76
F396,C184,2024-05-15,Local,8,Nuwara Eliya,9,0,Healthy,High,42.77,4.09,8.96,177.85,43.16
F149,C185,2024-03-24,Jersey,4,Badulla,7,0,Healthy,Medium,339.04,4.71,8.74,193.94,330.47
F142,C186,2024-10-18,Local,9,Matale,2,2,Sick,High,39.58,4.57,8.98,189.87,36.05
F190,C187,2024-06-02,Local,3,Matale,2,0,Healthy,Low,72.7,3.81,8.71,184.61,70.53
F239,C188,2024-02-18,Holstein,7,Monaragala,7,3,Sick,Low,181.4,4.79,9.05,182.07,158.41
F14,C189,2024-03-13,Crossbreed,4,Anuradhapura,2,1,At_Risk,Medium,167.71,4.44,8.34,178.64,153.37
F450,C190,2024-10-07,Jersey,3,Kandy,3,0,Healthy,High,283.54,4.74,8.77,196.05,268.19
F483,C191,2024-01-25,Holstein,5,Kurunegala,1,1,At_Risk,High,294.37,4.67,9.03,183.05,289.44
F128,C192,2024-04-05,Jersey,9,Polonnaruwa,2,0,Healthy,Low,293.32,3.8,8.28,183.53,284.19
F151,C193,2024-10-13,Crossbreed,3,Polonnaruwa,4,0,Healthy,Medium,260.69,3.5,8.22,177.05,224.78
F457,C194,2024-03-23,Local,3,Nuwara Eliya,3,0,Healthy,Low,63.49,4.79,8.26,191.8,56.13
F260,C195,2024-04-12,Holstein,10,Nuwara Eliya,5,2,Sick,Low,270.63,3.73,8.89,179.66,242.42
F485,C196,2024-04-25,Holstein,8,Monaragala,5,0,Healthy,Low,393.44,4.35,9.05,187.99,366.28
F183,C197,2024-03-02,Holstein,8,Polonnaruwa,3,0,Healthy,Low,470.41,3.73,8.59,186.58,445.13
F213,C198,2024-08-29,Jersey,7,Matale,6,0,Healthy,Low,309.44,3.68,8.74,171.1,301.97
F405,C199,2024-11-03,Jersey,3,Kurunegala,5,0,Healthy,Medium,256.39,3.98,8.47,182.72,231.58
F413,C200,2024-02-11,Jersey,5,Nuwara Eliya,5,2,Sick,High,186.24,4.35,9.01,185.78,187.54
F97,C201,2024-01-10,Local,10,Polonnaruwa,1,0,Healthy,High,89.57,4.73,9.01,178.83,92.8
F401,C202,2024-12-08,Holstein,6,Badulla,8,2,Sick,Low,261.81,4.0,8.65,174.54,249.68
F43,C203,2024-04-18,Crossbreed,6,Polonnaruwa,3,1,At_Risk,Low,184.1,4.38,8.24,175.5,186.02
F436,C204,2024-07-29,Jersey,9,Polonnaruwa,3,0,Healthy,Low,326.29,4.0,8.66,189.83,320.5
F368,C205,2024-08-07,Jersey,6,Nuwara Eliya,3,0,Healthy,Low,374.58,3.59,8.62,167.55,385.74
F78,C206,2024-04-14,Jersey,9,Badulla,8,1,At_Risk,High,222.02,3.77,8.32,180.0,217.31
F374,C207,2024-09-25,Holstein,8,Matale,10,0,Healthy,Low,384.88,4.54,8.49,195.0,371.98
F473,C208,2024-04-23,Holstein,2,Nuwara Eliya,2,3,Sick,Low,164.49,3.98,8.63,178.59,170.84
F222,C209,2024-04-28,Local,6,Kandy,4,1,At_Risk,High,76.3,3.52,9.19,178.63,78.27
F151,C210,2024-08-23,Crossbreed,3,Monaragala,9,1,At_Risk,Low,98.75,4.77,8.95,188.86,85.0
F463,C211,2024-10-09,Jersey,7,Matale,6,3,Sick,Medium,149.41,3.56,8.36,168.23,155.84
F191,C212,2024-04-27,Local,8,Kurunegala,3,2,Sick,Low,67.58,4.2,8.79,182.17,65.08
F261,C213,2024-01-03,Local,10,Badulla,7,2,Sick,Medium,38.46,4.1,8.21,175.93,40.32
F231,C214,2024-08-06,Local,4,Polonnaruwa,8,0,Healthy,Medium,91.8,3.77,8.76,182.36,81.49
F14,C215,2024-04-30,Crossbreed,10,Kandy,9,1,At_Risk,High,83.25,4.49,8.24,189.81,86.72
F132,C216,2024-04-20,Holstein,5,Anuradhapura,9,0,Healthy,Medium,251.69,3.9,9.08,188.93,236.52
F202,C217,2024-02-07,Local,9,Kurunegala,4,0,Healthy,Medium,68.27,4.36,8.2,177.17,60.31
F186,C218,2024-02-24,Crossbreed,5,Kandy,9,0,Healthy,Medium,171.38,4.16,8.92,173.68,169.76
F366,C219,2024-07-29,Local,9,Nuwara Eliya,8,1,At_Risk,Low,78.25,3.85,9.03,178.47,67.43
F113,C220,2024-07-01,Crossbreed,7,Anuradhapura,10,0,Healthy,Medium,167.22,4.18,8.57,174.25,150.03
F401,C221,2024-07-16,Crossbreed,2,Anuradhapura,4,1,At_Risk,High,208.79,4.8,9.13,190.85,204.04
F461,C222,2024-04-16,Holstein,8,Kurunegala,6,1,At_Risk,Low,359.04,3.74,8.56,174.09,306.92
F499,C223,2024-03-09,Jersey,7,Anuradhapura,6,0,Healthy,Low,250.59,4.72,8.46,185.79,255.19
F231,C224,2024-10-21,Local,5,Nuwara Eliya,5,2,Sick,Medium,56.87,4.13,8.33,172.91,53.99
F31,C225,2024-03-24,Holstein,9,Kandy,1,1,At_Risk,Low,414.15,3.71,8.81,169.81,406.45
F220,C226,2024-09-26,Jersey,6,Matale,4,0,Healthy,Medium,258.56,3.87,8.46,173.64,232.68
F250,C227,2024-12-28,Local,10,Matale,6,2,Sick,Low,35.32,4.13,8.23,172.55,31.0
F148,C228,2024-05-22,Local,3,Monaragala,4,0,Healthy,Medium,80.84,4.67,8.22,189.98,82.98
F218,C229,2024-10-31,Crossbreed,9,Monaragala,5,0,Healthy,High,245.01,4.78,8.46,190.88,230.99
F490,C230,2024-11-22,Jersey,6,Kandy,9,1,At_Risk,Medium,167.09,3.65,8.35,171.01,164.88
F177,C231,2024-01-17,Holstein,2,Anuradhapura,1,3,Sick,Low,164.78,4.03,8.74,186.13,160.26
F98,C232,2024-05-23,Holstein,3,Matale,6,0,Healthy,Low,332.73,4.73,9.05,190.68,310.22
F243,C233,2024-11-14,Crossbreed,7,Badulla,7,0,Healthy,High,214.46,3.65,8.56,186.06,203.62
F213,C234,2024-03-19,Jersey,6,Kandy,7,0,Healthy,Low,254.6,4.48,8.72,178.9,261.2
F456,C235,2024-02-13,Holstein,9,Monaragala,9,3,Sick,Medium,158.83,3.54,8.27,174.68,152.12
F307,C236,2024-09-23,Holstein,4,Kandy,4,0,Healthy,Medium,514.2,4.57,8.58,191.21,458.02
F47,C237,2024-08-25,Crossbreed,9,Monaragala,10,0,Healthy,Medium,164.5,4.25,8.83,188.46,157.36
F363,C238,2024-02-09,Jersey,5,Monaragala,10,1,At_Risk,Low,151.89,4.3,8.56,190.94,144.51
F454,C239,2024-09-02,Crossbreed,8,Badulla,1,0,Healthy,Low,239.6,4.35,8.35,182.31,244.72
F260,C240,2024-04-11,Holstein,8,Matale,9,3,Sick,Medium,132.92,4.78,8.87,190.49,139.03
F133,C241,2024-08-14,Holstein,6,Badulla,7,1,At_Risk,Low,348.14,4.44,9.09,175.99,308.97
F364,C242,2024-12-29,Local,5,Anuradhapura,9,3,Sick,Low,19.49,4.49,9.19,192.93,17.79
F218,C243,2024-07-08,Holstein,3,Badulla,8,2,Sick,High,314.9,4.18,8.44,174.06,312.95
F384,C244,2024-05-29,Jersey,5,Polonnaruwa,3,3,Sick,Low,162.43,3.75,8.81,176.21,162.04
F423,C245,2024-07-19,Crossbreed,2,Monaragala,3,0,Healthy,Low,237.9,3.92,8.89,170.59,233.4
F143,C246,2024-07-09,Crossbreed,9,Matale,1,0,Healthy,Low,144.02,3.94,9.07,173.71,124.39
F252,C247,2024-11-28,Local,6,Anuradhapura,9,0,Healthy,High,68.61,4.67,8.43,192.85,70.65
F142,C248,2024-04-09,Jersey,2,Monaragala,3,2,Sick,Medium,162.52,3.72,8.59,174.79,150.54
F154,C249,2024-04-11,Jersey,4,Nuwara Eliya,3,3,Sick,High,119.97,4.05,8.24,185.3,108.7
F206,C250,2024-03-03,Holstein,4,Nuwara Eliya,9,3,Sick,Medium,162.78,4.41,9.04,193.74,156.57
F424,C251,2024-10-12,Jersey,10,Kurunegala,7,0,Healthy,Medium,323.78,3.65,8.9,177.31,278.2
F41,C252,2024-07-14,Jersey,9,Monaragala,1,0,Healthy,High,336.31,3.6,8.43,180.6,290.2
F477,C253,2024-03-02,Jersey,3,Matale,8,1,At_Risk,Low,244.92,4.66,8.39,178.18,247.1
F201,C254,2024-11-19,Jersey,3,Polonnaruwa,3,1,At_Risk,Low,296.5,3.83,8.42,178.07,303.53
F174,C255,2024-02-16,Holstein,9,Badulla,2,3,Sick,Low,144.3,4.4,8.28,192.21,126.62
F132,C256,2024-11-06,Crossbreed,5,Anuradhapura,3,0,Healthy,Medium,228.92,4.32,8.79,187.25,218.04
F361,C257,2024-09-13,Local,7,Badulla,4,2,Sick,Medium,76.86,3.84,8.47,177.86,69.47
F467,C258,2024-12-27,Crossbreed,7,Polonnaruwa,6,2,Sick,Medium,83.08,3.55,8.8,183.65,86.77
F486,C259,2024-02-18,Crossbreed,4,Polonnaruwa,1,0,Healthy,Medium,206.46,3.86,8.41,178.93,175.81
F363,C260,2024-11-05,Holstein,5,Nuwara Eliya,8,0,Healthy,Medium,369.51,4.54,8.77,185.65,382.94
F41,C261,2024-02-08,Local,9,Kurunegala,9,0,Healthy,High,63.07,3.65,8.55,176.65,59.83
F445,C262,2024-08-27,Crossbreed,2,Anuradhapura,3,0,Healthy,High,244.88,4.65,8.87,181.66,222.68
F431,C263,2024-08-02,Crossbreed,8,Kurunegala,10,3,Sick,Low,71.31,4.62,8.2,190.55,61.19
F239,C264,2024-03-24,Crossbreed,3,Nuwara Eliya,4,0,Healthy,Low,236.49,4.54,8.86,177.25,243.6
F331,C265,2024-09-22,Holstein,4,Monaragala,10,0,Healthy,High,380.53,4.37,8.88,180.94,361.67
F93,C266,2024-06-14,Crossbreed,7,Anuradhapura,3,0,Healthy,High,170.06,3.72,8.84,182.02,172.75
F474,C267,2024-12-22,Crossbreed,3,Polonnaruwa,8,0,Healthy,Low,174.13,3.88,8.69,180.34,152.3
F99,C268,2024-03-13,Jersey,10,Anuradhapura,1,1,At_Risk,High,266.1,4.6,8.89,184.6,242.49
F75,C269,2024-02-17,Holstein,3,Kurunegala,10,0,Healthy,High,300.65,4.25,8.96,174.48,256.29
F196,C270,2024-02-25,Crossbreed,7,Monaragala,9,1,At_Risk,High,132.32,3.99,8.37,178.51,132.63
F126,C271,2024-10-31,Jersey,4,Badulla,4,0,Healthy,Medium,346.87,4.33,8.54,174.73,301.87
F365,C272,2024-11-20,Holstein,9,Matale,5,0,Healthy,Low,404.47,4.78,8.65,191.57,362.29
F234,C273,2024-02-20,Jersey,4,Monaragala,8,3,Sick,Medium,117.67,3.55,8.23,173.26,100.57
F274,C274,2024-07-19,Crossbreed,6,Anuradhapura,5,2,Sick,High,128.8,3.99,8.67,178.78,134.83
F162,C275,2024-12-30,Local,2,Kandy,4,0,Healthy,Low,80.42,4.2,8.35,183.07,80.61
F383,C276,2024-01-21,Crossbreed,4,Polonnaruwa,7,0,Healthy,Low,218.86,4.42,8.38,184.35,228.34
F139,C277,2024-09-29,Crossbreed,5,Monaragala,7,0,Healthy,Medium,191.64,3.68,8.64,179.32,191.05
F5,C278,2024-05-24,Jersey,9,Badulla,2,0,Healthy,Medium,331.99,4.1,8.93,173.96,329.39
F246,C279,2024-05-28,Local,4,Anuradhapura,6,0,Healthy,Low,81.24,4.28,8.55,181.97,81.18
F147,C280,2024-06-02,Crossbreed,6,Kurunegala,7,2,Sick,High,102.68,4.64,9.14,179.38,107.43
F399,C281,2024-07-21,Holstein,7,Nuwara Eliya,4,1,At_Risk,Medium,377.26,3.87,8.4,183.94,389.99
F239,C282,2024-09-16,Crossbreed,3,Kurunegala,3,1,At_Risk,High,226.34,4.09,8.64,182.94,228.9
F63,C283,2024-10-20,Crossbreed,10,Kurunegala,3,0,Healthy,High,150.41,4.33,8.5,178.11,135.55
F298,C284,2024-11-15,Crossbreed,8,Matale,5,0,Healthy,Medium,211.99,4.39,8.92,187.75,192.88
F264,C285,2024-10-08,Holstein,10,Kandy,2,0,Healthy,Medium,362.41,4.74,8.21,197.36,368.1
F136,C286,2024-07-06,Crossbreed,8,Matale,7,0,Healthy,Low,165.27,4.32,8.27,173.31,162.24
F260,C287,2024-12-23,Holstein,5,Matale,1,1,At_Risk,Low,287.72,4.02,8.92,175.81,262.18
F358,C288,2024-01-16,Jersey,4,Matale,8,1,At_Risk,High,243.16,4.41,8.21,176.12,239.84
F184,C289,2024-04-20,Holstein,8,Kandy,1,2,Sick,Low,240.18,4.12,8.35,185.4,214.29
F231,C290,2024-02-22,Local,8,Kurunegala,2,0,Healthy,High,69.8,3.7,8.47,167.44,71.08
F31,C291,2024-12-02,Local,10,Polonnaruwa,1,0,Healthy,Low,55.82,3.78,8.62,182.99,55.48
F500,C292,2024-02-22,Crossbreed,5,Nuwara Eliya,10,1,At_Risk,High,88.03,4.39,8.44,188.18,88.98
F338,C293,2024-09-04,Crossbreed,5,Kurunegala,6,0,Healthy,High,213.18,3.85,8.7,174.19,208.04
F294,C294,2024-07-27,Holstein,2,Badulla,9,0,Healthy,High,227.52,4.16,8.25,177.12,196.25
F65,C295,2024-04-16,Local,9,Badulla,2,0,Healthy,High,67.33,4.46,8.52,176.64,60.87
F460,C296,2024-06-27,Crossbreed,5,Kurunegala,2,2,Sick,Medium,155.58,4.06,9.11,178.15,135.02
F23,C297,2024-07-31,Local,8,Kurunegala,10,0,Healthy,Low,54.12,4.32,8.9,173.29,53.72
F340,C298,2024-07-29,Jersey,2,Badulla,5,0,Healthy,High,269.44,4.38,9.14,179.18,263.74
F146,C299,2024-09-12,Crossbreed,2,Anuradhapura,10,0,Healthy,High,178.35,4.15,8.63,180.65,164.75
F329,C300,2024-06-14,Jersey,8,Monaragala,9,2,Sick,Medium,132.02,4.57,9.05,179.94,124.69
F263,C301,2024-10-18,Local,7,Badulla,8,0,Healthy,Medium,85.57,4.29,8.5,175.63,85.37
F13,C302,2024-11-08,Jersey,6,Badulla,6,1,At_Risk,Low,231.36,4.25,8.29,173.36,234.75
F470,C303,2024-12-02,Local,6,Polonnaruwa,6,0,Healthy,High,93.61,3.52,8.58,171.95,81.9
F171,C304,2024-08-15,Holstein,4,Matale,10,0,Healthy,Medium,293.2,4.19,8.8,172.1,251.66
F460,C305,2024-10-09,Holstein,7,Kurunegala,10,2,Sick,High,195.93,3.85,8.42,171.13,189.08
F442,C306,2024-01-07,Local,10,Badulla,10,0,Healthy,Medium,49.36,3.52,8.49,180.66,45.39
F471,C307,2024-08-04,Jersey,5,Kurunegala,5,0,Healthy,Low,381.89,4.38,8.75,190.4,346.84
F124,C308,2024-08-05,Holstein,5,Kurunegala,6,2,Sick,Low,291.46,4.72,8.8,186.67,281.68
F278,C309,2024-08-20,Crossbreed,10,Kandy,8,0,Healthy,Low,186.15,4.35,8.84,184.73,165.86
F181,C310,2024-12-25,Jersey,8,Monaragala,10,0,Healthy,High,223.19,4.52,8.78,178.14,230.17
F174,C311,2024-08-29,Holstein,2,Kurunegala,1,3,Sick,Low,175.91,4.44,8.74,175.61,173.8
F226,C312,2024-01-15,Crossbreed,6,Kurunegala,2,0,Healthy,High,161.94,3.56,8.62,171.64,149.12
F302,C313,2024-08-10,Jersey,6,Matale,10,3,Sick,Low,100.37,4.71,8.96,188.04,86.19
F11,C314,2024-12-16,Holstein,9,Kandy,6,0,Healthy,Medium,308.12,4.6,9.18,191.86,276.81
F332,C315,2024-05-18,Crossbreed,10,Monaragala,6,0,Healthy,Low,232.63,4.79,8.91,197.52,219.09
F285,C316,2024-02-28,Jersey,4,Badulla,2,0,Healthy,High,253.88,3.52,8.21,181.79,233.83
F484,C317,2024-04-03,Holstein,6,Monaragala,1,3,Sick,High,239.66,4.01,9.05,185.56,234.42
F74,C318,2024-02-05,Crossbreed,2,Matale,7,0,Healthy,Medium,189.94,4.5,8.7,175.24,175.01
F101,C319,2024-06-03,Crossbreed,6,Kurunegala,10,0,Healthy,Low,124.68,4.6,8.93,177.91,106.71
F93,C320,2024-11-22,Jersey,5,Kurunegala,3,0,Healthy,High,309.68,4.7,9.19,177.9,286.25
F274,C321,2024-06-21,Jersey,5,Polonnaruwa,4,2,Sick,Low,252.05,4.74,8.78,184.54,226.89
F116,C322,2024-12-08,Holstein,6,Kandy,4,0,Healthy,Low,514.16,3.81,8.39,186.46,489.06
F68,C323,2024-07-15,Jersey,10,Anuradhapura,9,0,Healthy,High,255.74,3.69,8.88,171.4,254.16
F327,C324,2024-06-02,Local,4,Kurunegala,8,0,Healthy,Low,67.64,4.59,8.34,184.5,69.57
F368,C325,2024-05-26,Local,5,Kandy,5,2,Sick,Medium,73.67,4.21,8.4,177.21,71.37
F447,C326,2024-07-07,Jersey,5,Monaragala,9,0,Healthy,High,248.25,4.1,8.3,187.53,247.1
F279,C327,2024-12-30,Jersey,9,Badulla,8,1,At_Risk,High,197.05,4.64,8.74,182.05,168.98
F391,C328,2024-04-12,Local,10,Matale,5,0,Healthy,High,84.99,4.18,8.25,191.26,77.42
F420,C329,2024-08-26,Holstein,4,Nuwara Eliya,4,2,Sick,Medium,235.93,3.75,8.51,182.13,220.17
F496,C330,2024-02-16,Local,3,Kandy,7,2,Sick,Medium,60.27,3.83,8.47,170.81,60.95
F426,C331,2024-07-20,Jersey,9,Matale,7,2,Sick,High,183.08,3.69,8.58,175.19,156.38
F111,C332,2024-06-01,Local,10,Anuradhapura,2,0,Healthy,Medium,87.94,4.13,8.56,190.28,77.03
F194,C333,2024-04-13,Local,7,Matale,5,2,Sick,Low,66.63,3.72,9.17,176.18,59.04
F251,C334,2024-06-17,Crossbreed,7,Anuradhapura,7,3,Sick,High,91.91,4.45,9.06,179.98,81.72
F109,C335,2024-07-01,Crossbreed,7,Badulla,6,1,At_Risk,Medium,123.15,3.65,8.96,179.92,118.21
F43,C336,2024-03-18,Jersey,4,Kurunegala,1,0,Healthy,Low,293.4,4.0,9.11,170.32,290.68
F339,C337,2024-07-11,Jersey,8,Nuwara Eliya,2,0,Healthy,Low,320.16,4.56,8.75,194.94,291.91
F458,C338,2024-03-29,Holstein,9,Nuwara Eliya,6,0,Healthy,Low,467.5,4.22,8.6,174.83,412.08
F375,C339,2024-04-23,Crossbreed,8,Kurunegala,4,0,Healthy,Medium,256.13,4.15,8.27,177.76,260.38
F331,C340,2024-10-09,Crossbreed,4,Anuradhapura,3,0,Healthy,Medium,237.62,3.57,8.75,171.45,221.54
F50,C341,2024-01-19,Holstein,2,Kurunegala,6,0,Healthy,High,484.07,4.29,8.45,180.02,477.06
F403,C342,2024-05-07,Jersey,8,Polonnaruwa,2,3,Sick,Low,140.24,4.37,8.83,177.68,140.26
F157,C343,2024-07-20,Jersey,5,Kandy,8,0,Healthy,Low,247.73,4.06,9.18,171.95,219.46
F177,C344,2024-07-22,Jersey,6,Kurunegala,6,3,Sick,Medium,127.5,3.75,8.78,171.59,110.26
F427,C345,2024-10-21,Jersey,3,Kandy,3,0,Healthy,High,290.28,3.87,8.86,188.07,256.73
F414,C346,2024-11-04,Crossbreed,5,Nuwara Eliya,6,0,Healthy,High,137.67,4.28,8.82,185.77,117.44
F100,C347,2024-02-28,Jersey,7,Matale,3,0,Healthy,Low,351.4,4.42,8.81,180.46,340.7
F405,C348,2024-09-04,Holstein,2,Badulla,4,0,Healthy,High,462.27,4.3,8.41,191.78,447.26
F83,C349,2024-05-17,Crossbreed,10,Badulla,2,0,Healthy,Medium,208.42,4.0,9.14,180.84,193.79
F341,C350,2024-05-06,Local,7,Kandy,10,3,Sick,High,19.34,3.51,8.63,166.95,19.56
F434,C351,2024-07-30,Local,10,Polonnaruwa,4,0,Healthy,High,119.78,3.8,8.75,181.41,106.7
F366,C352,2024-03-09,Local,2,Kandy,7,2,Sick,Medium,34.81,4.68,8.23,183.92,30.12
F94,C353,2024-10-30,Jersey,9,Matale,2,0,Healthy,Medium,282.34,3.78,8.8,179.7,258.8
F358,C354,2024-11-16,Holstein,7,Badulla,2,0,Healthy,High,426.04,3.87,8.99,176.65,383.72
F444,C355,2024-10-10,Holstein,4,Monaragala,8,2,Sick,High,252.42,3.77,9.0,174.37,260.77
F230,C356,2024-06-16,Holstein,10,Polonnaruwa,5,0,Healthy,Low,546.84,4.03,9.07,183.06,513.22
F256,C357,2024-05-14,Crossbreed,3,Kurunegala,5,2,Sick,High,122.21,4.08,8.22,176.82,105.25
F385,C358,2024-04-11,Crossbreed,9,Polonnaruwa,6,3,Sick,Low,62.62,4.49,8.61,188.0,55.22
F291,C359,2024-03-09,Holstein,2,Kurunegala,5,0,Healthy,High,516.05,4.65,9.01,190.2,439.47
F302,C360,2024-02-01,Jersey,8,Polonnaruwa,8,0,Healthy,High,307.17,3.6,9.07,182.56,310.82
F317,C361,2024-05-16,Local,5,Matale,5,1,At_Risk,Medium,70.05,3.85,8.43,174.87,60.63
F451,C362,2024-11-08,Jersey,8,Nuwara Eliya,3,0,Healthy,High,378.82,4.38,9.04,190.98,323.0
F247,C363,2024-04-13,Holstein,6,Anuradhapura,9,0,Healthy,Medium,344.81,4.0,8.69,178.59,352.6
F416,C364,2024-05-01,Jersey,7,Polonnaruwa,5,2,Sick,Medium,191.44,4.2,8.55,180.28,176.29
F127,C365,2024-05-26,Holstein,5,Kandy,3,0,Healthy,Low,402.97,3.9,8.37,173.87,369.58
F424,C366,2024-06-23,Holstein,9,Kurunegala,8,3,Sick,Low,173.53,4.48,9.07,188.38,173.66
F433,C367,2024-09-01,Jersey,3,Badulla,2,0,Healthy,High,342.52,4.32,8.73,175.51,299.17
F305,C368,2024-04-12,Crossbreed,9,Nuwara Eliya,7,1,At_Risk,High,127.75,4.01,9.1,174.19,119.3
F282,C369,2024-05-23,Local,2,Kurunegala,1,2,Sick,Low,58.73,4.03,9.09,174.74,50.04
F118,C370,2024-08-20,Local,9,Nuwara Eliya,9,2,Sick,High,37.14,4.64,8.4,178.95,35.52
F232,C371,2024-05-25,Holstein,4,Kandy,3,2,Sick,Low,370.92,4.11,8.28,178.86,382.18
F313,C372,2024-02-18,Holstein,9,Polonnaruwa,2,2,Sick,High,261.7,4.2,9.17,173.33,226.32
F182,C373,2024-07-24,Crossbreed,7,Anuradhapura,2,0,Healthy,High,251.67,4.23,8.52,176.7,232.67
F235,C374,2024-03-02,Crossbreed,5,Badulla,7,0,Healthy,Medium,207.36,4.35,8.91,173.67,211.19
F357,C375,2024-11-13,Crossbreed,3,Monaragala,9,2,Sick,Low,93.5,3.59,8.97,177.57,94.49
F265,C376,2024-08-07,Local,5,Nuwara Eliya,10,0,Healthy,Medium,65.18,4.31,8.94,176.5,60.49
F245,C377,2024-03-02,Holstein,2,Kandy,10,0,Healthy,Medium,325.88,4.06,8.97,187.65,287.2
F222,C378,2024-07-22,Jersey,7,Polonnaruwa,10,0,Healthy,High,219.88,3.74,8.8,184.63,218.75
F62,C379,2024-10-20,Jersey,3,Nuwara Eliya,1,0,Healthy,Low,284.92,4.09,9.16,179.52,272.57
F110,C380,2024-09-25,Holstein,7,Kandy,3,1,At_Risk,Medium,345.32,4.19,9.03,181.16,338.74
F472,C381,2024-12-05,Jersey,7,Polonnaruwa,7,0,Healthy,Low,311.54,4.57,8.66,195.37,313.02
F163,C382,2024-03-19,Local,2,Anuradhapura,4,0,Healthy,Low,61.87,3.84,8.23,185.98,59.48
F455,C383,2024-04-13,Jersey,3,Kandy,8,2,Sick,High,173.68,3.76,8.71,182.32,170.79
F140,C384,2024-10-25,Crossbreed,3,Kurunegala,2,1,At_Risk,Medium,195.57,4.42,9.17,190.73,202.75
F500,C385,2024-07-05,Crossbreed,4,Matale,10,3,Sick,Medium,53.06,3.55,8.61,168.1,54.11
F416,C386,2024-07-01,Holstein,6,Kurunegala,6,0,Healthy,Medium,300.56,4.49,8.82,190.15,305.79
F29,C387,2024-01-19,Holstein,4,Badulla,10,3,Sick,Medium,132.71,4.02,8.59,171.59,124.54
F197,C388,2024-07-09,Jersey,10,Anuradhapura,10,0,Healthy,Medium,220.69,4.71,9.13,183.94,196.93
F203,C389,2024-10-14,Local,6,Nuwara Eliya,3,3,Sick,Medium,44.54,4.55,8.92,187.36,41.91
F59,C390,2024-12-10,Local,8,Nuwara Eliya,2,2,Sick,Low,38.96,4.7,8.83,178.09,38.17
F214,C391,2024-08-29,Jersey,7,Kandy,10,0,Healthy,Medium,224.5,4.28,8.38,186.9,220.81
F20,C392,2024-08-09,Local,5,Badulla,2,1,At_Risk,Low,47.05,3.72,8.65,176.3,48.55
F424,C393,2024-10-25,Crossbreed,3,Matale,8,1,At_Risk,Low,134.39,4.7,8.78,188.86,115.63
F235,C394,2024-01-07,Jersey,9,Polonnaruwa,8,0,Healthy,Low,329.25,4.3,8.45,186.81,312.89
F465,C395,2024-08-26,Jersey,6,Monaragala,8,2,Sick,Low,211.43,3.66,8.4,170.92,205.22
F268,C396,2024-09-29,Local,9,Kandy,9,3,Sick,High,31.17,3.67,8.55,175.41,31.81
F394,C397,2024-02-21,Jersey,3,Polonnaruwa,3,0,Healthy,Low,281.62,3.8,8.67,173.37,264.07
F395,C398,2024-04-19,Local,4,Anuradhapura,4,3,Sick,Medium,31.48,3.65,8.21,169.61,30.73
F4,C399,2024-08-10,Local,8,Badulla,8,0,Healthy,High,69.04,3.89,9.18,172.3,69.41
F96,C400,2024-07-08,Crossbreed,9,Monaragala,6,0,Healthy,Low,136.64,4.13,8.5,182.57,119.89
F65,C401,2024-09-03,Jersey,9,Kurunegala,6,0,Healthy,High,252.24,3.5,8.37,182.51,264.06
F18,C402,2024-04-15,Local,10,Monaragala,10,1,At_Risk,High,42.5,3.97,8.39,176.64,38.79
F333,C403,2024-07-26,Holstein,8,Monaragala,7,1,At_Risk,High,391.08,4.72,8.22,187.66,383.73
F187,C404,2024-12-10,Jersey,4,Matale,6,1,At_Risk,Low,193.31,4.54,8.32,189.37,184.18
F310,C405,2024-05-11,Crossbreed,2,Kandy,8,2,Sick,High,119.52,4.46,8.71,191.99,124.78
F451,C406,2024-05-10,Jersey,10,Monaragala,8,1,At_Risk,High,210.91,3.67,9.05,170.01,186.98
F32,C407,2024-04-08,Holstein,7,Kurunegala,2,1,At_Risk,Low,378.03,4.23,8.57,188.01,392.31
F487,C408,2024-01-13,Crossbreed,6,Kandy,1,0,Healthy,Medium,213.71,3.79,8.42,185.38,208.31
F461,C409,2024-09-29,Local,3,Kurunegala,10,0,Healthy,High,53.68,3.8,8.47,179.09,48.79
F269,C410,2024-08-16,Jersey,3,Kurunegala,8,3,Sick,Medium,149.83,4.29,9.12,188.62,141.32
F221,C411,2024-08-25,Holstein,8,Nuwara Eliya,9,0,Healthy,Medium,297.37,4.28,9.2,188.19,301.99
F364,C412,2024-02-22,Local,6,Kandy,5,0,Healthy,Medium,98.8,3.79,8.87,177.27,84.97
F208,C413,2024-09-21,Local,2,Kandy,4,2,Sick,Low,75.21,4.8,9.0,193.07,68.98
F190,C414,2024-05-18,Crossbreed,10,Kandy,1,1,At_Risk,High,142.7,3.73,8.58,183.33,137.52
F434,C415,2024-04-11,Local,2,Kandy,1,0,Healthy,Medium,90.58,4.24,9.13,180.15,77.34
F450,C416,2024-03-03,Jersey,7,Monaragala,3,0,Healthy,High,292.42,4.04,8.49,177.04,250.98
F244,C417,2024-03-08,Crossbreed,2,Kandy,7,1,At_Risk,Low,126.44,3.88,8.82,180.79,116.33
F494,C418,2024-03-23,Local,5,Kandy,1,3,Sick,Low,24.55,4.43,8.91,186.75,22.4
F460,C419,2024-07-26,Local,9,Matale,3,0,Healthy,High,110.97,3.62,9.19,177.02,104.38
F290,C420,2024-03-07,Crossbreed,10,Kandy,6,0,Healthy,Low,205.97,3.85,8.54,177.48,185.24
F442,C421,2024-10-09,Crossbreed,10,Nuwara Eliya,6,2,Sick,Medium,137.02,4.25,9.1,188.85,117.99
F471,C422,2024-05-11,Crossbreed,10,Anuradhapura,3,1,At_Risk,Medium,172.94,4.02,9.08,188.11,157.85
F116,C423,2024-08-01,Jersey,2,Anuradhapura,7,0,Healthy,Low,305.54,4.72,8.8,194.46,270.3
F277,C424,2024-03-10,Local,5,Badulla,1,0,Healthy,Medium,80.61,3.89,8.8,177.58,83.07
F40,C425,2024-08-29,Crossbreed,5,Monaragala,7,1,At_Risk,High,118.32,4.63,8.72,190.29,113.83
F37,C426,2024-02-25,Crossbreed,2,Monaragala,4,0,Healthy,High,183.01,4.51,8.3,176.61,158.93
F476,C427,2024-04-17,Local,6,Badulla,6,0,Healthy,High,81.34,4.46,8.23,187.77,70.82
F223,C428,2024-07-04,Holstein,9,Monaragala,10,0,Healthy,High,379.98,4.56,9.18,180.79,355.75
F385,C429,2024-11-16,Crossbreed,8,Polonnaruwa,2,0,Healthy,High,138.19,4.18,8.42,191.59,121.27
F190,C430,2024-06-23,Holstein,7,Nuwara Eliya,10,2,Sick,Low,226.58,3.6,9.1,181.88,194.94
F72,C431,2024-05-22,Holstein,2,Matale,6,2,Sick,High,242.87,4.69,8.77,180.55,246.45
F418,C432,2024-01-26,Jersey,6,Kurunegala,1,0,Healthy,Low,227.26,4.38,8.28,182.22,235.77
F462,C433,2024-01-13,Crossbreed,5,Badulla,10,0,Healthy,Medium,152.78,4.31,8.53,191.66,136.7
F163,C434,2024-05-01,Holstein,4,Nuwara Eliya,7,2,Sick,Medium,199.46,4.4,8.85,178.63,202.79
F141,C435,2024-11-09,Local,9,Polonnaruwa,8,1,At_Risk,Low,59.54,3.83,8.31,175.4,57.01
F352,C436,2024-08-24,Holstein,5,Polonnaruwa,5,1,At_Risk,High,303.7,4.68,8.36,181.2,301.27
F71,C437,2024-12-29,Local,7,Matale,3,0,Healthy,Medium,118.12,3.84,8.51,185.13,122.05
F423,C438,2024-02-29,Holstein,10,Monaragala,10,0,Healthy,High,242.35,3.91,8.24,184.72,227.51
F6,C439,2024-10-14,Local,6,Nuwara Eliya,7,0,Healthy,Medium,99.1,3.81,8.31,183.46,92.83
F139,C440,2024-10-25,Local,10,Polonnaruwa,8,0,Healthy,Low,80.23,3.92,8.24,174.64,83.89
F193,C441,2024-05-29,Holstein,5,Kandy,4,0,Healthy,Low,402.72,4.61,9.02,184.91,405.4
F329,C442,2024-10-05,Jersey,4,Badulla,10,3,Sick,High,81.51,4.1,8.63,177.09,70.36
F25,C443,2024-03-14,Jersey,5,Anuradhapura,5,0,Healthy,Low,312.58,3.71,8.37,175.46,321.83
F459,C444,2024-01-11,Local,8,Kurunegala,9,2,Sick,Low,26.68,3.71,8.54,168.64,27.11
F54,C445,2024-11-26,Jersey,8,Polonnaruwa,6,0,Healthy,Low,242.01,4.63,9.13,184.69,226.04
F239,C446,2024-10-30,Crossbreed,3,Polonnaruwa,3,2,Sick,High,159.28,4.73,8.98,183.57,157.62
F191,C447,2024-03-03,Jersey,8,Badulla,4,0,Healthy,High,259.28,4.2,8.77,187.03,223.01
F349,C448,2024-06-23,Holstein,2,Polonnaruwa,1,0,Healthy,Low,498.89,4.71,8.3,186.1,510.94
F430,C449,2024-10-01,Local,8,Polonnaruwa,7,0,Healthy,Medium,76.12,4.07,8.53,178.59,67.99
F406,C450,2024-08-11,Local,6,Kandy,5,2,Sick,Medium,45.0,3.69,8.47,174.12,44.37
F221,C451,2024-12-21,Holstein,7,Monaragala,5,0,Healthy,Low,447.98,4.41,8.39,186.93,460.17
F148,C452,2024-01-09,Local,5,Monaragala,4,0,Healthy,Low,66.67,4.34,9.08,189.21,63.94
F300,C453,2024-10-16,Local,3,Polonnaruwa,2,0,Healthy,Medium,89.44,4.2,8.28,172.7,76.57
F415,C454,2024-12-04,Crossbreed,8,Nuwara Eliya,9,0,Healthy,Low,111.79,3.96,8.96,179.74,117.04
F423,C455,2024-09-01,Holstein,5,Kurunegala,2,0,Healthy,Low,454.22,4.36,8.7,186.5,425.12
F209,C456,2024-08-12,Local,2,Badulla,8,0,Healthy,High,56.08,4.28,8.72,177.87,53.19
F296,C457,2024-11-01,Holstein,6,Matale,1,2,Sick,Low,241.76,4.63,8.3,178.82,238.07
F30,C458,2024-03-24,Local,4,Polonnaruwa,3,1,At_Risk,High,81.31,4.28,8.88,184.31,73.6
F237,C459,2024-01-22,Holstein,9,Matale,9,0,Healthy,High,334.94,4.35,8.45,186.51,292.87
F346,C460,2024-07-19,Holstein,10,Badulla,2,3,Sick,High,160.32,4.27,8.61,175.23,156.24
F411,C461,2024-06-07,Crossbreed,3,Anuradhapura,9,2,Sick,Medium,89.89,4.51,8.87,189.59,90.89
F146,C462,2024-08-03,Jersey,6,Polonnaruwa,2,1,At_Risk,Low,255.96,4.15,8.27,173.3,235.02
F356,C463,2024-08-04,Local,7,Badulla,10,0,Healthy,Medium,66.87,3.88,8.73,182.76,60.96
F452,C464,2024-05-28,Jersey,5,Nuwara Eliya,4,3,Sick,Medium,132.47,3.5,8.47,169.36,129.39
F15,C465,2024-02-13,Crossbreed,7,Kandy,7,1,At_Risk,High,193.16,4.59,8.33,178.43,199.89
F43,C466,2024-12-18,Holstein,3,Anuradhapura,6,0,Healthy,Low,487.53,4.34,8.49,179.38,415.73
F212,C467,2024-10-17,Crossbreed,2,Monaragala,3,1,At_Risk,Medium,143.88,3.62,9.02,184.09,148.16
F129,C468,2024-07-30,Local,10,Monaragala,6,0,Healthy,Medium,84.98,4.79,8.43,185.7,74.58
F193,C469,2024-02-27,Local,7,Badulla,7,0,Healthy,Medium,78.13,4.64,9.2,188.05,73.85
F188,C470,2024-06-11,Local,2,Kurunegala,1,0,Healthy,High,100.42,4.27,8.89,179.99,98.74
F141,C471,2024-07-06,Crossbreed,5,Badulla,4,2,Sick,High,171.26,4.15,8.93,183.88,171.86
F115,C472,2024-01-26,Holstein,6,Matale,4,2,Sick,High,265.29,3.79,8.75,178.37,241.31
F267,C473,2024-06-02,Local,5,Kandy,9,1,At_Risk,Low,60.74,4.77,8.67,179.03,55.22
F65,C474,2024-12-20,Local,3,Anuradhapura,6,0,Healthy,Medium,86.15,3.83,8.51,180.57,87.19
F358,C475,2024-05-19,Holstein,7,Matale,4,2,Sick,Medium,239.63,4.68,9.2,190.81,220.87
F441,C476,2024-04-25,Jersey,6,Kandy,5,0,Healthy,Medium,297.37,3.57,8.97,179.74,292.94
F28,C477,2024-08-22,Holstein,8,Nuwara Eliya,1,0,Healthy,Low,407.76,4.72,8.45,179.61,425.65
F273,C478,2024-07-26,Crossbreed,10,Polonnaruwa,10,0,Healthy,High,126.17,4.16,8.36,184.76,110.13
F422,C479,2024-11-15,Local,9,Kandy,4,3,Sick,High,27.01,4.3,8.82,182.15,27.35
F381,C480,2024-11-01,Holstein,8,Kurunegala,10,1,At_Risk,Low,325.22,3.7,8.68,179.04,302.55
F218,C481,2024-09-16,Jersey,2,Matale,4,0,Healthy,Medium,308.76,3.71,8.93,171.28,296.56
F299,C482,2024-10-09,Local,10,Nuwara Eliya,2,0,Healthy,High,60.29,3.83,8.5,178.9,58.39
F421,C483,2024-01-17,Crossbreed,3,Nuwara Eliya,9,0,Healthy,Medium,171.76,4.23,9.07,179.73,163.98
F292,C484,2024-01-18,Jersey,8,Badulla,10,0,Healthy,High,182.08,3.91,8.99,187.42,165.94
F152,C485,2024-03-26,Local,2,Badulla,7,0,Healthy,High,101.38,3.92,8.59,181.27,95.69
F423,C486,2024-09-02,Local,6,Polonnaruwa,2,0,Healthy,High,102.33,3.69,8.99,179.26,88.75
F274,C487,2024-09-15,Crossbreed,2,Monaragala,7,1,At_Risk,Low,141.39,4.29,8.22,175.23,125.54
F210,C488,2024-07-14,Jersey,7,Nuwara Eliya,2,0,Healthy,Medium,284.75,3.56,9.02,182.13,262.14
F251,C489,2024-05-23,Crossbreed,7,Kurunegala,8,0,Healthy,High,230.86,4.11,8.65,171.39,236.23
F42,C490,2024-02-22,Holstein,4,Badulla,7,1,At_Risk,High,356.12,3.74,8.26,179.49,339.98
F29,C491,2024-02-04,Jersey,8,Matale,10,0,Healthy,Medium,223.47,3.52,8.34,180.05,192.24
F451,C492,2024-02-14,Jersey,4,Kandy,6,2,Sick,High,160.55,3.75,8.67,167.65,154.24
F425,C493,2024-10-04,Holstein,10,Monaragala,3,1,At_Risk,Low,501.46,3.56,8.3,166.48,480.52
F345,C494,2024-07-06,Holstein,2,Anuradhapura,5,0,Healthy,Medium,497.3,4.09,8.65,189.64,434.97
F141,C495,2024-02-12,Holstein,5,Polonnaruwa,9,0,Healthy,High,388.29,4.39,9.15,176.75,373.13
F220,C496,2024-03-08,Crossbreed,10,Matale,2,0,Healthy,High,173.74,4.5,8.61,188.06,153.84
F197,C497,2024-01-25,Local,4,Badulla,2,3,Sick,High,37.66,4.75,8.31,187.31,32.4
F114,C498,2024-04-20,Crossbreed,3,Polonnaruwa,2,1,At_Risk,Low,169.14,4.12,9.12,172.65,155.61
F193,C499,2024-02-20,Jersey,4,Badulla,3,0,Healthy,High,353.09,4.75,8.93,187.3,352.37
F289,C500,2024-01-28,Local,8,Nuwara Eliya,6,0,Healthy,High,60.93,4.55,8.47,190.13,61.59
F343,C501,2024-11-05,Holstein,6,Anuradhapura,1,1,At_Risk,Low,294.52,4.04,8.75,178.45,253.83
F65,C502,2024-05-13,Jersey,9,Kurunegala,3,0,Healthy,Low,392.39,4.64,9.11,196.23,361.43
F103,C503,2024-12-12,Holstein,8,Monaragala,7,1,At_Risk,Medium,422.42,3.95,8.44,182.62,407.24
F134,C504,2024-12-12,Jersey,9,Anuradhapura,2,1,At_Risk,Low,194.14,3.96,8.98,180.88,192.0
F117,C505,2024-04-01,Local,6,Matale,9,1,At_Risk,Medium,53.38,4.13,8.33,176.53,51.77
F429,C506,2024-03-15,Crossbreed,3,Matale,9,0,Healthy,Low,98.05,4.15,8.49,186.19,94.81
F381,C507,2024-12-09,Crossbreed,4,Monaragala,8,0,Healthy,Low,179.62,3.62,8.83,177.21,171.4
F221,C508,2024-07-29,Jersey,5,Nuwara Eliya,1,0,Healthy,Low,291.76,3.66,8.79,172.92,283.69
F402,C509,2024-02-03,Crossbreed,4,Badulla,6,0,Healthy,High,163.68,3.71,8.38,182.91,153.4
F30,C510,2024-08-31,Crossbreed,6,Nuwara Eliya,6,0,Healthy,High,195.5,3.61,8.29,169.54,188.82
F154,C511,2024-07-27,Crossbreed,5,Kandy,8,0,Healthy,Low,194.33,4.0,9.06,176.18,165.97
F13,C512,2024-09-16,Local,10,Nuwara Eliya,3,2,Sick,Low,56.88,4.23,8.86,185.88,59.69
F99,C513,2024-10-24,Local,10,Badulla,10,2,Sick,Medium,26.6,3.8,9.1,173.12,27.18
F279,C514,2024-04-12,Holstein,6,Matale,8,0,Healthy,Low,458.58,4.49,8.51,183.11,479.36
F434,C515,2024-10-02,Jersey,6,Monaragala,7,3,Sick,Low,113.03,4.52,8.97,189.03,104.97
F99,C516,2024-03-22,Local,3,Anuradhapura,1,3,Sick,High,34.7,4.32,8.93,180.54,30.93
F216,C517,2024-12-26,Local,6,Kurunegala,4,0,Healthy,Medium,84.32,3.85,8.4,184.17,77.92
F305,C518,2024-05-23,Holstein,8,Kurunegala,9,2,Sick,Medium,163.0,4.36,8.84,174.11,154.4
F461,C519,2024-01-07,Local,4,Kurunegala,8,0,Healthy,Low,67.16,4.55,9.08,181.55,68.6
F337,C520,2024-06-22,Crossbreed,5,Kandy,2,0,Healthy,Low,215.77,4.73,8.88,183.93,211.27
F176,C521,2024-01-21,Jersey,4,Anuradhapura,10,0,Healthy,Medium,168.71,3.73,8.21,176.21,166.44
F157,C522,2024-07-09,Jersey,9,Matale,7,2,Sick,High,162.11,4.52,9.0,194.93,140.45
F464,C523,2024-08-17,Local,5,Anuradhapura,6,1,At_Risk,Medium,71.02,3.9,9.06,188.19,61.62
F187,C524,2024-07-27,Crossbreed,10,Kurunegala,7,2,Sick,High,131.48,4.33,8.6,184.86,123.87
F415,C525,2024-04-04,Holstein,4,Polonnaruwa,5,1,At_Risk,Medium,319.9,4.59,8.87,189.84,328.17
F271,C526,2024-02-19,Holstein,5,Polonnaruwa,8,0,Healthy,Medium,384.15,4.65,8.25,195.73,375.04
F256,C527,2024-08-09,Local,4,Polonnaruwa,8,1,At_Risk,High,80.78,3.67,9.18,178.35,83.39
F477,C528,2024-07-10,Local,3,Nuwara Eliya,1,0,Healthy,Medium,73.29,3.95,8.72,178.31,69.74
F340,C529,2024-03-25,Crossbreed,9,Polonnaruwa,6,0,Healthy,Low,179.88,4.09,9.07,181.5,167.67
F130,C530,2024-05-11,Crossbreed,4,Badulla,6,2,Sick,High,144.16,4.38,8.34,179.34,137.32
F165,C531,2024-07-19,Crossbreed,7,Nuwara Eliya,2,0,Healthy,High,233.94,3.84,8.2,175.93,218.44
F422,C532,2024-09-07,Holstein,3,Anuradhapura,9,0,Healthy,Low,376.19,4.6,8.94,179.36,324.85
F171,C533,2024-02-28,Local,8,Kurunegala,2,3,Sick,Low,34.76,3.65,8.71,173.48,33.87
F472,C534,2024-02-25,Crossbreed,10,Monaragala,10,1,At_Risk,High,148.8,3.64,8.43,181.41,145.07
F146,C535,2024-06-30,Jersey,3,Nuwara Eliya,8,0,Healthy,Medium,306.73,4.39,9.02,191.45,261.33
F470,C536,2024-07-11,Holstein,3,Matale,10,0,Healthy,Low,388.19,4.13,9.19,186.39,398.78
F298,C537,2024-07-02,Jersey,5,Anuradhapura,1,2,Sick,Low,169.69,4.2,9.06,178.52,172.02
F455,C538,2024-03-23,Local,9,Kandy,4,0,Healthy,High,119.51,4.74,8.34,188.15,111.82
F499,C539,2024-02-11,Jersey,8,Monaragala,9,0,Healthy,High,197.92,4.07,9.18,186.86,172.46
F451,C540,2024-02-25,Crossbreed,8,Anuradhapura,2,3,Sick,Medium,77.32,4.38,9.04,192.12,70.1
F179,C541,2024-08-06,Jersey,3,Monaragala,9,3,Sick,High,81.47,4.57,8.74,177.26,81.27
F187,C542,2024-01-23,Local,9,Nuwara Eliya,6,0,Healthy,Low,56.89,4.59,8.7,176.19,59.52
F96,C543,2024-05-26,Crossbreed,8,Kandy,5,0,Healthy,Low,264.19,4.74,8.95,186.31,261.6
F58,C544,2024-07-16,Jersey,2,Nuwara Eliya,2,0,Healthy,Medium,332.52,4.46,8.85,177.72,335.39
F463,C545,2024-02-05,Local,2,Kurunegala,6,0,Healthy,Medium,64.97,4.74,9.15,184.45,57.55
F334,C546,2024-06-02,Holstein,6,Kandy,9,0,Healthy,High,351.57,3.64,9.18,174.03,352.83
F287,C547,2024-03-22,Jersey,8,Nuwara Eliya,3,1,At_Risk,Medium,269.91,4.19,8.95,188.42,279.31
F158,C548,2024-08-15,Crossbreed,2,Kurunegala,9,1,At_Risk,Low,131.1,4.7,8.82,193.5,125.91
F41,C549,2024-02-01,Local,2,Badulla,1,0,Healthy,High,66.82,3.89,8.84,180.92,61.65
F444,C550,2024-10-04,Jersey,3,Kandy,1,0,Healthy,Medium,276.06,4.17,8.61,175.69,238.64
F344,C551,2024-04-29,Crossbreed,2,Kurunegala,10,2,Sick,Medium,103.21,3.97,8.29,173.74,98.96
F273,C552,2024-04-26,Crossbreed,6,Nuwara Eliya,8,2,Sick,High,111.41,3.82,9.01,175.06,107.41
F496,C553,2024-07-30,Holstein,6,Polonnaruwa,8,0,Healthy,High,485.45,4.22,8.73,176.11,501.62
F376,C554,2024-02-16,Jersey,2,Nuwara Eliya,2,0,Healthy,Low,327.58,3.94,9.15,184.16,336.15
F433,C555,2024-12-03,Local,6,Kandy,9,2,Sick,Low,27.56,4.13,8.89,176.54,28.0
F131,C556,2024-12-28,Crossbreed,3,Anuradhapura,3,3,Sick,Low,99.88,3.89,8.63,175.14,100.81
F408,C557,2024-07-07,Crossbreed,4,Polonnaruwa,10,3,Sick,Medium,73.96,4.28,8.54,183.69,73.89
F134,C558,2024-05-27,Crossbreed,2,Kandy,1,0,Healthy,High,142.31,4.0,8.78,179.28,126.27
F410,C559,2024-01-02,Local,8,Matale,9,0,Healthy,Medium,40.05,3.99,8.31,180.53,37.46
F484,C560,2024-03-06,Jersey,2,Nuwara Eliya,1,1,At_Risk,Low,220.19,4.08,8.32,174.92,188.13
F183,C561,2024-09-24,Holstein,8,Kurunegala,7,0,Healthy,Low,326.9,4.46,9.06,193.37,323.69
F12,C562,2024-06-28,Holstein,4,Badulla,4,0,Healthy,High,512.12,3.59,9.1,168.29,518.85
F357,C563,2024-10-30,Local,4,Polonnaruwa,5,0,Healthy,High,93.33,4.26,8.41,189.63,85.98
F17,C564,2024-06-02,Crossbreed,4,Polonnaruwa,5,0,Healthy,Medium,241.86,4.2,8.84,175.93,207.59
F14,C565,2024-09-22,Crossbreed,10,Badulla,5,1,At_Risk,Low,222.3,4.37,8.64,192.76,230.31
F268,C566,2024-12-24,Crossbreed,3,Polonnaruwa,7,0,Healthy,High,207.73,3.66,8.5,177.25,201.52
F354,C567,2024-09-18,Crossbreed,6,Matale,2,1,At_Risk,Medium,211.2,4.45,9.12,189.74,187.63
F10,C568,2024-07-30,Holstein,10,Polonnaruwa,3,1,At_Risk,High,401.58,4.19,8.53,182.29,362.02
F343,C569,2024-05-14,Jersey,7,Kurunegala,4,1,At_Risk,High,315.15,3.68,8.27,184.67,286.02
F390,C570,2024-05-24,Holstein,7,Anuradhapura,10,2,Sick,High,238.98,3.91,9.05,169.92,232.93
F39,C571,2024-10-15,Local,9,Monaragala,6,0,Healthy,Medium,85.31,3.94,8.38,175.03,79.84
F426,C572,2024-02-01,Jersey,10,Polonnaruwa,8,0,Healthy,Low,320.32,3.65,8.46,183.06,335.13
F232,C573,2024-10-15,Local,8,Matale,9,0,Healthy,Medium,41.06,4.58,8.32,176.7,41.83
F254,C574,2024-03-28,Holstein,2,Monaragala,2,0,Healthy,Medium,453.76,4.62,8.55,189.28,441.71
F296,C575,2024-03-29,Crossbreed,8,Anuradhapura,5,2,Sick,High,179.15,4.76,9.07,189.62,162.5
F280,C576,2024-02-03,Jersey,3,Anuradhapura,3,0,Healthy,Medium,322.3,4.49,8.48,181.26,277.58
F90,C577,2024-04-13,Holstein,3,Badulla,8,3,Sick,Low,192.24,4.21,8.45,178.97,184.91
F485,C578,2024-10-08,Local,3,Polonnaruwa,10,0,Healthy,High,76.58,3.99,8.8,171.49,78.13
F308,C579,2024-11-28,Holstein,9,Badulla,7,1,At_Risk,Low,397.74,3.71,8.74,170.94,359.68
F341,C580,2024-07-16,Crossbreed,9,Kandy,2,3,Sick,High,100.79,4.38,8.5,177.48,95.22
F461,C581,2024-05-30,Holstein,6,Polonnaruwa,10,3,Sick,Medium,135.3,3.83,8.64,185.25,140.77
F496,C582,2024-12-18,Crossbreed,9,Monaragala,4,1,At_Risk,Medium,129.82,3.54,8.65,181.73,112.6
F103,C583,2024-04-15,Jersey,7,Matale,5,1,At_Risk,Low,291.7,3.66,9.18,170.34,276.42
F74,C584,2024-06-19,Crossbreed,7,Kurunegala,10,0,Healthy,High,125.57,4.41,8.97,192.69,126.77
F336,C585,2024-10-18,Holstein,6,Kurunegala,6,0,Healthy,Low,348.98,3.76,9.15,185.97,364.8
F121,C586,2024-08-13,Jersey,5,Matale,2,1,At_Risk,Low,264.73,4.61,8.94,186.95,265.06
F354,C587,2024-08-21,Local,10,Monaragala,4,0,Healthy,Medium,74.55,3.88,9.12,173.41,68.88
F49,C588,2024-10-20,Jersey,2,Nuwara Eliya,10,0,Healthy,High,168.1,4.26,9.08,175.63,169.63
F382,C589,2024-08-26,Local,2,Nuwara Eliya,4,0,Healthy,High,95.12,3.83,9.13,170.92,87.86
F461,C590,2024-01-27,Crossbreed,4,Monaragala,8,0,Healthy,Medium,222.18,4.11,8.56,181.82,209.16
F311,C591,2024-11-07,Holstein,4,Nuwara Eliya,4,1,At_Risk,High,315.18,4.62,8.68,177.58,313.73
F145,C592,2024-02-06,Crossbreed,8,Kandy,10,0,Healthy,High,102.76,4.57,8.51,183.73,104.97
F68,C593,2024-02-03,Jersey,5,Monaragala,2,0,Healthy,Low,330.31,4.11,8.43,174.42,334.97
F179,C594,2024-07-11,Local,10,Anuradhapura,7,0,Healthy,High,96.45,4.1,8.91,190.67,95.88
F308,C595,2024-10-22,Jersey,6,Badulla,7,2,Sick,Low,144.69,3.56,8.22,169.38,135.38
F292,C596,2024-04-17,Local,5,Polonnaruwa,3,1,At_Risk,Medium,56.71,4.29,8.77,188.74,52.62
F471,C597,2024-06-30,Holstein,10,Kandy,6,2,Sick,High,239.76,4.3,9.13,192.24,246.49
F237,C598,2024-10-03,Crossbreed,9,Polonnaruwa,5,0,Healthy,Low,192.16,4.74,9.02,191.58,178.41
F354,C599,2024-07-02,Crossbreed,4,Monaragala,8,1,At_Risk,Low,141.98,3.58,8.27,168.11,148.13
F211,C600,2024-04-27,Local,7,Monaragala,7,0,Healthy,Medium,80.11,4.68,8.21,193.01,70.68
F325,C601,2024-09-02,Holstein,5,Nuwara Eliya,10,2,Sick,Medium,150.41,4.19,8.89,186.87,144.04
F216,C602,2024-10-11,Holstein,8,Matale,1,0,Healthy,Medium,353.06,4.77,9.05,187.67,316.15
F344,C603,2024-07-21,Holstein,9,Anuradhapura,3,1,At_Risk,Medium,406.97,4.79,8.81,185.32,359.8
F214,C604,2024-10-09,Local,2,Kandy,1,0,Healthy,Low,77.32,4.52,8.68,191.08,71.01
F103,C605,2024-12-07,Local,2,Monaragala,4,0,Healthy,Medium,105.04,3.81,8.34,171.81,98.64
F420,C606,2024-02-07,Local,8,Kandy,2,2,Sick,Medium,43.67,4.09,9.13,184.1,39.41
F4,C607,2024-06-15,Jersey,10,Kurunegala,9,0,Healthy,Low,256.76,4.75,8.45,184.46,267.88
F68,C608,2024-03-28,Local,3,Monaragala,9,0,Healthy,Low,65.82,3.86,8.94,169.63,57.78
F359,C609,2024-05-25,Crossbreed,10,Anuradhapura,7,0,Healthy,Low,232.31,4.42,8.21,189.48,233.68
F119,C610,2024-06-10,Local,2,Matale,10,0,Healthy,Medium,65.57,4.43,8.81,176.07,56.58
F451,C611,2024-01-03,Local,4,Kurunegala,6,0,Healthy,High,93.92,3.54,9.04,174.61,82.35
F4,C612,2024-05-17,Local,4,Kurunegala,10,0,Healthy,Medium,46.76,3.95,8.82,180.4,42.46
F24,C613,2024-01-04,Local,5,Polonnaruwa,1,0,Healthy,Medium,76.2,4.42,8.42,181.53,78.05
F473,C614,2024-10-22,Holstein,4,Kurunegala,3,0,Healthy,Medium,425.82,4.43,8.56,179.66,369.74
F66,C615,2024-11-03,Local,2,Badulla,6,0,Healthy,High,62.85,4.33,9.19,188.85,55.64
F84,C616,2024-04-12,Crossbreed,7,Kurunegala,10,0,Healthy,Medium,166.08,3.88,8.65,183.34,173.97
F336,C617,2024-05-07,Local,10,Anuradhapura,9,1,At_Risk,Low,53.36,4.69,8.36,191.94,48.29
F162,C618,2024-03-07,Jersey,9,Polonnaruwa,3,0,Healthy,Medium,336.9,4.66,8.77,189.23,289.81
F396,C619,2024-07-17,Holstein,3,Kurunegala,7,3,Sick,Medium,145.79,4.35,8.25,182.42,132.61
F252,C620,2024-12-14,Jersey,8,Badulla,6,0,Healthy,Medium,311.42,4.55,8.97,177.78,295.83
F293,C621,2024-08-30,Crossbreed,5,Anuradhapura,1,0,Healthy,Medium,229.39,3.83,9.02,170.01,208.41
F397,C622,2024-06-17,Jersey,3,Monaragala,10,0,Healthy,Low,172.56,4.26,8.69,183.08,155.9
F493,C623,2024-05-07,Crossbreed,8,Monaragala,5,0,Healthy,Medium,166.78,4.46,8.84,180.91,156.6
F147,C624,2024-03-04,Local,7,Monaragala,5,0,Healthy,High,109.27,4.76,8.65,187.74,98.89
F358,C625,2024-07-21,Jersey,4,Matale,10,0,Healthy,Medium,207.74,4.53,8.8,188.38,206.71
F193,C626,2024-04-08,Crossbreed,8,Matale,5,3,Sick,Medium,124.57,3.58,9.02,178.73,119.32
F492,C627,2024-03-09,Crossbreed,2,Kurunegala,7,3,Sick,High,79.21,3.55,8.56,182.03,80.93
F326,C628,2024-06-25,Jersey,7,Monaragala,2,3,Sick,Medium,140.2,3.91,8.73,170.42,146.67
F123,C629,2024-05-23,Holstein,6,Monaragala,5,1,At_Risk,High,449.51,3.85,8.52,171.01,385.66
F438,C630,2024-06-03,Local,4,Anuradhapura,5,2,Sick,Medium,73.74,4.08,8.66,172.34,74.79
F21,C631,2024-07-18,Holstein,7,Matale,10,2,Sick,Medium,240.52,3.82,8.75,172.05,248.27
F271,C632,2024-04-03,Local,9,Kandy,5,0,Healthy,High,110.62,4.07,8.54,181.63,110.77
F336,C633,2024-04-11,Local,5,Polonnaruwa,6,0,Healthy,High,60.4,3.57,8.79,182.51,51.93
F435,C634,2024-10-31,Crossbreed,6,Nuwara Eliya,6,0,Healthy,Low,166.13,4.28,8.47,173.33,162.0
F322,C635,2024-01-25,Crossbreed,8,Nuwara Eliya,8,1,At_Risk,Medium,192.26,4.4,8.48,187.88,192.62
F326,C636,2024-02-22,Holstein,8,Badulla,1,1,At_Risk,High,302.96,3.64,9.01,177.98,304.87
F65,C637,2024-07-27,Holstein,3,Monaragala,10,2,Sick,Low,153.81,4.47,9.05,180.42,144.03
F448,C638,2024-10-27,Holstein,5,Polonnaruwa,5,3,Sick,High,181.12,4.53,8.97,179.65,187.09
F465,C639,2024-08-30,Holstein,9,Anuradhapura,1,0,Healthy,High,485.77,4.15,9.11,174.43,435.53
F394,C640,2024-03-15,Crossbreed,3,Kurunegala,9,1,At_Risk,High,137.09,3.9,8.65,177.11,124.54
F26,C641,2024-06-09,Jersey,10,Nuwara Eliya,7,0,Healthy,High,284.49,3.83,9.12,173.61,247.7
F333,C642,2024-01-01,Local,10,Anuradhapura,2,1,At_Risk,Medium,56.14,4.21,8.88,175.9,52.99
F307,C643,2024-01-22,Holstein,7,Polonnaruwa,3,0,Healthy,Low,493.65,4.17,8.71,173.84,464.26
F169,C644,2024-01-22,Local,6,Polonnaruwa,4,0,Healthy,High,70.01,4.7,9.02,184.08,62.72
F243,C645,2024-03-13,Jersey,8,Badulla,4,0,Healthy,High,265.42,3.72,8.63,177.41,248.15
F442,C646,2024-01-02,Holstein,6,Nuwara Eliya,1,0,Healthy,High,316.54,4.11,8.89,175.63,275.83
F389,C647,2024-12-02,Local,6,Badulla,3,2,Sick,Low,56.49,4.14,8.42,172.97,49.12
F62,C648,2024-07-03,Holstein,2,Kurunegala,10,3,Sick,Low,119.88,4.31,8.67,190.61,101.98
F441,C649,2024-06-20,Local,10,Matale,2,0,Healthy,Low,92.85,3.54,8.58,177.94,95.6
F20,C650,2024-02-27,Jersey,4,Matale,3,2,Sick,High,179.46,3.56,8.78,183.85,152.79
F98,C651,2024-08-23,Holstein,7,Matale,9,0,Healthy,Medium,294.73,4.38,8.44,175.48,287.66
F474,C652,2024-07-03,Local,10,Matale,5,0,Healthy,Medium,104.06,4.18,8.41,187.43,93.88
F311,C653,2024-05-09,Holstein,3,Kandy,9,3,Sick,Low,148.42,4.04,8.37,190.12,128.24
F312,C654,2024-06-19,Holstein,3,Kurunegala,9,0,Healthy,Low,277.21,4.13,8.26,183.52,255.63
F313,C655,2024-05-05,Local,6,Kurunegala,2,0,Healthy,Medium,60.9,4.26,8.5,173.29,62.23
F85,C656,2024-04-09,Local,2,Monaragala,6,2,Sick,Low,46.77,4.29,8.83,181.25,40.63
F313,C657,2024-11-24,Holstein,6,Badulla,6,0,Healthy,Medium,342.45,4.46,8.52,184.72,304.25
F480,C658,2024-01-26,Holstein,10,Polonnaruwa,8,1,At_Risk,High,314.9,3.52,8.89,184.11,295.08
F367,C659,2024-01-16,Jersey,3,Kandy,3,0,Healthy,High,313.4,4.43,8.64,188.94,317.36
F269,C660,2024-06-09,Holstein,9,Kandy,10,0,Healthy,Medium,329.55,4.58,8.62,180.97,315.8
F449,C661,2024-08-28,Crossbreed,3,Anuradhapura,1,0,Healthy,Low,208.34,3.97,9.2,179.3,200.66
F330,C662,2024-09-29,Holstein,7,Kandy,1,2,Sick,High,270.73,4.43,8.79,184.15,255.24
F51,C663,2024-05-30,Crossbreed,7,Nuwara Eliya,10,2,Sick,High,88.82,4.13,9.13,184.04,83.6
F52,C664,2024-09-25,Local,3,Anuradhapura,8,3,Sick,Low,33.48,3.74,8.5,168.42,34.71
F192,C665,2024-11-18,Crossbreed,3,Anuradhapura,10,0,Healthy,Low,129.78,3.54,9.06,172.58,121.47
F92,C666,2024-03-03,Holstein,5,Anuradhapura,9,3,Sick,Low,172.9,3.88,8.68,188.26,161.24
F314,C667,2024-06-22,Holstein,3,Anuradhapura,9,0,Healthy,Low,293.62,3.79,8.73,187.82,299.24
F215,C668,2024-11-17,Crossbreed,10,Badulla,6,0,Healthy,Low,224.67,4.76,8.54,184.37,221.54
F323,C669,2024-12-11,Jersey,9,Monaragala,3,0,Healthy,Low,273.95,4.53,8.82,176.2,282.11
F44,C670,2024-12-21,Jersey,8,Kandy,6,0,Healthy,Low,227.26,4.6,8.34,186.4,196.84
F215,C671,2024-06-06,Jersey,9,Monaragala,1,0,Healthy,Medium,254.11,4.56,8.42,186.44,223.51
F165,C672,2024-04-24,Local,6,Anuradhapura,5,0,Healthy,Low,68.99,4.2,8.78,184.9,71.9
F389,C673,2024-06-28,Crossbreed,10,Anuradhapura,7,0,Healthy,Low,190.14,4.71,8.87,193.55,182.23
F323,C674,2024-08-12,Local,7,Nuwara Eliya,4,1,At_Risk,Medium,57.4,4.5,8.41,181.47,54.95
F278,C675,2024-12-24,Local,4,Monaragala,5,1,At_Risk,Medium,59.02,4.75,8.72,178.96,53.15
F216,C676,2024-07-30,Local,4,Kurunegala,6,1,At_Risk,High,83.86,3.77,8.94,185.03,80.44
F216,C677,2024-10-29,Holstein,5,Polonnaruwa,2,0,Healthy,Low,506.99,4.61,8.3,177.91,476.32
F497,C678,2024-11-14,Local,3,Kurunegala,8,0,Healthy,Low,82.43,4.75,9.1,191.44,74.58
F227,C679,2024-01-29,Holstein,9,Anuradhapura,9,2,Sick,Low,188.55,4.04,8.24,176.18,188.89
F276,C680,2024-06-06,Holstein,2,Kurunegala,1,2,Sick,Medium,341.66,4.17,9.15,182.41,348.37
F417,C681,2024-07-07,Holstein,9,Kandy,7,0,Healthy,Medium,401.69,4.6,9.03,184.07,399.77
F341,C682,2024-01-11,Crossbreed,7,Matale,3,2,Sick,Medium,138.61,3.93,8.31,174.08,126.27
F241,C683,2024-01-21,Holstein,2,Polonnaruwa,10,0,Healthy,Low,280.01,4.21,8.75,179.23,292.08
F437,C684,2024-11-12,Crossbreed,2,Nuwara Eliya,4,0,Healthy,Medium,214.68,3.86,8.93,170.13,192.68
F237,C685,2024-01-26,Local,7,Matale,4,0,Healthy,High,103.37,4.73,9.12,188.97,104.78
F224,C686,2024-09-29,Jersey,7,Kandy,10,0,Healthy,Low,242.54,4.06,8.39,176.24,231.34
F402,C687,2024-02-06,Holstein,9,Polonnaruwa,4,3,Sick,Low,267.36,3.99,9.12,180.8,264.81
F447,C688,2024-09-23,Local,9,Monaragala,3,0,Healthy,Low,100.32,3.57,8.31,165.78,101.37
F29,C689,2024-04-23,Holstein,5,Monaragala,7,1,At_Risk,Low,273.68,4.26,8.87,176.61,243.3
F331,C690,2024-07-12,Crossbreed,5,Nuwara Eliya,2,0,Healthy,Low,183.03,4.71,8.84,193.14,159.54
F191,C691,2024-12-29,Jersey,3,Anuradhapura,5,0,Healthy,High,326.84,4.13,8.83,190.22,313.13
F211,C692,2024-02-17,Crossbreed,8,Matale,5,0,Healthy,Medium,174.36,3.54,8.94,179.87,177.36
F419,C693,2024-04-10,Local,3,Monaragala,4,1,At_Risk,Low,96.33,3.58,8.65,169.89,94.39
F206,C694,2024-03-07,Jersey,2,Nuwara Eliya,2,0,Healthy,High,262.71,3.98,8.36,187.51,269.67
F158,C695,2024-11-21,Local,3,Kandy,2,1,At_Risk,Low,69.21,4.15,8.31,179.29,62.94
F214,C696,2024-09-02,Jersey,3,Monaragala,6,0,Healthy,Low,225.37,3.76,9.2,167.64,197.93
F234,C697,2024-06-11,Holstein,10,Matale,2,3,Sick,Low,203.61,3.5,9.09,175.43,204.31
F388,C698,2024-04-09,Holstein,3,Kandy,10,0,Healthy,High,355.7,4.39,9.09,187.75,357.33
F127,C699,2024-04-01,Holstein,3,Badulla,1,0,Healthy,High,397.47,3.99,8.35,185.87,402.19
F156,C700,2024-07-15,Jersey,6,Matale,7,0,Healthy,High,338.21,4.51,8.59,186.67,324.96
F455,C701,2024-10-16,Jersey,5,Kurunegala,10,0,Healthy,Medium,197.03,4.05,8.59,183.82,188.92
F108,C702,2024-10-07,Crossbreed,10,Anuradhapura,10,2,Sick,Low,96.7,3.72,9.0,181.6,91.16
F206,C703,2024-08-27,Local,9,Kurunegala,7,0,Healthy,Medium,70.82,3.55,9.12,178.96,61.9
F251,C704,2024-08-08,Jersey,4,Polonnaruwa,6,0,Healthy,Medium,271.41,4.67,8.25,193.97,281.77
F246,C705,2024-12-18,Holstein,10,Nuwara Eliya,2,1,At_Risk,Medium,354.34,4.59,9.16,191.4,360.98
F273,C706,2024-09-20,Crossbreed,4,Anuradhapura,8,0,Healthy,Medium,134.4,4.0,8.64,172.83,140.22
F281,C707,2024-11-18,Crossbreed,10,Kandy,2,0,Healthy,Low,180.56,4.74,8.52,194.76,166.13
F302,C708,2024-02-07,Local,9,Monaragala,7,0,Healthy,Medium,51.9,4.41,8.22,186.72,49.99
F374,C709,2024-08-08,Jersey,9,Nuwara Eliya,5,0,Healthy,Low,340.16,4.6,9.09,185.68,308.02
F276,C710,2024-11-08,Holstein,6,Matale,1,0,Healthy,Medium,333.98,4.39,8.91,181.1,312.36
F11,C711,2024-04-27,Holstein,10,Badulla,8,3,Sick,Low,172.96,4.11,8.25,171.85,156.26
F291,C712,2024-11-28,Crossbreed,8,Polonnaruwa,5,0,Healthy,High,203.88,4.49,9.1,188.2,200.7
F93,C713,2024-07-10,Crossbreed,8,Anuradhapura,6,0,Healthy,Medium,135.58,3.86,9.18,180.53,115.44
F333,C714,2024-10-18,Holstein,8,Monaragala,7,2,Sick,Medium,255.09,4.08,9.16,189.19,260.11
F463,C715,2024-02-02,Crossbreed,3,Anuradhapura,1,0,Healthy,High,188.29,4.26,8.56,175.89,191.31
F109,C716,2024-01-31,Crossbreed,10,Kandy,5,0,Healthy,Low,228.83,4.38,8.73,188.16,237.88
F422,C717,2024-03-07,Local,7,Monaragala,10,1,At_Risk,Low,50.72,3.54,8.45,174.59,53.17
F337,C718,2024-10-24,Jersey,6,Anuradhapura,7,2,Sick,Low,173.5,4.34,8.93,186.08,162.84
F16,C719,2024-05-24,Holstein,8,Nuwara Eliya,8,3,Sick,Low,175.99,4.21,9.0,183.76,172.83
F444,C720,2024-11-27,Local,9,Polonnaruwa,8,0,Healthy,Medium,72.1,3.89,8.95,173.07,64.02
F122,C721,2024-08-23,Local,8,Matale,9,0,Healthy,Low,54.04,4.69,8.96,187.0,50.96
F96,C722,2024-12-11,Crossbreed,3,Monaragala,3,0,Healthy,Medium,206.69,3.7,9.15,182.34,183.16
F314,C723,2024-07-05,Jersey,9,Nuwara Eliya,10,0,Healthy,Medium,169.86,4.3,8.87,180.57,174.08
F331,C724,2024-04-13,Jersey,7,Anuradhapura,6,0,Healthy,Medium,304.66,3.54,8.8,176.18,285.22
F118,C725,2024-07-07,Crossbreed,3,Anuradhapura,6,0,Healthy,Low,137.96,3.54,8.7,177.41,128.46
F340,C726,2024-02-14,Jersey,5,Anuradhapura,6,0,Healthy,Low,246.32,4.39,9.15,179.26,235.88
F175,C727,2024-10-16,Crossbreed,5,Monaragala,1,1,At_Risk,Low,136.6,4.08,9.0,181.74,136.7
F320,C728,2024-03-23,Crossbreed,9,Badulla,1,0,Healthy,High,222.7,4.45,8.83,181.7,232.52
F327,C729,2024-11-06,Crossbreed,3,Kurunegala,8,0,Healthy,Medium,219.96,3.71,8.48,168.42,196.54
F94,C730,2024-11-22,Holstein,6,Nuwara Eliya,4,0,Healthy,High,442.96,3.53,8.42,180.91,383.61
F23,C731,2024-03-23,Jersey,9,Monaragala,10,0,Healthy,Low,170.76,4.55,8.97,193.8,168.48
F397,C732,2024-01-31,Crossbreed,9,Anuradhapura,7,2,Sick,High,143.6,4.54,8.71,180.06,142.95
F81,C733,2024-05-03,Local,3,Nuwara Eliya,9,0,Healthy,Medium,47.26,4.53,8.39,176.63,48.07
F71,C734,2024-04-12,Local,9,Polonnaruwa,6,2,Sick,Low,51.54,4.67,9.13,176.88,52.75
F455,C735,2024-06-01,Holstein,3,Nuwara Eliya,7,1,At_Risk,Low,286.92,4.55,9.17,180.87,283.84
F449,C736,2024-02-21,Jersey,4,Nuwara Eliya,1,0,Healthy,Medium,325.39,4.48,8.52,184.47,293.41
F153,C737,2024-01-02,Holstein,2,Kandy,9,0,Healthy,High,350.18,4.74,8.44,183.87,338.06
F439,C738,2024-06-15,Crossbreed,5,Kurunegala,5,0,Healthy,Medium,240.61,4.23,8.59,180.7,204.8
F8,C739,2024-12-09,Local,5,Polonnaruwa,8,1,At_Risk,Low,85.61,4.57,8.26,183.22,81.38
F141,C740,2024-10-15,Jersey,2,Anuradhapura,3,3,Sick,Medium,171.48,4.15,8.64,178.29,155.6
F12,C741,2024-06-04,Jersey,9,Kandy,9,1,At_Risk,Low,189.2,4.13,8.59,189.48,189.92
F202,C742,2024-11-25,Jersey,9,Monaragala,1,0,Healthy,Low,305.51,3.98,9.01,180.27,267.57
F134,C743,2024-11-16,Holstein,5,Monaragala,6,3,Sick,Low,163.36,4.63,8.96,181.26,142.18
F253,C744,2024-09-02,Local,10,Polonnaruwa,6,0,Healthy,Low,69.93,4.15,8.93,173.76,70.35
F292,C745,2024-02-21,Jersey,5,Nuwara Eliya,1,0,Healthy,High,234.6,3.95,8.94,178.26,225.18
F188,C746,2024-08-17,Jersey,10,Kandy,2,1,At_Risk,Low,230.04,4.68,8.79,178.51,205.96
F57,C747,2024-02-19,Local,4,Badulla,6,0,Healthy,Medium,76.37,3.84,8.92,172.19,71.5
F422,C748,2024-04-03,Crossbreed,3,Nuwara Eliya,2,0,Healthy,High,155.86,3.81,8.62,173.12,136.69
F324,C749,2024-10-04,Jersey,3,Matale,1,0,Healthy,High,334.13,4.0,9.0,176.12,310.38
F208,C750,2024-10-06,Jersey,2,Kurunegala,1,1,At_Risk,Medium,291.46,3.55,9.03,176.93,278.24
F165,C751,2024-12-02,Local,3,Nuwara Eliya,6,0,Healthy,Medium,84.43,3.8,9.06,174.19,72.04
F288,C752,2024-01-26,Crossbreed,4,Matale,7,0,Healthy,High,214.81,3.78,8.88,183.86,211.02
F110,C753,2024-02-18,Jersey,3,Polonnaruwa,8,0,Healthy,Medium,215.67,3.51,8.43,173.23,217.76
F146,C754,2024-07-22,Local,6,Polonnaruwa,4,0,Healthy,Medium,73.64,3.94,8.7,178.17,64.51
F371,C755,2024-02-06,Crossbreed,10,Matale,7,0,Healthy,Medium,205.44,3.82,8.67,180.03,211.15
F66,C756,2024-10-12,Local,6,Nuwara Eliya,6,0,Healthy,High,80.33,4.52,8.22,186.19,75.9
F253,C757,2024-12-09,Holstein,10,Nuwara Eliya,2,0,Healthy,High,349.88,4.36,8.91,177.16,363.06
F393,C758,2024-07-06,Holstein,4,Kurunegala,1,2,Sick,Low,298.25,4.61,8.94,193.74,298.1
F236,C759,2024-10-07,Crossbreed,10,Monaragala,3,1,At_Risk,High,140.12,4.17,8.79,175.18,124.02
F293,C760,2024-10-13,Holstein,8,Nuwara Eliya,6,3,Sick,High,178.36,3.58,8.8,177.84,186.3
F446,C761,2024-07-26,Local,5,Kurunegala,10,0,Healthy,Low,73.37,3.93,8.31,186.7,64.78
F257,C762,2024-10-21,Crossbreed,9,Badulla,3,0,Healthy,High,151.95,3.91,8.79,171.87,145.95
F317,C763,2024-09-22,Jersey,5,Kandy,4,2,Sick,High,254.03,4.55,9.05,186.51,231.34
F145,C764,2024-12-19,Holstein,2,Kandy,1,1,At_Risk,Medium,317.44,3.83,9.2,172.06,273.45
F205,C765,2024-11-10,Crossbreed,4,Nuwara Eliya,10,0,Healthy,Medium,164.12,4.56,9.16,192.09,145.4
F378,C766,2024-10-07,Local,2,Kurunegala,6,1,At_Risk,Medium,78.36,4.16,8.25,182.31,75.97
F350,C767,2024-07-12,Crossbreed,8,Matale,6,2,Sick,High,149.83,4.5,8.95,179.68,142.86
F325,C768,2024-04-23,Jersey,6,Kurunegala,1,0,Healthy,Medium,340.15,4.0,8.52,188.7,315.68
F414,C769,2024-07-19,Local,6,Matale,6,0,Healthy,High,80.87,4.27,8.92,187.6,74.09
F145,C770,2024-10-01,Jersey,8,Kandy,10,0,Healthy,High,220.9,3.59,8.43,184.53,222.29
F154,C771,2024-02-25,Crossbreed,7,Kandy,1,0,Healthy,High,208.47,3.86,9.11,181.28,215.1
F77,C772,2024-06-17,Local,10,Kurunegala,3,0,Healthy,Medium,102.91,3.91,8.51,172.15,89.18
F378,C773,2024-06-04,Crossbreed,7,Matale,5,0,Healthy,Medium,187.04,4.12,8.38,180.91,160.1
F396,C774,2024-02-14,Jersey,10,Anuradhapura,1,0,Healthy,Medium,297.31,4.61,8.2,194.83,302.78
F433,C775,2024-11-05,Local,3,Matale,3,1,At_Risk,Low,77.04,4.12,9.03,186.32,67.21
F451,C776,2024-08-23,Local,3,Kandy,8,0,Healthy,Medium,62.72,3.76,8.24,180.47,53.96
F139,C777,2024-10-02,Holstein,5,Anuradhapura,1,2,Sick,Medium,329.28,4.13,8.62,190.86,294.07
F347,C778,2024-07-31,Crossbreed,9,Matale,4,1,At_Risk,High,186.2,3.63,9.01,183.62,189.94
F39,C779,2024-11-09,Crossbreed,10,Badulla,4,0,Healthy,High,186.63,4.44,9.06,187.48,163.44
F58,C780,2024-07-19,Crossbreed,2,Badulla,3,0,Healthy,Low,191.24,4.5,8.7,181.2,195.72
F450,C781,2024-07-27,Jersey,2,Kandy,4,2,Sick,High,175.81,3.8,9.08,168.4,166.1
F63,C782,2024-02-18,Crossbreed,5,Nuwara Eliya,8,0,Healthy,High,218.04,3.97,8.74,183.25,208.51
F199,C783,2024-09-27,Crossbreed,3,Polonnaruwa,1,0,Healthy,Medium,149.8,4.6,8.56,189.21,133.29
F88,C784,2024-11-08,Local,9,Kandy,6,2,Sick,Low,42.85,3.72,8.58,174.27,42.18
F61,C785,2024-12-10,Holstein,5,Polonnaruwa,6,1,At_Risk,Medium,316.58,3.92,8.67,186.75,320.05
F495,C786,2024-12-26,Holstein,5,Polonnaruwa,6,2,Sick,Low,241.55,4.4,8.36,191.93,227.33
F83,C787,2024-02-26,Local,2,Badulla,10,2,Sick,High,31.34,4.36,8.59,180.97,29.07
F410,C788,2024-05-09,Holstein,6,Monaragala,3,0,Healthy,Medium,518.97,3.82,8.22,171.54,514.73
F402,C789,2024-07-09,Local,10,Anuradhapura,5,3,Sick,Medium,28.98,4.66,8.43,191.4,29.61
F128,C790,2024-04-14,Jersey,8,Badulla,8,0,Healthy,Low,217.61,4.78,8.58,180.84,197.34
F63,C791,2024-12-05,Crossbreed,10,Matale,4,0,Healthy,Low,262.25,4.69,9.2,179.97,236.86
F352,C792,2024-06-25,Jersey,10,Polonnaruwa,5,0,Healthy,High,252.7,4.71,8.28,190.86,254.99
F94,C793,2024-05-23,Jersey,10,Monaragala,1,0,Healthy,Medium,336.97,3.89,8.67,174.36,340.52
F183,C794,2024-12-04,Jersey,10,Monaragala,1,3,Sick,Low,132.85,4.38,8.98,176.42,123.24
F93,C795,2024-11-16,Holstein,4,Nuwara Eliya,2,0,Healthy,Medium,318.02,3.53,9.17,169.73,274.02
F194,C796,2024-05-31,Local,2,Matale,1,1,At_Risk,Low,46.31,3.84,8.61,177.6,44.83
F138,C797,2024-11-14,Crossbreed,10,Badulla,6,3,Sick,Low,81.34,4.48,8.65,175.66,74.35
F54,C798,2024-10-02,Jersey,7,Anuradhapura,2,0,Healthy,Low,355.64,3.92,9.2,189.12,324.54
F242,C799,2024-10-25,Local,10,Matale,7,0,Healthy,High,95.96,4.04,8.92,188.77,85.23
F447,C800,2024-04-18,Holstein,6,Monaragala,4,3,Sick,High,247.99,3.59,8.89,177.34,216.87
F498,C801,2024-12-28,Jersey,9,Nuwara Eliya,6,1,At_Risk,High,189.56,4.5,8.27,184.57,189.65
F265,C802,2024-10-13,Local,9,Badulla,2,1,At_Risk,Medium,53.34,4.13,8.94,188.64,52.48
F271,C803,2024-04-05,Local,4,Nuwara Eliya,10,1,At_Risk,High,48.79,4.24,8.25,184.88,43.61
F79,C804,2024-03-18,Local,2,Polonnaruwa,5,0,Healthy,Medium,99.34,3.81,8.48,184.51,94.54
F435,C805,2024-03-13,Jersey,5,Polonnaruwa,6,0,Healthy,Low,306.48,3.59,9.06,175.89,297.96
F51,C806,2024-10-01,Jersey,9,Monaragala,5,0,Healthy,Medium,363.44,3.86,9.1,184.96,367.63
F413,C807,2024-09-29,Holstein,4,Anuradhapura,10,0,Healthy,Low,383.81,4.35,8.66,181.46,401.57
F99,C808,2024-01-27,Local,10,Nuwara Eliya,4,3,Sick,Low,43.0,3.99,8.7,182.0,40.73
F8,C809,2024-02-07,Holstein,2,Polonnaruwa,6,0,Healthy,Low,470.21,4.2,8.33,187.32,488.76
F199,C810,2024-07-29,Jersey,8,Anuradhapura,8,0,Healthy,High,226.86,4.71,8.38,182.16,210.21
F356,C811,2024-10-09,Holstein,8,Monaragala,10,0,Healthy,High,255.25,3.85,8.71,171.45,245.84
F365,C812,2024-03-30,Holstein,2,Kandy,9,3,Sick,Medium,169.08,4.73,8.44,179.93,173.99
F103,C813,2024-05-03,Local,10,Kurunegala,8,0,Healthy,High,80.04,3.95,8.76,170.96,72.59
F496,C814,2024-07-17,Local,4,Polonnaruwa,9,1,At_Risk,High,38.61,4.48,9.17,190.39,37.45
F157,C815,2024-09-05,Jersey,6,Monaragala,8,0,Healthy,Medium,297.74,4.62,8.36,192.45,307.53
F21,C816,2024-05-20,Jersey,7,Nuwara Eliya,2,1,At_Risk,Medium,236.57,3.83,9.18,187.96,238.26
F370,C817,2024-05-07,Holstein,2,Matale,6,1,At_Risk,Medium,252.95,4.55,8.28,179.33,232.96
F405,C818,2024-02-29,Local,5,Badulla,5,0,Healthy,High,68.85,3.54,8.27,178.6,69.03
F158,C819,2024-02-26,Local,2,Monaragala,1,1,At_Risk,Low,48.36,3.68,8.82,170.96,46.38
F281,C820,2024-09-13,Jersey,2,Polonnaruwa,8,3,Sick,High,143.96,4.44,8.28,176.52,126.99
F444,C821,2024-03-01,Jersey,4,Polonnaruwa,10,0,Healthy,Medium,210.03,3.97,8.84,172.28,215.81
F271,C822,2024-12-01,Local,3,Badulla,4,2,Sick,Medium,50.61,4.53,8.23,194.64,45.69
F201,C823,2024-08-01,Holstein,7,Badulla,4,1,At_Risk,High,504.18,4.29,8.32,179.31,452.01
F32,C824,2024-06-08,Holstein,4,Monaragala,9,0,Healthy,Medium,262.37,4.46,8.39,186.07,268.22
F473,C825,2024-06-07,Jersey,6,Polonnaruwa,3,0,Healthy,Medium,398.92,4.52,9.12,179.1,350.46
F486,C826,2024-04-26,Local,5,Polonnaruwa,4,2,Sick,Medium,52.64,4.05,8.33,172.96,52.19
F147,C827,2024-05-01,Holstein,6,Anuradhapura,3,1,At_Risk,Medium,300.37,3.71,9.18,168.62,265.89
F322,C828,2024-06-16,Crossbreed,7,Nuwara Eliya,10,1,At_Risk,Low,99.7,3.85,8.85,176.3,92.18
F472,C829,2024-07-13,Crossbreed,3,Anuradhapura,9,0,Healthy,Low,122.69,4.05,8.5,175.76,113.18
F178,C830,2024-08-29,Jersey,8,Kurunegala,3,0,Healthy,Low,314.65,3.73,9.19,178.52,287.93
F206,C831,2024-04-16,Crossbreed,2,Anuradhapura,1,0,Healthy,Low,219.45,3.6,8.38,177.79,222.2
F254,C832,2024-08-22,Local,7,Nuwara Eliya,1,1,At_Risk,Low,59.73,4.31,8.35,182.48,53.36
F460,C833,2024-09-13,Holstein,4,Monaragala,4,3,Sick,High,177.27,4.28,8.62,181.73,179.93
F232,C834,2024-11-20,Jersey,5,Badulla,5,0,Healthy,Medium,295.71,3.74,8.29,181.68,262.48
F184,C835,2024-01-23,Holstein,5,Badulla,5,0,Healthy,Medium,441.93,3.63,8.51,179.57,400.94
F89,C836,2024-04-09,Holstein,6,Anuradhapura,3,0,Healthy,High,554.39,4.6,8.72,193.22,485.36
F233,C837,2024-05-30,Holstein,5,Matale,10,0,Healthy,Low,349.96,4.74,8.97,194.25,309.24
F247,C838,2024-11-11,Jersey,6,Matale,5,2,Sick,High,207.22,4.38,8.7,175.68,216.91
F144,C839,2024-12-18,Crossbreed,7,Kurunegala,4,0,Healthy,Medium,212.33,3.98,9.11,177.17,196.77
F31,C840,2024-04-21,Crossbreed,8,Nuwara Eliya,1,2,Sick,Low,140.85,3.88,8.54,174.97,130.94
F412,C841,2024-03-27,Jersey,9,Nuwara Eliya,4,0,Healthy,Medium,380.73,4.08,8.54,173.56,378.18
F470,C842,2024-07-07,Crossbreed,3,Monaragala,1,0,Healthy,Medium,247.49,4.28,9.01,174.99,218.79
F132,C843,2024-04-30,Local,9,Matale,2,1,At_Risk,Medium,69.02,4.63,9.15,184.4,60.46
F405,C844,2024-06-21,Crossbreed,2,Badulla,2,0,Healthy,Medium,173.25,4.29,9.13,189.64,148.05
F115,C845,2024-08-05,Crossbreed,8,Anuradhapura,10,0,Healthy,Medium,126.04,4.21,8.95,187.78,119.88
F386,C846,2024-07-17,Holstein,9,Badulla,3,3,Sick,Medium,246.31,4.44,8.47,191.32,222.77
F384,C847,2024-03-12,Local,4,Anuradhapura,5,2,Sick,Low,44.8,4.09,8.69,171.63,41.7
F326,C848,2024-01-17,Holstein,10,Anuradhapura,9,0,Healthy,Low,237.45,4.27,9.19,176.04,238.85
F264,C849,2024-08-10,Holstein,5,Kandy,6,2,Sick,Medium,290.61,4.73,8.61,190.54,261.85
F37,C850,2024-03-11,Local,2,Anuradhapura,9,0,Healthy,Medium,48.09,4.25,9.02,173.07,47.81
F184,C851,2024-09-26,Jersey,9,Nuwara Eliya,7,2,Sick,Medium,160.9,4.45,8.29,193.53,159.51
F428,C852,2024-10-27,Holstein,5,Monaragala,4,1,At_Risk,High,376.36,4.44,8.88,188.51,351.33
F338,C853,2024-11-16,Holstein,2,Anuradhapura,2,0,Healthy,Low,358.2,4.59,8.92,193.8,375.41
F95,C854,2024-02-02,Holstein,4,Badulla,8,0,Healthy,Medium,453.66,3.9,8.38,184.73,468.58
F319,C855,2024-12-10,Crossbreed,8,Anuradhapura,9,0,Healthy,Medium,150.3,3.94,8.41,175.66,153.02
F184,C856,2024-09-17,Local,5,Polonnaruwa,6,1,At_Risk,Low,45.54,4.7,9.16,180.79,39.55
F29,C857,2024-02-08,Holstein,4,Nuwara Eliya,3,0,Healthy,High,520.26,3.98,8.35,177.92,502.25
F237,C858,2024-02-23,Local,9,Badulla,1,0,Healthy,Medium,107.11,4.37,8.24,180.23,110.2
F49,C859,2024-07-19,Local,3,Polonnaruwa,9,0,Healthy,High,47.3,4.48,8.84,177.2,46.69
F260,C860,2024-04-04,Local,3,Monaragala,8,0,Healthy,Low,54.74,4.56,8.95,190.67,51.75
F208,C861,2024-07-31,Jersey,8,Nuwara Eliya,7,1,At_Risk,High,264.93,4.15,8.56,177.05,261.9
F77,C862,2024-09-13,Holstein,9,Anuradhapura,5,0,Healthy,High,479.41,4.25,8.95,191.79,412.62
F331,C863,2024-11-11,Jersey,4,Kurunegala,3,0,Healthy,Low,342.24,4.13,8.29,186.66,311.86
F365,C864,2024-03-30,Local,10,Nuwara Eliya,1,0,Healthy,High,101.65,4.26,8.33,181.84,104.65
F487,C865,2024-12-04,Local,5,Polonnaruwa,1,1,At_Risk,High,50.49,3.54,8.76,179.3,48.51
F330,C866,2024-04-21,Local,4,Polonnaruwa,4,0,Healthy,Low,65.52,3.92,8.64,174.79,56.42
F296,C867,2024-01-22,Jersey,7,Kurunegala,7,3,Sick,Medium,120.06,4.78,8.75,196.42,115.67
F86,C868,2024-11-19,Jersey,9,Kandy,2,0,Healthy,High,281.91,4.42,8.66,190.33,293.73
F270,C869,2024-01-24,Crossbreed,3,Monaragala,9,0,Healthy,Medium,151.06,4.69,8.41,190.21,146.64
F492,C870,2024-07-07,Crossbreed,9,Monaragala,5,1,At_Risk,Medium,160.79,4.1,8.8,174.43,146.4
F317,C871,2024-06-22,Jersey,5,Kurunegala,1,0,Healthy,Low,317.9,3.67,8.63,171.64,286.87
F57,C872,2024-07-17,Jersey,7,Polonnaruwa,2,1,At_Risk,High,192.92,3.61,8.78,184.82,188.08
F285,C873,2024-02-17,Jersey,8,Polonnaruwa,6,2,Sick,High,191.83,3.94,8.67,186.56,198.5
F198,C874,2024-11-23,Crossbreed,8,Badulla,3,1,At_Risk,High,197.18,4.47,8.64,193.35,178.97
F403,C875,2024-02-02,Local,8,Matale,8,0,Healthy,Medium,68.44,4.7,8.22,188.63,64.04
F481,C876,2024-05-23,Holstein,5,Nuwara Eliya,3,0,Healthy,Low,386.72,4.61,8.88,179.83,390.64
F18,C877,2024-02-13,Local,10,Kurunegala,5,1,At_Risk,High,67.24,4.0,9.19,174.95,68.51
F59,C878,2024-12-18,Jersey,10,Kandy,10,0,Healthy,High,222.47,4.13,8.66,178.55,218.17
F267,C879,2024-11-12,Crossbreed,2,Kurunegala,2,0,Healthy,Low,218.69,4.22,9.05,190.79,204.99
F175,C880,2024-01-01,Holstein,10,Matale,4,0,Healthy,High,381.38,4.56,8.24,186.16,340.0
F440,C881,2024-04-20,Jersey,2,Anuradhapura,6,0,Healthy,Low,264.92,3.81,8.93,170.73,269.82
F271,C882,2024-02-29,Crossbreed,7,Polonnaruwa,3,0,Healthy,High,165.4,3.52,8.5,179.16,150.37
F223,C883,2024-03-20,Local,3,Nuwara Eliya,5,1,At_Risk,High,71.8,4.36,9.08,181.79,61.24
F135,C884,2024-04-23,Crossbreed,10,Polonnaruwa,8,0,Healthy,Low,235.03,3.75,8.55,174.66,239.23
F406,C885,2024-01-04,Holstein,10,Kandy,7,0,Healthy,High,427.31,4.63,8.22,185.01,396.42
F419,C886,2024-07-25,Holstein,7,Matale,6,1,At_Risk,Medium,269.82,4.17,8.76,181.58,250.61
F381,C887,2024-12-23,Crossbreed,2,Matale,5,0,Healthy,High,254.21,4.07,8.69,187.68,241.02
F193,C888,2024-08-30,Crossbreed,5,Kandy,5,0,Healthy,Medium,192.19,4.52,8.96,184.77,175.26
F257,C889,2024-05-14,Holstein,8,Anuradhapura,9,0,Healthy,High,307.49,4.64,8.61,187.15,261.51
F374,C890,2024-02-20,Crossbreed,8,Kandy,9,0,Healthy,Medium,151.88,3.64,8.64,185.84,138.64
F471,C891,2024-04-18,Jersey,2,Kurunegala,3,0,Healthy,Low,344.28,3.62,8.29,180.76,359.94
F151,C892,2024-08-27,Local,2,Nuwara Eliya,6,0,Healthy,High,77.0,4.26,8.56,182.11,75.32
F311,C893,2024-06-05,Crossbreed,10,Nuwara Eliya,9,0,Healthy,High,129.73,3.68,8.82,181.38,119.24
F95,C894,2024-12-13,Jersey,8,Kurunegala,3,0,Healthy,High,353.99,4.52,9.03,193.48,371.68
F55,C895,2024-06-06,Crossbreed,8,Matale,10,1,At_Risk,Low,101.64,4.78,9.1,180.37,98.67
F381,C896,2024-02-18,Holstein,6,Kandy,3,3,Sick,Medium,229.17,3.71,9.11,177.42,237.04
F8,C897,2024-02-01,Local,10,Matale,5,1,At_Risk,Medium,87.17,3.76,8.41,181.37,81.74
F267,C898,2024-01-02,Holstein,4,Polonnaruwa,10,0,Healthy,High,334.71,3.68,8.89,185.07,321.98
F466,C899,2024-12-27,Holstein,3,Badulla,2,1,At_Risk,Medium,317.39,3.88,8.91,183.51,291.7
F411,C900,2024-05-09,Holstein,9,Kurunegala,1,1,At_Risk,Medium,337.31,4.48,8.46,188.67,343.34
F31,C901,2024-05-17,Jersey,2,Anuradhapura,4,1,At_Risk,High,240.71,4.38,8.97,183.26,239.41
F357,C902,2024-12-05,Jersey,8,Kurunegala,10,2,Sick,Medium,156.41,4.03,8.43,178.42,140.07
F447,C903,2024-01-21,Holstein,8,Polonnaruwa,8,2,Sick,Low,242.2,4.33,8.45,175.49,210.66
F114,C904,2024-01-26,Jersey,9,Anuradhapura,2,2,Sick,Low,176.65,4.76,9.18,182.97,175.07
F25,C905,2024-02-26,Jersey,6,Kurunegala,1,1,At_Risk,Low,194.83,4.63,8.34,178.85,203.02
F180,C906,2024-01-04,Local,4,Kandy,1,0,Healthy,Medium,66.66,4.12,8.75,183.84,69.31
F343,C907,2024-12-19,Local,6,Kurunegala,5,0,Healthy,High,60.59,3.81,9.02,172.29,53.08
F271,C908,2024-02-11,Holstein,3,Nuwara Eliya,1,1,At_Risk,High,427.11,3.82,8.81,179.9,404.57
F375,C909,2024-04-04,Crossbreed,2,Monaragala,7,2,Sick,High,135.94,4.66,8.65,187.21,138.67
F477,C910,2024-09-15,Holstein,7,Badulla,4,2,Sick,Medium,299.54,4.26,9.18,183.25,259.58
F455,C911,2024-04-24,Jersey,5,Kandy,1,2,Sick,Low,232.97,4.01,8.25,186.12,217.96
F110,C912,2024-10-04,Jersey,3,Matale,4,1,At_Risk,High,299.81,3.66,8.99,166.96,274.69
F85,C913,2024-05-18,Local,8,Anuradhapura,2,0,Healthy,High,98.65,4.27,8.99,192.49,103.28
F354,C914,2024-07-22,Local,10,Anuradhapura,4,0,Healthy,Low,66.47,3.84,9.04,169.05,64.59
F411,C915,2024-05-17,Holstein,6,Monaragala,5,2,Sick,Medium,249.2,3.9,8.82,182.82,255.45
F187,C916,2024-11-14,Crossbreed,4,Kandy,10,0,Healthy,High,144.07,4.42,8.31,180.31,133.0
F330,C917,2024-02-03,Jersey,3,Polonnaruwa,3,2,Sick,Medium,172.56,4.73,9.0,180.93,159.96
F183,C918,2024-12-16,Jersey,4,Polonnaruwa,5,0,Healthy,Medium,313.09,4.13,8.58,178.56,309.06
F134,C919,2024-05-08,Holstein,2,Kandy,3,2,Sick,High,357.92,4.13,8.5,184.06,321.12
F394,C920,2024-11-07,Crossbreed,6,Badulla,3,0,Healthy,High,262.88,3.88,8.2,173.28,275.55
F306,C921,2024-10-19,Local,8,Matale,8,0,Healthy,High,68.08,3.93,8.22,172.0,59.5
F480,C922,2024-02-04,Holstein,2,Polonnaruwa,10,0,Healthy,High,350.63,4.26,8.89,183.94,363.32
F128,C923,2024-07-30,Crossbreed,6,Badulla,5,2,Sick,Medium,134.28,4.73,8.67,194.8,140.48
F317,C924,2024-02-27,Jersey,2,Kandy,5,0,Healthy,High,265.92,4.4,9.18,188.53,268.81
F335,C925,2024-03-26,Holstein,8,Badulla,2,0,Healthy,Low,391.92,3.72,8.78,186.71,366.32
F59,C926,2024-03-09,Holstein,9,Nuwara Eliya,4,0,Healthy,Low,549.24,4.27,8.3,183.66,478.03
F399,C927,2024-07-15,Jersey,3,Nuwara Eliya,6,0,Healthy,Low,254.33,4.36,8.93,182.67,234.49
F378,C928,2024-08-31,Holstein,6,Kurunegala,5,0,Healthy,Low,447.69,4.53,9.0,189.62,402.67
F59,C929,2024-02-27,Local,9,Polonnaruwa,10,0,Healthy,Low,44.07,3.93,8.41,179.25,45.41
F203,C930,2024-01-29,Crossbreed,8,Badulla,3,1,At_Risk,Medium,180.55,4.56,8.26,191.91,174.74
F429,C931,2024-09-21,Holstein,5,Anuradhapura,9,1,At_Risk,Low,263.78,4.05,8.6,171.03,225.54
F396,C932,2024-09-11,Holstein,8,Badulla,3,2,Sick,Low,356.99,3.67,9.1,180.15,335.37
F381,C933,2024-06-16,Crossbreed,3,Monaragala,4,2,Sick,Low,105.38,4.18,9.04,188.4,104.29
F257,C934,2024-10-26,Crossbreed,10,Polonnaruwa,2,0,Healthy,Medium,191.09,4.17,8.44,174.19,191.64
F314,C935,2024-05-25,Jersey,4,Matale,3,2,Sick,High,239.88,4.3,9.19,185.8,249.27
F382,C936,2024-10-06,Local,4,Polonnaruwa,7,2,Sick,High,57.9,4.62,8.69,178.82,51.61
F62,C937,2024-09-10,Local,6,Anuradhapura,5,2,Sick,Medium,43.91,4.67,9.06,185.99,42.77
F218,C938,2024-04-16,Holstein,3,Badulla,5,0,Healthy,Medium,421.15,3.72,8.54,179.36,371.76
F309,C939,2024-09-28,Jersey,6,Anuradhapura,7,2,Sick,Medium,141.86,4.45,9.07,176.46,121.98
F345,C940,2024-09-05,Local,2,Nuwara Eliya,9,0,Healthy,High,51.37,3.87,8.73,169.73,52.02
F337,C941,2024-03-11,Local,5,Polonnaruwa,9,0,Healthy,High,63.42,4.42,8.85,193.56,55.34
F139,C942,2024-10-09,Jersey,5,Polonnaruwa,1,1,At_Risk,Medium,260.98,4.2,8.67,177.88,247.95
F415,C943,2024-04-01,Local,9,Kandy,7,0,Healthy,Low,67.52,4.26,8.27,189.19,66.45
F112,C944,2024-09-07,Crossbreed,4,Badulla,9,3,Sick,High,73.03,4.76,8.95,181.11,70.51
F14,C945,2024-08-18,Jersey,9,Monaragala,8,2,Sick,Medium,168.54,3.91,9.05,186.03,171.32
F300,C946,2024-10-29,Holstein,8,Nuwara Eliya,6,0,Healthy,Low,311.63,3.5,8.72,171.88,313.02
F468,C947,2024-05-21,Crossbreed,5,Polonnaruwa,10,2,Sick,High,80.85,3.72,8.95,174.77,78.92
F257,C948,2024-07-23,Crossbreed,7,Kurunegala,10,0,Healthy,Low,123.63,3.65,9.19,172.67,110.01
F255,C949,2024-07-30,Holstein,9,Kurunegala,5,0,Healthy,Medium,474.3,4.05,8.39,177.18,442.42
F176,C950,2024-05-21,Crossbreed,10,Nuwara Eliya,5,0,Healthy,Low,183.81,4.26,8.46,192.3,165.13
F15,C951,2024-07-03,Holstein,8,Anuradhapura,2,2,Sick,Medium,297.8,4.45,9.12,192.74,264.91
F270,C952,2024-07-05,Crossbreed,2,Nuwara Eliya,8,0,Healthy,Medium,209.59,4.39,8.96,184.55,218.11
F272,C953,2024-01-12,Jersey,8,Polonnaruwa,5,0,Healthy,High,341.7,4.75,8.3,177.95,294.03
F9,C954,2024-01-24,Local,7,Kurunegala,8,1,At_Risk,Medium,71.69,4.74,8.2,182.36,74.3
F465,C955,2024-09-01,Jersey,8,Anuradhapura,5,2,Sick,Low,164.26,4.71,8.29,193.08,170.45
F307,C956,2024-11-30,Local,5,Matale,1,0,Healthy,Low,77.03,3.68,8.22,184.18,74.86
F125,C957,2024-12-02,Local,7,Kandy,10,0,Healthy,Medium,67.6,3.5,8.8,183.32,59.97
F99,C958,2024-01-15,Crossbreed,9,Badulla,2,2,Sick,High,91.43,3.69,8.61,176.57,93.19
F4,C959,2024-01-21,Crossbreed,8,Nuwara Eliya,3,0,Healthy,Medium,205.43,4.2,8.22,180.88,202.56
F431,C960,2024-04-01,Crossbreed,10,Anuradhapura,8,3,Sick,Medium,58.27,4.22,8.99,183.03,51.12
F235,C961,2024-08-19,Holstein,6,Nuwara Eliya,4,0,Healthy,Medium,569.53,4.26,8.87,188.69,529.44
F363,C962,2024-02-18,Local,5,Nuwara Eliya,6,2,Sick,Medium,61.19,3.65,9.17,185.69,57.06
F120,C963,2024-11-03,Crossbreed,5,Monaragala,10,2,Sick,High,108.86,3.72,9.1,180.32,103.1
F478,C964,2024-09-11,Local,6,Kurunegala,7,3,Sick,High,43.6,4.08,8.47,178.66,39.4
F26,C965,2024-03-22,Crossbreed,3,Matale,3,0,Healthy,Medium,238.09,3.72,8.54,168.43,238.97
F325,C966,2024-01-15,Local,5,Nuwara Eliya,9,0,Healthy,High,57.08,4.11,9.07,186.36,56.17
F193,C967,2024-01-09,Holstein,4,Matale,3,1,At_Risk,Medium,425.29,4.35,8.21,192.05,392.7
F217,C968,2024-11-15,Local,4,Monaragala,1,0,Healthy,High,80.84,4.48,9.02,192.39,78.91
F314,C969,2024-05-26,Local,9,Badulla,9,1,At_Risk,Medium,62.24,4.04,9.11,190.26,55.8
F107,C970,2024-08-07,Local,7,Badulla,8,3,Sick,High,25.19,3.52,8.36,185.12,23.95
F275,C971,2024-09-02,Crossbreed,3,Nuwara Eliya,3,0,Healthy,Medium,228.58,3.86,9.06,174.27,225.12
F475,C972,2024-05-22,Local,2,Kandy,6,0,Healthy,Low,100.9,4.55,8.76,194.44,103.67
F293,C973,2024-10-30,Jersey,9,Kurunegala,10,0,Healthy,Medium,189.36,3.84,8.74,177.38,164.4
F253,C974,2024-05-11,Jersey,6,Kandy,10,0,Healthy,Medium,202.74,3.8,8.78,175.43,194.11
F10,C975,2024-06-14,Holstein,3,Monaragala,7,0,Healthy,Medium,385.07,3.55,8.7,176.58,340.53
F67,C976,2024-05-14,Holstein,8,Monaragala,7,0,Healthy,High,311.02,3.79,8.71,178.82,274.96
F395,C977,2024-11-01,Jersey,4,Anuradhapura,10,1,At_Risk,Low,182.36,3.69,8.21,183.06,176.36
F396,C978,2024-05-09,Holstein,7,Polonnaruwa,4,0,Healthy,Medium,405.74,3.74,8.63,180.57,345.86
F348,C979,2024-08-20,Holstein,7,Monaragala,10,1,At_Risk,Medium,326.37,4.27,8.67,184.17,331.49
F363,C980,2024-04-10,Local,10,Nuwara Eliya,6,1,At_Risk,High,75.78,4.68,9.06,190.28,76.63
F368,C981,2024-12-10,Holstein,6,Kurunegala,2,1,At_Risk,Low,429.65,3.58,8.23,170.97,435.98
F433,C982,2024-08-31,Crossbreed,6,Anuradhapura,8,1,At_Risk,Medium,176.63,4.73,9.03,189.77,157.68
F130,C983,2024-02-12,Local,9,Badulla,10,2,Sick,High,38.28,4.77,8.48,187.31,33.23
F308,C984,2024-11-20,Crossbreed,4,Anuradhapura,5,0,Healthy,Low,206.14,3.57,8.72,175.79,180.31
F67,C985,2024-04-11,Crossbreed,3,Matale,3,1,At_Risk,Low,149.26,4.51,9.03,182.33,136.65
F410,C986,2024-08-22,Jersey,7,Badulla,9,0,Healthy,Medium,164.41,4.37,8.72,191.67,166.19
F54,C987,2024-12-07,Jersey,6,Monaragala,1,0,Healthy,Low,278.81,3.72,8.45,172.46,259.93
F362,C988,2024-08-09,Holstein,7,Kandy,7,0,Healthy,Medium,504.41,3.8,8.97,174.78,515.29
F309,C989,2024-08-14,Crossbreed,6,Badulla,10,1,At_Risk,Low,123.56,4.11,8.7,185.74,121.54
F468,C990,2024-04-20,Crossbreed,2,Kandy,5,0,Healthy,Medium,231.58,3.96,8.52,170.06,219.24
F20,C991,2024-01-14,Holstein,4,Kurunegala,10,0,Healthy,Low,282.59,3.69,8.75,181.96,283.6
F289,C992,2024-02-02,Holstein,3,Badulla,8,0,Healthy,Low,340.65,4.02,9.05,177.13,337.88
F216,C993,2024-04-13,Local,5,Kurunegala,5,0,Healthy,Medium,87.58,3.81,8.83,174.13,86.75
F274,C994,2024-12-30,Jersey,7,Nuwara Eliya,6,2,Sick,Medium,186.48,3.58,8.86,165.97,160.07
F125,C995,2024-01-25,Crossbreed,6,Badulla,7,2,Sick,Low,139.14,3.96,8.5,180.8,120.57
F177,C996,2024-12-07,Holstein,3,Kurunegala,4,0,Healthy,High,478.0,4.79,8.85,179.13,453.78
F430,C997,2024-08-20,Local,10,Anuradhapura,1,3,Sick,High,35.01,4.79,8.62,190.06,32.94
F28,C998,2024-06-05,Local,9,Matale,10,2,Sick,High,46.24,4.44,9.03,178.42,42.55
F95,C999,2024-05-20,Jersey,3,Polonnaruwa,3,0,Healthy,High,388.7,3.65,8.29,173.16,393.94
F108,C1000,2024-08-04,Holstein,10,Kandy,10,0,Healthy,Low,279.44,4.55,8.89,190.0,254.91
F191,C1001,2024-12-26,Local,5,Anuradhapura,8,0,Healthy,Low,59.91,4.6,8.5,187.97,51.54
F434,C1002,2024-02-17,Crossbreed,8,Badulla,1,0,Healthy,Low,173.03,3.71,8.54,167.51,168.77
F128,C1003,2024-04-13,Local,10,Kandy,8,0,Healthy,High,72.83,3.75,8.23,183.6,74.01
F315,C1004,2024-10-19,Local,10,Badulla,1,3,Sick,Medium,38.97,4.46,8.31,191.84,38.22
F491,C1005,2024-05-20,Local,7,Anuradhapura,9,1,At_Risk,High,33.35,4.27,9.05,179.84,29.86
F104,C1006,2024-08-12,Jersey,7,Matale,2,1,At_Risk,High,261.18,4.34,8.29,191.27,238.38
F351,C1007,2024-01-13,Jersey,10,Nuwara Eliya,4,2,Sick,Low,253.1,3.89,9.06,184.53,227.58
F68,C1008,2024-08-13,Crossbreed,2,Badulla,4,0,Healthy,High,257.13,3.51,8.76,171.88,251.73
F437,C1009,2024-03-29,Local,3,Badulla,5,0,Healthy,Medium,107.1,3.75,8.84,180.59,105.2
F321,C1010,2024-11-05,Jersey,10,Badulla,5,1,At_Risk,Low,285.35,3.59,8.32,177.83,247.09
F363,C1011,2024-07-19,Crossbreed,2,Matale,4,1,At_Risk,Low,163.83,4.44,8.84,181.06,160.51
F132,C1012,2024-12-08,Crossbreed,4,Matale,10,3,Sick,Medium,74.98,4.26,8.45,176.67,73.1
F460,C1013,2024-03-01,Jersey,6,Nuwara Eliya,5,2,Sick,Low,198.96,4.23,8.25,173.12,196.56
F102,C1014,2024-07-24,Local,7,Matale,2,0,Healthy,Medium,70.26,4.25,8.7,184.09,66.16
F483,C1015,2024-05-17,Jersey,2,Polonnaruwa,3,3,Sick,Low,118.58,4.5,8.82,186.97,107.26
F62,C1016,2024-09-19,Local,8,Polonnaruwa,3,0,Healthy,Low,66.08,4.63,8.71,192.46,57.82
F306,C1017,2024-09-02,Holstein,3,Kurunegala,7,0,Healthy,Medium,349.4,4.23,8.22,182.71,356.12
F451,C1018,2024-11-05,Crossbreed,2,Anuradhapura,10,0,Healthy,Medium,124.23,4.77,8.46,186.82,115.46
F143,C1019,2024-03-21,Crossbreed,3,Monaragala,4,3,Sick,Low,85.5,3.65,9.04,186.44,78.79
F476,C1020,2024-03-20,Holstein,8,Monaragala,6,0,Healthy,Low,340.25,4.7,9.05,192.5,323.53
F475,C1021,2024-06-13,Jersey,7,Badulla,7,0,Healthy,Low,276.89,3.54,8.33,183.13,241.28
F343,C1022,2024-12-23,Local,9,Anuradhapura,3,1,At_Risk,Medium,90.99,4.49,8.92,178.99,85.9
F352,C1023,2024-08-30,Local,4,Matale,2,2,Sick,Medium,46.66,3.68,8.6,186.4,45.37
F251,C1024,2024-05-29,Holstein,6,Monaragala,2,0,Healthy,High,472.99,4.17,9.07,177.48,437.82
F401,C1025,2024-12-30,Local,7,Anuradhapura,8,2,Sick,Low,43.9,4.43,8.34,180.13,44.44
F321,C1026,2024-10-30,Crossbreed,10,Matale,5,1,At_Risk,Low,231.73,4.19,8.74,181.12,223.04
F160,C1027,2024-06-14,Crossbreed,9,Kandy,3,1,At_Risk,Low,155.19,4.02,8.63,187.8,161.76
F138,C1028,2024-06-22,Crossbreed,9,Anuradhapura,10,3,Sick,Medium,53.38,4.2,8.89,185.58,51.64
F69,C1029,2024-01-21,Holstein,8,Nuwara Eliya,10,0,Healthy,Low,305.71,4.3,8.6,176.97,304.72
F236,C1030,2024-06-10,Jersey,9,Nuwara Eliya,3,0,Healthy,Medium,311.07,4.03,8.74,181.17,272.8
F293,C1031,2024-06-10,Jersey,5,Polonnaruwa,1,0,Healthy,High,242.03,4.71,8.8,190.29,249.72
F328,C1032,2024-03-05,Jersey,4,Monaragala,2,0,Healthy,Medium,254.56,4.15,8.48,182.2,223.1
F421,C1033,2024-08-05,Jersey,8,Badulla,4,0,Healthy,Low,254.54,4.5,8.82,187.03,246.41
F318,C1034,2024-04-29,Crossbreed,4,Matale,8,0,Healthy,Low,172.57,3.65,8.88,180.54,171.83
F284,C1035,2024-05-05,Local,10,Badulla,5,3,Sick,Low,48.98,4.68,8.22,195.48,43.65
F112,C1036,2024-07-24,Holstein,5,Nuwara Eliya,8,0,Healthy,Medium,404.94,4.04,9.08,172.92,419.75
F417,C1037,2024-12-20,Local,3,Nuwara Eliya,5,1,At_Risk,Low,98.27,3.99,8.44,181.0,95.94
F196,C1038,2024-02-02,Jersey,9,Monaragala,6,0,Healthy,Medium,243.99,4.53,8.83,185.95,221.61
F409,C1039,2024-12-27,Holstein,7,Kandy,4,0,Healthy,High,475.36,4.18,8.65,176.92,413.43
F380,C1040,2024-06-03,Crossbreed,8,Kandy,4,0,Healthy,Medium,245.48,3.98,8.22,171.81,242.54
F110,C1041,2024-02-06,Crossbreed,7,Matale,2,1,At_Risk,High,184.76,4.14,9.11,181.18,164.41
F90,C1042,2024-07-30,Crossbreed,9,Matale,9,0,Healthy,Low,158.08,4.64,8.42,192.54,145.66
F464,C1043,2024-05-07,Crossbreed,9,Polonnaruwa,9,0,Healthy,Low,135.84,4.16,8.89,184.27,136.83
F439,C1044,2024-11-29,Holstein,6,Matale,5,0,Healthy,Low,422.29,3.9,8.72,182.27,419.72
F38,C1045,2024-12-22,Local,5,Matale,9,0,Healthy,High,60.11,3.53,8.28,173.66,59.76
F237,C1046,2024-06-22,Local,10,Matale,9,1,At_Risk,Low,53.4,4.57,8.6,180.13,50.38
F460,C1047,2024-02-05,Local,6,Matale,1,0,Healthy,Low,90.1,4.32,8.22,184.02,90.84
F263,C1048,2024-04-16,Holstein,9,Kurunegala,5,0,Healthy,Low,394.88,4.5,8.69,192.61,356.86
F319,C1049,2024-12-02,Jersey,7,Monaragala,5,1,At_Risk,Low,283.26,4.68,8.8,186.66,294.45
F464,C1050,2024-03-10,Holstein,3,Badulla,4,1,At_Risk,High,403.51,4.79,8.66,179.39,411.06
F185,C1051,2024-08-16,Local,7,Kurunegala,2,2,Sick,High,59.52,4.5,8.64,189.33,53.11
F131,C1052,2024-08-05,Crossbreed,7,Kurunegala,5,0,Healthy,High,209.93,4.38,8.74,190.67,188.98
F55,C1053,2024-09-13,Holstein,2,Polonnaruwa,4,0,Healthy,Low,449.06,4.03,8.76,174.87,408.25
F211,C1054,2024-01-25,Holstein,10,Anuradhapura,5,2,Sick,Medium,253.93,4.61,8.89,186.5,237.13
F96,C1055,2024-06-24,Crossbreed,9,Kurunegala,8,0,Healthy,Low,183.32,4.19,9.01,187.73,179.02
F210,C1056,2024-08-24,Holstein,9,Monaragala,10,2,Sick,Medium,155.86,3.82,8.9,176.39,141.77
F200,C1057,2024-12-01,Local,4,Kurunegala,1,0,Healthy,Low,85.22,3.99,8.73,187.43,76.97
F214,C1058,2024-12-24,Jersey,3,Nuwara Eliya,10,0,Healthy,Low,255.04,4.8,8.44,192.54,217.2
F191,C1059,2024-03-21,Crossbreed,2,Kurunegala,6,0,Healthy,Low,185.68,4.01,8.38,186.93,169.42
F310,C1060,2024-01-20,Jersey,7,Kandy,1,0,Healthy,High,265.11,3.57,8.8,167.44,265.32
F301,C1061,2024-11-22,Holstein,8,Anuradhapura,10,0,Healthy,Medium,239.02,4.28,8.46,183.35,247.35
F156,C1062,2024-11-09,Holstein,3,Kurunegala,7,1,At_Risk,High,325.42,4.73,8.98,183.01,280.48
F342,C1063,2024-10-19,Holstein,3,Matale,5,3,Sick,Medium,197.35,4.36,9.2,178.86,195.24
F340,C1064,2024-01-13,Holstein,7,Matale,6,1,At_Risk,Low,283.8,3.64,8.44,174.0,243.76
F91,C1065,2024-04-29,Holstein,3,Nuwara Eliya,9,0,Healthy,Low,279.29,4.08,8.83,173.73,285.4
F36,C1066,2024-05-11,Crossbreed,10,Matale,10,2,Sick,High,80.12,4.79,8.28,191.14,75.91
F22,C1067,2024-03-12,Local,2,Kurunegala,4,3,Sick,Low,52.0,4.68,8.71,184.0,45.46
F338,C1068,2024-10-27,Local,8,Anuradhapura,1,0,Healthy,High,86.07,4.34,8.6,174.96,85.02
F238,C1069,2024-07-17,Local,9,Nuwara Eliya,3,0,Healthy,Medium,60.47,4.48,8.31,176.45,56.63
F254,C1070,2024-10-21,Crossbreed,9,Polonnaruwa,5,1,At_Risk,Medium,160.22,4.42,8.37,190.84,142.9
F165,C1071,2024-10-20,Holstein,7,Badulla,7,0,Healthy,Medium,407.29,4.46,8.76,193.18,360.81
F383,C1072,2024-07-27,Holstein,2,Anuradhapura,2,0,Healthy,Medium,351.07,4.21,8.73,173.62,342.21
F91,C1073,2024-02-22,Holstein,3,Monaragala,4,0,Healthy,High,448.87,3.92,8.81,187.98,414.16
F75,C1074,2024-10-15,Local,6,Nuwara Eliya,2,0,Healthy,High,93.39,4.75,8.36,182.05,87.61
F172,C1075,2024-09-10,Holstein,10,Nuwara Eliya,9,0,Healthy,High,323.89,3.74,8.55,174.36,296.95
F475,C1076,2024-05-25,Jersey,8,Kurunegala,5,0,Healthy,Low,317.64,4.57,8.3,189.78,289.68
F79,C1077,2024-07-30,Local,6,Monaragala,2,2,Sick,High,38.85,4.16,8.9,183.34,33.59
F55,C1078,2024-09-14,Jersey,2,Nuwara Eliya,5,0,Healthy,High,376.49,4.14,8.51,188.84,335.56
F464,C1079,2024-05-13,Holstein,7,Nuwara Eliya,6,1,At_Risk,High,281.36,3.83,8.36,187.36,258.13
F109,C1080,2024-03-14,Jersey,3,Badulla,5,0,Healthy,High,260.28,4.16,8.66,186.94,244.45
F376,C1081,2024-04-16,Jersey,3,Anuradhapura,6,0,Healthy,High,246.02,3.99,8.7,176.76,228.73
F306,C1082,2024-02-20,Local,5,Nuwara Eliya,9,2,Sick,Low,29.68,3.56,8.85,181.08,26.68
F337,C1083,2024-12-22,Jersey,9,Kandy,7,1,At_Risk,Medium,207.31,4.67,8.3,196.35,204.74
F485,C1084,2024-06-11,Holstein,10,Badulla,6,3,Sick,Low,174.33,3.86,8.67,186.96,176.18
F331,C1085,2024-02-14,Crossbreed,2,Anuradhapura,6,0,Healthy,Medium,170.09,3.71,8.9,169.21,154.32
F17,C1086,2024-10-22,Crossbreed,6,Matale,3,3,Sick,High,68.58,4.07,8.22,180.37,62.71
F421,C1087,2024-10-05,Holstein,7,Matale,7,0,Healthy,High,385.97,4.58,9.19,182.16,367.55
F6,C1088,2024-01-21,Crossbreed,6,Matale,10,3,Sick,Medium,58.07,4.67,9.12,195.31,54.01
F316,C1089,2024-04-02,Local,4,Badulla,4,0,Healthy,High,78.33,4.47,8.25,179.09,75.63
F414,C1090,2024-10-09,Holstein,4,Monaragala,6,0,Healthy,High,331.48,4.02,8.78,189.16,315.4
F474,C1091,2024-08-11,Jersey,8,Anuradhapura,2,1,At_Risk,High,199.82,4.69,8.22,196.15,181.76
F213,C1092,2024-01-03,Crossbreed,2,Polonnaruwa,3,2,Sick,Low,179.23,4.07,8.59,187.63,184.61
F376,C1093,2024-05-21,Local,5,Anuradhapura,4,0,Healthy,Low,84.05,3.77,8.4,177.83,74.34
F397,C1094,2024-06-26,Jersey,9,Monaragala,1,1,At_Risk,Medium,212.83,4.62,8.46,180.73,202.14
F50,C1095,2024-09-17,Local,4,Anuradhapura,5,0,Healthy,Low,70.18,4.43,8.97,183.55,63.31
F63,C1096,2024-08-23,Holstein,9,Monaragala,5,1,At_Risk,High,419.75,3.67,8.66,172.07,383.11
F255,C1097,2024-03-12,Crossbreed,7,Matale,5,0,Healthy,Low,244.46,4.16,8.82,179.51,228.58
F199,C1098,2024-11-27,Local,6,Anuradhapura,9,0,Healthy,Low,65.83,4.53,8.51,176.02,60.5
F257,C1099,2024-01-17,Local,3,Polonnaruwa,4,0,Healthy,High,106.11,3.79,8.47,172.75,94.38
F267,C1100,2024-01-08,Holstein,6,Kandy,9,3,Sick,High,113.12,4.76,9.15,195.29,110.49
F120,C1101,2024-05-26,Holstein,6,Polonnaruwa,6,3,Sick,Medium,151.13,4.5,8.54,178.51,144.58
F393,C1102,2024-11-09,Jersey,9,Nuwara Eliya,2,0,Healthy,Medium,229.71,4.03,8.31,188.42,215.08
F137,C1103,2024-12-05,Jersey,3,Polonnaruwa,9,2,Sick,High,111.28,3.77,8.7,168.1,106.1
F164,C1104,2024-11-16,Jersey,10,Kurunegala,2,0,Healthy,High,302.38,4.7,8.85,185.29,304.48
F141,C1105,2024-07-14,Crossbreed,5,Nuwara Eliya,8,0,Healthy,Medium,161.24,4.06,8.5,175.73,137.56
F71,C1106,2024-07-22,Jersey,5,Anuradhapura,9,1,At_Risk,High,140.78,3.61,8.49,183.66,120.29
F495,C1107,2024-06-05,Jersey,5,Monaragala,10,0,Healthy,Medium,225.74,4.44,9.06,183.91,227.62
F106,C1108,2024-10-04,Crossbreed,10,Matale,2,2,Sick,High,138.04,4.03,9.1,173.55,120.61
F106,C1109,2024-03-03,Holstein,8,Kandy,1,0,Healthy,Low,341.63,4.8,8.99,186.17,298.27
F342,C1110,2024-06-02,Jersey,6,Monaragala,1,2,Sick,Medium,178.51,4.27,8.7,185.62,153.73
F417,C1111,2024-09-18,Jersey,7,Nuwara Eliya,7,2,Sick,High,178.18,3.94,8.35,177.41,180.18
F442,C1112,2024-01-18,Jersey,10,Badulla,7,1,At_Risk,High,216.94,3.54,8.49,180.77,215.3
F194,C1113,2024-06-06,Holstein,7,Polonnaruwa,6,1,At_Risk,Low,268.94,3.58,8.57,180.21,251.34
F372,C1114,2024-03-03,Holstein,7,Polonnaruwa,2,0,Healthy,High,525.63,3.57,8.87,183.53,504.87
F282,C1115,2024-01-28,Local,3,Matale,8,2,Sick,Medium,57.96,4.53,9.17,186.77,59.26
F250,C1116,2024-02-26,Holstein,10,Kurunegala,4,0,Healthy,Low,387.2,4.23,9.12,180.13,329.14
F78,C1117,2024-01-22,Jersey,9,Monaragala,4,0,Healthy,Medium,269.14,4.48,8.67,177.8,279.79
F354,C1118,2024-04-20,Local,6,Badulla,2,0,Healthy,Low,82.18,4.33,8.43,184.88,81.14
F30,C1119,2024-02-14,Holstein,2,Monaragala,4,0,Healthy,Low,406.86,3.5,8.5,167.17,352.57
F34,C1120,2024-10-10,Crossbreed,9,Monaragala,1,2,Sick,Low,93.75,3.62,8.63,168.9,88.51
F445,C1121,2024-10-23,Holstein,4,Polonnaruwa,9,0,Healthy,Low,268.34,3.72,8.55,182.04,240.65
F370,C1122,2024-11-12,Holstein,2,Badulla,2,2,Sick,Medium,330.16,3.5,8.56,179.75,300.69
F470,C1123,2024-10-13,Jersey,3,Kandy,2,3,Sick,Medium,146.82,4.6,8.67,183.8,142.88
F163,C1124,2024-06-23,Local,5,Nuwara Eliya,3,1,At_Risk,Medium,84.92,4.07,9.15,182.86,77.17
F14,C1125,2024-11-01,Jersey,10,Badulla,7,1,At_Risk,Medium,283.35,4.13,9.11,188.0,265.53
F159,C1126,2024-11-24,Local,8,Matale,8,0,Healthy,Low,67.98,3.73,8.81,176.83,70.55
F267,C1127,2024-10-13,Holstein,5,Kandy,3,2,Sick,High,371.49,4.45,9.13,181.15,316.81
F8,C1128,2024-11-23,Crossbreed,9,Badulla,6,0,Healthy,High,138.64,3.84,8.38,168.97,118.18
F258,C1129,2024-04-18,Crossbreed,8,Nuwara Eliya,9,1,At_Risk,High,97.4,3.85,8.7,188.01,101.03
F108,C1130,2024-11-16,Local,4,Anuradhapura,10,2,Sick,Low,32.74,4.23,8.3,190.74,29.3
F121,C1131,2024-12-01,Crossbreed,9,Polonnaruwa,10,0,Healthy,Medium,107.35,3.98,8.23,182.65,110.25
F310,C1132,2024-12-10,Holstein,6,Matale,3,0,Healthy,High,478.01,3.68,8.54,170.55,475.88
F20,C1133,2024-03-06,Holstein,6,Anuradhapura,7,1,At_Risk,High,379.82,4.09,8.44,188.45,391.2
F231,C1134,2024-08-15,Local,4,Monaragala,7,3,Sick,Low,27.36,3.61,8.54,168.68,26.72
F95,C1135,2024-05-21,Crossbreed,4,Monaragala,7,0,Healthy,High,227.93,3.53,8.55,179.68,212.71
F124,C1136,2024-12-29,Crossbreed,2,Anuradhapura,6,0,Healthy,Medium,211.18,3.8,8.42,171.23,215.28
F23,C1137,2024-04-07,Holstein,2,Matale,4,0,Healthy,High,416.37,3.89,8.47,179.54,394.62
F290,C1138,2024-10-15,Local,10,Polonnaruwa,7,0,Healthy,High,75.61,3.94,8.74,182.9,71.26
F443,C1139,2024-10-03,Local,8,Matale,3,0,Healthy,High,97.5,3.83,8.87,183.24,97.58
F194,C1140,2024-02-25,Local,2,Kurunegala,2,1,At_Risk,Medium,75.44,3.52,9.06,168.11,73.19
F414,C1141,2024-12-09,Local,3,Matale,7,0,Healthy,Medium,82.82,4.1,8.24,171.29,81.15
F276,C1142,2024-03-18,Holstein,9,Anuradhapura,8,0,Healthy,High,358.7,4.69,9.07,184.3,369.03
F52,C1143,2024-08-03,Holstein,9,Kurunegala,2,2,Sick,Medium,261.99,4.66,8.44,182.2,264.38
F140,C1144,2024-03-23,Holstein,7,Monaragala,5,0,Healthy,High,575.35,4.58,8.75,188.12,534.12
F243,C1145,2024-07-16,Jersey,2,Polonnaruwa,8,0,Healthy,Medium,256.43,4.15,8.66,181.88,239.73
F496,C1146,2024-02-08,Jersey,6,Nuwara Eliya,3,0,Healthy,High,353.45,4.11,8.64,180.03,338.5
F473,C1147,2024-12-26,Holstein,8,Matale,1,2,Sick,Medium,253.46,3.69,8.3,167.17,224.95
F85,C1148,2024-06-03,Crossbreed,2,Kurunegala,5,0,Healthy,High,265.52,3.79,9.13,182.25,236.39
F169,C1149,2024-03-12,Holstein,3,Anuradhapura,3,0,Healthy,Low,393.02,3.9,8.52,172.19,396.06
F222,C1150,2024-03-17,Holstein,9,Anuradhapura,7,0,Healthy,Low,404.86,4.61,8.88,194.04,423.2
F477,C1151,2024-06-21,Local,6,Polonnaruwa,6,0,Healthy,High,86.97,3.88,8.48,173.57,89.03
F293,C1152,2024-03-12,Jersey,3,Nuwara Eliya,5,1,At_Risk,High,313.28,3.75,8.46,177.75,320.2
F391,C1153,2024-04-15,Crossbreed,7,Monaragala,3,3,Sick,Low,72.4,3.95,8.62,169.84,64.64
F384,C1154,2024-11-17,Jersey,4,Kurunegala,4,0,Healthy,Medium,395.05,3.71,8.99,186.78,391.02
F278,C1155,2024-08-25,Crossbreed,9,Kurunegala,1,0,Healthy,High,182.14,4.72,8.21,188.96,186.63
F236,C1156,2024-07-09,Local,5,Monaragala,1,0,Healthy,High,81.78,4.43,9.13,176.07,84.58
F234,C1157,2024-01-01,Jersey,4,Badulla,10,3,Sick,Medium,77.01,4.7,8.68,189.47,77.79
F23,C1158,2024-08-31,Holstein,8,Kurunegala,10,3,Sick,Medium,162.99,3.64,8.31,174.96,158.72
F99,C1159,2024-09-03,Crossbreed,8,Anuradhapura,6,0,Healthy,High,128.3,3.91,8.88,178.78,131.48
F322,C1160,2024-11-12,Jersey,7,Badulla,6,2,Sick,High,213.64,4.57,8.33,195.66,212.54
F213,C1161,2024-02-17,Crossbreed,4,Polonnaruwa,2,0,Healthy,Low,241.27,3.9,9.18,174.63,207.66
F54,C1162,2024-11-04,Holstein,9,Monaragala,8,0,Healthy,Medium,399.05,3.79,8.91,171.72,359.4
F149,C1163,2024-05-25,Local,7,Matale,1,0,Healthy,Medium,67.08,4.04,8.43,180.23,66.58
F76,C1164,2024-03-24,Holstein,9,Matale,10,0,Healthy,High,233.66,3.69,9.12,186.87,212.02
F346,C1165,2024-03-12,Jersey,10,Kandy,6,0,Healthy,Medium,302.36,4.68,8.63,186.56,288.51
F325,C1166,2024-04-11,Holstein,5,Badulla,2,0,Healthy,Medium,379.05,4.49,8.67,181.25,371.68
F161,C1167,2024-06-09,Jersey,7,Monaragala,8,0,Healthy,High,307.04,4.28,8.26,188.35,281.28
F6,C1168,2024-06-17,Jersey,10,Matale,10,0,Healthy,Low,195.48,4.55,8.32,194.91,173.31
F10,C1169,2024-08-01,Jersey,4,Kandy,3,0,Healthy,Medium,326.96,4.56,8.98,191.37,334.29
F231,C1170,2024-07-19,Local,4,Monaragala,5,2,Sick,Low,44.57,3.9,8.77,173.92,45.1
F224,C1171,2024-08-12,Local,9,Matale,5,3,Sick,Low,49.88,3.93,8.6,177.77,52.07
F43,C1172,2024-02-09,Jersey,9,Badulla,9,0,Healthy,Medium,225.39,4.01,9.02,181.46,198.52
F28,C1173,2024-06-02,Crossbreed,5,Badulla,7,3,Sick,High,60.98,3.88,8.39,179.88,53.75
F38,C1174,2024-08-08,Jersey,7,Kandy,4,0,Healthy,Low,317.23,4.28,8.53,188.42,290.18
F157,C1175,2024-06-10,Holstein,3,Kandy,7,0,Healthy,Medium,360.53,4.66,9.2,190.01,354.04
F59,C1176,2024-04-05,Crossbreed,9,Anuradhapura,8,0,Healthy,Medium,175.34,3.69,9.02,185.52,161.09
F342,C1177,2024-05-25,Holstein,9,Kurunegala,8,0,Healthy,Medium,351.77,4.3,9.15,173.97,341.23
F425,C1178,2024-05-16,Crossbreed,8,Badulla,3,3,Sick,Low,115.14,4.1,8.45,178.41,107.65
F161,C1179,2024-12-17,Holstein,6,Kurunegala,5,3,Sick,High,260.04,3.71,8.57,175.58,262.56
F346,C1180,2024-03-21,Local,3,Matale,2,1,At_Risk,High,84.48,4.39,8.41,183.14,77.33
F369,C1181,2024-12-28,Jersey,5,Anuradhapura,3,1,At_Risk,High,307.84,3.83,8.61,169.95,268.05
F335,C1182,2024-09-12,Holstein,3,Anuradhapura,8,0,Healthy,Medium,299.41,3.81,8.34,180.34,299.24
F367,C1183,2024-02-29,Local,9,Polonnaruwa,6,1,At_Risk,High,77.58,3.78,8.27,178.44,77.84
F177,C1184,2024-03-03,Jersey,10,Badulla,5,2,Sick,Medium,224.86,3.59,8.45,182.06,222.54
F296,C1185,2024-05-13,Jersey,2,Kandy,7,0,Healthy,Medium,291.59,4.21,8.94,186.22,305.71
F213,C1186,2024-02-07,Crossbreed,6,Matale,4,0,Healthy,Low,249.35,4.26,8.27,190.44,249.27
F499,C1187,2024-05-25,Local,9,Nuwara Eliya,6,3,Sick,Low,24.19,4.28,8.63,179.41,23.29
F255,C1188,2024-01-23,Crossbreed,7,Monaragala,5,2,Sick,Low,103.11,3.72,8.51,173.61,97.84
F460,C1189,2024-01-27,Crossbreed,8,Polonnaruwa,3,0,Healthy,Medium,202.25,4.25,8.78,187.5,200.63
F393,C1190,2024-07-09,Local,3,Nuwara Eliya,1,0,Healthy,Low,105.75,3.62,8.43,167.13,99.06
F43,C1191,2024-04-29,Crossbreed,3,Polonnaruwa,6,0,Healthy,Medium,178.31,3.75,8.42,172.93,174.85
F293,C1192,2024-10-26,Holstein,5,Nuwara Eliya,6,0,Healthy,High,378.01,4.66,8.21,190.16,326.98
F441,C1193,2024-07-19,Local,4,Badulla,6,2,Sick,Medium,37.78,4.51,8.83,183.28,38.6
F193,C1194,2024-11-28,Local,5,Matale,6,1,At_Risk,High,45.81,4.23,8.41,191.28,41.92
F101,C1195,2024-02-06,Crossbreed,7,Matale,2,1,At_Risk,Low,201.15,4.2,8.95,174.8,186.65
F167,C1196,2024-03-30,Crossbreed,10,Polonnaruwa,4,3,Sick,Medium,118.65,3.67,8.37,173.85,115.44
F174,C1197,2024-09-12,Jersey,8,Kandy,4,1,At_Risk,Medium,319.37,4.18,8.41,182.29,297.34
F47,C1198,2024-02-12,Jersey,3,Nuwara Eliya,5,0,Healthy,Medium,393.92,4.08,8.96,185.82,379.88
F345,C1199,2024-06-26,Local,9,Kandy,1,0,Healthy,Medium,82.54,3.88,8.89,178.21,86.4
F308,C1200,2024-07-25,Jersey,8,Anuradhapura,2,2,Sick,Medium,220.35,4.24,8.58,191.09,211.04
F248,C1201,2024-04-27,Holstein,2,Kurunegala,10,2,Sick,Low,194.81,4.27,8.34,172.77,193.04
F263,C1202,2024-04-01,Holstein,8,Anuradhapura,7,3,Sick,Medium,154.44,3.77,8.38,167.98,158.3
F241,C1203,2024-12-07,Local,8,Monaragala,4,3,Sick,High,43.14,3.52,8.55,168.06,40.01
F347,C1204,2024-01-14,Jersey,2,Kurunegala,8,2,Sick,Low,163.7,4.79,8.24,180.47,165.7
F36,C1205,2024-06-26,Crossbreed,6,Kandy,5,0,Healthy,Low,154.22,4.47,8.33,177.36,132.62
F464,C1206,2024-12-12,Crossbreed,8,Kandy,1,0,Healthy,Medium,178.16,4.58,8.53,190.36,178.15
F463,C1207,2024-10-14,Crossbreed,3,Anuradhapura,2,2,Sick,High,106.2,3.96,9.15,181.17,110.44
F411,C1208,2024-02-09,Jersey,2,Kurunegala,10,0,Healthy,Medium,259.69,3.85,9.05,171.81,247.98
F441,C1209,2024-09-25,Jersey,5,Anuradhapura,1,1,At_Risk,Low,194.12,4.29,8.35,188.87,195.14
F312,C1210,2024-08-08,Holstein,4,Polonnaruwa,4,0,Healthy,Medium,448.49,4.29,8.24,187.94,440.1
F244,C1211,2024-06-05,Crossbreed,8,Kandy,6,0,Healthy,High,184.46,3.84,8.92,174.83,167.3
F361,C1212,2024-04-13,Local,6,Polonnaruwa,1,0,Healthy,Low,80.93,3.56,8.39,184.29,80.76
F224,C1213,2024-09-05,Crossbreed,4,Anuradhapura,1,0,Healthy,Medium,210.56,3.65,9.15,171.0,199.85
F20,C1214,2024-11-28,Holstein,6,Polonnaruwa,5,0,Healthy,Low,572.19,3.85,8.87,184.63,537.0
F59,C1215,2024-01-21,Crossbreed,4,Polonnaruwa,2,0,Healthy,High,177.21,4.37,8.83,178.35,181.2
F316,C1216,2024-10-28,Crossbreed,6,Polonnaruwa,9,1,At_Risk,Low,131.12,3.76,8.87,172.65,129.79
F12,C1217,2024-08-30,Local,6,Anuradhapura,6,2,Sick,Low,35.36,4.73,9.19,179.07,32.69
F470,C1218,2024-07-21,Local,4,Matale,6,1,At_Risk,Medium,71.28,4.48,8.32,191.46,69.65
F137,C1219,2024-03-20,Holstein,9,Nuwara Eliya,5,1,At_Risk,Medium,439.12,3.68,8.61,168.94,430.8
F399,C1220,2024-01-03,Holstein,5,Kandy,9,0,Healthy,Medium,257.44,3.64,9.17,170.39,268.34
F129,C1221,2024-12-17,Holstein,10,Kandy,2,1,At_Risk,High,437.95,4.35,8.68,190.59,448.34
F270,C1222,2024-10-13,Jersey,6,Badulla,3,0,Healthy,Low,378.3,4.26,9.09,191.36,359.46
F36,C1223,2024-03-19,Crossbreed,6,Badulla,9,0,Healthy,Medium,135.47,3.87,8.3,183.97,130.23
F210,C1224,2024-03-18,Holstein,3,Matale,6,0,Healthy,Low,322.15,4.37,8.63,190.04,328.34
F83,C1225,2024-04-18,Crossbreed,3,Monaragala,2,1,At_Risk,Medium,172.95,3.87,9.11,174.78,165.82
F483,C1226,2024-06-20,Local,5,Anuradhapura,6,0,Healthy,Low,73.23,4.22,8.61,176.41,73.31
F435,C1227,2024-09-02,Crossbreed,5,Kurunegala,8,0,Healthy,High,208.34,3.83,8.38,182.11,197.16
F169,C1228,2024-10-24,Crossbreed,10,Kurunegala,1,0,Healthy,Medium,160.26,3.67,8.51,176.99,161.54
F331,C1229,2024-11-26,Jersey,5,Nuwara Eliya,4,1,At_Risk,Medium,265.0,4.12,8.61,188.04,248.23
F50,C1230,2024-05-21,Jersey,10,Monaragala,8,2,Sick,High,209.32,3.6,8.31,175.9,197.39
F97,C1231,2024-08-17,Holstein,3,Kandy,2,0,Healthy,Medium,423.23,4.04,8.31,188.86,379.22
F341,C1232,2024-08-07,Jersey,5,Matale,4,0,Healthy,Medium,281.33,4.51,8.63,178.94,287.43
F306,C1233,2024-05-01,Holstein,6,Badulla,4,1,At_Risk,Low,363.6,3.92,8.54,182.8,325.24
F366,C1234,2024-08-15,Holstein,5,Anuradhapura,9,0,Healthy,Medium,369.68,4.62,8.6,190.25,363.1
F166,C1235,2024-07-01,Holstein,6,Nuwara Eliya,3,0,Healthy,High,438.48,4.66,8.37,179.59,435.99
F250,C1236,2024-11-03,Crossbreed,8,Matale,6,0,Healthy,Medium,172.98,3.71,9.12,167.15,158.0
F296,C1237,2024-07-02,Holstein,5,Monaragala,10,1,At_Risk,Low,275.17,4.64,8.56,182.4,235.97
F249,C1238,2024-04-14,Holstein,10,Monaragala,10,0,Healthy,High,357.72,3.59,8.89,169.4,363.85
F490,C1239,2024-05-06,Holstein,4,Matale,8,1,At_Risk,Low,299.33,4.23,8.73,175.06,267.74
F178,C1240,2024-11-30,Jersey,8,Kurunegala,10,2,Sick,Medium,148.47,3.96,8.71,183.11,140.05
F215,C1241,2024-05-11,Local,8,Anuradhapura,5,0,Healthy,Medium,71.61,4.66,8.23,194.51,73.86
F172,C1242,2024-03-03,Jersey,6,Monaragala,3,0,Healthy,Medium,376.37,4.11,8.29,185.24,334.29
F166,C1243,2024-07-05,Jersey,7,Badulla,3,0,Healthy,Medium,290.1,4.32,8.73,174.58,298.06
F264,C1244,2024-12-18,Jersey,10,Kurunegala,8,0,Healthy,Low,303.41,3.55,8.59,173.63,259.3
F5,C1245,2024-02-03,Crossbreed,6,Kurunegala,1,2,Sick,Low,162.9,3.95,8.8,188.24,161.85
F53,C1246,2024-05-28,Crossbreed,2,Matale,7,0,Healthy,Low,207.13,3.56,8.85,170.03,188.53
F404,C1247,2024-10-16,Local,2,Kurunegala,2,0,Healthy,High,103.23,3.98,8.25,175.8,96.17
F265,C1248,2024-09-02,Holstein,8,Matale,9,0,Healthy,High,360.61,4.79,8.53,185.53,334.8
F253,C1249,2024-05-21,Holstein,4,Monaragala,8,1,At_Risk,Low,334.23,4.34,9.15,189.29,306.31
F400,C1250,2024-01-06,Local,4,Anuradhapura,3,3,Sick,Low,42.89,3.51,8.26,184.96,39.48
F336,C1251,2024-10-15,Local,4,Badulla,6,0,Healthy,Medium,91.26,4.19,8.49,185.02,78.12
F376,C1252,2024-12-21,Holstein,10,Nuwara Eliya,5,0,Healthy,High,553.93,4.02,9.14,189.2,576.81
F186,C1253,2024-03-18,Crossbreed,6,Polonnaruwa,3,1,At_Risk,Low,129.51,4.44,9.04,182.38,132.13
F258,C1254,2024-08-05,Local,3,Matale,6,0,Healthy,Medium,67.52,4.38,8.76,177.04,69.55
F480,C1255,2024-10-31,Crossbreed,8,Kurunegala,8,2,Sick,High,150.53,3.78,8.97,168.2,142.08
F275,C1256,2024-10-30,Holstein,7,Kandy,3,2,Sick,Low,359.5,3.71,8.94,175.77,350.25
F352,C1257,2024-07-20,Local,3,Anuradhapura,5,1,At_Risk,Low,85.28,3.83,8.52,185.0,78.1
F332,C1258,2024-01-10,Jersey,2,Polonnaruwa,6,0,Healthy,Medium,274.44,3.61,9.04,180.46,264.11
F415,C1259,2024-09-02,Crossbreed,5,Matale,10,0,Healthy,Medium,121.16,3.86,8.37,175.11,112.26
F446,C1260,2024-04-17,Crossbreed,9,Polonnaruwa,8,0,Healthy,Low,186.67,4.69,8.89,191.79,171.8
F24,C1261,2024-06-23,Local,6,Matale,4,1,At_Risk,High,60.62,4.24,8.94,188.07,57.74
F383,C1262,2024-01-16,Holstein,2,Monaragala,5,2,Sick,Low,374.02,4.69,8.98,181.47,392.57
F149,C1263,2024-06-26,Jersey,3,Kandy,4,1,At_Risk,High,218.11,4.59,8.45,184.54,204.12
F442,C1264,2024-06-21,Holstein,2,Polonnaruwa,3,0,Healthy,High,375.48,4.14,8.9,176.82,382.39
F195,C1265,2024-11-02,Jersey,8,Nuwara Eliya,6,0,Healthy,High,313.99,4.29,8.31,185.45,298.93
F476,C1266,2024-07-23,Crossbreed,3,Anuradhapura,6,1,At_Risk,High,110.19,4.15,8.79,178.37,110.7
F209,C1267,2024-09-04,Crossbreed,6,Polonnaruwa,5,0,Healthy,Low,195.05,4.27,9.17,192.36,165.83
F275,C1268,2024-11-10,Crossbreed,2,Monaragala,5,0,Healthy,Low,257.8,4.02,8.23,186.62,241.73
F13,C1269,2024-05-01,Jersey,8,Kandy,4,0,Healthy,Medium,298.58,4.33,9.08,183.96,299.36
F446,C1270,2024-08-29,Crossbreed,8,Polonnaruwa,7,0,Healthy,Medium,160.65,3.87,8.8,185.03,144.99
F50,C1271,2024-07-25,Local,5,Anuradhapura,3,2,Sick,Medium,63.72,3.79,8.25,180.2,61.97
F255,C1272,2024-05-16,Local,7,Anuradhapura,3,3,Sick,Medium,39.83,3.79,9.05,172.98,34.9
F192,C1273,2024-05-21,Local,7,Kurunegala,9,0,Healthy,Medium,55.88,3.76,8.75,169.92,48.07
F16,C1274,2024-10-22,Local,2,Nuwara Eliya,10,0,Healthy,Medium,66.63,3.59,8.31,176.08,69.32
F322,C1275,2024-08-29,Local,10,Kandy,8,2,Sick,Medium,53.11,4.09,8.56,189.84,45.28
F302,C1276,2024-06-14,Jersey,10,Polonnaruwa,5,3,Sick,Low,133.68,4.08,8.31,187.54,135.92
F155,C1277,2024-09-28,Crossbreed,2,Kandy,4,0,Healthy,Medium,223.56,3.91,8.38,186.28,207.84
F9,C1278,2024-11-04,Crossbreed,7,Badulla,8,1,At_Risk,High,183.59,4.14,8.32,180.16,177.96
F215,C1279,2024-03-19,Local,2,Anuradhapura,5,0,Healthy,Low,117.86,4.03,8.85,170.68,118.62
F335,C1280,2024-04-08,Jersey,9,Kurunegala,7,1,At_Risk,High,263.99,4.06,8.96,178.04,262.88
F154,C1281,2024-08-07,Local,2,Monaragala,1,0,Healthy,Medium,103.77,4.71,8.44,193.06,107.25
F274,C1282,2024-10-04,Local,4,Nuwara Eliya,1,0,Healthy,Low,66.3,3.76,8.63,182.71,65.49
F403,C1283,2024-11-04,Holstein,2,Anuradhapura,5,0,Healthy,Low,361.1,4.56,9.19,183.74,319.2
F121,C1284,2024-10-21,Local,8,Monaragala,6,0,Healthy,Low,89.95,4.39,8.52,184.81,84.59
F391,C1285,2024-10-23,Local,10,Polonnaruwa,2,0,Healthy,Medium,99.34,4.27,8.39,184.32,92.36
F329,C1286,2024-12-28,Local,5,Nuwara Eliya,10,0,Healthy,Low,71.09,4.38,8.29,187.46,68.88
F119,C1287,2024-06-16,Local,4,Matale,5,1,At_Risk,High,64.27,4.72,8.73,193.83,55.91
F113,C1288,2024-08-04,Local,5,Monaragala,4,0,Healthy,High,86.94,3.93,9.01,171.91,84.94
F209,C1289,2024-11-13,Local,5,Badulla,2,3,Sick,Low,26.7,3.65,8.5,185.7,25.66
F39,C1290,2024-04-10,Holstein,8,Monaragala,3,0,Healthy,Low,354.43,4.62,8.37,188.64,331.8
F192,C1291,2024-03-29,Holstein,5,Matale,4,0,Healthy,High,467.45,4.23,8.34,183.43,434.02
F116,C1292,2024-08-07,Jersey,2,Anuradhapura,10,1,At_Risk,Medium,159.88,4.34,9.05,181.43,167.82
F292,C1293,2024-08-07,Holstein,5,Nuwara Eliya,10,0,Healthy,High,388.05,4.52,8.78,177.5,350.26
F285,C1294,2024-11-04,Crossbreed,9,Kurunegala,5,0,Healthy,Low,202.36,3.95,8.6,184.72,199.91
F402,C1295,2024-03-18,Local,3,Monaragala,9,2,Sick,High,28.81,3.95,9.17,179.29,27.13
F186,C1296,2024-06-22,Crossbreed,2,Kandy,5,3,Sick,High,86.45,4.17,9.08,178.81,89.89
F413,C1297,2024-08-31,Holstein,10,Monaragala,10,0,Healthy,Low,328.45,3.5,9.13,172.23,290.62
F16,C1298,2024-01-31,Local,8,Kandy,3,2,Sick,Low,70.2,4.72,8.6,191.37,60.65
F172,C1299,2024-09-22,Crossbreed,3,Anuradhapura,1,2,Sick,High,96.16,4.59,8.76,189.7,83.34
F24,C1300,2024-08-03,Jersey,3,Polonnaruwa,8,0,Healthy,Medium,241.11,3.96,8.85,180.54,221.29
F133,C1301,2024-12-04,Holstein,5,Anuradhapura,9,0,Healthy,Low,239.37,4.1,8.5,183.26,209.3
F393,C1302,2024-01-15,Holstein,2,Badulla,10,1,At_Risk,Low,291.73,4.59,8.66,191.12,260.96
F374,C1303,2024-01-06,Local,5,Nuwara Eliya,5,0,Healthy,Low,110.92,4.04,8.45,187.8,112.21
F209,C1304,2024-09-04,Holstein,4,Anuradhapura,10,1,At_Risk,Low,219.36,4.65,9.01,186.91,202.53
F442,C1305,2024-01-30,Crossbreed,4,Kandy,3,0,Healthy,Medium,273.23,4.24,8.51,182.31,233.52
F152,C1306,2024-06-05,Crossbreed,6,Anuradhapura,7,1,At_Risk,High,170.72,4.04,8.24,186.09,177.94
F30,C1307,2024-05-22,Holstein,9,Kandy,6,0,Healthy,High,469.99,4.49,8.47,177.92,423.71
F243,C1308,2024-03-26,Jersey,9,Polonnaruwa,5,0,Healthy,Low,258.22,4.41,9.09,186.82,226.12
F216,C1309,2024-11-15,Holstein,4,Nuwara Eliya,5,3,Sick,Medium,184.39,3.77,9.17,168.2,168.05
F461,C1310,2024-05-17,Crossbreed,8,Polonnaruwa,2,1,At_Risk,Low,142.0,3.58,8.25,168.11,142.3
F198,C1311,2024-01-01,Holstein,5,Anuradhapura,1,0,Healthy,High,446.34,3.87,8.28,171.6,381.4
F191,C1312,2024-08-22,Jersey,7,Anuradhapura,9,2,Sick,High,158.61,3.66,9.02,176.69,162.94
F238,C1313,2024-06-21,Holstein,8,Kurunegala,10,0,Healthy,Medium,292.98,3.52,9.01,172.38,253.37
F316,C1314,2024-08-23,Crossbreed,5,Nuwara Eliya,2,0,Healthy,Medium,141.36,3.72,8.66,183.48,135.38
F131,C1315,2024-09-26,Local,10,Badulla,10,0,Healthy,High,40.7,3.9,8.9,188.02,37.34
F259,C1316,2024-12-19,Holstein,2,Kurunegala,9,3,Sick,High,131.39,4.04,8.37,172.72,121.25
F378,C1317,2024-06-20,Crossbreed,3,Polonnaruwa,2,0,Healthy,Medium,193.8,3.85,9.15,177.78,192.99
F29,C1318,2024-01-31,Holstein,10,Kandy,7,0,Healthy,High,358.2,4.62,9.09,177.1,312.89
F98,C1319,2024-05-11,Jersey,6,Monaragala,7,0,Healthy,Low,275.68,3.64,8.55,169.37,289.28
F185,C1320,2024-07-23,Local,2,Monaragala,7,1,At_Risk,High,80.47,3.65,8.89,174.68,74.88
F323,C1321,2024-03-24,Local,3,Badulla,7,1,At_Risk,Medium,54.31,3.9,8.32,186.29,52.37
F162,C1322,2024-06-29,Holstein,6,Badulla,2,0,Healthy,High,358.32,4.47,8.33,176.78,354.66
F447,C1323,2024-07-29,Crossbreed,6,Polonnaruwa,2,2,Sick,High,108.62,4.64,9.03,194.98,105.18
F487,C1324,2024-10-31,Jersey,4,Polonnaruwa,6,3,Sick,Low,97.82,3.71,9.09,168.31,93.58
F134,C1325,2024-03-06,Crossbreed,6,Monaragala,4,0,Healthy,Low,201.91,4.16,9.01,188.38,192.19
F274,C1326,2024-06-03,Crossbreed,7,Matale,7,2,Sick,Low,145.26,4.33,8.65,186.54,123.76
F254,C1327,2024-01-05,Crossbreed,6,Nuwara Eliya,1,2,Sick,Low,161.1,3.7,8.22,184.38,138.3
F441,C1328,2024-08-16,Crossbreed,7,Matale,5,1,At_Risk,Low,160.22,4.23,8.91,186.86,164.09
F14,C1329,2024-10-01,Jersey,5,Kandy,1,1,At_Risk,Low,240.58,4.33,9.02,173.41,213.29
F465,C1330,2024-08-07,Holstein,2,Badulla,3,2,Sick,High,264.07,4.12,8.33,179.1,243.66
F419,C1331,2024-03-10,Jersey,9,Kandy,7,2,Sick,Medium,186.02,4.19,8.36,186.21,194.04
F100,C1332,2024-11-12,Holstein,5,Polonnaruwa,7,0,Healthy,Medium,407.05,4.24,8.42,187.53,421.07
F238,C1333,2024-01-22,Local,5,Badulla,6,3,Sick,High,27.28,4.55,8.33,180.34,23.41
F197,C1334,2024-11-16,Local,3,Polonnaruwa,10,0,Healthy,High,77.96,4.59,8.94,193.31,79.42
F296,C1335,2024-03-24,Local,9,Monaragala,9,0,Healthy,High,62.15,4.65,8.87,196.14,53.21
F463,C1336,2024-03-22,Jersey,10,Kurunegala,6,3,Sick,Low,112.15,4.66,9.08,191.75,98.02
F161,C1337,2024-02-01,Holstein,7,Kandy,8,0,Healthy,Medium,430.62,4.58,8.91,185.39,451.18
F357,C1338,2024-02-27,Holstein,9,Kandy,4,0,Healthy,Medium,507.19,4.32,9.19,181.16,494.45
F186,C1339,2024-06-17,Jersey,8,Badulla,9,3,Sick,High,108.36,4.05,8.83,187.63,96.8
F106,C1340,2024-10-16,Crossbreed,8,Matale,4,0,Healthy,Medium,260.46,4.75,9.16,186.34,252.63
F4,C1341,2024-09-19,Crossbreed,4,Monaragala,8,0,Healthy,Medium,182.66,3.94,8.5,170.74,159.71
F214,C1342,2024-06-06,Holstein,6,Polonnaruwa,8,1,At_Risk,Medium,328.28,4.41,8.96,189.7,306.27
F268,C1343,2024-08-02,Holstein,6,Kurunegala,5,3,Sick,Medium,260.43,4.79,9.07,197.86,265.23
F334,C1344,2024-06-23,Holstein,8,Monaragala,6,0,Healthy,High,335.07,3.63,8.94,175.31,316.03
F368,C1345,2024-11-20,Jersey,3,Kurunegala,8,1,At_Risk,Medium,241.92,3.6,8.36,173.76,243.96
F361,C1346,2024-07-05,Holstein,7,Badulla,10,0,Healthy,High,258.03,3.84,8.95,175.8,233.39
F3,C1347,2024-03-08,Jersey,6,Anuradhapura,8,0,Healthy,Medium,299.7,3.53,8.32,182.19,274.48
F33,C1348,2024-03-08,Jersey,5,Matale,10,1,At_Risk,High,167.97,3.56,8.36,168.34,172.95
F114,C1349,2024-04-04,Jersey,9,Badulla,5,0,Healthy,High,313.32,4.3,8.64,177.92,290.59
F457,C1350,2024-09-09,Local,4,Kurunegala,4,0,Healthy,High,111.64,4.08,9.12,180.16,98.27
F188,C1351,2024-01-04,Holstein,9,Matale,4,0,Healthy,Low,457.27,4.76,8.92,185.84,391.8
F409,C1352,2024-06-04,Holstein,7,Polonnaruwa,2,3,Sick,Low,142.22,4.64,8.51,195.17,139.5
F482,C1353,2024-08-31,Crossbreed,4,Monaragala,7,0,Healthy,High,212.99,4.19,9.13,180.48,200.17
F256,C1354,2024-04-16,Holstein,2,Kurunegala,3,0,Healthy,Low,571.48,4.6,8.41,188.49,589.76
F259,C1355,2024-01-14,Local,7,Kurunegala,2,0,Healthy,Low,85.15,4.61,9.17,184.89,85.14
F486,C1356,2024-01-27,Crossbreed,4,Polonnaruwa,6,0,Healthy,Medium,233.33,3.54,9.16,169.74,209.45
F387,C1357,2024-02-12,Crossbreed,8,Nuwara Eliya,3,0,Healthy,High,231.06,3.97,9.04,178.77,214.7
F436,C1358,2024-10-28,Holstein,10,Matale,3,0,Healthy,Low,377.05,4.33,8.72,191.28,358.94
F73,C1359,2024-04-24,Crossbreed,5,Polonnaruwa,1,0,Healthy,High,201.04,4.74,8.99,188.97,208.3
F115,C1360,2024-06-15,Local,4,Matale,2,3,Sick,High,45.28,3.92,8.66,177.5,47.16
F490,C1361,2024-07-27,Crossbreed,8,Monaragala,3,2,Sick,Medium,113.5,4.21,8.22,187.38,110.68
F53,C1362,2024-10-28,Local,3,Polonnaruwa,7,0,Healthy,Low,92.19,3.57,8.27,174.51,92.1
F395,C1363,2024-07-20,Local,7,Monaragala,6,2,Sick,Low,43.91,4.46,9.06,181.51,45.23
F418,C1364,2024-10-18,Crossbreed,6,Matale,10,0,Healthy,High,99.95,3.65,8.63,180.24,101.94
F150,C1365,2024-04-30,Local,6,Nuwara Eliya,3,3,Sick,Medium,52.76,4.51,9.13,189.24,47.34
F21,C1366,2024-07-08,Jersey,9,Kandy,10,2,Sick,Low,132.53,4.59,9.08,181.89,116.74
F190,C1367,2024-01-22,Local,9,Kandy,7,0,Healthy,Medium,62.55,4.25,8.78,176.64,56.58
F321,C1368,2024-03-07,Local,3,Anuradhapura,10,0,Healthy,High,43.45,3.95,8.96,181.66,37.81
F72,C1369,2024-01-17,Local,3,Kandy,10,2,Sick,High,30.65,4.09,8.36,190.05,30.57
F284,C1370,2024-07-25,Jersey,2,Polonnaruwa,6,0,Healthy,High,330.22,3.59,9.0,170.2,314.99
F61,C1371,2024-06-12,Jersey,7,Kandy,2,0,Healthy,High,275.87,4.32,8.75,177.82,268.37
F376,C1372,2024-02-17,Jersey,6,Matale,6,0,Healthy,Low,247.78,3.64,8.28,173.35,252.12
F314,C1373,2024-10-19,Crossbreed,8,Kurunegala,3,0,Healthy,Low,163.75,3.86,9.09,179.6,141.57
F134,C1374,2024-06-25,Jersey,2,Anuradhapura,3,1,At_Risk,Medium,290.79,4.16,8.63,183.47,250.27
F481,C1375,2024-08-24,Local,9,Kandy,4,2,Sick,High,45.3,3.88,8.88,175.11,39.69
F113,C1376,2024-01-31,Crossbreed,9,Kandy,5,2,Sick,High,170.32,4.71,9.09,192.63,153.79
F474,C1377,2024-01-01,Local,4,Kurunegala,10,0,Healthy,High,72.62,4.14,8.33,171.5,69.71
F316,C1378,2024-10-22,Jersey,10,Kurunegala,6,0,Healthy,High,225.29,3.94,8.58,178.71,216.29
F302,C1379,2024-10-20,Local,10,Monaragala,9,0,Healthy,Medium,51.58,3.59,8.23,178.0,49.31
F413,C1380,2024-05-06,Local,9,Badulla,2,0,Healthy,Low,104.54,3.62,8.87,168.87,99.54
F493,C1381,2024-06-06,Crossbreed,8,Kurunegala,1,0,Healthy,Medium,248.5,4.37,8.98,189.22,250.86
F74,C1382,2024-08-14,Holstein,7,Polonnaruwa,6,1,At_Risk,Low,349.24,4.57,9.18,183.92,303.82
F218,C1383,2024-04-04,Holstein,2,Monaragala,4,0,Healthy,High,440.81,4.29,8.32,191.38,437.03
F386,C1384,2024-05-22,Local,9,Monaragala,6,2,Sick,High,60.19,4.3,9.14,185.93,59.93
F110,C1385,2024-04-08,Local,7,Anuradhapura,4,3,Sick,Low,32.78,4.28,8.98,179.58,33.68
F371,C1386,2024-05-26,Local,6,Matale,10,2,Sick,High,30.67,4.78,8.9,187.72,31.92
F411,C1387,2024-03-24,Local,9,Matale,5,0,Healthy,High,78.47,3.88,8.67,188.58,71.84
F357,C1388,2024-03-19,Jersey,6,Nuwara Eliya,4,1,At_Risk,Medium,290.85,4.38,8.55,180.08,247.94
F343,C1389,2024-08-11,Local,6,Kandy,7,3,Sick,Medium,43.47,4.76,9.09,177.76,37.54
F428,C1390,2024-12-18,Crossbreed,8,Matale,3,3,Sick,Medium,78.89,4.3,9.19,190.65,72.46
F211,C1391,2024-06-09,Local,9,Badulla,1,0,Healthy,High,96.83,3.7,8.86,173.47,99.06
F139,C1392,2024-04-06,Holstein,9,Kandy,2,1,At_Risk,Medium,290.72,3.51,8.25,183.42,260.24
F392,C1393,2024-08-05,Holstein,3,Matale,9,0,Healthy,Medium,261.88,4.55,8.97,178.41,263.18
F105,C1394,2024-08-20,Jersey,5,Kandy,9,1,At_Risk,High,142.29,4.29,8.35,189.51,128.96
F474,C1395,2024-07-08,Jersey,6,Badulla,8,2,Sick,Medium,216.98,4.24,8.37,191.11,221.94
F450,C1396,2024-08-03,Local,2,Kandy,6,1,At_Risk,Low,43.99,4.47,8.29,179.9,41.36
F409,C1397,2024-03-14,Local,2,Kandy,1,0,Healthy,Low,105.76,3.84,8.88,187.21,108.33
F65,C1398,2024-11-10,Local,9,Anuradhapura,7,0,Healthy,Low,78.31,3.8,8.94,178.56,70.78
F431,C1399,2024-07-22,Crossbreed,4,Kurunegala,4,0,Healthy,Medium,178.24,4.76,9.18,190.7,159.13
F57,C1400,2024-12-14,Crossbreed,2,Matale,2,0,Healthy,Medium,148.13,4.25,8.98,179.83,138.78
F126,C1401,2024-09-23,Holstein,9,Nuwara Eliya,9,0,Healthy,Medium,337.84,4.58,8.66,187.67,331.21
F428,C1402,2024-08-19,Jersey,3,Anuradhapura,7,0,Healthy,Medium,266.61,3.52,8.52,172.56,278.84
F474,C1403,2024-08-07,Crossbreed,6,Polonnaruwa,6,2,Sick,Medium,127.0,4.69,8.43,179.32,120.85
F178,C1404,2024-04-05,Local,8,Anuradhapura,5,0,Healthy,High,87.66,4.53,8.67,186.65,84.33
F440,C1405,2024-12-07,Crossbreed,2,Nuwara Eliya,4,0,Healthy,High,205.23,3.88,8.37,184.04,206.52
F350,C1406,2024-07-05,Local,7,Kurunegala,7,1,At_Risk,High,58.47,3.92,8.96,178.28,52.06
F399,C1407,2024-07-25,Crossbreed,10,Polonnaruwa,2,1,At_Risk,High,149.5,3.78,8.57,173.24,151.9
F227,C1408,2024-01-26,Local,3,Anuradhapura,6,0,Healthy,Low,54.3,4.46,8.41,182.47,48.62
F306,C1409,2024-12-05,Local,3,Polonnaruwa,5,2,Sick,High,47.08,3.94,8.33,170.88,45.91
F301,C1410,2024-10-06,Local,6,Anuradhapura,7,1,At_Risk,Medium,59.64,4.78,8.87,196.93,55.16
F85,C1411,2024-07-01,Local,10,Polonnaruwa,5,0,Healthy,Medium,81.62,4.79,8.98,179.33,79.72
F172,C1412,2024-10-13,Crossbreed,7,Kurunegala,1,0,Healthy,Low,189.35,4.67,8.47,195.01,198.08
F228,C1413,2024-03-25,Holstein,8,Kandy,5,0,Healthy,High,588.66,3.93,8.77,177.37,523.13
F350,C1414,2024-10-08,Holstein,5,Monaragala,8,0,Healthy,Medium,314.22,4.05,9.15,174.85,273.43
F383,C1415,2024-07-07,Jersey,10,Kurunegala,5,0,Healthy,Medium,252.94,4.45,8.62,185.01,265.17
F38,C1416,2024-03-27,Holstein,7,Anuradhapura,10,1,At_Risk,Low,273.66,4.52,8.49,190.32,269.73
F206,C1417,2024-05-21,Jersey,4,Polonnaruwa,3,0,Healthy,Medium,366.87,4.44,8.26,186.03,382.81
F155,C1418,2024-10-01,Local,9,Monaragala,1,0,Healthy,Medium,60.57,4.27,8.54,173.4,52.65
F197,C1419,2024-01-14,Jersey,6,Matale,3,0,Healthy,Low,307.2,4.59,9.11,177.34,308.12
F7,C1420,2024-04-21,Jersey,9,Kurunegala,8,0,Healthy,Low,262.34,3.62,8.83,176.1,247.84
F42,C1421,2024-01-09,Jersey,9,Monaragala,7,1,At_Risk,High,210.69,4.12,8.67,178.97,198.09
F8,C1422,2024-03-26,Holstein,2,Matale,1,2,Sick,Low,331.44,4.66,8.47,177.3,300.2
F492,C1423,2024-09-21,Jersey,2,Polonnaruwa,10,1,At_Risk,Low,144.9,3.68,8.36,179.41,150.42
F230,C1424,2024-07-29,Holstein,5,Kurunegala,3,0,Healthy,Medium,410.08,3.97,9.11,181.2,388.77
F405,C1425,2024-06-17,Holstein,5,Badulla,4,0,Healthy,High,391.21,3.73,9.04,172.99,376.96
F434,C1426,2024-11-15,Jersey,3,Badulla,10,0,Healthy,Low,177.94,3.57,8.44,179.38,183.89
F493,C1427,2024-08-10,Holstein,8,Kurunegala,9,0,Healthy,Medium,301.45,3.88,8.43,183.52,288.74
F468,C1428,2024-07-07,Holstein,3,Anuradhapura,4,0,Healthy,Low,500.82,4.37,8.86,182.62,512.07
F254,C1429,2024-05-09,Crossbreed,9,Kandy,10,0,Healthy,Medium,103.57,3.62,8.78,167.23,103.63
F71,C1430,2024-05-13,Local,9,Anuradhapura,6,2,Sick,Medium,57.86,3.82,8.93,183.16,55.22
F220,C1431,2024-08-17,Crossbreed,7,Monaragala,4,1,At_Risk,Medium,146.61,4.39,8.63,185.73,141.03
F275,C1432,2024-09-05,Holstein,3,Kandy,9,0,Healthy,Medium,268.23,3.68,8.59,172.48,233.83
F219,C1433,2024-02-28,Holstein,9,Badulla,10,0,Healthy,Medium,260.33,4.53,8.94,184.83,253.03
F369,C1434,2024-12-11,Crossbreed,8,Polonnaruwa,6,1,At_Risk,Medium,160.07,3.66,8.31,168.05,162.87
F178,C1435,2024-05-24,Crossbreed,6,Kurunegala,9,3,Sick,Low,78.37,4.41,9.13,190.33,75.54
F60,C1436,2024-01-15,Local,9,Kurunegala,2,0,Healthy,High,71.67,4.32,8.37,178.37,69.36
F145,C1437,2024-02-11,Crossbreed,6,Matale,3,1,At_Risk,High,201.14,4.26,8.69,176.33,191.74
F119,C1438,2024-11-20,Holstein,8,Kandy,8,0,Healthy,Low,376.53,3.54,8.34,168.86,369.5
F435,C1439,2024-06-13,Local,6,Badulla,1,0,Healthy,Medium,101.23,3.78,8.53,170.81,94.54
F71,C1440,2024-09-29,Crossbreed,5,Matale,5,0,Healthy,High,231.59,4.72,8.5,184.38,225.17
F213,C1441,2024-08-05,Holstein,7,Anuradhapura,6,0,Healthy,Medium,338.65,3.76,8.93,179.88,296.02
F315,C1442,2024-03-23,Crossbreed,5,Monaragala,5,0,Healthy,High,152.38,4.01,8.89,184.0,150.59
F374,C1443,2024-05-08,Holstein,7,Anuradhapura,2,3,Sick,High,158.2,4.28,8.69,176.69,143.19
F184,C1444,2024-08-02,Holstein,5,Nuwara Eliya,7,0,Healthy,Low,416.23,3.58,8.9,166.86,403.14
F189,C1445,2024-10-19,Holstein,7,Polonnaruwa,6,0,Healthy,High,456.95,4.29,8.3,180.83,479.42
F496,C1446,2024-05-24,Crossbreed,6,Polonnaruwa,7,3,Sick,Low,76.08,3.76,8.61,179.88,69.1
F118,C1447,2024-12-30,Local,7,Nuwara Eliya,9,0,Healthy,Low,53.64,3.64,8.55,169.87,50.08
F49,C1448,2024-09-27,Jersey,4,Polonnaruwa,4,0,Healthy,Medium,353.22,4.75,8.66,187.96,363.24
F304,C1449,2024-01-30,Holstein,4,Polonnaruwa,4,0,Healthy,Medium,419.62,4.73,9.08,178.98,375.57
F347,C1450,2024-12-02,Crossbreed,2,Kandy,7,0,Healthy,Medium,164.43,3.77,9.0,180.19,146.92
F477,C1451,2024-10-25,Jersey,9,Polonnaruwa,6,3,Sick,Low,140.44,3.68,9.05,174.8,134.3
F212,C1452,2024-03-16,Holstein,10,Polonnaruwa,7,1,At_Risk,Low,283.81,4.76,8.73,188.67,276.7
F273,C1453,2024-11-09,Crossbreed,3,Kandy,2,0,Healthy,Medium,193.68,4.63,8.99,195.55,175.03
F230,C1454,2024-04-21,Local,3,Kurunegala,9,3,Sick,Low,31.3,4.36,8.72,176.95,28.96
F343,C1455,2024-07-24,Local,5,Badulla,2,0,Healthy,Medium,101.2,4.65,8.21,194.23,86.81
F470,C1456,2024-06-28,Holstein,10,Anuradhapura,8,2,Sick,Medium,275.73,4.25,9.01,188.23,264.85
F399,C1457,2024-08-08,Jersey,10,Badulla,9,2,Sick,Medium,137.3,4.0,8.81,171.12,140.62
F340,C1458,2024-02-16,Crossbreed,6,Badulla,6,0,Healthy,High,231.31,4.06,8.56,179.41,225.85
F342,C1459,2024-02-25,Crossbreed,2,Badulla,8,0,Healthy,High,217.83,4.19,8.54,185.06,209.47
F15,C1460,2024-08-23,Jersey,9,Matale,6,0,Healthy,High,248.53,4.38,8.22,188.91,226.66
F21,C1461,2024-04-17,Local,3,Polonnaruwa,5,0,Healthy,High,113.07,3.61,8.64,183.09,102.72
F16,C1462,2024-04-05,Crossbreed,9,Badulla,7,1,At_Risk,Medium,161.89,4.19,8.65,191.43,143.45
F257,C1463,2024-12-26,Holstein,3,Anuradhapura,4,0,Healthy,Low,456.53,4.45,8.82,179.25,472.61
F211,C1464,2024-01-20,Local,7,Matale,5,0,Healthy,Medium,97.96,3.57,8.49,184.12,84.54
F163,C1465,2024-07-20,Jersey,10,Kurunegala,8,0,Healthy,High,257.83,4.67,8.32,182.91,247.17
F314,C1466,2024-05-16,Local,4,Monaragala,6,3,Sick,Low,44.41,3.7,8.23,186.8,46.4
F331,C1467,2024-08-21,Jersey,4,Matale,2,3,Sick,High,123.65,3.51,8.89,184.71,129.7
F231,C1468,2024-10-30,Local,6,Matale,9,2,Sick,Medium,35.86,3.55,8.52,180.77,32.46
F86,C1469,2024-02-13,Holstein,6,Polonnaruwa,4,1,At_Risk,High,481.71,4.74,8.88,188.38,434.06
F137,C1470,2024-12-16,Local,3,Kurunegala,10,0,Healthy,High,65.51,3.84,8.68,174.39,59.1
F320,C1471,2024-01-30,Local,6,Kandy,3,0,Healthy,Medium,98.07,4.58,8.63,188.62,99.82
F488,C1472,2024-03-07,Holstein,2,Nuwara Eliya,5,0,Healthy,High,490.13,4.78,8.72,196.35,473.39
F304,C1473,2024-10-08,Crossbreed,4,Badulla,10,1,At_Risk,Medium,102.6,3.54,9.02,170.91,93.12
F28,C1474,2024-05-15,Local,9,Kurunegala,4,3,Sick,Medium,36.76,4.28,8.81,184.01,36.21
F34,C1475,2024-01-02,Holstein,9,Badulla,1,2,Sick,Low,231.23,4.21,9.15,184.61,226.77
F125,C1476,2024-09-07,Crossbreed,5,Kurunegala,8,0,Healthy,Medium,148.64,4.61,9.08,182.04,136.99
F355,C1477,2024-06-21,Local,7,Nuwara Eliya,2,1,At_Risk,Low,58.49,3.83,9.18,185.55,51.22
F84,C1478,2024-07-25,Holstein,10,Badulla,2,0,Healthy,Low,534.91,3.57,8.55,174.27,494.79
F349,C1479,2024-05-10,Holstein,2,Monaragala,10,0,Healthy,High,375.22,4.76,8.37,182.06,325.52
F426,C1480,2024-12-20,Holstein,5,Matale,1,0,Healthy,Low,437.05,4.75,8.41,190.6,377.3
F21,C1481,2024-09-10,Holstein,2,Monaragala,9,0,Healthy,High,255.25,4.63,8.59,194.8,236.19
F384,C1482,2024-04-16,Holstein,3,Badulla,8,0,Healthy,Low,436.43,4.79,9.14,177.99,376.77
F250,C1483,2024-03-27,Local,2,Matale,7,0,Healthy,Medium,99.69,4.41,8.74,184.31,98.15
F234,C1484,2024-09-04,Crossbreed,4,Kandy,8,0,Healthy,Low,127.71,3.96,8.44,170.85,115.29
F365,C1485,2024-07-04,Holstein,10,Matale,4,0,Healthy,High,498.28,4.21,8.3,178.48,442.33
F440,C1486,2024-11-05,Local,3,Badulla,10,0,Healthy,Low,55.94,4.0,9.04,174.39,56.02
F154,C1487,2024-08-24,Crossbreed,8,Kurunegala,3,0,Healthy,Medium,211.17,3.62,8.25,168.43,200.79
F294,C1488,2024-06-20,Local,7,Anuradhapura,6,0,Healthy,Low,71.11,4.78,8.63,183.91,72.13
F381,C1489,2024-04-22,Holstein,10,Polonnaruwa,1,0,Healthy,Medium,532.42,3.7,8.94,174.13,463.16
F269,C1490,2024-12-05,Crossbreed,8,Nuwara Eliya,1,0,Healthy,High,242.23,4.32,9.04,176.17,238.6
F467,C1491,2024-01-06,Jersey,10,Kurunegala,9,0,Healthy,High,252.83,3.54,8.66,171.67,257.37
F68,C1492,2024-07-02,Local,6,Nuwara Eliya,1,3,Sick,Low,43.35,4.67,8.64,181.38,43.06
F290,C1493,2024-06-16,Crossbreed,8,Anuradhapura,2,2,Sick,High,133.62,3.69,8.93,171.05,130.86
F17,C1494,2024-03-06,Crossbreed,5,Polonnaruwa,1,3,Sick,High,111.41,3.81,8.3,171.07,110.87
F215,C1495,2024-12-17,Jersey,7,Matale,7,1,At_Risk,High,193.75,3.85,8.71,174.81,181.41
F265,C1496,2024-09-20,Jersey,7,Polonnaruwa,2,2,Sick,Low,219.61,3.56,9.15,168.17,204.87
F266,C1497,2024-05-19,Crossbreed,9,Matale,3,0,Healthy,Medium,187.42,3.82,8.88,171.94,196.28
F306,C1498,2024-05-03,Jersey,9,Matale,2,3,Sick,Low,109.61,4.04,9.05,189.05,102.41
F304,C1499,2024-10-06,Local,6,Nuwara Eliya,6,0,Healthy,Medium,82.68,3.81,8.76,187.24,79.62
F489,C1500,2024-11-06,Holstein,7,Anuradhapura,1,0,Healthy,Medium,527.61,4.57,8.84,176.95,525.21
F310,C1501,2024-10-28,Holstein,6,Kurunegala,10,1,At_Risk,Medium,282.94,4.38,9.08,178.49,280.34
F346,C1502,2024-04-29,Local,5,Monaragala,2,0,Healthy,High,90.66,4.47,8.32,179.25,84.92
F218,C1503,2024-08-15,Jersey,8,Badulla,9,0,Healthy,Low,233.88,4.39,8.48,187.38,214.19
F147,C1504,2024-04-15,Jersey,4,Monaragala,6,0,Healthy,Low,295.58,4.58,8.66,189.39,302.26
F168,C1505,2024-10-23,Holstein,9,Nuwara Eliya,10,2,Sick,Medium,245.18,3.9,8.45,176.69,248.12
F158,C1506,2024-03-06,Crossbreed,9,Nuwara Eliya,10,0,Healthy,Medium,143.13,3.76,8.63,177.63,129.12
F331,C1507,2024-04-05,Jersey,5,Badulla,5,0,Healthy,High,269.73,4.38,8.43,189.62,241.67
F368,C1508,2024-08-17,Jersey,6,Badulla,10,0,Healthy,High,247.63,3.54,9.1,178.44,210.62
F279,C1509,2024-07-12,Crossbreed,5,Nuwara Eliya,7,2,Sick,Low,122.8,4.61,8.43,192.22,124.35
F443,C1510,2024-05-20,Holstein,2,Nuwara Eliya,5,0,Healthy,High,390.18,4.45,8.63,183.42,379.05
F76,C1511,2024-01-19,Crossbreed,6,Badulla,10,1,At_Risk,Low,109.16,4.03,8.75,189.06,104.82
F292,C1512,2024-11-16,Jersey,3,Anuradhapura,1,0,Healthy,Low,323.61,4.03,8.48,182.49,292.32
F238,C1513,2024-06-12,Jersey,3,Kandy,9,1,At_Risk,Medium,211.29,3.74,9.04,169.83,181.17
F435,C1514,2024-06-23,Local,6,Nuwara Eliya,1,3,Sick,High,35.46,3.6,9.16,183.58,32.17
F218,C1515,2024-01-15,Crossbreed,3,Monaragala,5,0,Healthy,High,242.91,4.0,8.97,172.86,239.79
F301,C1516,2024-03-31,Holstein,7,Kandy,10,0,Healthy,Low,374.21,3.86,8.62,172.65,354.87
F136,C1517,2024-09-04,Crossbreed,10,Badulla,6,0,Healthy,High,208.11,3.77,8.58,167.86,202.94
F18,C1518,2024-04-12,Holstein,6,Anuradhapura,2,1,At_Risk,Low,268.44,3.83,8.69,180.67,266.03
F149,C1519,2024-04-20,Crossbreed,5,Badulla,8,0,Healthy,High,193.23,3.54,8.26,180.08,177.65
F415,C1520,2024-06-01,Local,3,Monaragala,2,0,Healthy,Low,56.81,3.89,8.73,178.21,52.08
F72,C1521,2024-04-04,Local,2,Anuradhapura,8,0,Healthy,High,55.69,4.39,8.63,191.2,47.43
F246,C1522,2024-07-10,Jersey,7,Kurunegala,2,0,Healthy,Low,330.43,4.79,8.73,191.56,309.78
F134,C1523,2024-03-22,Holstein,6,Anuradhapura,7,1,At_Risk,High,377.25,4.63,8.23,184.39,382.14
F66,C1524,2024-09-10,Holstein,3,Kurunegala,3,0,Healthy,Medium,476.42,3.54,8.85,176.49,480.83
F222,C1525,2024-08-04,Crossbreed,8,Kandy,6,1,At_Risk,High,154.86,4.73,8.95,191.91,148.66
F102,C1526,2024-06-24,Holstein,9,Kandy,2,3,Sick,Medium,167.81,3.85,8.61,173.37,171.41
F141,C1527,2024-01-25,Local,8,Kurunegala,9,2,Sick,Medium,46.42,3.87,8.75,170.36,43.21
F306,C1528,2024-04-30,Crossbreed,6,Monaragala,10,0,Healthy,High,118.77,3.99,9.0,186.59,107.32
F19,C1529,2024-02-15,Jersey,4,Anuradhapura,2,2,Sick,Low,165.48,4.38,8.78,184.86,144.02
F160,C1530,2024-11-11,Local,6,Kandy,8,0,Healthy,High,92.38,3.78,9.0,175.79,92.54
F401,C1531,2024-09-19,Jersey,5,Matale,8,1,At_Risk,Medium,260.6,3.91,8.68,185.38,245.27
F343,C1532,2024-07-06,Local,7,Matale,4,2,Sick,High,44.66,3.54,9.13,175.93,44.94
F468,C1533,2024-12-03,Holstein,4,Kurunegala,8,3,Sick,Low,172.16,4.33,9.09,181.77,179.8
F323,C1534,2024-11-13,Jersey,2,Monaragala,2,0,Healthy,High,347.25,3.71,8.23,185.28,362.71
F51,C1535,2024-12-14,Holstein,2,Polonnaruwa,7,0,Healthy,High,384.82,4.22,8.44,173.24,341.46
F387,C1536,2024-10-17,Holstein,9,Polonnaruwa,8,0,Healthy,Low,401.97,3.52,8.35,172.76,375.68
F177,C1537,2024-01-21,Jersey,4,Polonnaruwa,8,0,Healthy,Medium,229.53,4.14,8.95,173.6,195.92
F456,C1538,2024-11-13,Local,8,Monaragala,6,0,Healthy,Medium,66.21,4.6,8.8,185.08,62.86
F432,C1539,2024-07-14,Crossbreed,9,Polonnaruwa,8,2,Sick,Low,154.58,3.74,8.32,170.27,157.61
F60,C1540,2024-09-08,Jersey,6,Badulla,10,1,At_Risk,Low,146.78,4.09,8.69,178.53,135.19
F176,C1541,2024-03-13,Jersey,3,Polonnaruwa,3,1,At_Risk,High,335.95,3.69,9.07,172.58,322.29
F426,C1542,2024-07-05,Crossbreed,8,Monaragala,8,0,Healthy,Low,212.89,3.82,8.81,181.96,203.89
F334,C1543,2024-06-20,Jersey,8,Anuradhapura,10,0,Healthy,High,235.1,4.49,9.2,192.9,228.78
F269,C1544,2024-05-12,Local,10,Kurunegala,10,2,Sick,High,37.56,4.41,8.25,184.78,34.07
F113,C1545,2024-11-13,Crossbreed,9,Polonnaruwa,10,0,Healthy,Low,136.93,4.13,9.06,180.27,143.64
F308,C1546,2024-07-15,Jersey,3,Matale,10,0,Healthy,Medium,254.82,3.88,8.43,171.38,260.69
F158,C1547,2024-09-28,Local,8,Kurunegala,6,2,Sick,Low,41.97,4.66,9.18,186.49,35.68
F466,C1548,2024-12-17,Jersey,10,Monaragala,4,0,Healthy,High,281.73,4.22,8.99,178.49,265.64
F302,C1549,2024-04-30,Jersey,7,Badulla,5,0,Healthy,Low,326.6,4.04,8.42,184.82,299.83
F408,C1550,2024-07-12,Local,4,Kandy,3,0,Healthy,Low,68.16,4.05,8.34,178.82,66.89
F397,C1551,2024-08-03,Jersey,6,Badulla,7,1,At_Risk,Low,282.32,4.33,8.56,182.29,247.35
F254,C1552,2024-07-06,Jersey,3,Monaragala,2,0,Healthy,Low,258.6,3.8,8.39,179.5,262.24
F362,C1553,2024-01-06,Jersey,8,Anuradhapura,10,2,Sick,Medium,154.71,4.72,8.34,184.71,158.14
F259,C1554,2024-05-19,Local,9,Kandy,8,0,Healthy,Medium,87.11,4.01,8.73,187.98,78.23
F408,C1555,2024-06-30,Crossbreed,2,Polonnaruwa,2,0,Healthy,Low,216.57,3.77,9.13,172.01,196.95
F223,C1556,2024-08-23,Local,2,Matale,7,2,Sick,High,59.17,4.71,8.96,178.14,61.39
F114,C1557,2024-10-16,Local,3,Anuradhapura,9,0,Healthy,Low,62.92,3.76,8.46,182.51,64.74
F368,C1558,2024-02-12,Jersey,7,Badulla,9,0,Healthy,Medium,220.68,4.01,9.09,176.14,210.88
F4,C1559,2024-05-17,Local,4,Polonnaruwa,8,0,Healthy,High,72.63,4.6,8.51,192.35,64.39
F380,C1560,2024-07-05,Local,5,Matale,2,0,Healthy,Medium,106.58,4.02,8.8,175.03,92.18
F449,C1561,2024-10-24,Local,8,Kandy,6,0,Healthy,High,92.66,4.17,8.76,185.14,80.9
F263,C1562,2024-07-29,Jersey,4,Kandy,9,0,Healthy,Medium,165.24,4.77,9.18,185.26,164.49
F330,C1563,2024-04-30,Crossbreed,9,Matale,5,0,Healthy,Medium,219.05,3.69,8.34,178.57,190.41
F197,C1564,2024-07-09,Holstein,2,Nuwara Eliya,9,0,Healthy,Low,273.47,4.16,8.71,187.89,282.42
F128,C1565,2024-07-05,Holstein,9,Nuwara Eliya,10,0,Healthy,Medium,281.34,4.15,8.21,189.58,257.28
F235,C1566,2024-05-07,Crossbreed,2,Kandy,8,1,At_Risk,Medium,157.92,3.8,8.4,186.14,143.11
F492,C1567,2024-09-29,Crossbreed,4,Monaragala,3,0,Healthy,High,235.1,3.63,8.45,184.68,200.46
F354,C1568,2024-07-26,Local,5,Badulla,10,1,At_Risk,Low,58.49,4.59,8.49,194.52,57.86
F380,C1569,2024-03-30,Holstein,3,Nuwara Eliya,7,0,Healthy,Low,351.66,4.56,8.82,192.36,325.43
F247,C1570,2024-09-12,Crossbreed,10,Badulla,2,0,Healthy,Medium,235.17,3.8,9.05,170.78,241.66
F240,C1571,2024-05-29,Holstein,10,Polonnaruwa,3,1,At_Risk,Low,468.49,4.46,9.13,183.54,402.7
F159,C1572,2024-11-21,Crossbreed,3,Kandy,1,1,At_Risk,High,156.1,4.75,8.93,178.74,133.44
F89,C1573,2024-04-09,Holstein,10,Anuradhapura,7,0,Healthy,High,505.82,4.3,8.38,186.58,473.38
F288,C1574,2024-03-11,Jersey,6,Kandy,2,0,Healthy,Low,237.62,3.77,8.44,186.05,222.29
F221,C1575,2024-07-18,Jersey,5,Kurunegala,7,2,Sick,Medium,220.81,4.48,9.17,190.54,218.92
F153,C1576,2024-03-30,Local,4,Kandy,9,0,Healthy,High,64.22,3.96,8.47,181.15,55.03
F214,C1577,2024-05-25,Local,5,Badulla,1,1,At_Risk,High,77.37,4.39,8.23,191.88,77.98
F213,C1578,2024-10-30,Local,7,Monaragala,10,1,At_Risk,High,34.48,4.49,8.3,182.84,35.08
F259,C1579,2024-04-01,Jersey,8,Kandy,2,0,Healthy,Low,226.29,3.87,8.32,170.76,201.47
F268,C1580,2024-11-15,Jersey,6,Polonnaruwa,4,2,Sick,Medium,203.87,4.69,8.7,184.88,176.28
F377,C1581,2024-07-22,Jersey,3,Anuradhapura,3,0,Healthy,High,368.56,4.69,8.59,188.83,385.63
F159,C1582,2024-08-03,Holstein,2,Badulla,5,1,At_Risk,High,369.08,3.64,8.77,177.93,346.39
F279,C1583,2024-04-22,Jersey,7,Kandy,2,0,Healthy,Low,272.34,3.78,8.79,174.76,256.74
F201,C1584,2024-11-20,Crossbreed,4,Monaragala,1,0,Healthy,Medium,144.07,3.75,8.52,175.89,134.24
F254,C1585,2024-01-04,Jersey,3,Nuwara Eliya,10,0,Healthy,Low,165.03,3.7,8.83,168.47,142.85
F33,C1586,2024-05-14,Crossbreed,2,Badulla,4,3,Sick,Low,68.63,4.35,8.58,186.95,61.4
F125,C1587,2024-04-25,Jersey,6,Polonnaruwa,5,2,Sick,Medium,202.09,4.78,8.97,197.12,193.99
F447,C1588,2024-05-09,Local,9,Badulla,2,0,Healthy,Medium,78.07,3.82,8.73,173.71,75.84
F30,C1589,2024-03-05,Holstein,3,Anuradhapura,8,2,Sick,Medium,238.99,3.92,8.58,181.81,241.41
F88,C1590,2024-02-19,Holstein,7,Anuradhapura,3,1,At_Risk,High,357.34,3.53,8.74,184.43,326.38
F397,C1591,2024-08-27,Crossbreed,4,Monaragala,8,0,Healthy,Medium,205.07,4.76,8.63,185.72,208.22
F149,C1592,2024-10-25,Crossbreed,4,Matale,10,1,At_Risk,Medium,84.0,3.88,8.84,172.52,81.53
F61,C1593,2024-10-20,Local,9,Badulla,4,0,Healthy,Medium,76.95,3.92,8.55,170.47,65.89
F271,C1594,2024-08-24,Local,6,Kurunegala,3,0,Healthy,Medium,68.0,4.77,8.46,186.88,61.61
F336,C1595,2024-04-03,Crossbreed,7,Polonnaruwa,1,0,Healthy,Medium,185.72,4.11,8.9,177.28,160.12
F75,C1596,2024-10-20,Holstein,9,Matale,6,1,At_Risk,Low,315.99,4.42,8.74,183.58,308.81
F58,C1597,2024-03-13,Local,6,Monaragala,3,3,Sick,Low,39.57,4.7,8.21,181.95,39.72
F184,C1598,2024-10-03,Crossbreed,10,Nuwara Eliya,10,2,Sick,Low,96.71,4.62,8.22,178.34,95.98
F69,C1599,2024-02-25,Holstein,3,Badulla,1,0,Healthy,Low,421.36,3.9,9.07,172.41,423.4
F309,C1600,2024-09-19,Holstein,8,Monaragala,4,2,Sick,High,386.2,3.78,8.34,178.21,348.19
F419,C1601,2024-12-30,Crossbreed,5,Kurunegala,4,0,Healthy,High,263.77,3.95,8.76,178.17,269.97
F356,C1602,2024-04-06,Crossbreed,2,Kandy,7,0,Healthy,Low,178.44,4.42,8.29,187.1,177.51
F366,C1603,2024-06-27,Holstein,2,Badulla,8,1,At_Risk,Low,429.43,3.81,8.56,173.23,444.55
F358,C1604,2024-08-25,Jersey,8,Monaragala,9,3,Sick,Low,75.16,4.65,9.09,186.99,72.38
F462,C1605,2024-07-05,Local,10,Matale,4,2,Sick,High,60.48,4.03,9.04,189.92,61.99
F287,C1606,2024-06-03,Crossbreed,4,Kurunegala,3,1,At_Risk,High,203.54,4.42,8.52,185.71,185.84
F391,C1607,2024-09-16,Crossbreed,10,Anuradhapura,6,3,Sick,Medium,104.07,3.85,8.71,172.01,106.95
F281,C1608,2024-09-06,Jersey,10,Kurunegala,6,2,Sick,Low,146.21,3.55,8.95,174.01,150.32
F394,C1609,2024-11-17,Holstein,10,Kandy,10,0,Healthy,Low,382.73,3.89,8.49,184.89,389.0
F251,C1610,2024-01-07,Local,8,Monaragala,9,0,Healthy,High,74.15,4.2,8.92,176.51,63.93
F161,C1611,2024-08-31,Local,2,Nuwara Eliya,3,0,Healthy,High,90.01,4.05,8.37,177.66,80.18
F98,C1612,2024-03-28,Crossbreed,10,Anuradhapura,8,0,Healthy,High,232.47,3.54,8.34,176.81,222.61
F257,C1613,2024-08-11,Holstein,8,Anuradhapura,1,1,At_Risk,High,426.75,3.55,8.44,172.98,427.25
F342,C1614,2024-01-18,Holstein,2,Monaragala,10,0,Healthy,Medium,308.95,4.42,8.36,187.2,273.81
F18,C1615,2024-09-23,Local,9,Anuradhapura,8,1,At_Risk,High,81.73,4.38,9.02,185.08,80.76
F157,C1616,2024-06-12,Crossbreed,5,Monaragala,3,1,At_Risk,High,131.57,3.99,9.01,189.07,133.97
F383,C1617,2024-04-30,Holstein,9,Nuwara Eliya,1,0,Healthy,Medium,448.48,4.2,8.86,186.81,460.88
F368,C1618,2024-02-24,Local,7,Anuradhapura,3,2,Sick,Medium,56.87,3.55,8.69,183.47,49.97
F484,C1619,2024-05-23,Crossbreed,9,Anuradhapura,3,3,Sick,Low,70.13,3.7,8.62,170.73,61.42
F204,C1620,2024-12-06,Jersey,7,Nuwara Eliya,7,0,Healthy,High,219.59,4.54,8.46,187.04,187.62
F416,C1621,2024-09-11,Crossbreed,10,Polonnaruwa,3,2,Sick,Low,153.24,4.61,8.28,185.36,153.84
F186,C1622,2024-02-01,Holstein,8,Nuwara Eliya,5,3,Sick,High,263.05,3.52,8.37,181.6,228.62
F298,C1623,2024-12-09,Local,5,Polonnaruwa,3,0,Healthy,Low,71.18,4.36,8.75,177.73,69.0
F327,C1624,2024-09-08,Holstein,10,Matale,7,1,At_Risk,High,318.99,3.9,8.21,185.67,311.38
F209,C1625,2024-03-05,Local,4,Kandy,9,0,Healthy,Low,62.62,4.78,8.44,190.72,64.48
F238,C1626,2024-12-01,Holstein,7,Badulla,2,0,Healthy,Low,373.98,4.06,8.32,172.17,348.34
F229,C1627,2024-05-29,Holstein,5,Anuradhapura,9,1,At_Risk,High,254.61,3.58,8.74,167.46,248.6
F364,C1628,2024-08-07,Holstein,10,Nuwara Eliya,7,0,Healthy,Medium,358.58,4.14,8.83,175.06,329.52
F286,C1629,2024-04-14,Holstein,9,Badulla,6,0,Healthy,Low,509.12,4.67,8.22,193.87,468.75
F170,C1630,2024-12-22,Crossbreed,3,Matale,3,0,Healthy,Low,254.49,4.65,8.45,193.23,266.47
F27,C1631,2024-05-30,Local,9,Nuwara Eliya,10,3,Sick,Medium,20.5,3.69,8.7,179.67,20.95
F98,C1632,2024-03-13,Jersey,5,Nuwara Eliya,5,0,Healthy,High,267.15,4.46,8.97,193.98,240.08
F83,C1633,2024-08-21,Local,6,Badulla,2,2,Sick,Low,57.07,4.7,8.24,192.33,54.72
F448,C1634,2024-08-11,Local,4,Matale,10,0,Healthy,Low,74.68,4.77,8.46,181.96,63.68
F40,C1635,2024-03-25,Holstein,8,Matale,4,0,Healthy,Medium,451.31,3.55,9.04,169.69,462.14
F484,C1636,2024-10-30,Holstein,9,Monaragala,6,0,Healthy,Low,428.56,3.91,8.88,188.06,428.7
F318,C1637,2024-01-07,Holstein,3,Kandy,7,3,Sick,High,138.63,4.18,8.23,181.17,118.56
F348,C1638,2024-08-12,Jersey,10,Nuwara Eliya,1,2,Sick,Medium,162.07,3.58,8.58,182.98,142.75
F489,C1639,2024-06-29,Jersey,6,Kandy,8,3,Sick,Medium,96.34,4.45,8.51,181.99,90.12
F304,C1640,2024-07-09,Jersey,4,Kurunegala,4,0,Healthy,High,373.95,4.09,8.72,190.55,375.67
F135,C1641,2024-05-21,Crossbreed,3,Kandy,1,0,Healthy,Medium,210.48,3.94,9.12,182.47,198.82
F4,C1642,2024-08-11,Crossbreed,3,Badulla,6,0,Healthy,High,185.5,4.28,8.77,185.88,162.36
F234,C1643,2024-12-16,Local,3,Monaragala,9,0,Healthy,High,60.51,3.65,8.6,175.67,57.1
F366,C1644,2024-07-06,Local,9,Kandy,9,0,Healthy,Low,77.42,4.66,8.97,184.83,79.49
F470,C1645,2024-05-18,Crossbreed,7,Kandy,6,0,Healthy,Medium,146.07,3.71,8.33,170.69,142.87
F441,C1646,2024-05-11,Jersey,7,Anuradhapura,5,2,Sick,Low,166.95,4.05,9.06,173.19,161.69
F93,C1647,2024-06-06,Local,8,Monaragala,8,1,At_Risk,Low,64.36,4.59,9.14,195.68,56.03
F279,C1648,2024-07-16,Crossbreed,5,Anuradhapura,1,2,Sick,Low,89.05,3.88,8.62,179.01,92.87
F308,C1649,2024-05-19,Jersey,9,Monaragala,7,0,Healthy,High,213.62,4.13,9.04,175.69,184.43
F177,C1650,2024-10-14,Jersey,4,Polonnaruwa,3,0,Healthy,Medium,327.42,3.93,8.48,182.42,290.89
F107,C1651,2024-12-13,Local,9,Kandy,7,1,At_Risk,Low,69.47,3.74,8.47,175.58,67.93
F421,C1652,2024-01-07,Holstein,6,Monaragala,8,2,Sick,Low,298.07,4.3,8.99,179.69,290.01
F468,C1653,2024-11-14,Holstein,10,Badulla,5,0,Healthy,Low,524.37,4.12,9.04,184.76,468.49
F379,C1654,2024-12-01,Crossbreed,10,Matale,8,2,Sick,Medium,106.59,4.2,8.34,182.77,110.18
F464,C1655,2024-11-09,Jersey,3,Kandy,3,0,Healthy,Medium,381.35,3.64,8.99,169.82,366.47
F202,C1656,2024-05-21,Holstein,5,Monaragala,4,0,Healthy,Low,451.12,3.55,8.88,171.65,467.61
F327,C1657,2024-07-22,Holstein,7,Monaragala,7,2,Sick,Low,325.18,3.98,9.03,173.62,319.16
F76,C1658,2024-03-14,Local,9,Nuwara Eliya,5,0,Healthy,Medium,77.04,3.66,9.12,170.06,74.49
F300,C1659,2024-07-13,Holstein,7,Kandy,9,0,Healthy,Medium,336.15,4.0,8.46,177.98,350.7
F261,C1660,2024-07-09,Local,3,Anuradhapura,8,3,Sick,High,33.01,3.59,9.16,181.76,34.55
F418,C1661,2024-04-03,Crossbreed,3,Monaragala,10,0,Healthy,Medium,174.86,4.61,8.78,186.51,168.06
F119,C1662,2024-09-30,Local,6,Polonnaruwa,2,0,Healthy,High,90.54,4.2,8.22,173.24,78.82
F367,C1663,2024-05-05,Local,2,Nuwara Eliya,2,0,Healthy,High,89.42,4.7,8.45,194.1,85.86
F326,C1664,2024-05-07,Local,9,Badulla,8,0,Healthy,Medium,61.13,4.18,8.74,180.6,58.27
F278,C1665,2024-03-23,Jersey,10,Kandy,10,0,Healthy,High,189.3,4.38,8.24,185.16,174.28
F46,C1666,2024-01-28,Holstein,5,Polonnaruwa,2,2,Sick,Low,331.76,4.11,8.71,187.82,325.73
F35,C1667,2024-01-02,Crossbreed,5,Kandy,1,2,Sick,Medium,155.88,4.74,9.08,189.0,156.65
F279,C1668,2024-01-30,Local,2,Kandy,6,0,Healthy,High,98.23,4.09,8.56,183.49,87.63
F134,C1669,2024-11-10,Jersey,6,Anuradhapura,4,0,Healthy,Low,278.0,4.03,8.93,189.61,244.12
F116,C1670,2024-04-27,Local,9,Nuwara Eliya,2,1,At_Risk,Low,59.22,4.58,8.87,195.21,56.1
F371,C1671,2024-06-04,Jersey,8,Anuradhapura,3,0,Healthy,Low,338.51,4.08,8.65,178.05,321.47
F376,C1672,2024-03-13,Crossbreed,6,Monaragala,9,0,Healthy,Low,130.75,3.67,8.71,180.55,132.15
F75,C1673,2024-12-16,Holstein,3,Kurunegala,1,0,Healthy,High,497.34,4.06,8.9,179.29,498.36
F310,C1674,2024-03-01,Jersey,4,Kandy,2,0,Healthy,Medium,273.48,3.8,8.78,183.96,252.39
F41,C1675,2024-01-22,Holstein,4,Badulla,5,1,At_Risk,Medium,382.37,4.59,8.93,190.89,363.42
F237,C1676,2024-06-24,Crossbreed,2,Polonnaruwa,5,0,Healthy,Medium,204.25,4.62,8.41,184.01,179.79
F215,C1677,2024-07-27,Crossbreed,3,Nuwara Eliya,10,0,Healthy,Medium,175.54,4.46,8.52,189.87,163.8
F120,C1678,2024-04-06,Jersey,8,Nuwara Eliya,9,2,Sick,Medium,144.1,3.53,9.13,179.02,146.08
F160,C1679,2024-03-16,Local,6,Nuwara Eliya,9,1,At_Risk,Low,48.62,4.05,9.09,179.25,50.53
F18,C1680,2024-04-02,Crossbreed,9,Kandy,9,0,Healthy,Low,164.32,3.6,8.27,176.75,169.88
F486,C1681,2024-06-06,Holstein,5,Anuradhapura,6,0,Healthy,Medium,436.0,3.54,8.49,176.3,418.65
F320,C1682,2024-07-30,Jersey,8,Kurunegala,4,1,At_Risk,Low,289.64,4.01,8.32,185.72,288.83
F494,C1683,2024-07-20,Local,7,Anuradhapura,8,3,Sick,Medium,44.09,4.2,8.71,177.31,41.51
F356,C1684,2024-10-03,Local,10,Polonnaruwa,6,3,Sick,Low,31.81,4.7,8.85,195.25,31.41
F289,C1685,2024-03-21,Holstein,4,Nuwara Eliya,4,0,Healthy,Medium,588.04,4.75,8.92,195.18,560.0
F85,C1686,2024-01-24,Holstein,8,Nuwara Eliya,5,0,Healthy,High,492.84,3.69,8.98,173.55,451.69
F476,C1687,2024-06-17,Holstein,7,Matale,3,1,At_Risk,High,380.03,4.15,8.97,189.05,335.07
F145,C1688,2024-08-08,Holstein,8,Kandy,6,2,Sick,Medium,286.13,4.6,8.45,193.77,284.92
F86,C1689,2024-01-21,Holstein,3,Badulla,10,1,At_Risk,High,311.04,3.97,8.35,176.35,297.56
F473,C1690,2024-05-10,Holstein,2,Anuradhapura,4,2,Sick,Low,255.14,3.91,9.09,180.31,246.47
F280,C1691,2024-10-04,Jersey,2,Matale,1,2,Sick,Medium,203.37,3.73,8.25,180.96,203.23
F449,C1692,2024-02-02,Crossbreed,5,Kandy,4,0,Healthy,Low,246.56,4.21,8.46,185.52,239.36
F241,C1693,2024-01-23,Jersey,4,Monaragala,4,0,Healthy,Low,259.35,3.54,8.91,182.0,267.39
F196,C1694,2024-10-14,Local,2,Polonnaruwa,8,3,Sick,High,25.33,4.21,8.51,177.53,22.7
F102,C1695,2024-09-20,Jersey,10,Kandy,5,0,Healthy,High,351.61,4.45,8.88,192.57,304.92
F387,C1696,2024-03-26,Jersey,2,Monaragala,7,2,Sick,High,218.79,3.89,8.89,169.08,216.13
F252,C1697,2024-01-21,Local,8,Kurunegala,9,0,Healthy,Low,64.84,4.5,8.65,187.61,55.79
F442,C1698,2024-01-01,Local,5,Nuwara Eliya,3,0,Healthy,High,61.91,4.09,9.07,173.92,53.98
F73,C1699,2024-07-14,Holstein,9,Matale,7,1,At_Risk,Medium,287.74,4.54,8.95,189.32,273.53
F41,C1700,2024-09-11,Jersey,8,Kurunegala,5,0,Healthy,Low,291.75,3.73,9.1,170.68,281.38
F323,C1701,2024-01-18,Local,9,Polonnaruwa,8,0,Healthy,Low,98.31,3.77,8.75,170.22,88.01
F133,C1702,2024-03-04,Crossbreed,7,Monaragala,3,0,Healthy,Medium,202.02,4.27,8.69,178.77,205.81
F320,C1703,2024-06-04,Holstein,8,Matale,6,0,Healthy,High,332.16,4.56,8.43,186.12,313.87
F285,C1704,2024-02-29,Jersey,7,Matale,1,0,Healthy,Low,234.38,4.13,8.67,176.53,218.81
F256,C1705,2024-08-10,Jersey,6,Polonnaruwa,5,0,Healthy,Low,276.45,4.03,8.31,179.12,250.09
F226,C1706,2024-08-30,Holstein,4,Anuradhapura,2,0,Healthy,Low,475.15,4.47,8.7,192.65,477.12
F239,C1707,2024-11-29,Holstein,6,Badulla,6,0,Healthy,Low,364.82,4.71,8.99,179.39,340.61
F169,C1708,2024-11-30,Jersey,9,Monaragala,8,0,Healthy,Medium,216.99,3.58,8.57,167.35,212.53
F118,C1709,2024-12-30,Local,4,Polonnaruwa,10,0,Healthy,Medium,65.54,3.82,8.8,173.35,61.5
F281,C1710,2024-06-14,Crossbreed,3,Badulla,8,0,Healthy,Low,180.03,4.48,8.58,192.18,165.62
F304,C1711,2024-08-26,Local,5,Monaragala,4,1,At_Risk,Low,66.56,4.74,8.91,183.94,64.07
F423,C1712,2024-09-11,Crossbreed,10,Kandy,8,0,Healthy,Medium,213.11,4.17,8.21,185.17,202.91
F381,C1713,2024-11-08,Local,2,Nuwara Eliya,7,1,At_Risk,Medium,85.8,3.6,8.48,170.86,79.43
F285,C1714,2024-06-12,Local,5,Kurunegala,8,1,At_Risk,Low,47.21,3.51,8.22,173.25,43.92
F395,C1715,2024-08-28,Crossbreed,8,Kandy,9,2,Sick,Low,70.73,3.62,9.11,176.91,60.95
F201,C1716,2024-11-30,Local,9,Kandy,5,0,Healthy,Low,71.55,3.84,9.03,181.18,74.72
F375,C1717,2024-10-17,Jersey,9,Polonnaruwa,10,3,Sick,Low,81.75,4.68,8.21,187.71,78.07
F70,C1718,2024-01-16,Local,6,Badulla,7,0,Healthy,Low,101.91,4.77,9.16,197.28,86.98
F121,C1719,2024-12-11,Crossbreed,3,Polonnaruwa,3,2,Sick,High,174.57,4.43,8.62,175.62,181.65
F219,C1720,2024-05-22,Crossbreed,4,Kandy,4,0,Healthy,Low,175.57,4.49,8.84,193.37,155.58
F281,C1721,2024-02-13,Jersey,4,Badulla,9,0,Healthy,High,211.15,4.35,9.04,192.23,186.05
F152,C1722,2024-07-16,Local,4,Anuradhapura,6,0,Healthy,Medium,71.19,4.74,9.12,182.07,69.38
F395,C1723,2024-10-15,Crossbreed,5,Kandy,2,0,Healthy,Medium,247.76,4.72,9.05,195.61,237.18
F4,C1724,2024-03-05,Crossbreed,6,Badulla,1,2,Sick,Medium,142.23,4.8,8.55,194.66,140.56
F400,C1725,2024-12-21,Crossbreed,5,Kurunegala,4,3,Sick,High,80.29,4.31,8.59,192.89,71.91
F386,C1726,2024-07-26,Holstein,6,Kurunegala,1,1,At_Risk,High,282.3,4.28,9.13,189.81,296.04
F412,C1727,2024-01-07,Local,2,Anuradhapura,3,0,Healthy,Low,104.32,3.54,8.58,173.55,102.64
F140,C1728,2024-06-17,Local,2,Monaragala,10,0,Healthy,High,73.51,4.78,8.22,188.73,66.56
F323,C1729,2024-08-03,Crossbreed,10,Monaragala,2,3,Sick,High,91.62,4.41,8.73,190.79,86.48
F431,C1730,2024-04-12,Crossbreed,9,Anuradhapura,7,0,Healthy,High,130.96,3.7,8.34,186.77,115.69
F152,C1731,2024-12-17,Jersey,4,Matale,10,1,At_Risk,Low,175.47,3.6,8.87,168.76,183.52
F292,C1732,2024-11-08,Local,2,Kurunegala,6,0,Healthy,High,82.89,4.17,8.73,181.26,79.94
F104,C1733,2024-01-29,Crossbreed,9,Nuwara Eliya,1,2,Sick,Low,107.88,4.44,8.41,190.05,101.92
F388,C1734,2024-03-15,Holstein,6,Badulla,8,0,Healthy,High,436.93,4.59,8.92,192.5,449.06
F485,C1735,2024-02-02,Local,10,Kandy,9,3,Sick,High,29.06,3.8,8.45,177.33,27.73
F173,C1736,2024-06-03,Crossbreed,9,Kurunegala,5,2,Sick,Medium,175.26,4.06,8.57,186.64,170.81
F282,C1737,2024-05-07,Crossbreed,3,Kurunegala,1,2,Sick,High,102.64,4.71,8.45,191.78,98.17
F259,C1738,2024-02-24,Crossbreed,8,Matale,6,0,Healthy,High,133.01,4.22,8.22,174.27,114.22
F295,C1739,2024-04-25,Local,10,Kandy,6,0,Healthy,High,68.84,4.53,8.83,184.21,67.04
F393,C1740,2024-10-03,Crossbreed,5,Kurunegala,8,2,Sick,High,103.38,4.3,9.18,184.91,97.08
F84,C1741,2024-02-17,Jersey,4,Badulla,1,1,At_Risk,Low,193.88,4.62,8.36,186.49,166.14
F168,C1742,2024-05-24,Jersey,7,Kandy,2,3,Sick,High,158.92,3.51,8.4,184.98,153.29
F276,C1743,2024-10-10,Holstein,7,Badulla,1,2,Sick,Medium,238.57,3.75,8.43,185.89,239.46
F193,C1744,2024-09-28,Local,8,Nuwara Eliya,8,3,Sick,Low,41.07,4.48,9.17,182.12,41.78
F308,C1745,2024-12-13,Crossbreed,6,Kandy,4,2,Sick,High,149.36,3.59,8.71,167.55,138.53
F191,C1746,2024-05-16,Jersey,3,Monaragala,9,0,Healthy,Low,200.28,3.62,8.39,166.34,183.47
F119,C1747,2024-12-30,Jersey,9,Monaragala,2,1,At_Risk,High,248.46,3.75,8.75,175.65,251.43
F232,C1748,2024-02-18,Crossbreed,2,Anuradhapura,5,0,Healthy,Medium,159.5,4.27,9.09,179.99,153.39
F166,C1749,2024-06-04,Crossbreed,7,Nuwara Eliya,9,0,Healthy,Low,163.25,4.66,8.92,185.9,140.62
F110,C1750,2024-05-24,Jersey,5,Badulla,9,0,Healthy,Medium,259.16,4.56,8.91,176.83,227.05
F203,C1751,2024-05-09,Crossbreed,4,Matale,2,3,Sick,Medium,105.72,4.71,8.99,186.23,94.26
F46,C1752,2024-07-30,Holstein,6,Nuwara Eliya,4,1,At_Risk,High,411.15,4.28,8.62,178.8,410.68
F326,C1753,2024-07-01,Jersey,2,Kurunegala,3,1,At_Risk,Low,294.56,3.82,8.22,184.37,268.46
F391,C1754,2024-02-13,Jersey,2,Kandy,3,0,Healthy,High,366.12,4.11,8.5,185.89,326.06
F409,C1755,2024-12-12,Holstein,3,Matale,6,2,Sick,Medium,222.89,3.85,8.43,178.8,222.37
F264,C1756,2024-03-23,Holstein,8,Anuradhapura,6,1,At_Risk,Medium,411.52,3.75,8.37,179.01,404.13
F213,C1757,2024-12-19,Jersey,10,Nuwara Eliya,2,0,Healthy,High,252.86,4.22,8.31,177.98,234.99
F19,C1758,2024-12-01,Local,8,Polonnaruwa,1,1,At_Risk,High,48.9,3.99,8.2,182.2,42.81
F464,C1759,2024-05-20,Holstein,2,Monaragala,9,1,At_Risk,High,284.08,4.1,9.0,173.25,243.98
F439,C1760,2024-02-26,Holstein,9,Anuradhapura,2,1,At_Risk,Low,292.71,4.33,8.68,193.05,264.61
F57,C1761,2024-07-04,Crossbreed,7,Badulla,9,3,Sick,Medium,64.34,4.09,8.66,179.47,58.21
F403,C1762,2024-12-13,Crossbreed,3,Kandy,10,0,Healthy,Low,168.65,4.12,8.92,177.94,160.16
F428,C1763,2024-12-23,Crossbreed,10,Badulla,4,0,Healthy,Medium,213.3,3.75,9.06,172.57,188.37
F49,C1764,2024-02-16,Local,8,Badulla,1,2,Sick,High,40.93,4.36,8.4,181.91,39.52
F295,C1765,2024-04-20,Local,3,Kurunegala,9,1,At_Risk,Low,42.16,4.02,8.24,185.58,37.52
F278,C1766,2024-02-25,Holstein,6,Badulla,9,3,Sick,Medium,161.4,3.97,8.68,175.54,149.41
F244,C1767,2024-02-23,Crossbreed,5,Kurunegala,4,0,Healthy,High,168.75,4.31,8.66,191.81,165.4
F152,C1768,2024-03-23,Crossbreed,10,Kandy,9,0,Healthy,Medium,181.14,3.89,8.48,186.19,175.36
F35,C1769,2024-12-02,Jersey,7,Nuwara Eliya,6,2,Sick,Low,203.51,4.71,8.32,181.74,200.75
F376,C1770,2024-08-20,Holstein,7,Kandy,8,0,Healthy,Medium,422.18,4.29,8.32,183.87,401.18
F262,C1771,2024-01-19,Local,3,Badulla,3,0,Healthy,Low,116.32,4.1,9.14,173.15,101.41
F116,C1772,2024-03-01,Holstein,6,Polonnaruwa,8,0,Healthy,Medium,304.89,4.53,8.8,185.58,298.99
F107,C1773,2024-04-14,Local,3,Badulla,4,1,At_Risk,Medium,87.06,3.8,9.08,178.75,78.72
F311,C1774,2024-12-12,Local,2,Kurunegala,4,1,At_Risk,High,53.47,4.03,8.38,177.48,50.53
F330,C1775,2024-08-09,Holstein,6,Badulla,2,0,Healthy,High,483.98,3.94,8.63,177.47,500.22
F331,C1776,2024-03-07,Local,6,Monaragala,8,2,Sick,Low,47.26,3.79,8.29,176.23,49.27
F17,C1777,2024-06-18,Crossbreed,4,Anuradhapura,9,3,Sick,High,68.77,4.09,9.09,184.79,66.04
F54,C1778,2024-11-06,Jersey,7,Polonnaruwa,4,2,Sick,High,206.22,4.35,8.94,182.58,207.1
F327,C1779,2024-05-29,Crossbreed,2,Monaragala,10,1,At_Risk,High,148.3,3.95,8.3,174.16,154.01
F336,C1780,2024-06-02,Holstein,3,Badulla,2,0,Healthy,Low,403.2,4.34,8.64,178.41,363.37
F392,C1781,2024-01-02,Jersey,9,Polonnaruwa,7,0,Healthy,Medium,248.86,4.72,8.89,181.61,255.35
F226,C1782,2024-01-31,Local,2,Monaragala,3,0,Healthy,Medium,89.64,3.86,8.77,177.63,78.2
F433,C1783,2024-08-01,Holstein,7,Badulla,9,0,Healthy,Medium,245.94,3.57,8.81,180.01,244.02
F54,C1784,2024-03-27,Holstein,2,Nuwara Eliya,6,0,Healthy,Medium,338.36,3.59,9.07,181.75,293.27
F500,C1785,2024-11-16,Crossbreed,7,Anuradhapura,4,1,At_Risk,Medium,211.55,3.74,8.37,184.66,190.22
F179,C1786,2024-01-13,Jersey,6,Kurunegala,7,2,Sick,Medium,190.53,3.95,8.68,184.55,174.26
F205,C1787,2024-03-18,Crossbreed,8,Nuwara Eliya,8,0,Healthy,Medium,132.07,3.54,8.48,176.01,125.31
F461,C1788,2024-10-26,Local,8,Anuradhapura,2,0,Healthy,High,75.64,3.68,8.32,172.8,69.23
F316,C1789,2024-04-23,Jersey,4,Nuwara Eliya,9,3,Sick,High,98.93,3.83,8.76,169.84,102.4
F12,C1790,2024-05-15,Jersey,7,Kandy,10,3,Sick,High,111.44,4.1,8.36,187.61,104.07
F123,C1791,2024-04-25,Holstein,9,Polonnaruwa,4,0,Healthy,High,405.84,3.54,8.7,171.68,405.85
F142,C1792,2024-08-26,Local,3,Polonnaruwa,1,0,Healthy,Medium,81.64,4.71,8.24,187.11,78.99
F362,C1793,2024-10-08,Local,9,Badulla,5,0,Healthy,Low,67.47,4.19,8.58,174.66,62.34
F476,C1794,2024-10-15,Holstein,3,Kandy,8,0,Healthy,Low,327.85,3.57,8.83,170.64,341.42
F23,C1795,2024-03-01,Crossbreed,5,Kurunegala,7,0,Healthy,High,165.05,4.26,8.53,173.14,160.73
F365,C1796,2024-04-05,Jersey,9,Monaragala,6,0,Healthy,High,249.56,4.04,8.75,176.32,261.19
F145,C1797,2024-03-05,Local,8,Anuradhapura,3,3,Sick,Medium,28.29,3.87,8.69,171.57,29.55
F483,C1798,2024-10-24,Jersey,5,Kandy,5,1,At_Risk,High,302.3,4.46,8.89,181.34,273.98
F333,C1799,2024-11-04,Holstein,7,Kurunegala,2,0,Healthy,Low,320.51,4.72,9.12,178.21,290.46
F218,C1800,2024-08-24,Holstein,4,Matale,9,2,Sick,Medium,228.14,4.13,8.74,172.49,230.02
F347,C1801,2024-08-27,Jersey,3,Badulla,10,0,Healthy,Low,227.59,3.97,8.74,179.45,226.17
F165,C1802,2024-04-25,Local,5,Monaragala,2,0,Healthy,Medium,55.86,4.02,9.12,176.06,48.21
F383,C1803,2024-03-26,Crossbreed,2,Kandy,6,1,At_Risk,Medium,190.1,4.66,8.84,187.11,198.85
F478,C1804,2024-08-11,Crossbreed,6,Kurunegala,6,1,At_Risk,Medium,158.34,4.29,8.59,192.2,154.58
F66,C1805,2024-07-24,Holstein,4,Kurunegala,1,2,Sick,Medium,314.62,4.75,9.16,182.01,300.81
F89,C1806,2024-07-04,Crossbreed,3,Monaragala,5,0,Healthy,High,253.42,3.92,9.06,181.37,230.19
F167,C1807,2024-03-06,Crossbreed,2,Polonnaruwa,6,0,Healthy,High,236.6,4.53,9.19,194.67,234.06
F131,C1808,2024-04-21,Local,9,Matale,10,0,Healthy,Medium,70.55,4.16,8.9,186.52,72.33
F208,C1809,2024-12-21,Local,3,Matale,6,0,Healthy,Low,95.14,4.04,8.95,181.36,96.28
F89,C1810,2024-12-24,Jersey,3,Anuradhapura,6,0,Healthy,Low,226.47,4.66,8.24,193.86,221.46
F360,C1811,2024-03-05,Jersey,5,Matale,3,1,At_Risk,Low,339.47,4.54,8.54,193.41,337.78
F26,C1812,2024-02-11,Holstein,10,Kurunegala,5,3,Sick,Low,198.1,4.57,8.58,192.5,185.64
F207,C1813,2024-05-26,Crossbreed,10,Monaragala,9,1,At_Risk,Medium,150.02,3.83,8.81,174.79,130.06
F393,C1814,2024-01-10,Holstein,6,Monaragala,2,0,Healthy,Low,374.6,3.6,8.98,167.4,329.2
F466,C1815,2024-06-08,Holstein,2,Matale,5,3,Sick,High,190.01,3.69,8.68,181.09,197.65
F148,C1816,2024-05-23,Local,7,Polonnaruwa,8,0,Healthy,High,95.87,4.77,8.69,185.51,92.88
F475,C1817,2024-02-20,Holstein,8,Matale,8,0,Healthy,Medium,462.94,3.93,8.67,185.27,408.18
F365,C1818,2024-09-01,Jersey,8,Monaragala,4,0,Healthy,Medium,348.32,4.11,8.67,178.68,313.45
F276,C1819,2024-08-20,Holstein,10,Matale,9,1,At_Risk,High,226.0,3.99,8.71,180.46,209.3
F347,C1820,2024-12-16,Crossbreed,3,Kurunegala,10,0,Healthy,Low,152.59,3.88,9.17,177.83,150.63
F463,C1821,2024-12-17,Local,9,Nuwara Eliya,7,0,Healthy,Low,100.18,4.03,8.55,179.19,87.23
F82,C1822,2024-01-12,Local,10,Monaragala,9,0,Healthy,Low,73.61,4.77,8.76,189.01,71.17
F352,C1823,2024-02-13,Crossbreed,6,Kurunegala,3,0,Healthy,Low,182.85,3.76,8.74,179.63,169.62
F277,C1824,2024-10-03,Holstein,10,Monaragala,10,1,At_Risk,Medium,225.05,4.04,9.0,181.17,203.32
F12,C1825,2024-03-26,Local,10,Anuradhapura,6,1,At_Risk,High,74.09,4.62,9.19,181.19,69.82
F303,C1826,2024-03-04,Crossbreed,7,Polonnaruwa,10,0,Healthy,Low,109.4,4.39,8.51,192.09,100.6
F331,C1827,2024-03-05,Holstein,6,Anuradhapura,9,3,Sick,High,151.86,4.67,8.97,187.49,139.67
F435,C1828,2024-02-04,Crossbreed,3,Anuradhapura,7,0,Healthy,High,235.28,4.79,8.28,196.63,232.42
F319,C1829,2024-12-08,Holstein,10,Badulla,9,3,Sick,Low,109.8,4.15,8.63,178.02,96.21
F24,C1830,2024-12-07,Crossbreed,7,Kurunegala,4,3,Sick,Low,114.57,4.62,8.56,182.7,105.23
F38,C1831,2024-12-24,Jersey,4,Monaragala,2,0,Healthy,Low,351.64,4.53,9.16,187.47,357.03
F274,C1832,2024-09-27,Local,5,Kandy,9,0,Healthy,Medium,66.55,4.33,9.08,192.54,57.36
F45,C1833,2024-07-09,Crossbreed,6,Anuradhapura,1,2,Sick,High,162.43,3.99,8.37,186.96,157.49
F40,C1834,2024-06-16,Holstein,6,Matale,6,0,Healthy,Medium,347.63,3.57,9.2,180.43,296.89
F86,C1835,2024-02-04,Holstein,4,Monaragala,3,0,Healthy,Low,546.7,4.7,8.8,180.74,569.2
F13,C1836,2024-11-14,Jersey,4,Nuwara Eliya,5,1,At_Risk,Low,255.53,4.0,8.93,188.56,257.56
F483,C1837,2024-03-09,Crossbreed,9,Monaragala,2,0,Healthy,Medium,238.42,4.22,8.82,190.35,230.62
F34,C1838,2024-11-09,Holstein,6,Kurunegala,8,2,Sick,Medium,328.63,4.53,8.91,178.01,327.71
F370,C1839,2024-05-04,Jersey,5,Anuradhapura,1,0,Healthy,Medium,347.63,4.15,8.86,179.81,322.31
F101,C1840,2024-02-26,Crossbreed,10,Matale,7,1,At_Risk,High,163.89,3.88,8.35,176.17,159.91
F371,C1841,2024-09-08,Local,2,Matale,3,0,Healthy,Low,99.01,3.92,8.24,179.11,101.66
F110,C1842,2024-05-28,Local,5,Kurunegala,1,0,Healthy,High,107.07,3.99,8.98,178.84,111.09
F66,C1843,2024-05-23,Local,10,Kurunegala,2,1,At_Risk,High,88.41,3.63,8.8,172.34,88.68
F337,C1844,2024-11-22,Holstein,9,Badulla,8,0,Healthy,Low,453.0,4.48,8.95,181.7,417.67
F465,C1845,2024-11-27,Local,5,Nuwara Eliya,4,1,At_Risk,Low,57.31,3.6,8.96,166.19,54.62
F177,C1846,2024-12-03,Jersey,8,Nuwara Eliya,4,0,Healthy,Medium,264.65,4.53,9.03,175.97,225.84
F328,C1847,2024-01-26,Holstein,6,Matale,2,1,At_Risk,Medium,316.4,4.06,8.26,182.36,328.74
F210,C1848,2024-06-01,Jersey,6,Kurunegala,10,0,Healthy,Low,177.58,4.13,8.73,190.28,167.17
F475,C1849,2024-01-06,Jersey,9,Monaragala,5,2,Sick,Medium,182.54,3.55,8.87,172.4,164.34
F256,C1850,2024-04-09,Crossbreed,6,Matale,6,0,Healthy,Low,145.44,3.66,9.17,172.23,135.57
F77,C1851,2024-01-18,Jersey,5,Monaragala,6,0,Healthy,Low,255.61,3.89,9.07,179.48,230.87
F434,C1852,2024-12-22,Local,7,Kandy,1,0,Healthy,Low,67.3,3.88,8.81,176.27,65.96
F210,C1853,2024-05-29,Holstein,5,Badulla,7,1,At_Risk,Low,315.19,4.37,8.46,178.6,300.78
F114,C1854,2024-09-21,Crossbreed,4,Nuwara Eliya,9,0,Healthy,Medium,142.89,4.6,8.61,191.66,134.45
F202,C1855,2024-03-30,Crossbreed,7,Nuwara Eliya,8,1,At_Risk,Medium,172.5,4.01,8.59,175.2,170.52
F448,C1856,2024-04-09,Holstein,7,Anuradhapura,8,0,Healthy,Medium,371.05,4.57,8.58,187.9,368.71
F259,C1857,2024-12-25,Jersey,2,Badulla,10,1,At_Risk,High,200.57,3.82,8.87,169.06,177.29
F232,C1858,2024-07-17,Holstein,9,Monaragala,7,0,Healthy,Medium,333.47,4.45,8.44,181.35,302.46
F390,C1859,2024-08-05,Holstein,7,Anuradhapura,8,2,Sick,High,218.13,3.61,8.53,174.59,200.85
F12,C1860,2024-10-05,Holstein,5,Matale,6,0,Healthy,Low,378.73,4.34,9.17,183.61,324.26
F72,C1861,2024-09-26,Holstein,10,Anuradhapura,7,0,Healthy,Low,420.89,4.74,8.85,190.86,399.22
F114,C1862,2024-11-16,Jersey,7,Polonnaruwa,2,1,At_Risk,High,240.27,3.81,8.57,179.94,214.56
F463,C1863,2024-07-16,Holstein,2,Badulla,7,1,At_Risk,Medium,291.59,4.11,8.66,183.56,301.77
F268,C1864,2024-02-28,Local,2,Kandy,6,0,Healthy,Low,60.06,4.52,9.04,186.1,58.64
F266,C1865,2024-12-02,Jersey,4,Polonnaruwa,6,3,Sick,Low,146.35,3.63,8.83,182.46,141.31
F248,C1866,2024-10-12,Local,8,Kandy,7,0,Healthy,Medium,71.07,4.01,8.62,174.94,65.65
F490,C1867,2024-05-12,Local,10,Anuradhapura,10,0,Healthy,Low,51.65,4.18,8.31,174.4,51.4
F444,C1868,2024-04-05,Holstein,9,Monaragala,10,0,Healthy,Medium,227.91,4.16,8.39,188.96,193.79
F416,C1869,2024-10-20,Local,2,Anuradhapura,6,3,Sick,High,34.97,4.29,9.2,178.88,36.4
F430,C1870,2024-05-02,Holstein,7,Monaragala,10,0,Healthy,Medium,252.66,3.89,8.92,172.2,228.36
F198,C1871,2024-12-02,Crossbreed,6,Nuwara Eliya,7,2,Sick,Low,109.76,4.6,8.36,181.42,107.34
F441,C1872,2024-05-01,Local,6,Matale,4,1,At_Risk,Low,77.62,4.29,8.58,192.65,66.88
F333,C1873,2024-12-13,Holstein,7,Nuwara Eliya,7,1,At_Risk,High,426.89,3.78,8.75,179.84,380.03
F124,C1874,2024-03-20,Crossbreed,9,Polonnaruwa,7,0,Healthy,Low,185.61,3.8,8.25,179.45,164.52
F430,C1875,2024-06-30,Holstein,5,Kurunegala,9,0,Healthy,Medium,354.19,3.83,8.35,175.3,311.12
F266,C1876,2024-08-14,Holstein,2,Kandy,8,2,Sick,Medium,233.87,4.09,8.43,178.13,243.4
F320,C1877,2024-04-01,Jersey,5,Monaragala,4,2,Sick,Medium,176.41,4.56,9.06,189.91,179.77
F272,C1878,2024-02-24,Jersey,10,Monaragala,10,0,Healthy,Medium,257.72,4.73,8.56,180.11,267.56
F227,C1879,2024-03-03,Jersey,6,Badulla,8,2,Sick,Medium,180.51,4.23,8.21,176.61,180.67
F130,C1880,2024-05-30,Holstein,3,Nuwara Eliya,10,2,Sick,Medium,215.83,3.8,8.36,180.55,203.67
F98,C1881,2024-05-23,Jersey,3,Matale,1,3,Sick,Low,146.74,4.3,8.62,185.36,125.58
F317,C1882,2024-11-26,Jersey,2,Matale,7,1,At_Risk,High,287.32,4.43,8.28,182.2,292.43
F377,C1883,2024-05-31,Crossbreed,3,Badulla,1,1,At_Risk,High,127.29,3.81,8.54,172.01,120.45
F19,C1884,2024-08-12,Local,2,Monaragala,6,0,Healthy,Low,61.52,4.12,8.71,175.37,61.19
F414,C1885,2024-12-20,Holstein,3,Matale,10,0,Healthy,Low,259.28,4.45,9.0,187.48,268.44
F151,C1886,2024-03-03,Jersey,8,Badulla,3,0,Healthy,Medium,311.24,4.4,9.05,181.13,303.55
F285,C1887,2024-06-20,Local,7,Monaragala,5,0,Healthy,Medium,62.86,4.53,8.73,186.86,56.64
F306,C1888,2024-09-14,Local,8,Anuradhapura,6,0,Healthy,Low,60.35,4.51,8.4,190.97,63.31
F173,C1889,2024-08-17,Crossbreed,7,Polonnaruwa,4,0,Healthy,High,218.17,4.6,8.31,191.89,196.28
F233,C1890,2024-04-20,Local,8,Badulla,3,1,At_Risk,High,83.33,4.06,9.1,180.99,71.86
F178,C1891,2024-09-13,Jersey,9,Nuwara Eliya,8,0,Healthy,Medium,279.86,4.54,8.42,185.95,270.22
F251,C1892,2024-05-05,Local,3,Kurunegala,3,0,Healthy,High,102.63,3.62,9.17,185.77,89.36
F146,C1893,2024-09-08,Local,5,Matale,8,3,Sick,Low,32.14,3.97,8.9,173.27,29.19
F408,C1894,2024-03-14,Crossbreed,10,Badulla,6,0,Healthy,Low,222.26,4.17,8.88,173.2,193.14
F356,C1895,2024-04-09,Crossbreed,8,Badulla,7,0,Healthy,High,161.78,4.16,8.78,172.93,153.33
F93,C1896,2024-08-16,Local,2,Polonnaruwa,9,0,Healthy,Medium,60.52,4.73,8.72,193.94,57.72
F144,C1897,2024-03-25,Holstein,2,Matale,9,0,Healthy,High,313.73,4.16,8.91,179.8,316.16
F132,C1898,2024-12-11,Jersey,3,Anuradhapura,8,0,Healthy,Medium,222.59,4.26,8.23,174.73,215.53
F130,C1899,2024-07-13,Local,7,Matale,4,1,At_Risk,Medium,57.69,4.27,8.87,173.44,59.49
F449,C1900,2024-08-28,Holstein,8,Anuradhapura,5,2,Sick,Low,250.46,4.65,8.73,195.47,235.65
F394,C1901,2024-11-21,Local,10,Nuwara Eliya,1,1,At_Risk,High,91.52,4.39,8.23,190.44,85.96
F155,C1902,2024-02-24,Holstein,6,Matale,6,0,Healthy,High,389.17,3.99,8.83,186.16,347.43
F340,C1903,2024-05-07,Holstein,8,Monaragala,3,1,At_Risk,Medium,488.99,3.52,9.05,175.62,430.92
F322,C1904,2024-03-27,Local,8,Monaragala,1,2,Sick,Low,61.21,4.27,8.74,181.25,58.88
F212,C1905,2024-05-27,Local,8,Monaragala,10,0,Healthy,High,62.84,4.18,8.21,188.4,61.73
F173,C1906,2024-09-30,Crossbreed,2,Anuradhapura,2,1,At_Risk,Medium,198.99,3.72,8.57,178.92,208.07
F420,C1907,2024-05-31,Holstein,7,Matale,1,0,Healthy,High,512.41,3.6,9.02,177.42,528.08
F87,C1908,2024-04-28,Holstein,3,Polonnaruwa,10,2,Sick,High,228.77,3.76,8.82,183.49,215.88
F386,C1909,2024-07-19,Holstein,3,Kurunegala,1,3,Sick,High,158.66,3.85,8.26,184.41,140.06
F165,C1910,2024-03-08,Jersey,3,Matale,7,0,Healthy,Low,259.51,3.75,8.65,179.99,243.59
F183,C1911,2024-08-26,Local,10,Nuwara Eliya,7,2,Sick,Low,53.62,4.57,8.8,194.96,54.0
F486,C1912,2024-07-24,Jersey,6,Matale,4,1,At_Risk,Low,279.34,3.85,9.05,178.11,241.87
F24,C1913,2024-01-22,Local,5,Badulla,5,2,Sick,Low,67.86,4.36,9.03,187.31,66.12
F219,C1914,2024-07-19,Crossbreed,4,Matale,3,0,Healthy,High,254.25,4.41,9.14,177.41,228.53
F80,C1915,2024-07-24,Jersey,4,Matale,7,0,Healthy,Low,322.33,3.76,8.36,171.86,326.26
F114,C1916,2024-10-03,Crossbreed,7,Kurunegala,2,0,Healthy,High,239.13,4.76,8.27,187.03,207.48
F161,C1917,2024-03-02,Crossbreed,8,Kurunegala,8,0,Healthy,Medium,151.0,4.23,8.74,184.12,128.53
F3,C1918,2024-06-09,Local,5,Nuwara Eliya,4,0,Healthy,High,82.87,4.71,8.92,195.66,86.65
F226,C1919,2024-12-17,Local,7,Badulla,7,0,Healthy,Medium,87.09,4.45,8.49,180.45,74.4
F122,C1920,2024-05-14,Holstein,2,Polonnaruwa,6,0,Healthy,Low,478.92,4.54,8.86,181.9,449.69
F69,C1921,2024-03-11,Jersey,2,Anuradhapura,9,2,Sick,High,112.29,3.68,9.18,178.56,99.6
F108,C1922,2024-10-23,Holstein,7,Matale,5,0,Healthy,Medium,493.33,4.24,9.11,182.92,435.21
F126,C1923,2024-03-01,Crossbreed,5,Monaragala,9,0,Healthy,Medium,104.64,4.11,9.13,185.5,93.64
F302,C1924,2024-11-05,Holstein,10,Polonnaruwa,1,0,Healthy,Medium,523.0,3.51,8.78,184.34,533.47
F332,C1925,2024-10-19,Crossbreed,5,Anuradhapura,2,0,Healthy,Low,231.25,4.59,8.93,182.95,238.94
F3,C1926,2024-02-06,Jersey,5,Matale,9,2,Sick,Low,155.97,3.83,8.73,187.51,153.88
F285,C1927,2024-03-06,Crossbreed,2,Nuwara Eliya,3,0,Healthy,High,254.16,4.12,8.85,181.2,223.05
F240,C1928,2024-07-30,Crossbreed,9,Nuwara Eliya,9,0,Healthy,Medium,121.65,3.83,8.82,177.42,121.18
F317,C1929,2024-04-15,Jersey,5,Badulla,10,0,Healthy,Low,210.66,3.97,8.76,184.12,185.68
F358,C1930,2024-09-08,Local,4,Badulla,10,0,Healthy,High,68.28,3.79,9.19,171.26,62.44
F495,C1931,2024-08-16,Holstein,5,Anuradhapura,4,2,Sick,Medium,352.65,3.79,8.82,172.77,366.91
F232,C1932,2024-11-11,Crossbreed,7,Kandy,6,1,At_Risk,Medium,183.65,4.44,8.9,193.57,179.47
F495,C1933,2024-05-26,Local,4,Badulla,5,0,Healthy,High,82.28,3.69,8.71,176.01,79.99
F229,C1934,2024-12-05,Holstein,9,Kandy,7,0,Healthy,High,319.14,4.45,8.38,175.89,273.8
F327,C1935,2024-06-03,Holstein,10,Kandy,2,0,Healthy,High,353.8,4.24,8.56,187.89,331.39
F498,C1936,2024-05-07,Holstein,8,Badulla,7,0,Healthy,High,298.36,4.44,8.63,180.65,282.22
F434,C1937,2024-06-25,Local,7,Kurunegala,3,0,Healthy,Low,78.32,3.79,8.41,176.08,71.74
F78,C1938,2024-05-01,Jersey,6,Monaragala,8,0,Healthy,Low,249.85,3.88,8.32,176.9,213.67
F167,C1939,2024-05-08,Holstein,3,Kandy,9,1,At_Risk,High,293.37,4.04,8.58,172.36,279.56
F7,C1940,2024-02-20,Crossbreed,2,Kandy,5,1,At_Risk,Medium,219.49,4.48,8.34,187.24,197.03
F30,C1941,2024-11-17,Holstein,5,Kandy,2,0,Healthy,High,368.74,3.84,8.44,172.29,325.99
F40,C1942,2024-09-12,Crossbreed,4,Badulla,5,0,Healthy,Medium,273.44,4.28,9.1,180.76,279.11
F114,C1943,2024-11-25,Local,2,Nuwara Eliya,1,2,Sick,Low,58.39,3.78,8.6,183.32,50.55
F418,C1944,2024-09-11,Holstein,8,Monaragala,9,0,Healthy,Medium,325.99,3.51,8.98,181.5,306.49
F203,C1945,2024-11-16,Local,8,Anuradhapura,6,0,Healthy,Low,88.37,3.76,8.42,180.23,89.89
F400,C1946,2024-04-13,Crossbreed,3,Kandy,4,2,Sick,Medium,112.48,3.88,8.75,175.18,114.87
F298,C1947,2024-09-21,Holstein,3,Anuradhapura,1,0,Healthy,Low,406.95,4.17,8.95,174.12,376.81
F443,C1948,2024-09-19,Jersey,10,Nuwara Eliya,8,0,Healthy,High,313.67,3.92,8.7,181.68,311.71
F485,C1949,2024-12-05,Crossbreed,3,Polonnaruwa,8,1,At_Risk,Low,130.87,4.11,8.4,182.26,112.2
F476,C1950,2024-10-24,Holstein,2,Kurunegala,10,0,Healthy,Medium,287.31,4.12,8.63,185.71,261.18
F44,C1951,2024-11-27,Holstein,7,Polonnaruwa,3,2,Sick,Medium,227.69,3.87,8.78,180.61,216.57
F59,C1952,2024-07-05,Jersey,8,Nuwara Eliya,1,0,Healthy,Low,307.15,4.67,8.6,184.4,298.76
F88,C1953,2024-05-17,Local,9,Polonnaruwa,2,2,Sick,Low,68.26,4.36,8.68,180.65,60.62
F362,C1954,2024-12-10,Holstein,6,Monaragala,7,3,Sick,Low,153.06,4.79,8.21,183.17,130.53
F300,C1955,2024-02-21,Jersey,6,Anuradhapura,9,1,At_Risk,Medium,203.79,3.83,8.64,181.48,201.64
F81,C1956,2024-01-13,Jersey,7,Monaragala,1,0,Healthy,Medium,330.44,4.44,8.86,177.5,306.86
F222,C1957,2024-10-24,Holstein,6,Badulla,10,0,Healthy,Medium,358.37,4.33,8.77,177.82,314.63
F443,C1958,2024-04-12,Holstein,3,Monaragala,3,0,Healthy,Low,357.54,4.45,8.45,181.87,363.66
F375,C1959,2024-03-26,Holstein,3,Kandy,2,0,Healthy,Low,341.51,3.62,8.54,169.01,293.9
F467,C1960,2024-09-21,Local,3,Kurunegala,9,0,Healthy,High,69.1,4.31,8.68,188.69,66.8
F360,C1961,2024-03-28,Crossbreed,6,Polonnaruwa,2,0,Healthy,High,152.4,4.13,8.34,180.04,136.24
F190,C1962,2024-03-29,Local,8,Badulla,9,0,Healthy,High,65.8,4.2,8.7,173.29,57.38
F176,C1963,2024-07-07,Holstein,9,Badulla,10,0,Healthy,Low,253.92,3.8,8.28,186.4,233.68
F206,C1964,2024-01-09,Crossbreed,3,Badulla,4,0,Healthy,Low,188.42,4.77,8.57,178.15,186.81
F476,C1965,2024-04-05,Jersey,3,Kurunegala,5,2,Sick,Medium,215.82,3.86,9.06,188.32,209.61
F432,C1966,2024-03-22,Jersey,9,Badulla,3,0,Healthy,Medium,351.13,4.57,8.68,185.33,353.29
F168,C1967,2024-07-04,Jersey,8,Anuradhapura,4,0,Healthy,Medium,313.48,4.78,8.36,188.62,286.42
F377,C1968,2024-09-09,Crossbreed,2,Polonnaruwa,10,3,Sick,Medium,58.75,3.58,8.59,168.71,57.2
F70,C1969,2024-11-07,Crossbreed,5,Anuradhapura,4,1,At_Risk,Low,169.23,4.75,8.53,197.17,154.87
F303,C1970,2024-01-03,Crossbreed,4,Anuradhapura,9,0,Healthy,High,127.92,4.66,8.89,179.51,131.56
F265,C1971,2024-11-08,Crossbreed,7,Badulla,4,0,Healthy,Low,262.82,3.89,8.65,179.42,272.36
F255,C1972,2024-08-12,Holstein,3,Monaragala,4,0,Healthy,Low,580.47,3.57,8.47,176.0,563.6
F184,C1973,2024-05-22,Local,2,Kandy,3,0,Healthy,Medium,115.24,3.6,8.81,179.63,113.96
F117,C1974,2024-06-26,Local,10,Monaragala,8,0,Healthy,Low,97.02,4.32,8.46,178.79,90.36
F71,C1975,2024-06-23,Crossbreed,2,Badulla,3,0,Healthy,High,201.14,4.41,8.25,180.79,202.83
F337,C1976,2024-08-28,Jersey,3,Kandy,1,3,Sick,Medium,156.34,4.53,8.91,180.0,153.0
F60,C1977,2024-12-30,Crossbreed,10,Matale,4,0,Healthy,Low,240.22,4.74,8.5,182.33,210.47
F71,C1978,2024-09-30,Jersey,7,Monaragala,6,1,At_Risk,High,266.52,4.14,9.06,182.32,254.74
F465,C1979,2024-02-26,Crossbreed,6,Monaragala,2,0,Healthy,High,176.56,3.7,8.89,186.2,180.43
F466,C1980,2024-04-09,Local,4,Nuwara Eliya,8,1,At_Risk,High,69.45,4.36,9.1,189.28,71.91
F202,C1981,2024-05-31,Local,10,Kandy,4,1,At_Risk,Low,56.55,4.1,8.99,171.55,59.03
F455,C1982,2024-04-21,Holstein,4,Nuwara Eliya,8,2,Sick,High,311.21,4.45,8.82,191.86,322.51
F33,C1983,2024-03-08,Local,7,Matale,9,2,Sick,High,31.7,4.62,8.7,188.1,27.69
F58,C1984,2024-11-27,Jersey,5,Polonnaruwa,6,2,Sick,Medium,165.25,4.36,8.32,183.74,164.84
F345,C1985,2024-02-14,Jersey,8,Kurunegala,1,3,Sick,Low,136.48,4.32,8.57,187.89,116.5
F454,C1986,2024-07-20,Jersey,7,Nuwara Eliya,3,0,Healthy,High,283.16,4.29,9.02,177.89,293.21
F16,C1987,2024-11-21,Jersey,8,Kandy,6,0,Healthy,High,301.83,4.74,8.91,186.3,293.18
F302,C1988,2024-07-28,Jersey,6,Nuwara Eliya,9,0,Healthy,Medium,175.2,4.09,8.29,171.88,156.1
F7,C1989,2024-12-06,Local,6,Nuwara Eliya,5,3,Sick,High,50.08,3.6,8.92,172.95,45.39
F364,C1990,2024-07-08,Crossbreed,7,Badulla,9,2,Sick,Low,73.95,4.42,8.26,192.58,76.38
F212,C1991,2024-09-29,Holstein,4,Badulla,3,0,Healthy,Low,593.33,4.79,8.85,180.44,567.12
F496,C1992,2024-04-01,Holstein,5,Nuwara Eliya,9,1,At_Risk,Medium,268.37,4.55,8.85,193.04,259.78
F416,C1993,2024-07-28,Jersey,3,Matale,3,1,At_Risk,Low,248.3,4.16,8.97,185.71,258.47
F29,C1994,2024-07-30,Crossbreed,5,Nuwara Eliya,4,2,Sick,Medium,156.87,4.51,8.48,180.86,151.15
F266,C1995,2024-05-14,Local,7,Nuwara Eliya,7,2,Sick,High,54.42,4.64,8.98,178.64,56.52
F447,C1996,2024-09-27,Crossbreed,4,Badulla,8,1,At_Risk,Low,109.83,4.64,8.3,179.21,112.36
F156,C1997,2024-08-27,Holstein,5,Matale,10,0,Healthy,Medium,283.22,3.92,8.44,181.38,258.13
F75,C1998,2024-02-14,Local,3,Kurunegala,10,2,Sick,Low,44.15,4.71,8.37,179.99,38.93
F392,C1999,2024-06-30,Holstein,2,Polonnaruwa,5,0,Healthy,Medium,469.9,4.36,8.63,187.19,430.77
F438,C2000,2024-11-22,Local,7,Matale,4,2,Sick,High,66.17,3.75,8.25,185.57,65.87
F391,C2001,2024-06-29,Holstein,9,Kurunegala,1,0,Healthy,Medium,437.05,4.79,9.06,183.99,400.36
F420,C2002,2024-09-22,Holstein,7,Matale,9,1,At_Risk,Medium,194.96,4.49,8.94,191.51,187.8
F37,C2003,2024-03-01,Local,4,Nuwara Eliya,8,0,Healthy,High,99.53,3.75,9.12,172.67,90.29
F25,C2004,2024-08-11,Jersey,6,Anuradhapura,4,1,At_Risk,Medium,315.51,3.83,8.78,175.09,310.26
F404,C2005,2024-04-02,Crossbreed,4,Matale,1,0,Healthy,Low,162.61,3.87,8.31,181.33,154.07
F181,C2006,2024-09-07,Holstein,7,Kandy,7,0,Healthy,Medium,451.32,4.68,8.23,185.76,412.38
F202,C2007,2024-10-15,Jersey,3,Polonnaruwa,10,0,Healthy,High,184.57,4.74,8.66,181.57,181.67
F60,C2008,2024-10-28,Jersey,2,Badulla,6,0,Healthy,High,246.82,4.29,8.32,182.33,251.7
F307,C2009,2024-04-27,Local,2,Kandy,9,0,Healthy,Low,64.82,4.22,8.47,188.13,66.83
F142,C2010,2024-12-17,Jersey,3,Polonnaruwa,7,0,Healthy,High,260.46,4.47,8.66,175.27,243.83
F386,C2011,2024-09-14,Jersey,10,Monaragala,7,0,Healthy,Medium,313.0,4.43,9.06,174.49,319.82
F495,C2012,2024-08-31,Holstein,9,Polonnaruwa,8,0,Healthy,Medium,427.14,4.31,9.08,185.68,403.1
F306,C2013,2024-02-16,Crossbreed,5,Polonnaruwa,7,0,Healthy,High,187.13,3.71,8.7,168.9,182.94
F85,C2014,2024-02-04,Crossbreed,4,Kandy,10,3,Sick,High,50.82,4.4,9.09,185.52,47.34
F253,C2015,2024-07-19,Jersey,10,Anuradhapura,7,0,Healthy,High,225.62,3.51,8.26,168.95,192.73
F250,C2016,2024-12-01,Jersey,6,Badulla,3,2,Sick,Low,236.81,4.53,9.12,177.68,217.09
F161,C2017,2024-10-29,Local,8,Nuwara Eliya,10,2,Sick,Low,34.33,4.4,9.14,186.51,33.85
F120,C2018,2024-03-15,Holstein,3,Kandy,6,1,At_Risk,Low,414.33,4.26,8.81,186.93,359.49
F269,C2019,2024-06-28,Jersey,7,Badulla,5,3,Sick,Low,177.03,3.66,8.32,185.3,183.08
F56,C2020,2024-07-25,Local,5,Matale,6,0,Healthy,Low,69.88,4.55,8.47,193.14,72.55
F303,C2021,2024-01-01,Jersey,10,Badulla,1,1,At_Risk,Low,233.44,4.52,8.37,176.18,238.28
F409,C2022,2024-10-06,Crossbreed,9,Nuwara Eliya,10,0,Healthy,High,145.85,3.67,9.04,182.44,137.57
F147,C2023,2024-12-24,Holstein,6,Polonnaruwa,8,0,Healthy,Medium,444.86,3.74,8.3,182.54,441.9
F196,C2024,2024-09-16,Crossbreed,2,Kurunegala,7,3,Sick,Low,64.08,4.75,8.8,193.77,65.8
F263,C2025,2024-10-26,Holstein,6,Anuradhapura,1,0,Healthy,High,526.09,3.6,9.16,170.91,452.4
F155,C2026,2024-11-02,Jersey,5,Kurunegala,4,2,Sick,High,244.64,4.02,8.63,173.16,239.31
F249,C2027,2024-02-19,Jersey,2,Polonnaruwa,6,1,At_Risk,Medium,239.05,3.76,8.74,171.26,205.34
F288,C2028,2024-04-17,Crossbreed,9,Nuwara Eliya,2,1,At_Risk,High,128.23,4.14,8.35,174.8,111.3
F232,C2029,2024-04-20,Holstein,4,Badulla,9,0,Healthy,High,316.1,4.45,8.82,189.71,307.23
F77,C2030,2024-10-23,Local,9,Nuwara Eliya,8,0,Healthy,Medium,75.07,4.43,9.08,179.74,72.49
F468,C2031,2024-06-30,Holstein,4,Nuwara Eliya,8,0,Healthy,High,302.61,3.83,8.51,188.04,311.49
F423,C2032,2024-12-11,Crossbreed,9,Polonnaruwa,9,0,Healthy,Low,157.94,4.74,8.89,195.14,152.52
F388,C2033,2024-08-08,Jersey,9,Monaragala,4,1,At_Risk,High,244.77,4.55,9.15,184.8,235.09
F363,C2034,2024-03-19,Jersey,2,Matale,8,2,Sick,High,167.87,4.74,9.19,195.72,174.42
F180,C2035,2024-08-19,Local,7,Kurunegala,4,3,Sick,Medium,42.46,4.12,8.31,187.99,36.59
F40,C2036,2024-09-10,Jersey,9,Monaragala,3,0,Healthy,Low,316.43,3.61,9.09,183.48,306.0
F212,C2037,2024-07-13,Crossbreed,6,Kandy,5,1,At_Risk,Low,199.3,4.67,9.03,195.47,204.03
F434,C2038,2024-04-04,Crossbreed,9,Matale,3,2,Sick,Low,148.83,3.99,8.26,183.45,146.8
F165,C2039,2024-07-26,Local,5,Polonnaruwa,6,0,Healthy,High,97.49,3.95,8.97,177.29,102.0
F425,C2040,2024-01-29,Local,5,Anuradhapura,8,0,Healthy,Medium,78.18,3.55,9.15,171.01,67.65
F168,C2041,2024-09-13,Jersey,3,Kandy,3,0,Healthy,Low,256.26,3.99,8.82,172.14,239.23
F252,C2042,2024-10-09,Local,2,Kurunegala,10,0,Healthy,Low,42.32,3.56,8.72,170.56,39.56
F343,C2043,2024-08-17,Crossbreed,7,Anuradhapura,6,2,Sick,Low,88.51,4.26,8.84,172.62,82.43
F35,C2044,2024-04-19,Crossbreed,10,Badulla,4,0,Healthy,Medium,229.42,4.55,8.79,191.26,218.16
F194,C2045,2024-06-22,Jersey,9,Kurunegala,5,1,At_Risk,High,323.97,4.65,8.43,194.42,295.42
F66,C2046,2024-05-26,Holstein,6,Nuwara Eliya,4,0,Healthy,Low,363.24,3.99,8.92,176.44,310.04
F177,C2047,2024-07-13,Jersey,6,Monaragala,8,0,Healthy,Medium,233.72,3.91,8.63,183.38,213.42
F167,C2048,2024-03-17,Local,7,Kurunegala,6,2,Sick,Low,57.73,3.55,8.88,178.32,55.64
F214,C2049,2024-09-08,Local,4,Anuradhapura,4,0,Healthy,Low,101.61,4.7,8.38,178.65,104.97
F431,C2050,2024-01-01,Holstein,10,Polonnaruwa,4,0,Healthy,Medium,515.05,3.93,9.08,171.45,539.6
F186,C2051,2024-12-18,Jersey,2,Anuradhapura,5,0,Healthy,Medium,334.82,4.07,8.33,179.99,300.69
F387,C2052,2024-04-10,Holstein,10,Polonnaruwa,8,0,Healthy,High,326.92,4.76,8.33,179.83,301.09
F255,C2053,2024-02-19,Jersey,4,Polonnaruwa,9,2,Sick,Medium,128.64,3.75,8.57,171.79,126.53
F358,C2054,2024-04-16,Local,9,Matale,2,1,At_Risk,High,60.87,4.3,8.25,174.99,56.22
F476,C2055,2024-06-13,Crossbreed,6,Badulla,9,0,Healthy,Medium,115.19,4.38,8.56,176.74,103.08
F321,C2056,2024-06-10,Jersey,5,Kandy,6,1,At_Risk,Medium,215.21,3.64,8.92,172.39,196.48
F204,C2057,2024-10-25,Holstein,8,Kandy,9,2,Sick,High,245.74,4.56,8.95,182.29,218.77
F154,C2058,2024-06-08,Local,5,Kurunegala,9,1,At_Risk,Low,60.61,3.86,8.88,185.85,60.8
F160,C2059,2024-11-15,Holstein,8,Monaragala,5,3,Sick,High,205.32,3.73,8.67,172.0,179.69
F427,C2060,2024-09-28,Local,9,Anuradhapura,2,0,Healthy,High,63.31,4.17,8.97,176.08,60.72
F430,C2061,2024-03-06,Crossbreed,4,Nuwara Eliya,3,0,Healthy,Medium,246.17,4.74,8.34,187.62,251.42
F213,C2062,2024-11-08,Crossbreed,5,Kandy,3,0,Healthy,Medium,276.66,4.58,8.33,194.24,255.73
F425,C2063,2024-05-29,Crossbreed,6,Nuwara Eliya,8,3,Sick,High,61.44,4.37,8.21,186.3,58.76
F50,C2064,2024-01-17,Holstein,10,Polonnaruwa,6,0,Healthy,Low,486.27,4.17,8.94,177.67,444.9
F379,C2065,2024-12-11,Holstein,9,Anuradhapura,2,0,Healthy,Medium,486.96,4.01,8.85,185.27,491.59
F352,C2066,2024-10-26,Local,6,Matale,3,0,Healthy,High,73.35,3.76,8.94,185.35,63.6
F17,C2067,2024-03-03,Local,10,Badulla,4,1,At_Risk,Low,69.79,4.21,8.94,180.27,63.48
F177,C2068,2024-09-21,Crossbreed,8,Nuwara Eliya,7,0,Healthy,High,139.76,4.48,8.9,191.02,132.91
F487,C2069,2024-06-21,Jersey,10,Kandy,9,2,Sick,High,148.28,4.07,8.46,171.89,139.68
F40,C2070,2024-06-13,Jersey,7,Polonnaruwa,3,1,At_Risk,Medium,333.29,3.63,8.54,175.93,316.32
F78,C2071,2024-11-08,Crossbreed,10,Monaragala,1,1,At_Risk,Low,118.69,3.65,8.95,180.82,102.29
F111,C2072,2024-03-30,Jersey,5,Matale,1,1,At_Risk,Medium,206.78,4.12,8.51,189.83,206.08
F478,C2073,2024-12-21,Crossbreed,8,Monaragala,5,0,Healthy,High,178.34,4.75,8.73,185.07,152.06
F28,C2074,2024-05-08,Crossbreed,8,Kurunegala,5,1,At_Risk,Low,145.75,4.74,8.42,186.55,132.9
F435,C2075,2024-01-24,Holstein,3,Polonnaruwa,4,0,Healthy,Low,549.49,4.24,9.19,184.19,472.63
F380,C2076,2024-04-05,Jersey,5,Polonnaruwa,3,0,Healthy,High,378.55,4.27,8.28,188.79,379.69
F40,C2077,2024-08-11,Crossbreed,6,Matale,1,2,Sick,High,141.66,4.75,8.77,179.2,139.86
F375,C2078,2024-06-29,Jersey,6,Polonnaruwa,3,0,Healthy,High,306.24,3.67,9.14,181.71,305.62
F478,C2079,2024-04-07,Holstein,10,Monaragala,7,1,At_Risk,Low,334.65,4.51,8.63,178.18,300.66
F166,C2080,2024-03-10,Jersey,5,Kandy,9,0,Healthy,Low,194.58,4.07,8.39,179.7,187.15
F459,C2081,2024-02-19,Crossbreed,8,Matale,5,0,Healthy,Low,263.25,3.74,8.43,180.63,250.05
F4,C2082,2024-06-17,Crossbreed,5,Kandy,4,1,At_Risk,Low,142.46,3.99,9.01,181.27,131.71
F271,C2083,2024-02-07,Holstein,10,Matale,9,0,Healthy,Medium,364.55,4.07,8.63,188.81,336.43
F142,C2084,2024-09-14,Local,2,Monaragala,4,0,Healthy,High,102.16,4.79,8.86,193.78,103.4
F62,C2085,2024-02-23,Jersey,9,Kurunegala,5,0,Healthy,High,351.98,4.8,8.87,183.25,336.21
F413,C2086,2024-04-09,Crossbreed,3,Kandy,5,0,Healthy,Medium,236.61,4.76,8.63,181.6,236.34
F228,C2087,2024-10-27,Local,10,Kurunegala,4,0,Healthy,Medium,84.29,4.78,8.36,191.23,80.08
F425,C2088,2024-04-03,Crossbreed,5,Badulla,2,2,Sick,Low,116.29,4.43,8.6,178.95,100.5
F289,C2089,2024-09-04,Local,5,Matale,6,1,At_Risk,Low,79.98,4.56,8.86,191.9,68.05
F435,C2090,2024-07-26,Holstein,7,Matale,1,0,Healthy,High,406.02,4.71,8.4,193.98,425.21
F113,C2091,2024-06-29,Crossbreed,3,Badulla,8,2,Sick,Medium,152.05,4.15,8.82,178.2,143.34
F302,C2092,2024-05-29,Jersey,7,Kandy,6,2,Sick,High,142.28,4.65,9.05,186.63,131.24
F400,C2093,2024-02-21,Local,4,Anuradhapura,1,0,Healthy,Medium,85.87,4.39,9.13,189.5,79.41
F93,C2094,2024-06-22,Crossbreed,8,Badulla,9,1,At_Risk,Medium,137.29,4.35,8.71,176.5,120.45
F171,C2095,2024-06-10,Crossbreed,6,Matale,6,0,Healthy,Low,192.4,4.32,8.92,186.32,174.91
F139,C2096,2024-10-30,Crossbreed,6,Anuradhapura,4,0,Healthy,High,212.42,3.85,8.58,175.59,200.39
F460,C2097,2024-07-07,Local,8,Polonnaruwa,3,0,Healthy,High,79.51,3.62,8.42,181.84,69.88
F311,C2098,2024-05-30,Jersey,8,Kandy,10,1,At_Risk,Medium,196.42,4.0,8.7,179.1,203.53
F228,C2099,2024-12-12,Crossbreed,3,Kurunegala,3,1,At_Risk,Medium,158.09,3.83,8.66,182.96,164.36
F3,C2100,2024-03-21,Holstein,3,Polonnaruwa,6,1,At_Risk,High,365.59,4.07,8.69,189.89,318.84
F430,C2101,2024-04-18,Jersey,8,Kandy,8,3,Sick,Low,137.31,4.69,8.5,191.74,137.23
F178,C2102,2024-03-01,Local,9,Anuradhapura,4,0,Healthy,Low,63.96,4.0,8.95,188.26,59.07
F291,C2103,2024-09-27,Crossbreed,8,Kandy,2,2,Sick,Low,152.09,3.77,8.91,182.34,142.46
F212,C2104,2024-05-09,Jersey,5,Badulla,3,2,Sick,High,220.88,4.75,8.39,196.37,211.09
F34,C2105,2024-10-14,Local,2,Anuradhapura,1,1,At_Risk,High,91.69,4.77,9.17,184.67,86.29
F321,C2106,2024-12-15,Local,7,Polonnaruwa,1,0,Healthy,Low,95.19,4.07,9.06,185.48,98.11
F248,C2107,2024-02-20,Jersey,4,Kurunegala,7,0,Healthy,Low,304.86,3.68,8.67,173.94,302.2
F130,C2108,2024-01-17,Holstein,7,Polonnaruwa,4,0,Healthy,Low,449.45,4.62,8.53,181.39,414.38
F287,C2109,2024-06-30,Jersey,6,Badulla,6,0,Healthy,Medium,255.33,4.5,8.47,192.83,259.7
F341,C2110,2024-03-18,Local,3,Badulla,3,3,Sick,Low,48.9,3.6,8.91,176.71,44.02
F157,C2111,2024-11-13,Local,9,Kurunegala,7,2,Sick,High,65.7,4.55,8.21,181.26,62.46
F374,C2112,2024-02-23,Holstein,5,Polonnaruwa,7,1,At_Risk,Medium,333.24,4.44,8.53,193.47,344.33
F83,C2113,2024-11-14,Holstein,3,Badulla,9,0,Healthy,Low,280.94,4.36,9.2,174.11,239.02
F292,C2114,2024-07-25,Crossbreed,7,Matale,5,0,Healthy,High,165.77,3.58,9.15,178.05,169.34
F225,C2115,2024-04-23,Crossbreed,8,Kurunegala,2,0,Healthy,High,203.65,4.36,8.22,178.44,186.63
F423,C2116,2024-02-23,Jersey,7,Anuradhapura,1,2,Sick,High,201.17,3.94,8.9,186.27,202.56
F180,C2117,2024-02-16,Jersey,5,Anuradhapura,5,3,Sick,High,118.0,4.58,8.65,193.12,119.72
F200,C2118,2024-11-27,Local,4,Kurunegala,5,0,Healthy,Medium,61.73,3.66,8.65,182.97,64.68
F146,C2119,2024-09-05,Jersey,3,Nuwara Eliya,4,2,Sick,Medium,171.41,4.21,8.29,181.5,148.46
F132,C2120,2024-08-18,Holstein,9,Anuradhapura,2,1,At_Risk,High,278.27,3.61,8.39,183.54,277.17
F126,C2121,2024-02-12,Local,7,Monaragala,6,0,Healthy,High,52.94,4.14,8.77,189.34,49.49
F116,C2122,2024-04-24,Jersey,7,Badulla,4,0,Healthy,Low,388.85,3.68,9.17,176.89,344.1
F366,C2123,2024-05-10,Local,10,Polonnaruwa,7,0,Healthy,Low,64.49,3.59,8.72,172.16,64.15
F256,C2124,2024-06-22,Local,7,Kandy,5,3,Sick,High,28.08,4.02,9.15,175.19,28.83
F8,C2125,2024-10-06,Local,2,Monaragala,9,2,Sick,Medium,45.02,4.32,9.18,186.91,38.78
F444,C2126,2024-08-24,Holstein,5,Polonnaruwa,1,0,Healthy,Medium,491.12,3.71,9.18,173.4,444.43
F488,C2127,2024-07-29,Holstein,7,Matale,2,1,At_Risk,Medium,325.22,4.25,8.8,172.97,312.32
F418,C2128,2024-01-16,Local,3,Kandy,7,0,Healthy,High,90.41,4.14,8.51,174.63,88.89
F296,C2129,2024-03-28,Crossbreed,3,Polonnaruwa,6,0,Healthy,High,193.28,4.68,8.55,181.02,171.13
F375,C2130,2024-05-08,Local,7,Polonnaruwa,5,3,Sick,Medium,29.51,3.9,8.66,178.96,27.28
F381,C2131,2024-03-01,Crossbreed,4,Badulla,2,2,Sick,High,150.22,4.37,8.69,189.35,131.04
F193,C2132,2024-10-04,Crossbreed,4,Monaragala,10,3,Sick,Low,52.0,4.56,8.45,184.22,51.86
F243,C2133,2024-05-30,Local,6,Matale,6,0,Healthy,Low,79.86,3.64,8.64,168.13,82.26
F247,C2134,2024-03-07,Jersey,10,Matale,7,0,Healthy,Medium,244.44,3.96,8.94,179.48,237.93
F230,C2135,2024-01-18,Crossbreed,8,Matale,5,3,Sick,High,96.72,4.42,8.42,189.42,98.6
F32,C2136,2024-08-30,Jersey,3,Nuwara Eliya,3,3,Sick,Low,120.24,4.09,8.2,181.03,106.99
F93,C2137,2024-12-13,Crossbreed,5,Polonnaruwa,7,1,At_Risk,Low,123.44,3.81,8.66,171.86,111.31
F459,C2138,2024-04-13,Holstein,2,Polonnaruwa,4,0,Healthy,Medium,553.56,4.01,9.05,182.83,542.45
F417,C2139,2024-09-15,Local,7,Polonnaruwa,8,0,Healthy,High,71.74,3.53,9.12,173.04,71.91
F402,C2140,2024-04-01,Jersey,4,Polonnaruwa,7,0,Healthy,Low,324.85,4.34,8.91,178.95,332.35
F13,C2141,2024-09-19,Local,3,Nuwara Eliya,7,0,Healthy,High,84.73,4.35,9.06,176.31,73.67
F477,C2142,2024-02-13,Local,9,Monaragala,1,0,Healthy,Medium,102.51,4.19,9.05,173.1,100.4
F328,C2143,2024-07-14,Local,9,Nuwara Eliya,8,1,At_Risk,Low,77.0,3.61,9.06,169.24,75.96
F261,C2144,2024-07-12,Local,8,Polonnaruwa,7,0,Healthy,Low,89.52,4.44,8.58,175.95,81.25
F206,C2145,2024-08-23,Crossbreed,9,Badulla,2,0,Healthy,Low,163.72,3.71,8.94,185.43,145.52
F443,C2146,2024-08-15,Crossbreed,5,Monaragala,3,1,At_Risk,Medium,141.82,3.5,9.13,176.1,130.02
F285,C2147,2024-08-16,Holstein,8,Nuwara Eliya,8,0,Healthy,Low,455.12,3.97,8.42,188.67,474.44
F30,C2148,2024-01-23,Local,8,Matale,4,1,At_Risk,Medium,101.06,4.73,9.17,196.34,100.88
F412,C2149,2024-09-27,Holstein,3,Kandy,2,0,Healthy,High,442.57,4.46,8.45,179.1,455.7
F231,C2150,2024-03-20,Crossbreed,7,Nuwara Eliya,8,3,Sick,Low,90.0,4.17,8.47,184.86,84.52
F160,C2151,2024-04-24,Crossbreed,8,Monaragala,1,3,Sick,Medium,66.43,3.63,9.05,176.43,59.33
F363,C2152,2024-07-13,Local,6,Polonnaruwa,2,0,Healthy,High,92.07,4.6,8.44,179.39,94.78
F76,C2153,2024-10-02,Holstein,6,Monaragala,9,0,Healthy,Low,277.0,4.37,9.15,180.29,278.17
F292,C2154,2024-01-28,Local,5,Kandy,9,0,Healthy,High,50.19,3.96,8.23,189.23,47.69
F312,C2155,2024-08-15,Jersey,4,Kandy,8,0,Healthy,Low,252.97,4.47,8.95,184.7,222.75
F270,C2156,2024-12-27,Jersey,2,Kurunegala,2,2,Sick,High,209.39,4.67,8.35,184.45,190.44
F368,C2157,2024-02-27,Crossbreed,9,Anuradhapura,3,0,Healthy,Low,231.43,3.9,8.82,174.51,238.93
F116,C2158,2024-12-27,Jersey,3,Kandy,6,3,Sick,High,132.5,3.93,8.21,188.93,137.49
F316,C2159,2024-08-27,Crossbreed,6,Nuwara Eliya,4,0,Healthy,High,243.02,3.64,8.47,185.57,236.39
F51,C2160,2024-02-26,Crossbreed,9,Kandy,2,1,At_Risk,High,160.04,4.22,8.32,188.24,136.72
F140,C2161,2024-12-07,Holstein,9,Kandy,3,0,Healthy,Medium,548.03,4.46,9.1,179.33,486.04
F342,C2162,2024-10-16,Holstein,5,Monaragala,5,0,Healthy,Medium,528.72,4.21,9.03,177.54,513.74
F279,C2163,2024-12-04,Crossbreed,7,Kurunegala,8,1,At_Risk,Low,110.23,4.39,8.65,184.38,109.83
F111,C2164,2024-03-08,Holstein,6,Anuradhapura,6,3,Sick,Medium,150.82,3.92,8.74,172.6,138.36
F143,C2165,2024-07-29,Crossbreed,7,Matale,4,0,Healthy,Medium,249.09,4.74,9.19,185.84,213.49
F105,C2166,2024-01-18,Holstein,7,Kurunegala,8,2,Sick,Medium,267.08,3.94,8.53,187.35,248.69
F354,C2167,2024-07-22,Jersey,7,Monaragala,9,3,Sick,Low,86.11,3.71,8.7,176.99,85.82
F175,C2168,2024-12-22,Holstein,2,Kandy,2,0,Healthy,Medium,389.7,4.23,8.93,181.94,402.53
F236,C2169,2024-03-16,Holstein,2,Anuradhapura,3,0,Healthy,Low,484.27,4.32,9.19,193.12,481.92
F399,C2170,2024-01-09,Holstein,10,Matale,7,1,At_Risk,Low,278.65,3.68,8.92,175.44,254.23
F71,C2171,2024-12-10,Jersey,10,Kurunegala,1,1,At_Risk,High,269.77,4.22,8.88,182.68,276.89
F239,C2172,2024-05-26,Crossbreed,5,Monaragala,6,2,Sick,High,129.95,4.5,8.69,194.83,116.55
F6,C2173,2024-10-09,Jersey,7,Anuradhapura,8,3,Sick,Low,127.76,3.56,8.61,173.93,123.9
F349,C2174,2024-06-06,Holstein,2,Anuradhapura,8,2,Sick,Medium,281.09,3.81,9.07,182.74,284.04
F382,C2175,2024-09-20,Local,6,Polonnaruwa,7,0,Healthy,High,83.35,4.62,8.46,190.06,77.75
F489,C2176,2024-11-29,Holstein,8,Anuradhapura,2,1,At_Risk,Medium,336.79,4.58,9.16,194.5,287.23
F476,C2177,2024-04-15,Holstein,2,Monaragala,5,0,Healthy,High,434.39,4.0,9.17,170.11,454.41
F333,C2178,2024-11-09,Crossbreed,9,Anuradhapura,10,1,At_Risk,Medium,92.11,4.0,8.29,182.76,94.25
F359,C2179,2024-07-27,Jersey,2,Anuradhapura,9,0,Healthy,Medium,246.3,4.27,9.1,186.47,240.82
F85,C2180,2024-01-15,Holstein,2,Kandy,1,1,At_Risk,Medium,269.16,3.95,8.81,188.54,237.56
F279,C2181,2024-12-18,Local,3,Anuradhapura,8,0,Healthy,Low,81.11,4.69,9.04,180.55,72.67
F498,C2182,2024-05-11,Jersey,6,Nuwara Eliya,9,0,Healthy,Medium,171.1,3.58,9.05,180.41,157.05
F49,C2183,2024-09-12,Crossbreed,10,Polonnaruwa,1,2,Sick,Medium,149.6,3.79,8.35,170.79,134.54
F78,C2184,2024-07-25,Crossbreed,3,Matale,8,2,Sick,High,124.61,3.87,8.93,180.48,128.39
F467,C2185,2024-10-30,Local,3,Kurunegala,4,2,Sick,Medium,73.43,4.08,8.71,179.12,75.67
F313,C2186,2024-07-12,Local,10,Kurunegala,8,2,Sick,High,60.3,4.24,8.23,174.14,56.09
F10,C2187,2024-06-10,Local,6,Matale,7,1,At_Risk,Low,77.06,3.85,8.35,174.34,70.77
F476,C2188,2024-03-22,Jersey,3,Kandy,4,2,Sick,Low,251.37,4.72,9.16,187.04,220.24
F490,C2189,2024-10-17,Jersey,5,Nuwara Eliya,5,0,Healthy,Medium,318.55,3.51,8.64,172.48,330.55
F313,C2190,2024-03-12,Crossbreed,10,Polonnaruwa,1,0,Healthy,High,138.18,4.42,9.08,184.48,121.95
F265,C2191,2024-05-13,Holstein,5,Nuwara Eliya,8,0,Healthy,Medium,494.73,4.18,8.39,177.12,482.19
F348,C2192,2024-02-20,Jersey,4,Nuwara Eliya,1,0,Healthy,High,301.24,3.81,8.28,168.59,261.57
F243,C2193,2024-06-21,Jersey,4,Kandy,8,1,At_Risk,Low,235.14,4.61,8.91,193.89,218.93
F264,C2194,2024-02-18,Jersey,2,Monaragala,7,3,Sick,Medium,103.57,3.94,8.52,170.89,94.09
F197,C2195,2024-04-18,Local,4,Badulla,9,1,At_Risk,Medium,66.23,3.68,8.39,169.91,58.09
F218,C2196,2024-09-15,Jersey,3,Anuradhapura,8,3,Sick,Medium,142.37,3.91,8.6,173.95,149.47
F361,C2197,2024-10-22,Crossbreed,7,Nuwara Eliya,10,0,Healthy,High,97.58,4.55,9.09,194.89,89.0
F17,C2198,2024-05-04,Local,5,Polonnaruwa,1,0,Healthy,Medium,65.71,3.51,8.83,177.39,68.25
F172,C2199,2024-10-03,Crossbreed,4,Kandy,10,0,Healthy,High,116.07,4.4,8.4,175.08,110.69
F128,C2200,2024-01-16,Crossbreed,6,Matale,1,1,At_Risk,Low,193.36,3.78,8.54,185.29,184.17
F379,C2201,2024-05-15,Crossbreed,8,Kurunegala,9,0,Healthy,Medium,116.01,4.7,8.77,179.09,107.31
F71,C2202,2024-03-01,Local,8,Monaragala,10,0,Healthy,High,48.04,4.06,8.91,173.25,49.05
F322,C2203,2024-01-15,Jersey,9,Matale,8,0,Healthy,High,268.68,4.36,9.18,192.64,261.48
F56,C2204,2024-08-08,Crossbreed,6,Anuradhapura,7,0,Healthy,High,156.37,3.68,8.69,181.26,147.98
F82,C2205,2024-09-12,Local,2,Kandy,4,0,Healthy,Low,101.01,4.37,8.47,178.39,86.88
F159,C2206,2024-12-09,Local,9,Kurunegala,10,0,Healthy,Low,42.46,3.81,9.09,174.76,42.17
F461,C2207,2024-02-01,Local,6,Polonnaruwa,6,2,Sick,High,38.31,3.71,8.27,173.5,40.21
F160,C2208,2024-05-28,Crossbreed,3,Anuradhapura,5,0,Healthy,Low,210.87,4.51,9.14,188.37,194.37
F310,C2209,2024-12-09,Jersey,5,Nuwara Eliya,4,0,Healthy,High,265.5,3.85,8.77,187.44,241.89
F70,C2210,2024-11-07,Jersey,3,Monaragala,5,3,Sick,Low,140.79,3.79,8.36,177.04,127.87
F295,C2211,2024-08-14,Local,9,Badulla,3,0,Healthy,Low,115.3,4.24,8.93,185.12,108.53
F258,C2212,2024-01-13,Holstein,10,Monaragala,5,1,At_Risk,Medium,338.47,3.67,8.61,171.24,294.71
F226,C2213,2024-03-18,Crossbreed,8,Kurunegala,2,0,Healthy,Low,202.0,4.67,8.61,192.84,189.12
F392,C2214,2024-02-17,Jersey,8,Kurunegala,3,1,At_Risk,Medium,259.34,3.84,8.24,182.53,263.04
F254,C2215,2024-07-24,Local,6,Kandy,7,0,Healthy,High,96.13,4.27,8.44,184.07,87.72
F198,C2216,2024-03-06,Local,3,Polonnaruwa,6,1,At_Risk,High,49.25,3.88,8.53,168.87,42.04
F99,C2217,2024-06-07,Holstein,2,Polonnaruwa,1,2,Sick,Low,304.69,4.13,9.11,171.89,297.27
F12,C2218,2024-10-09,Jersey,8,Kandy,4,0,Healthy,Medium,256.41,4.03,8.92,174.37,253.19
F146,C2219,2024-03-18,Holstein,3,Matale,7,1,At_Risk,High,337.16,3.94,8.82,188.96,327.13
F461,C2220,2024-05-03,Jersey,5,Anuradhapura,7,1,At_Risk,Medium,246.79,4.17,8.59,180.85,214.99
F464,C2221,2024-11-04,Local,8,Polonnaruwa,7,0,Healthy,Medium,84.63,4.11,8.89,177.68,83.79
F237,C2222,2024-06-24,Local,9,Kurunegala,9,1,At_Risk,Medium,49.68,4.11,8.7,179.84,47.19
F160,C2223,2024-10-10,Holstein,2,Kandy,7,1,At_Risk,Medium,381.34,3.99,8.61,177.37,358.71
F196,C2224,2024-04-06,Holstein,9,Badulla,8,1,At_Risk,Low,415.19,4.42,9.17,186.91,380.22
F194,C2225,2024-06-29,Holstein,10,Badulla,5,0,Healthy,High,403.01,4.18,8.85,178.1,397.01
F263,C2226,2024-06-15,Holstein,3,Badulla,10,0,Healthy,Low,228.14,4.14,8.46,172.52,236.22
F490,C2227,2024-02-18,Holstein,10,Matale,7,1,At_Risk,High,346.87,4.01,8.72,176.59,326.28
F287,C2228,2024-09-24,Local,2,Kurunegala,3,0,Healthy,Low,93.43,4.34,9.1,182.4,82.55
F27,C2229,2024-06-13,Local,7,Matale,9,0,Healthy,Low,62.67,4.55,8.95,179.56,57.56
F287,C2230,2024-12-10,Local,2,Kurunegala,9,0,Healthy,Low,62.29,3.82,8.97,180.74,53.32
F279,C2231,2024-03-03,Local,6,Kurunegala,7,0,Healthy,Medium,86.49,4.07,8.45,184.23,89.61
F252,C2232,2024-02-07,Jersey,7,Badulla,6,2,Sick,Low,179.43,4.02,9.14,180.41,176.65
F447,C2233,2024-09-12,Holstein,6,Matale,2,0,Healthy,Low,434.66,3.81,9.05,182.52,451.44
F18,C2234,2024-10-27,Holstein,9,Kurunegala,3,0,Healthy,Medium,446.96,3.71,9.09,186.91,449.16
F253,C2235,2024-02-24,Holstein,3,Kandy,4,0,Healthy,Low,587.22,3.96,8.96,181.26,509.05
F331,C2236,2024-05-17,Jersey,2,Kandy,3,0,Healthy,Low,336.85,4.28,8.79,175.15,313.93
F399,C2237,2024-04-12,Holstein,4,Kandy,5,1,At_Risk,Medium,374.23,4.21,8.85,184.51,324.26
F469,C2238,2024-11-26,Jersey,7,Badulla,9,0,Healthy,Medium,183.07,3.51,8.91,174.81,181.76
F223,C2239,2024-12-28,Holstein,3,Anuradhapura,3,1,At_Risk,Medium,334.23,4.28,8.73,192.45,344.35
F62,C2240,2024-02-22,Crossbreed,5,Anuradhapura,3,2,Sick,High,167.58,4.66,8.39,179.09,151.55
F306,C2241,2024-02-24,Local,7,Anuradhapura,3,0,Healthy,High,68.69,4.46,9.0,193.86,63.03
F256,C2242,2024-08-28,Crossbreed,9,Anuradhapura,3,0,Healthy,Low,277.64,3.62,8.46,167.92,241.12
F467,C2243,2024-12-14,Holstein,3,Nuwara Eliya,4,3,Sick,Medium,195.63,3.96,8.78,184.27,189.5
F497,C2244,2024-07-13,Local,5,Matale,4,0,Healthy,High,114.53,4.74,8.47,192.48,114.25
F370,C2245,2024-10-02,Holstein,7,Monaragala,10,0,Healthy,Medium,343.83,4.56,8.56,178.95,360.42
F66,C2246,2024-03-23,Jersey,4,Anuradhapura,3,0,Healthy,Medium,306.78,4.4,8.43,189.39,303.85
F11,C2247,2024-06-07,Local,6,Nuwara Eliya,9,1,At_Risk,Low,59.64,4.27,8.71,189.47,56.92
F133,C2248,2024-05-05,Crossbreed,7,Polonnaruwa,10,3,Sick,Medium,50.1,3.61,8.94,171.56,45.81
F301,C2249,2024-11-12,Crossbreed,4,Kurunegala,2,0,Healthy,Medium,236.67,4.49,9.07,175.3,205.43
F36,C2250,2024-02-28,Jersey,10,Anuradhapura,1,0,Healthy,Medium,339.71,3.93,8.54,187.21,317.6
F150,C2251,2024-06-01,Crossbreed,9,Matale,5,1,At_Risk,Medium,211.41,3.62,8.69,184.22,181.67
F475,C2252,2024-02-24,Crossbreed,5,Kurunegala,6,1,At_Risk,High,125.71,3.95,8.86,179.14,131.02
F440,C2253,2024-03-03,Crossbreed,9,Badulla,3,0,Healthy,High,203.88,3.54,8.34,171.8,209.98
F322,C2254,2024-12-04,Local,7,Kandy,8,1,At_Risk,Low,53.83,3.93,8.52,175.83,46.97
F386,C2255,2024-10-23,Jersey,10,Anuradhapura,6,0,Healthy,Medium,240.4,3.64,8.99,168.65,210.36
F65,C2256,2024-11-05,Holstein,3,Kurunegala,9,1,At_Risk,High,223.28,4.29,8.7,174.12,221.47
F199,C2257,2024-05-11,Local,3,Matale,1,0,Healthy,Low,68.08,4.66,8.5,189.63,68.6
F21,C2258,2024-01-16,Holstein,5,Kandy,1,1,At_Risk,Medium,439.01,4.68,9.17,192.33,423.49
F60,C2259,2024-07-07,Holstein,9,Matale,2,0,Healthy,Low,528.74,3.94,8.91,180.83,508.79
F285,C2260,2024-11-10,Holstein,7,Polonnaruwa,2,1,At_Risk,Medium,420.61,4.14,8.37,179.69,381.58
F144,C2261,2024-12-08,Local,6,Badulla,1,0,Healthy,High,96.99,3.61,8.72,170.28,89.61
F35,C2262,2024-06-23,Crossbreed,5,Kurunegala,7,3,Sick,Low,104.51,3.59,8.81,166.75,91.29
F233,C2263,2024-06-14,Crossbreed,10,Anuradhapura,3,2,Sick,Low,99.39,4.52,8.84,185.11,97.96
F11,C2264,2024-08-03,Crossbreed,10,Matale,10,2,Sick,Medium,99.19,4.1,9.13,187.61,103.72
F303,C2265,2024-01-26,Holstein,5,Anuradhapura,4,0,Healthy,Medium,465.52,3.6,8.56,179.92,485.36
F60,C2266,2024-01-29,Local,6,Monaragala,6,1,At_Risk,Low,51.4,4.4,8.27,179.69,52.24
F87,C2267,2024-12-24,Holstein,6,Polonnaruwa,9,0,Healthy,Low,237.75,3.6,8.45,169.56,217.39
F458,C2268,2024-09-03,Holstein,9,Nuwara Eliya,4,0,Healthy,Medium,473.22,4.39,8.85,185.92,423.87
F189,C2269,2024-10-26,Jersey,4,Kandy,1,2,Sick,Low,153.09,3.57,8.43,178.36,135.95
F429,C2270,2024-08-24,Local,6,Kandy,6,1,At_Risk,High,74.24,4.69,9.09,182.53,68.55
F31,C2271,2024-07-24,Jersey,3,Anuradhapura,2,0,Healthy,Low,253.13,4.29,8.96,181.49,218.05
F389,C2272,2024-05-14,Jersey,4,Anuradhapura,7,0,Healthy,Low,241.13,4.68,8.74,185.53,247.8
F401,C2273,2024-02-16,Jersey,4,Matale,2,0,Healthy,Low,255.09,4.42,8.24,175.23,250.77
F59,C2274,2024-05-26,Holstein,8,Nuwara Eliya,8,2,Sick,Medium,267.08,3.64,9.0,185.46,247.92
F83,C2275,2024-01-23,Jersey,4,Kurunegala,6,1,At_Risk,Medium,238.79,4.47,8.44,192.27,231.79
F114,C2276,2024-01-23,Crossbreed,5,Kurunegala,5,0,Healthy,Medium,205.48,4.04,8.98,176.05,198.6
F108,C2277,2024-01-24,Jersey,6,Monaragala,4,0,Healthy,High,379.35,4.31,9.02,186.13,339.75
F191,C2278,2024-10-12,Crossbreed,7,Badulla,6,0,Healthy,Medium,236.93,4.46,8.53,191.14,214.74
F22,C2279,2024-11-22,Holstein,5,Anuradhapura,10,2,Sick,Low,236.24,3.88,8.49,184.66,237.61
F92,C2280,2024-02-23,Jersey,8,Kandy,5,0,Healthy,High,285.03,4.55,8.59,192.17,289.25
F31,C2281,2024-07-08,Local,10,Matale,4,0,Healthy,Low,96.93,3.59,9.15,177.37,98.66
F377,C2282,2024-06-27,Local,7,Monaragala,10,0,Healthy,Medium,75.16,3.58,8.31,177.74,70.87
F271,C2283,2024-11-04,Crossbreed,5,Nuwara Eliya,7,2,Sick,High,130.39,3.72,8.64,170.04,113.67
F129,C2284,2024-05-04,Local,9,Matale,5,1,At_Risk,Medium,75.11,3.86,8.6,184.73,74.94
F450,C2285,2024-12-05,Jersey,10,Polonnaruwa,9,0,Healthy,Medium,246.5,4.59,8.88,188.02,220.57
F31,C2286,2024-12-15,Holstein,6,Kandy,9,3,Sick,High,134.33,3.89,8.47,169.37,131.77
F498,C2287,2024-05-25,Local,4,Polonnaruwa,8,1,At_Risk,Medium,59.34,3.78,8.74,184.46,53.43
F331,C2288,2024-09-18,Holstein,4,Nuwara Eliya,7,0,Healthy,Low,298.27,4.52,8.9,177.77,289.8
F49,C2289,2024-06-13,Local,7,Badulla,4,0,Healthy,High,71.46,4.18,8.56,177.61,67.01
F347,C2290,2024-10-26,Crossbreed,4,Badulla,7,2,Sick,High,108.58,4.54,8.55,190.56,104.26
F178,C2291,2024-12-10,Local,3,Matale,9,3,Sick,High,33.75,3.69,8.92,168.4,29.89
F456,C2292,2024-08-21,Holstein,4,Anuradhapura,2,0,Healthy,Low,378.66,3.96,8.47,181.64,388.06
F267,C2293,2024-04-25,Holstein,5,Monaragala,7,0,Healthy,Low,351.12,4.78,8.5,184.27,358.1
F186,C2294,2024-04-26,Holstein,7,Matale,10,0,Healthy,High,248.03,3.95,8.87,174.94,227.62
F283,C2295,2024-12-21,Local,8,Kurunegala,7,1,At_Risk,Medium,46.03,4.11,8.47,190.06,40.05
F3,C2296,2024-09-12,Crossbreed,10,Anuradhapura,10,0,Healthy,High,112.62,4.34,9.05,179.65,112.17
F16,C2297,2024-02-21,Holstein,9,Nuwara Eliya,4,0,Healthy,High,407.3,4.65,9.02,178.23,408.86
F489,C2298,2024-05-23,Jersey,2,Nuwara Eliya,5,3,Sick,Medium,165.39,3.76,8.76,169.86,162.4
F40,C2299,2024-10-28,Holstein,7,Kurunegala,7,1,At_Risk,High,297.09,4.44,8.56,190.21,274.03
F104,C2300,2024-05-13,Holstein,8,Monaragala,7,0,Healthy,Low,383.78,4.55,8.8,186.46,357.96
F358,C2301,2024-05-10,Holstein,7,Monaragala,1,0,Healthy,Low,316.67,4.69,8.61,186.27,307.76
F296,C2302,2024-11-23,Jersey,5,Anuradhapura,10,0,Healthy,High,243.81,3.72,8.25,171.03,221.0
F17,C2303,2024-10-06,Holstein,5,Anuradhapura,2,0,Healthy,High,373.87,3.81,9.08,183.58,380.05
F270,C2304,2024-08-21,Local,3,Nuwara Eliya,3,1,At_Risk,High,82.88,4.31,8.35,183.97,77.78
F357,C2305,2024-02-18,Jersey,9,Kandy,9,0,Healthy,Medium,197.55,3.58,9.18,168.17,203.13
F77,C2306,2024-04-19,Holstein,2,Polonnaruwa,5,0,Healthy,Low,560.96,4.71,8.44,194.02,541.97
F32,C2307,2024-09-28,Holstein,8,Badulla,3,0,Healthy,Medium,435.97,4.6,8.29,193.16,443.57
F221,C2308,2024-12-02,Local,7,Polonnaruwa,5,0,Healthy,Low,64.11,4.27,8.92,191.92,62.22
F114,C2309,2024-01-26,Crossbreed,10,Polonnaruwa,4,0,Healthy,Medium,158.39,4.13,8.63,185.55,162.51
F130,C2310,2024-11-11,Jersey,6,Monaragala,9,0,Healthy,Medium,208.43,3.9,9.07,183.99,206.03
F123,C2311,2024-01-31,Jersey,4,Anuradhapura,3,0,Healthy,Low,365.52,3.67,8.97,183.08,382.1
F254,C2312,2024-06-10,Crossbreed,9,Nuwara Eliya,9,3,Sick,High,62.74,3.82,8.78,176.6,54.66
F209,C2313,2024-11-06,Local,9,Kandy,1,0,Healthy,Medium,94.47,4.33,8.26,192.59,91.25
F12,C2314,2024-01-02,Local,4,Nuwara Eliya,10,0,Healthy,High,67.38,4.39,8.61,187.13,60.62
F367,C2315,2024-11-09,Crossbreed,8,Kurunegala,5,0,Healthy,High,244.12,3.96,9.19,183.89,214.78
F340,C2316,2024-01-04,Crossbreed,4,Anuradhapura,8,1,At_Risk,Low,162.38,4.38,8.54,181.04,161.15
F41,C2317,2024-12-16,Holstein,4,Kandy,1,1,At_Risk,High,447.98,4.29,8.98,186.36,445.15
F173,C2318,2024-08-12,Holstein,3,Badulla,3,0,Healthy,Medium,477.93,4.49,8.36,190.17,452.44
F311,C2319,2024-08-06,Local,8,Kurunegala,9,0,Healthy,High,69.07,3.72,9.0,176.58,71.38
F463,C2320,2024-08-03,Jersey,5,Monaragala,6,2,Sick,Medium,151.52,4.32,9.12,186.69,129.29
F66,C2321,2024-04-05,Local,7,Monaragala,3,2,Sick,High,64.18,3.97,8.7,187.8,59.66
F59,C2322,2024-01-10,Local,10,Kandy,1,0,Healthy,Medium,106.83,4.07,8.67,180.67,103.71
F453,C2323,2024-11-26,Holstein,2,Kurunegala,4,3,Sick,High,264.28,4.73,9.14,193.6,251.24
F218,C2324,2024-10-11,Local,10,Nuwara Eliya,2,0,Healthy,Medium,70.36,4.22,9.08,188.82,61.14
F254,C2325,2024-04-21,Local,4,Monaragala,8,2,Sick,High,35.25,3.89,8.21,182.81,34.51
F9,C2326,2024-10-01,Crossbreed,5,Kurunegala,9,2,Sick,High,88.63,3.53,8.37,180.13,92.57
F320,C2327,2024-09-01,Crossbreed,7,Matale,9,0,Healthy,Low,179.18,4.6,9.08,185.2,165.81
F42,C2328,2024-03-11,Holstein,5,Kandy,1,0,Healthy,Medium,505.79,3.7,8.57,169.5,454.52
F164,C2329,2024-12-30,Crossbreed,3,Nuwara Eliya,8,0,Healthy,Low,201.24,4.74,8.86,189.04,196.49
F361,C2330,2024-01-04,Crossbreed,5,Kurunegala,2,0,Healthy,High,220.8,4.46,9.19,187.14,212.69
F174,C2331,2024-09-09,Holstein,4,Monaragala,9,0,Healthy,Medium,284.46,4.53,8.28,187.31,266.57
F122,C2332,2024-09-20,Jersey,4,Monaragala,7,0,Healthy,Low,266.97,4.25,8.5,183.34,243.44
F295,C2333,2024-05-12,Holstein,8,Matale,3,2,Sick,Medium,303.48,4.59,8.54,195.05,260.28
F452,C2334,2024-07-05,Jersey,7,Nuwara Eliya,6,0,Healthy,Low,338.05,4.15,9.15,181.6,317.71
F165,C2335,2024-09-02,Holstein,5,Badulla,4,0,Healthy,High,480.64,3.88,8.52,169.1,476.87
F369,C2336,2024-03-17,Jersey,4,Polonnaruwa,8,1,At_Risk,High,287.12,3.91,8.39,177.17,295.46
F239,C2337,2024-01-09,Local,10,Kurunegala,3,3,Sick,Medium,31.9,3.96,8.53,176.72,29.52
F224,C2338,2024-01-12,Holstein,5,Badulla,10,0,Healthy,Low,289.37,3.66,9.19,183.12,253.88
F105,C2339,2024-03-12,Holstein,5,Badulla,7,3,Sick,Low,151.31,4.19,8.21,174.34,156.02
F194,C2340,2024-11-06,Holstein,3,Kandy,7,2,Sick,High,288.53,3.67,8.7,182.32,295.53
F210,C2341,2024-08-14,Holstein,8,Kandy,5,2,Sick,Medium,327.57,3.91,8.92,184.75,302.53
F141,C2342,2024-08-27,Jersey,6,Badulla,8,0,Healthy,High,326.03,3.5,8.48,175.77,308.74
F438,C2343,2024-11-17,Jersey,2,Kandy,2,2,Sick,High,185.82,4.23,8.2,179.61,183.57
F129,C2344,2024-08-06,Holstein,5,Anuradhapura,10,0,Healthy,High,303.52,3.77,9.13,168.78,307.57
F362,C2345,2024-12-04,Local,5,Kandy,10,3,Sick,Medium,31.4,3.87,9.05,171.03,30.51
F34,C2346,2024-11-24,Crossbreed,6,Anuradhapura,3,0,Healthy,Medium,239.34,4.61,8.52,182.6,234.7
F258,C2347,2024-05-23,Crossbreed,10,Kandy,5,1,At_Risk,Medium,196.58,4.68,9.11,179.51,197.05
F440,C2348,2024-11-22,Crossbreed,5,Anuradhapura,4,1,At_Risk,Medium,132.01,4.76,9.12,185.22,124.52
F196,C2349,2024-05-04,Crossbreed,3,Kurunegala,1,0,Healthy,Medium,223.98,4.74,8.85,190.95,229.83
F213,C2350,2024-12-19,Holstein,4,Polonnaruwa,1,2,Sick,High,279.48,4.36,8.76,174.99,288.61
F54,C2351,2024-09-10,Crossbreed,5,Kurunegala,5,0,Healthy,High,272.18,3.83,8.51,180.87,235.09
F94,C2352,2024-08-11,Holstein,6,Kurunegala,7,0,Healthy,Low,486.76,3.99,8.39,170.2,430.48
F16,C2353,2024-04-19,Holstein,2,Kandy,7,0,Healthy,High,307.04,4.4,9.02,191.75,319.11
F67,C2354,2024-02-15,Local,8,Matale,9,2,Sick,High,49.07,4.52,8.85,183.87,46.2
F318,C2355,2024-10-02,Jersey,8,Polonnaruwa,5,0,Healthy,Medium,255.08,4.48,8.73,181.44,228.21
F327,C2356,2024-02-02,Crossbreed,5,Nuwara Eliya,6,1,At_Risk,Medium,130.62,3.92,9.12,186.95,112.03
F208,C2357,2024-03-20,Local,9,Nuwara Eliya,6,3,Sick,High,43.93,4.36,8.71,190.12,40.5
F259,C2358,2024-09-18,Jersey,4,Kandy,1,0,Healthy,High,311.53,4.56,8.95,191.94,310.62
F297,C2359,2024-04-25,Jersey,3,Kandy,8,3,Sick,Low,106.13,3.78,8.49,187.31,107.09
F103,C2360,2024-10-18,Crossbreed,9,Nuwara Eliya,1,0,Healthy,Low,211.93,3.69,8.6,168.95,183.88
F76,C2361,2024-11-14,Jersey,2,Badulla,4,3,Sick,Low,135.23,4.43,8.68,186.84,141.11
F179,C2362,2024-10-24,Holstein,4,Monaragala,9,0,Healthy,Medium,375.32,3.88,8.57,170.84,372.4
F318,C2363,2024-02-23,Holstein,6,Matale,5,0,Healthy,Low,428.74,3.91,8.21,169.29,426.82
F496,C2364,2024-03-27,Crossbreed,6,Anuradhapura,2,0,Healthy,High,216.64,3.54,8.96,166.07,200.85
F491,C2365,2024-11-15,Jersey,5,Badulla,5,0,Healthy,Low,356.46,4.56,8.41,193.63,367.28
F272,C2366,2024-01-14,Jersey,9,Anuradhapura,5,0,Healthy,Low,340.79,4.68,8.46,192.07,300.55
F112,C2367,2024-04-11,Local,4,Kurunegala,6,1,At_Risk,Low,73.05,3.66,9.14,173.42,69.75
F464,C2368,2024-05-12,Crossbreed,8,Anuradhapura,3,2,Sick,Medium,166.64,4.01,8.79,175.26,151.94
F5,C2369,2024-03-11,Crossbreed,5,Badulla,10,0,Healthy,High,98.75,3.85,8.39,178.67,99.01
F165,C2370,2024-11-07,Jersey,10,Matale,8,1,At_Risk,Medium,287.51,4.8,9.07,193.2,287.7
F450,C2371,2024-02-29,Crossbreed,10,Kurunegala,7,0,Healthy,Low,186.94,3.78,8.76,177.13,180.31
F340,C2372,2024-12-27,Holstein,5,Nuwara Eliya,6,2,Sick,High,237.55,4.07,8.67,176.27,230.35
F440,C2373,2024-02-09,Crossbreed,5,Badulla,6,3,Sick,Medium,71.17,4.42,8.83,174.44,62.48
F347,C2374,2024-04-15,Holstein,7,Badulla,4,0,Healthy,Low,411.35,4.35,8.26,182.23,414.75
F207,C2375,2024-09-01,Jersey,10,Nuwara Eliya,8,0,Healthy,Low,319.17,3.71,8.22,185.26,275.74
F492,C2376,2024-11-18,Local,3,Polonnaruwa,2,0,Healthy,Low,55.69,3.65,8.98,181.61,49.67
F156,C2377,2024-06-05,Holstein,5,Polonnaruwa,2,0,Healthy,Medium,429.92,4.67,8.66,189.23,404.24
F245,C2378,2024-12-05,Crossbreed,6,Badulla,9,3,Sick,Low,44.47,4.34,8.27,173.53,44.93
F266,C2379,2024-10-09,Crossbreed,8,Nuwara Eliya,6,0,Healthy,Medium,153.39,4.17,9.0,188.35,140.77
F182,C2380,2024-11-22,Holstein,5,Matale,6,0,Healthy,Medium,379.74,4.75,8.47,184.22,336.15
F401,C2381,2024-04-06,Local,5,Nuwara Eliya,2,0,Healthy,High,55.11,4.52,8.28,178.02,53.49
F432,C2382,2024-11-22,Holstein,10,Kurunegala,3,1,At_Risk,Medium,308.33,4.15,8.53,184.11,264.23
F476,C2383,2024-11-06,Local,5,Nuwara Eliya,1,1,At_Risk,Medium,46.67,3.73,8.43,175.76,41.69
F146,C2384,2024-05-24,Crossbreed,10,Matale,5,1,At_Risk,Low,163.38,4.09,8.42,188.22,169.73
F232,C2385,2024-03-01,Local,3,Matale,2,0,Healthy,Medium,63.23,4.79,8.93,178.89,64.94
F11,C2386,2024-01-12,Local,10,Kurunegala,4,1,At_Risk,Medium,77.46,4.59,8.45,194.05,66.02
F71,C2387,2024-09-26,Local,9,Nuwara Eliya,2,0,Healthy,High,73.46,4.12,8.76,187.37,75.25
F397,C2388,2024-12-30,Jersey,8,Matale,4,0,Healthy,Medium,349.6,3.81,8.32,176.29,309.08
F216,C2389,2024-08-27,Jersey,8,Monaragala,3,0,Healthy,Medium,363.93,4.64,8.3,186.89,336.61
F74,C2390,2024-11-27,Local,10,Kandy,2,0,Healthy,High,105.84,4.09,8.77,179.96,90.57
F115,C2391,2024-05-31,Crossbreed,2,Matale,8,0,Healthy,Low,141.84,3.64,8.85,175.15,141.57
F117,C2392,2024-04-19,Jersey,3,Kurunegala,7,0,Healthy,Medium,300.45,3.51,8.51,173.08,278.84
F412,C2393,2024-09-28,Crossbreed,10,Monaragala,8,0,Healthy,Low,182.63,4.73,9.14,180.92,161.2
F441,C2394,2024-02-03,Jersey,7,Nuwara Eliya,4,1,At_Risk,Medium,288.33,4.17,8.36,191.52,288.41
F313,C2395,2024-05-18,Jersey,5,Badulla,6,0,Healthy,Medium,331.48,4.13,8.83,184.14,287.58
F469,C2396,2024-08-07,Holstein,5,Kandy,3,0,Healthy,High,474.62,3.74,8.83,179.21,405.91
F165,C2397,2024-11-29,Holstein,7,Badulla,5,1,At_Risk,High,341.6,3.77,8.48,181.93,348.14
F271,C2398,2024-07-13,Jersey,6,Nuwara Eliya,5,3,Sick,High,162.7,4.01,8.3,175.24,148.39
F210,C2399,2024-04-21,Holstein,4,Monaragala,9,0,Healthy,Medium,281.17,4.04,8.63,178.63,284.79
F110,C2400,2024-06-12,Local,2,Anuradhapura,8,2,Sick,Low,36.5,4.54,8.32,177.89,31.35
F374,C2401,2024-02-10,Holstein,3,Kurunegala,7,2,Sick,High,290.95,4.53,8.97,179.41,303.19
F352,C2402,2024-08-20,Local,6,Kurunegala,3,1,At_Risk,Medium,74.54,4.36,9.02,181.48,73.93
F174,C2403,2024-11-12,Jersey,9,Monaragala,7,0,Healthy,Low,242.17,4.36,8.7,186.78,206.92
F414,C2404,2024-11-15,Jersey,9,Kurunegala,6,2,Sick,High,165.66,3.95,8.65,187.55,142.85
F471,C2405,2024-06-08,Holstein,8,Badulla,10,2,Sick,Medium,182.02,3.82,8.95,180.24,160.15
F298,C2406,2024-10-23,Holstein,8,Anuradhapura,5,2,Sick,High,318.12,3.93,8.54,175.11,313.04
F430,C2407,2024-02-26,Holstein,7,Anuradhapura,4,0,Healthy,High,371.97,3.68,8.47,175.14,337.27
F198,C2408,2024-03-19,Crossbreed,6,Monaragala,3,0,Healthy,Medium,234.12,3.84,8.36,185.79,235.24
F201,C2409,2024-01-22,Holstein,7,Kandy,4,2,Sick,Low,344.15,3.87,8.77,168.96,298.44
F489,C2410,2024-03-27,Crossbreed,6,Badulla,5,3,Sick,High,98.1,4.69,8.22,189.65,97.57
F480,C2411,2024-12-30,Jersey,2,Badulla,8,3,Sick,High,135.14,4.74,8.76,196.62,124.24
F31,C2412,2024-02-05,Local,9,Matale,3,1,At_Risk,High,91.94,4.49,8.93,182.41,82.02
F276,C2413,2024-04-20,Local,8,Nuwara Eliya,6,0,Healthy,Medium,72.65,3.59,8.41,168.9,64.54
F371,C2414,2024-10-13,Crossbreed,8,Anuradhapura,9,0,Healthy,Medium,175.26,4.64,8.68,183.59,158.35
F158,C2415,2024-03-05,Local,5,Anuradhapura,7,0,Healthy,Medium,60.69,4.12,8.27,185.23,57.62
F219,C2416,2024-09-02,Holstein,9,Badulla,2,0,Healthy,Medium,510.71,3.99,9.08,184.48,519.04
F317,C2417,2024-07-01,Local,6,Badulla,4,0,Healthy,Medium,73.22,4.16,8.27,190.07,75.21
F196,C2418,2024-03-01,Crossbreed,6,Badulla,1,0,Healthy,High,155.51,4.6,8.41,190.92,155.45
F474,C2419,2024-03-28,Holstein,4,Kandy,8,3,Sick,Medium,168.28,3.98,9.18,187.03,152.23
F250,C2420,2024-05-28,Holstein,2,Kurunegala,1,0,Healthy,Medium,440.85,4.36,9.14,190.55,425.21
F30,C2421,2024-10-08,Local,7,Badulla,2,2,Sick,Low,46.42,4.45,8.43,183.06,41.12
F388,C2422,2024-05-02,Jersey,9,Polonnaruwa,9,0,Healthy,High,243.1,3.5,9.03,170.25,224.4
F251,C2423,2024-12-08,Crossbreed,4,Anuradhapura,10,0,Healthy,High,128.96,4.28,8.68,176.77,112.79
F444,C2424,2024-09-07,Holstein,6,Anuradhapura,5,0,Healthy,Medium,594.25,3.76,8.31,179.14,576.72
F152,C2425,2024-06-04,Jersey,4,Kurunegala,6,1,At_Risk,Medium,267.15,4.64,8.71,186.21,266.04
F224,C2426,2024-06-04,Local,3,Kurunegala,1,0,Healthy,Medium,85.6,4.78,8.79,182.28,86.79
F241,C2427,2024-01-25,Local,9,Badulla,4,2,Sick,High,66.62,4.56,8.74,189.1,61.37
F411,C2428,2024-04-20,Local,7,Matale,5,0,Healthy,Medium,86.42,3.87,8.32,175.14,77.26
F279,C2429,2024-05-14,Crossbreed,5,Monaragala,10,3,Sick,High,53.88,4.38,8.38,175.67,52.53
F351,C2430,2024-10-21,Jersey,8,Matale,5,0,Healthy,Medium,356.31,3.63,8.65,185.13,333.81
F235,C2431,2024-11-02,Crossbreed,9,Monaragala,8,3,Sick,Medium,60.93,4.78,9.15,194.84,59.47
F178,C2432,2024-09-16,Holstein,9,Polonnaruwa,5,0,Healthy,High,553.84,4.3,8.3,190.91,569.95
F357,C2433,2024-06-02,Holstein,10,Kurunegala,8,0,Healthy,Low,411.03,4.41,8.9,181.25,395.6
F314,C2434,2024-02-06,Local,3,Monaragala,6,2,Sick,High,43.52,4.02,8.9,188.51,44.49
F246,C2435,2024-02-27,Holstein,8,Nuwara Eliya,3,2,Sick,Low,375.74,3.58,8.72,168.85,369.38
F74,C2436,2024-12-09,Jersey,2,Polonnaruwa,5,0,Healthy,High,374.3,4.63,8.72,194.55,372.9
F420,C2437,2024-05-21,Local,6,Matale,6,0,Healthy,High,64.81,3.59,8.21,169.07,58.2
F292,C2438,2024-12-22,Local,2,Matale,6,0,Healthy,High,62.17,4.78,9.05,178.32,61.81
F400,C2439,2024-04-13,Local,7,Anuradhapura,2,1,At_Risk,Low,75.59,3.78,8.96,169.54,64.4
F481,C2440,2024-02-18,Local,8,Polonnaruwa,1,0,Healthy,Medium,72.45,3.71,8.97,168.28,75.24
F447,C2441,2024-06-09,Crossbreed,2,Matale,9,0,Healthy,Medium,148.59,4.37,8.75,180.73,128.72
F457,C2442,2024-06-02,Crossbreed,8,Nuwara Eliya,4,0,Healthy,Medium,241.69,4.57,8.86,175.96,221.98
F172,C2443,2024-09-28,Jersey,10,Matale,7,3,Sick,Low,133.01,3.89,9.13,183.71,123.14
F395,C2444,2024-02-11,Holstein,5,Anuradhapura,7,0,Healthy,High,457.98,3.52,8.34,172.5,422.55
F428,C2445,2024-02-16,Jersey,5,Matale,9,2,Sick,Low,162.74,3.9,8.67,186.3,139.4
F349,C2446,2024-10-23,Holstein,6,Badulla,9,0,Healthy,Medium,385.85,4.65,8.38,190.97,328.66
F136,C2447,2024-01-04,Local,9,Anuradhapura,7,0,Healthy,High,85.69,4.29,9.18,178.68,84.96
F196,C2448,2024-05-06,Crossbreed,7,Polonnaruwa,6,2,Sick,High,153.94,4.11,9.17,182.05,141.05
F271,C2449,2024-09-18,Jersey,9,Badulla,6,1,At_Risk,Low,223.81,3.53,8.64,183.34,208.54
F297,C2450,2024-04-24,Jersey,5,Monaragala,9,1,At_Risk,Low,199.55,3.88,8.68,188.64,183.63
F55,C2451,2024-12-28,Holstein,3,Polonnaruwa,6,0,Healthy,High,339.84,4.7,8.44,183.22,315.51
F159,C2452,2024-11-19,Holstein,2,Kurunegala,9,0,Healthy,Low,324.37,4.77,9.2,193.19,307.79
F105,C2453,2024-09-08,Local,2,Nuwara Eliya,6,3,Sick,Medium,39.19,4.08,8.21,181.21,34.74
F281,C2454,2024-09-13,Holstein,10,Badulla,6,0,Healthy,High,492.62,4.8,9.15,192.59,470.8
F304,C2455,2024-10-01,Crossbreed,4,Monaragala,7,0,Healthy,Low,216.68,3.65,8.97,174.24,191.41
F157,C2456,2024-07-06,Jersey,7,Monaragala,5,1,At_Risk,High,287.43,4.31,8.46,177.89,288.08
F204,C2457,2024-05-27,Crossbreed,10,Polonnaruwa,1,0,Healthy,High,135.32,3.91,8.35,173.5,125.07
F420,C2458,2024-05-09,Local,6,Monaragala,10,1,At_Risk,High,52.01,3.63,8.8,186.27,44.23
F404,C2459,2024-03-13,Crossbreed,8,Monaragala,10,0,Healthy,High,117.29,4.79,8.46,186.23,120.24
F84,C2460,2024-12-04,Holstein,3,Nuwara Eliya,6,0,Healthy,Low,418.41,4.3,8.27,186.28,396.53
F365,C2461,2024-06-15,Jersey,6,Badulla,6,2,Sick,High,176.66,3.88,8.97,185.89,159.35
F174,C2462,2024-10-26,Holstein,5,Kurunegala,5,0,Healthy,Medium,357.3,4.3,8.5,187.85,313.66
F359,C2463,2024-05-13,Holstein,3,Anuradhapura,4,0,Healthy,Low,355.48,3.79,8.8,185.98,367.42
F454,C2464,2024-07-22,Holstein,6,Kandy,2,0,Healthy,Low,420.86,3.74,8.8,181.26,365.95
F495,C2465,2024-02-01,Crossbreed,5,Anuradhapura,5,3,Sick,High,92.35,4.79,8.94,193.43,87.68
F117,C2466,2024-06-24,Holstein,9,Kandy,1,0,Healthy,High,530.02,4.05,8.39,180.77,505.21
F105,C2467,2024-12-14,Holstein,10,Anuradhapura,7,0,Healthy,Low,459.55,3.68,9.08,185.91,440.92
F249,C2468,2024-05-23,Jersey,8,Badulla,5,2,Sick,Medium,205.96,4.4,8.85,180.4,189.17
F267,C2469,2024-05-08,Local,2,Matale,1,1,At_Risk,Medium,57.54,4.56,8.25,189.58,57.32
F279,C2470,2024-02-01,Crossbreed,10,Polonnaruwa,1,2,Sick,Low,121.36,3.7,9.01,176.21,120.61
F467,C2471,2024-03-01,Jersey,3,Kandy,3,3,Sick,High,145.11,3.87,8.92,186.42,143.31
F434,C2472,2024-06-05,Crossbreed,10,Polonnaruwa,6,0,Healthy,Medium,182.22,4.3,8.59,179.92,168.37
F483,C2473,2024-11-21,Crossbreed,5,Polonnaruwa,1,0,Healthy,Low,178.57,4.7,8.58,178.21,175.67
F306,C2474,2024-06-12,Local,2,Nuwara Eliya,6,1,At_Risk,High,70.69,3.72,8.36,178.14,73.68
F210,C2475,2024-04-30,Crossbreed,8,Nuwara Eliya,2,2,Sick,Low,96.61,4.66,8.83,189.18,82.88
F323,C2476,2024-09-24,Crossbreed,4,Kurunegala,7,3,Sick,Low,89.32,4.65,8.4,181.42,91.0
F93,C2477,2024-08-03,Jersey,8,Nuwara Eliya,7,1,At_Risk,Low,208.5,4.17,8.95,181.54,201.49
F426,C2478,2024-04-26,Holstein,4,Badulla,3,0,Healthy,Medium,437.01,3.81,8.66,181.83,439.53
F371,C2479,2024-11-11,Holstein,4,Polonnaruwa,6,2,Sick,Low,194.28,4.12,8.99,183.8,190.18
F111,C2480,2024-06-01,Local,5,Matale,4,0,Healthy,High,90.21,3.93,8.23,177.96,89.13
F495,C2481,2024-10-29,Holstein,2,Anuradhapura,2,3,Sick,Medium,169.27,4.47,8.62,184.42,153.91
F261,C2482,2024-02-28,Jersey,4,Polonnaruwa,9,0,Healthy,High,240.22,4.76,8.26,189.43,251.55
F125,C2483,2024-01-19,Local,7,Kandy,1,3,Sick,High,30.9,4.63,8.59,177.72,30.68
F442,C2484,2024-10-10,Crossbreed,6,Badulla,2,1,At_Risk,Low,129.05,3.71,8.36,184.92,129.34
F470,C2485,2024-03-19,Holstein,7,Polonnaruwa,7,0,Healthy,Low,357.87,4.7,8.63,188.74,320.17
F147,C2486,2024-11-24,Jersey,3,Matale,5,3,Sick,High,143.32,4.44,8.28,187.27,130.42
F51,C2487,2024-12-27,Local,3,Kandy,7,0,Healthy,Medium,95.41,3.92,8.61,178.13,87.55
F459,C2488,2024-12-16,Local,8,Kurunegala,4,1,At_Risk,High,77.89,3.92,8.44,181.68,73.87
F10,C2489,2024-07-03,Crossbreed,8,Anuradhapura,5,3,Sick,Low,82.16,4.72,8.46,185.47,82.76
F158,C2490,2024-07-03,Jersey,5,Matale,3,0,Healthy,High,333.82,4.0,8.66,173.08,341.01
F172,C2491,2024-07-26,Jersey,9,Monaragala,3,1,At_Risk,Medium,276.03,4.43,8.81,193.97,259.41
F110,C2492,2024-07-16,Jersey,3,Monaragala,3,2,Sick,High,193.45,4.75,9.01,194.24,201.35
F373,C2493,2024-05-30,Crossbreed,8,Matale,5,2,Sick,High,104.39,3.8,9.16,178.01,91.48
F362,C2494,2024-04-20,Jersey,4,Kandy,9,0,Healthy,Low,192.22,4.63,8.61,178.78,182.95
F292,C2495,2024-12-09,Jersey,8,Kandy,2,3,Sick,Low,122.46,3.88,8.8,184.31,119.97
F135,C2496,2024-10-17,Jersey,10,Kurunegala,5,0,Healthy,Low,399.61,4.01,8.92,181.55,416.7
F42,C2497,2024-08-11,Crossbreed,8,Nuwara Eliya,2,0,Healthy,High,148.66,3.98,8.51,175.39,143.25
F194,C2498,2024-05-07,Jersey,9,Anuradhapura,3,2,Sick,High,162.89,3.76,8.7,181.71,140.01
F21,C2499,2024-08-20,Jersey,2,Kurunegala,1,0,Healthy,Low,350.65,4.12,8.54,186.04,324.05
F169,C2500,2024-09-05,Crossbreed,3,Matale,10,0,Healthy,Medium,112.53,3.6,8.59,173.79,100.5
F26,C2501,2024-02-27,Holstein,2,Matale,7,0,Healthy,Low,482.11,4.29,8.22,183.28,415.23
F52,C2502,2024-08-30,Local,8,Kandy,3,3,Sick,High,39.84,4.47,8.5,190.29,37.29
F116,C2503,2024-01-17,Holstein,10,Monaragala,4,3,Sick,Low,163.51,3.76,8.91,179.15,148.44
F47,C2504,2024-07-18,Crossbreed,7,Monaragala,9,2,Sick,Medium,110.79,3.97,8.73,172.05,102.17
F464,C2505,2024-12-30,Crossbreed,6,Kandy,7,0,Healthy,Low,197.75,4.66,9.11,192.46,200.42
F223,C2506,2024-10-28,Local,3,Nuwara Eliya,7,3,Sick,Low,39.22,4.52,8.29,186.86,40.1
F343,C2507,2024-07-22,Local,4,Monaragala,1,0,Healthy,High,71.19,4.8,8.78,179.84,61.22
F154,C2508,2024-07-27,Holstein,2,Matale,7,2,Sick,Medium,310.67,4.26,8.36,172.9,298.25
F301,C2509,2024-04-17,Holstein,2,Monaragala,9,0,Healthy,Medium,247.73,4.72,8.75,189.51,256.73
F419,C2510,2024-12-23,Crossbreed,10,Polonnaruwa,9,0,Healthy,High,181.76,4.39,8.61,185.1,186.78
F77,C2511,2024-10-12,Crossbreed,7,Kandy,10,2,Sick,Low,109.52,4.57,8.92,192.8,95.61
F312,C2512,2024-01-18,Jersey,4,Anuradhapura,4,0,Healthy,Medium,269.11,3.65,8.36,181.52,238.34
F443,C2513,2024-11-16,Holstein,4,Kandy,8,0,Healthy,Low,375.95,3.62,8.82,170.97,392.84
F404,C2514,2024-09-01,Holstein,6,Nuwara Eliya,1,2,Sick,Low,238.55,4.76,8.82,177.71,223.52
F134,C2515,2024-02-06,Jersey,3,Kandy,7,0,Healthy,High,337.46,3.75,8.84,179.01,328.36
F161,C2516,2024-01-13,Crossbreed,8,Anuradhapura,4,0,Healthy,Medium,267.01,4.58,8.37,184.07,279.3
F206,C2517,2024-12-07,Holstein,9,Kurunegala,10,2,Sick,Low,164.6,4.69,9.08,184.44,159.39
F329,C2518,2024-03-17,Crossbreed,7,Anuradhapura,9,0,Healthy,High,175.07,3.72,8.36,184.01,152.06
F498,C2519,2024-11-25,Crossbreed,10,Nuwara Eliya,1,0,Healthy,Medium,207.38,3.59,8.58,174.91,200.55
F359,C2520,2024-12-07,Local,2,Badulla,2,2,Sick,High,58.78,4.11,8.81,172.98,60.9
F126,C2521,2024-07-29,Crossbreed,6,Anuradhapura,10,0,Healthy,Low,170.9,4.61,9.02,177.33,175.19
F440,C2522,2024-03-26,Jersey,4,Kurunegala,5,0,Healthy,Medium,316.01,3.73,9.17,171.56,310.36
F364,C2523,2024-10-01,Holstein,2,Badulla,7,3,Sick,Medium,134.92,3.51,8.7,174.86,128.02
F208,C2524,2024-07-18,Jersey,2,Badulla,3,2,Sick,Medium,163.4,4.77,8.82,180.74,168.82
F447,C2525,2024-11-04,Crossbreed,6,Anuradhapura,5,0,Healthy,Low,179.1,4.46,8.88,193.94,170.35
F115,C2526,2024-06-08,Crossbreed,8,Matale,6,1,At_Risk,Medium,150.33,4.37,9.03,179.35,128.49
F375,C2527,2024-01-22,Holstein,10,Nuwara Eliya,2,3,Sick,Medium,199.88,4.4,8.88,190.41,196.23
F306,C2528,2024-05-27,Jersey,10,Polonnaruwa,10,0,Healthy,High,194.14,4.4,8.79,178.04,181.62
F391,C2529,2024-01-09,Holstein,2,Nuwara Eliya,6,0,Healthy,High,344.8,4.46,9.1,179.31,341.09
F87,C2530,2024-01-04,Crossbreed,4,Nuwara Eliya,2,2,Sick,High,105.05,4.66,9.06,183.85,104.04
F372,C2531,2024-05-12,Jersey,8,Polonnaruwa,8,0,Healthy,High,284.22,3.69,8.48,179.84,242.83
F21,C2532,2024-03-30,Local,6,Polonnaruwa,5,3,Sick,Medium,36.15,4.34,8.76,188.63,35.09
F421,C2533,2024-03-11,Holstein,4,Kandy,1,0,Healthy,High,366.43,4.06,8.88,174.34,321.04
F195,C2534,2024-02-07,Holstein,9,Anuradhapura,8,1,At_Risk,High,370.25,4.72,8.91,193.13,363.23
F7,C2535,2024-12-08,Holstein,8,Kandy,2,0,Healthy,Medium,473.88,4.01,8.32,185.37,426.76
F218,C2536,2024-11-25,Crossbreed,4,Monaragala,5,3,Sick,Medium,80.09,4.79,8.94,185.75,73.21
F220,C2537,2024-06-15,Holstein,4,Anuradhapura,1,1,At_Risk,High,336.0,3.88,8.96,173.41,316.27
F404,C2538,2024-12-18,Jersey,3,Kandy,9,0,Healthy,High,201.72,4.47,8.27,187.89,197.85
F427,C2539,2024-01-30,Local,3,Anuradhapura,4,1,At_Risk,High,88.56,3.93,8.9,187.62,90.69
F156,C2540,2024-08-23,Jersey,8,Nuwara Eliya,7,3,Sick,Medium,113.39,4.56,8.85,181.2,105.24
F386,C2541,2024-09-17,Crossbreed,8,Badulla,3,0,Healthy,High,246.6,4.15,9.01,186.4,240.69
F310,C2542,2024-05-28,Jersey,7,Kandy,4,0,Healthy,Medium,392.03,4.45,8.21,176.83,399.77
F343,C2543,2024-01-31,Local,5,Monaragala,6,1,At_Risk,High,55.91,4.53,8.8,189.2,52.33
F34,C2544,2024-07-30,Holstein,3,Kandy,3,3,Sick,Medium,249.5,4.72,8.87,181.89,228.3
F58,C2545,2024-11-01,Holstein,2,Monaragala,7,1,At_Risk,High,312.04,4.03,8.43,189.89,276.57
F44,C2546,2024-03-30,Holstein,9,Matale,3,0,Healthy,Low,576.19,4.56,8.93,187.8,604.63
F344,C2547,2024-02-05,Jersey,6,Anuradhapura,8,0,Healthy,Low,251.57,4.0,8.69,170.33,226.81
F430,C2548,2024-09-04,Crossbreed,3,Nuwara Eliya,3,2,Sick,Medium,97.54,4.16,8.44,189.1,95.91
F456,C2549,2024-03-01,Jersey,4,Anuradhapura,4,0,Healthy,Low,254.22,3.62,9.05,167.33,225.43
F224,C2550,2024-01-11,Jersey,2,Nuwara Eliya,9,0,Healthy,High,246.09,4.56,9.19,194.33,228.83
F261,C2551,2024-08-09,Local,2,Monaragala,7,1,At_Risk,Medium,56.03,4.18,8.71,179.02,50.11
F339,C2552,2024-07-10,Crossbreed,6,Nuwara Eliya,10,3,Sick,High,80.21,4.65,8.46,183.5,83.99
F341,C2553,2024-03-04,Local,6,Polonnaruwa,1,0,Healthy,High,66.07,3.82,8.84,169.72,59.01
F366,C2554,2024-06-15,Crossbreed,3,Kandy,2,2,Sick,Low,100.79,3.95,9.17,185.12,97.04
F356,C2555,2024-07-03,Jersey,9,Monaragala,6,0,Healthy,Low,257.78,3.86,8.87,184.17,227.12
F238,C2556,2024-11-01,Holstein,6,Kandy,5,0,Healthy,High,456.83,4.67,8.65,180.64,431.52
F346,C2557,2024-12-01,Crossbreed,2,Kurunegala,10,2,Sick,Medium,69.72,4.23,8.61,188.2,64.99
F350,C2558,2024-07-28,Jersey,2,Matale,9,1,At_Risk,High,199.1,4.8,8.97,185.65,183.83
F120,C2559,2024-08-28,Crossbreed,10,Anuradhapura,4,2,Sick,Medium,139.95,4.42,8.77,174.97,125.82
F183,C2560,2024-06-08,Holstein,7,Nuwara Eliya,4,0,Healthy,High,365.9,4.66,9.18,179.53,371.49
F123,C2561,2024-10-04,Jersey,6,Matale,6,0,Healthy,Medium,250.28,3.68,8.67,169.92,223.8
F386,C2562,2024-12-29,Jersey,9,Kurunegala,10,0,Healthy,Low,162.6,4.63,8.87,178.28,149.18
F311,C2563,2024-05-07,Holstein,6,Anuradhapura,6,0,Healthy,Low,330.66,3.83,9.09,187.67,293.85
F279,C2564,2024-07-06,Jersey,8,Kandy,7,1,At_Risk,High,262.02,4.78,8.21,190.48,267.38
F123,C2565,2024-03-25,Holstein,9,Monaragala,1,1,At_Risk,Medium,398.23,4.38,8.71,179.35,415.1
F29,C2566,2024-03-14,Holstein,9,Kandy,8,0,Healthy,Medium,302.43,4.15,8.98,177.78,303.09
F232,C2567,2024-12-01,Local,10,Kurunegala,3,0,Healthy,Low,66.15,3.84,8.33,174.29,64.67
F70,C2568,2024-03-11,Jersey,2,Monaragala,6,1,At_Risk,Medium,202.62,3.76,8.9,184.93,179.97
F16,C2569,2024-11-11,Jersey,2,Nuwara Eliya,3,1,At_Risk,Low,269.52,3.62,8.29,181.75,266.03
F181,C2570,2024-05-11,Holstein,8,Badulla,3,0,Healthy,Low,475.8,3.88,8.51,184.73,419.99
F75,C2571,2024-06-26,Holstein,9,Matale,7,1,At_Risk,Medium,414.02,4.08,8.8,171.44,365.12
F311,C2572,2024-09-02,Holstein,9,Kandy,5,0,Healthy,High,463.12,4.2,9.19,173.98,442.8
F447,C2573,2024-04-28,Crossbreed,5,Polonnaruwa,9,1,At_Risk,High,103.48,3.63,8.38,182.77,97.62
F54,C2574,2024-03-19,Crossbreed,4,Anuradhapura,4,0,Healthy,High,276.34,4.63,8.83,192.68,249.23
F304,C2575,2024-09-12,Holstein,7,Nuwara Eliya,8,0,Healthy,Medium,385.34,4.23,8.91,172.9,374.43
F431,C2576,2024-09-14,Crossbreed,2,Nuwara Eliya,5,2,Sick,Medium,152.56,3.8,8.35,180.58,134.84
F190,C2577,2024-07-23,Jersey,5,Polonnaruwa,9,3,Sick,Medium,100.94,3.97,8.87,181.13,98.36
F294,C2578,2024-01-20,Holstein,8,Monaragala,2,0,Healthy,High,385.49,4.13,8.8,189.99,394.58
F162,C2579,2024-11-25,Crossbreed,7,Kandy,1,1,At_Risk,Low,122.6,4.44,8.91,189.91,125.95
F97,C2580,2024-12-24,Crossbreed,9,Kandy,10,3,Sick,Low,44.0,3.66,8.75,185.72,42.39
F158,C2581,2024-03-25,Crossbreed,8,Kurunegala,1,0,Healthy,High,229.68,3.96,9.1,185.35,213.93
F229,C2582,2024-10-20,Jersey,5,Polonnaruwa,2,1,At_Risk,Low,296.22,3.95,8.47,174.02,259.78
F189,C2583,2024-11-04,Holstein,8,Kurunegala,2,1,At_Risk,High,283.63,3.65,8.74,176.73,288.01
F194,C2584,2024-08-11,Crossbreed,7,Badulla,10,2,Sick,High,86.36,4.02,8.78,176.53,77.7
F290,C2585,2024-02-10,Holstein,5,Anuradhapura,8,0,Healthy,High,508.45,3.91,9.08,177.05,455.18
F265,C2586,2024-07-17,Holstein,2,Kurunegala,10,0,Healthy,High,282.52,3.76,9.16,172.49,256.75
F495,C2587,2024-11-10,Holstein,4,Matale,8,0,Healthy,Low,310.69,3.9,8.52,188.24,313.01
F313,C2588,2024-03-16,Jersey,9,Polonnaruwa,8,3,Sick,High,110.49,4.56,8.43,189.19,106.85
F343,C2589,2024-01-04,Holstein,7,Kandy,7,0,Healthy,Low,382.17,4.59,8.64,180.67,389.05
F266,C2590,2024-07-07,Jersey,7,Anuradhapura,7,0,Healthy,Medium,261.34,4.74,8.27,185.57,226.25
F341,C2591,2024-08-27,Holstein,3,Nuwara Eliya,9,3,Sick,High,104.62,4.48,9.04,180.34,108.06
F227,C2592,2024-12-21,Crossbreed,2,Polonnaruwa,10,0,Healthy,High,115.43,4.31,8.62,183.18,107.82
F161,C2593,2024-06-03,Jersey,3,Anuradhapura,6,1,At_Risk,Low,237.0,3.79,8.49,179.05,247.34
F421,C2594,2024-05-06,Crossbreed,10,Anuradhapura,3,0,Healthy,High,176.2,4.35,8.93,176.0,157.57
F489,C2595,2024-04-08,Crossbreed,10,Matale,10,1,At_Risk,High,130.46,3.51,8.34,169.57,121.6
F319,C2596,2024-07-11,Jersey,6,Anuradhapura,9,2,Sick,Medium,142.02,3.62,9.09,185.51,140.73
F54,C2597,2024-08-09,Crossbreed,8,Badulla,9,0,Healthy,Low,167.5,4.09,9.06,187.37,150.46
F80,C2598,2024-10-10,Holstein,9,Kurunegala,8,0,Healthy,Medium,400.66,4.54,9.15,193.19,391.57
F304,C2599,2024-06-16,Local,10,Badulla,3,0,Healthy,Low,97.82,3.59,8.35,176.83,83.39
F248,C2600,2024-06-14,Jersey,7,Anuradhapura,3,0,Healthy,High,364.73,4.15,8.93,181.6,365.52
F2,C2601,2024-09-02,Crossbreed,6,Anuradhapura,5,0,Healthy,High,186.67,4.32,8.42,186.15,158.86
F203,C2602,2024-07-28,Holstein,10,Polonnaruwa,2,1,At_Risk,High,276.67,4.53,8.42,180.62,262.74
F316,C2603,2024-03-17,Holstein,9,Matale,2,2,Sick,Low,283.81,3.82,8.3,185.57,282.2
F492,C2604,2024-01-09,Crossbreed,10,Badulla,1,0,Healthy,Low,236.19,4.61,9.15,177.62,231.4
F392,C2605,2024-08-14,Local,4,Anuradhapura,2,0,Healthy,High,69.49,3.83,8.2,176.23,60.34
F204,C2606,2024-07-29,Crossbreed,8,Anuradhapura,4,0,Healthy,Low,197.67,3.56,8.85,179.78,181.34
F84,C2607,2024-07-30,Jersey,6,Monaragala,7,0,Healthy,High,327.15,3.84,8.59,178.5,334.92
F246,C2608,2024-11-12,Holstein,2,Monaragala,9,0,Healthy,High,386.04,4.29,8.98,181.9,361.25
F436,C2609,2024-10-20,Jersey,5,Polonnaruwa,10,0,Healthy,Low,209.38,3.94,8.38,188.18,211.51
F92,C2610,2024-04-14,Crossbreed,3,Kurunegala,3,2,Sick,Medium,176.66,4.31,9.1,176.45,177.44
F263,C2611,2024-03-04,Jersey,9,Matale,2,1,At_Risk,High,280.58,4.58,8.51,189.43,278.35
F121,C2612,2024-02-12,Local,6,Kurunegala,4,0,Healthy,Medium,64.65,4.3,9.05,173.42,60.87
F40,C2613,2024-06-01,Jersey,10,Badulla,5,0,Healthy,Low,290.75,3.8,8.6,172.5,267.12
F51,C2614,2024-04-23,Jersey,3,Badulla,4,0,Healthy,Medium,304.8,3.56,8.3,168.45,294.27
F472,C2615,2024-01-14,Jersey,4,Kandy,8,0,Healthy,Low,305.51,3.51,8.93,167.72,267.02
F20,C2616,2024-12-04,Jersey,6,Monaragala,8,2,Sick,Low,149.11,4.79,8.53,196.34,133.42
F274,C2617,2024-10-15,Jersey,6,Monaragala,1,0,Healthy,Medium,230.68,3.68,8.28,178.58,230.94
F409,C2618,2024-10-15,Holstein,5,Polonnaruwa,2,0,Healthy,Medium,477.29,4.06,8.99,183.83,453.8
F21,C2619,2024-10-21,Holstein,10,Badulla,4,0,Healthy,Medium,470.81,4.68,8.52,196.15,457.19
F106,C2620,2024-03-14,Jersey,6,Nuwara Eliya,7,0,Healthy,High,215.34,3.68,8.86,186.36,202.93
F14,C2621,2024-03-07,Crossbreed,4,Kandy,10,1,At_Risk,Low,91.35,3.81,8.4,179.15,86.99
F57,C2622,2024-05-17,Crossbreed,7,Kandy,2,2,Sick,High,97.8,3.59,8.39,180.82,93.7
F350,C2623,2024-06-22,Holstein,2,Badulla,1,3,Sick,High,237.58,3.8,8.37,179.21,233.41
F452,C2624,2024-08-30,Crossbreed,4,Kurunegala,9,1,At_Risk,Low,90.9,4.53,8.28,175.7,88.9
F306,C2625,2024-12-03,Crossbreed,9,Kandy,8,0,Healthy,Medium,158.41,3.92,9.17,182.57,165.95
F153,C2626,2024-11-15,Local,9,Anuradhapura,1,0,Healthy,High,88.94,3.57,8.92,167.7,78.44
F103,C2627,2024-02-06,Crossbreed,7,Nuwara Eliya,4,1,At_Risk,Low,199.92,4.22,8.49,184.62,181.13
F449,C2628,2024-08-13,Jersey,5,Kurunegala,5,0,Healthy,Medium,372.65,4.36,8.83,181.96,326.31
F277,C2629,2024-03-22,Holstein,3,Kurunegala,5,3,Sick,Medium,265.02,4.04,9.02,181.27,228.18
F348,C2630,2024-08-24,Jersey,9,Badulla,3,3,Sick,High,165.16,4.52,8.36,182.37,150.82
F192,C2631,2024-01-13,Local,7,Badulla,7,1,At_Risk,Medium,50.05,3.85,8.26,172.15,42.56
F36,C2632,2024-05-12,Local,2,Anuradhapura,6,3,Sick,Low,39.64,3.52,8.43,184.64,38.18
F34,C2633,2024-02-25,Jersey,6,Polonnaruwa,1,0,Healthy,High,227.82,4.3,8.22,192.87,226.03
F280,C2634,2024-01-21,Holstein,10,Kurunegala,1,2,Sick,High,349.4,3.53,8.59,181.65,361.4
F138,C2635,2024-05-19,Holstein,5,Kandy,10,3,Sick,Low,108.06,3.66,9.19,176.35,108.49
F339,C2636,2024-04-13,Crossbreed,8,Matale,8,1,At_Risk,Low,187.02,4.52,8.47,183.23,191.23
F385,C2637,2024-12-28,Local,10,Monaragala,8,0,Healthy,Medium,92.81,4.17,8.43,184.96,87.37
F260,C2638,2024-05-14,Crossbreed,6,Matale,2,0,Healthy,Low,241.38,4.68,8.78,190.85,251.45
F455,C2639,2024-04-12,Jersey,2,Nuwara Eliya,3,1,At_Risk,High,265.49,3.59,8.62,181.71,273.05
F487,C2640,2024-01-10,Jersey,9,Polonnaruwa,9,0,Healthy,Low,172.97,3.76,9.1,177.54,161.46
F33,C2641,2024-03-28,Crossbreed,2,Kurunegala,8,0,Healthy,High,209.02,3.52,9.13,180.68,193.72
F297,C2642,2024-12-25,Jersey,3,Badulla,7,2,Sick,Medium,201.83,4.32,8.3,178.45,182.29
F190,C2643,2024-08-21,Local,9,Kurunegala,10,0,Healthy,Medium,64.44,4.66,8.59,190.44,61.74
F460,C2644,2024-09-03,Local,4,Matale,4,0,Healthy,Medium,76.05,3.67,8.73,180.29,68.48
F396,C2645,2024-05-26,Crossbreed,5,Matale,2,0,Healthy,Medium,178.7,4.63,8.51,177.89,179.96
F399,C2646,2024-12-02,Holstein,4,Matale,7,3,Sick,High,161.27,3.86,8.64,175.74,157.78
F426,C2647,2024-08-16,Crossbreed,2,Kandy,4,0,Healthy,High,278.01,3.78,8.91,178.48,262.82
F5,C2648,2024-02-15,Holstein,5,Kandy,7,1,At_Risk,High,393.06,3.59,8.4,185.39,378.23
F272,C2649,2024-06-30,Local,3,Nuwara Eliya,6,0,Healthy,Low,76.44,3.77,8.37,177.87,79.89
F298,C2650,2024-07-30,Holstein,4,Anuradhapura,1,1,At_Risk,High,377.05,4.18,8.84,182.55,395.4
F444,C2651,2024-01-20,Local,2,Badulla,10,3,Sick,High,32.62,3.88,9.13,170.22,31.9
F404,C2652,2024-06-11,Local,10,Nuwara Eliya,7,2,Sick,High,39.6,4.78,8.64,196.8,38.43
F396,C2653,2024-03-28,Jersey,3,Nuwara Eliya,3,0,Healthy,High,310.09,3.59,8.8,185.15,304.49
F223,C2654,2024-08-22,Crossbreed,8,Matale,10,0,Healthy,Low,114.53,3.89,8.31,176.31,115.85
F96,C2655,2024-04-29,Crossbreed,7,Badulla,6,1,At_Risk,Medium,138.98,4.03,8.52,181.94,126.04
F441,C2656,2024-11-23,Local,4,Kurunegala,10,3,Sick,Low,33.6,3.83,8.6,181.17,29.2
F71,C2657,2024-10-29,Jersey,10,Matale,2,0,Healthy,Medium,274.9,3.83,8.77,180.96,252.22
F486,C2658,2024-12-27,Jersey,4,Anuradhapura,5,0,Healthy,High,325.82,4.28,8.21,174.71,299.62
F30,C2659,2024-04-10,Holstein,10,Polonnaruwa,10,0,Healthy,High,272.38,4.63,8.35,186.21,265.57
F101,C2660,2024-05-08,Holstein,8,Badulla,9,0,Healthy,Medium,233.03,3.92,8.67,183.92,207.14
F225,C2661,2024-09-24,Local,2,Badulla,3,0,Healthy,Low,112.75,4.08,9.13,178.96,109.09
F416,C2662,2024-08-01,Holstein,4,Matale,5,1,At_Risk,High,412.08,3.7,8.66,177.9,380.47
F107,C2663,2024-02-02,Holstein,5,Kurunegala,3,0,Healthy,High,410.62,3.75,8.34,176.56,385.57
F272,C2664,2024-09-02,Holstein,7,Monaragala,5,1,At_Risk,Medium,500.11,3.71,8.94,173.52,494.83
F33,C2665,2024-10-13,Holstein,4,Matale,3,0,Healthy,Low,557.56,3.8,8.58,183.84,518.77
F410,C2666,2024-05-10,Holstein,2,Kandy,9,1,At_Risk,Low,210.15,4.25,9.11,188.5,211.5
F300,C2667,2024-04-28,Holstein,3,Polonnaruwa,1,0,Healthy,High,430.96,4.45,8.84,177.61,415.68
F429,C2668,2024-09-30,Jersey,6,Matale,10,0,Healthy,Low,184.25,3.86,8.25,178.1,183.65
F22,C2669,2024-08-20,Jersey,5,Matale,4,0,Healthy,Medium,396.06,4.4,8.69,189.54,407.29
F241,C2670,2024-07-03,Holstein,10,Kandy,6,2,Sick,Low,234.95,4.72,8.48,195.74,245.5
F398,C2671,2024-02-08,Jersey,8,Anuradhapura,3,1,At_Risk,Low,291.2,4.76,8.91,196.26,272.47
F153,C2672,2024-04-25,Local,7,Nuwara Eliya,4,0,Healthy,Low,98.67,3.73,8.46,185.06,86.16
F46,C2673,2024-01-23,Crossbreed,5,Badulla,9,0,Healthy,Medium,131.98,4.66,8.52,184.18,133.26
F31,C2674,2024-12-23,Holstein,6,Kandy,9,0,Healthy,Medium,361.0,4.16,8.48,177.66,317.31
F23,C2675,2024-11-26,Crossbreed,6,Matale,3,0,Healthy,Medium,274.98,4.72,8.9,183.69,238.14
F303,C2676,2024-08-21,Holstein,6,Kandy,8,0,Healthy,Medium,419.11,4.11,8.68,182.53,358.71
F288,C2677,2024-03-02,Holstein,9,Badulla,6,0,Healthy,High,455.8,4.73,8.51,179.09,407.67
F61,C2678,2024-06-19,Holstein,9,Nuwara Eliya,10,0,Healthy,High,336.85,3.81,8.9,175.05,323.59
F397,C2679,2024-07-09,Local,2,Nuwara Eliya,5,2,Sick,Medium,67.15,3.8,9.17,181.3,59.19
F302,C2680,2024-11-03,Holstein,6,Polonnaruwa,6,0,Healthy,Medium,388.77,4.03,8.92,174.15,355.81
F386,C2681,2024-03-08,Holstein,4,Matale,5,2,Sick,Medium,329.13,3.9,8.59,175.12,301.65
F223,C2682,2024-06-22,Local,10,Polonnaruwa,9,0,Healthy,Low,53.95,3.59,8.72,177.84,54.0
F137,C2683,2024-10-03,Local,8,Matale,9,3,Sick,Medium,23.57,3.89,8.89,185.01,20.66
F131,C2684,2024-12-30,Holstein,6,Nuwara Eliya,7,2,Sick,Low,276.1,4.15,8.82,174.25,255.34
F219,C2685,2024-04-19,Local,7,Polonnaruwa,10,1,At_Risk,Medium,43.41,4.39,9.02,182.31,37.6
F6,C2686,2024-08-18,Jersey,4,Nuwara Eliya,3,0,Healthy,Medium,279.23,4.46,8.39,186.29,253.79
F459,C2687,2024-09-27,Crossbreed,2,Matale,9,0,Healthy,High,177.57,4.57,9.17,179.29,151.53
F260,C2688,2024-01-25,Jersey,2,Anuradhapura,3,1,At_Risk,Medium,235.2,4.53,8.5,178.0,204.2
F23,C2689,2024-08-21,Jersey,4,Monaragala,8,0,Healthy,High,250.2,3.52,8.4,173.12,242.82
F104,C2690,2024-04-17,Local,8,Monaragala,1,0,Healthy,Low,55.05,3.97,8.46,183.46,50.92
F393,C2691,2024-05-02,Jersey,4,Kandy,5,0,Healthy,Medium,333.47,4.59,8.41,195.68,302.56
F351,C2692,2024-07-06,Crossbreed,7,Polonnaruwa,10,3,Sick,Low,70.15,4.71,8.32,178.33,61.55
F175,C2693,2024-12-11,Local,9,Polonnaruwa,3,0,Healthy,Low,94.5,4.47,9.17,192.27,84.18
F38,C2694,2024-06-21,Crossbreed,10,Monaragala,5,0,Healthy,High,192.88,3.53,8.7,175.41,179.21
F26,C2695,2024-04-12,Crossbreed,3,Anuradhapura,2,0,Healthy,Medium,164.68,3.82,8.3,184.54,152.5
F150,C2696,2024-06-20,Crossbreed,7,Kurunegala,7,0,Healthy,Low,161.57,4.25,8.61,178.15,163.11
F351,C2697,2024-11-06,Holstein,8,Anuradhapura,1,0,Healthy,High,323.81,3.55,8.96,176.55,320.41
F86,C2698,2024-03-05,Holstein,9,Nuwara Eliya,1,0,Healthy,High,429.08,4.15,8.81,175.22,403.9
F469,C2699,2024-11-09,Holstein,10,Monaragala,6,0,Healthy,Low,389.81,3.77,9.08,177.46,371.59
F392,C2700,2024-07-16,Jersey,3,Kurunegala,8,0,Healthy,Low,282.95,4.64,9.12,192.88,265.6
F496,C2701,2024-07-24,Crossbreed,4,Polonnaruwa,8,0,Healthy,High,227.94,4.66,8.67,179.29,213.74
F214,C2702,2024-05-21,Local,2,Anuradhapura,4,1,At_Risk,Medium,96.85,3.75,8.57,184.69,85.31
F266,C2703,2024-05-09,Local,10,Polonnaruwa,3,0,Healthy,High,82.67,3.8,8.84,181.71,86.37
F432,C2704,2024-05-07,Local,8,Kandy,8,2,Sick,Low,44.19,4.2,8.63,186.18,44.5
F387,C2705,2024-10-12,Crossbreed,8,Nuwara Eliya,2,1,At_Risk,High,146.48,3.79,9.0,169.68,135.58
F8,C2706,2024-02-05,Crossbreed,3,Nuwara Eliya,8,1,At_Risk,High,174.06,3.92,8.64,173.36,161.75
F364,C2707,2024-09-21,Jersey,6,Nuwara Eliya,8,0,Healthy,Medium,253.6,4.47,8.23,179.86,218.5
F59,C2708,2024-02-07,Jersey,7,Kurunegala,4,3,Sick,High,141.31,3.96,9.2,180.24,131.02
F340,C2709,2024-07-31,Jersey,5,Polonnaruwa,10,0,Healthy,High,188.9,3.71,8.51,177.27,168.51
F38,C2710,2024-05-14,Jersey,6,Monaragala,1,2,Sick,High,179.63,3.87,9.01,169.34,184.07
F346,C2711,2024-02-21,Jersey,9,Polonnaruwa,7,0,Healthy,High,255.79,4.73,8.7,196.65,257.57
F350,C2712,2024-08-08,Holstein,4,Kandy,9,1,At_Risk,Low,317.88,3.53,8.36,177.79,311.2
F464,C2713,2024-02-11,Crossbreed,5,Badulla,3,2,Sick,Medium,147.43,4.66,8.32,185.69,135.24
F448,C2714,2024-10-07,Local,4,Matale,5,2,Sick,Medium,69.33,4.35,8.33,181.06,67.49
F166,C2715,2024-03-30,Crossbreed,8,Monaragala,9,1,At_Risk,Medium,127.5,3.56,8.81,173.09,128.98
F179,C2716,2024-10-04,Local,7,Matale,10,0,Healthy,High,47.48,4.67,8.5,188.65,42.81
F325,C2717,2024-02-27,Crossbreed,9,Monaragala,3,3,Sick,Low,90.4,4.57,8.4,176.66,86.64
F170,C2718,2024-09-28,Crossbreed,9,Matale,5,1,At_Risk,Medium,175.03,3.52,8.74,184.99,182.58
F192,C2719,2024-05-06,Crossbreed,4,Kurunegala,7,0,Healthy,High,141.41,3.56,9.17,180.2,122.76
F345,C2720,2024-11-09,Jersey,7,Nuwara Eliya,9,0,Healthy,Medium,245.6,3.52,8.5,185.12,252.4
F209,C2721,2024-08-14,Holstein,9,Kurunegala,2,1,At_Risk,Low,314.2,3.72,8.79,182.43,303.4
F461,C2722,2024-02-14,Local,3,Matale,2,3,Sick,Medium,32.49,4.8,9.18,193.58,27.87
F473,C2723,2024-08-04,Crossbreed,2,Kurunegala,8,2,Sick,High,152.71,4.29,8.72,183.28,144.12
F392,C2724,2024-08-18,Local,3,Kandy,4,0,Healthy,High,117.87,4.58,8.37,191.77,102.02
F399,C2725,2024-12-03,Jersey,5,Nuwara Eliya,1,2,Sick,Low,203.18,4.24,8.91,180.99,211.81
F75,C2726,2024-11-01,Jersey,2,Badulla,2,1,At_Risk,Low,271.8,4.15,8.34,188.39,278.28
F24,C2727,2024-08-14,Crossbreed,5,Kandy,8,2,Sick,High,151.73,4.74,8.82,191.96,147.82
F250,C2728,2024-02-19,Crossbreed,6,Nuwara Eliya,10,0,Healthy,Medium,172.57,4.25,8.81,175.88,178.82
F446,C2729,2024-05-29,Local,4,Nuwara Eliya,5,0,Healthy,Low,78.89,4.63,8.76,194.05,72.49
F134,C2730,2024-11-02,Jersey,3,Polonnaruwa,10,0,Healthy,High,178.84,3.75,8.59,186.74,186.05
F228,C2731,2024-08-23,Crossbreed,8,Kandy,9,0,Healthy,Low,132.21,3.8,8.59,178.56,132.52
F332,C2732,2024-02-11,Local,2,Polonnaruwa,8,1,At_Risk,Medium,68.41,4.75,8.59,195.52,67.1
F109,C2733,2024-11-17,Crossbreed,2,Anuradhapura,3,1,At_Risk,High,163.97,4.06,8.81,188.78,171.77
F22,C2734,2024-01-05,Jersey,2,Monaragala,7,0,Healthy,Low,236.73,4.43,8.25,183.91,221.73
F500,C2735,2024-03-31,Jersey,2,Monaragala,8,0,Healthy,High,318.94,4.2,8.2,189.99,299.84
F415,C2736,2024-12-03,Jersey,10,Kandy,10,0,Healthy,Medium,167.67,4.49,8.5,183.09,163.29
F127,C2737,2024-06-06,Holstein,6,Kurunegala,8,1,At_Risk,High,352.43,4.12,8.87,187.25,343.93
F442,C2738,2024-09-10,Local,3,Nuwara Eliya,10,0,Healthy,Medium,59.75,4.47,8.61,188.1,54.25
F9,C2739,2024-10-25,Jersey,3,Monaragala,4,1,At_Risk,Low,227.29,3.62,8.86,177.13,220.25
F450,C2740,2024-02-13,Holstein,3,Monaragala,1,0,Healthy,Medium,325.84,4.76,8.33,178.49,315.3
F405,C2741,2024-06-03,Holstein,4,Badulla,4,1,At_Risk,Medium,439.44,3.81,8.64,180.77,443.12
F48,C2742,2024-02-15,Local,9,Nuwara Eliya,5,0,Healthy,High,113.36,3.62,9.0,181.14,104.92
F48,C2743,2024-10-08,Jersey,9,Kurunegala,6,0,Healthy,Low,314.39,3.7,8.39,186.57,304.39
F315,C2744,2024-02-07,Holstein,8,Matale,7,2,Sick,Medium,222.59,4.33,8.24,174.68,190.29
F344,C2745,2024-03-24,Crossbreed,8,Matale,9,2,Sick,High,84.24,3.56,8.91,184.19,83.8
F73,C2746,2024-05-02,Local,8,Matale,4,1,At_Risk,Low,62.78,4.62,8.67,186.81,63.15
F102,C2747,2024-10-20,Local,3,Kandy,4,0,Healthy,High,80.45,3.53,8.92,182.91,68.8
F144,C2748,2024-10-25,Holstein,9,Kurunegala,3,0,Healthy,High,459.81,3.69,9.1,183.01,423.76
F398,C2749,2024-08-03,Local,10,Matale,8,3,Sick,Low,45.84,4.77,8.61,182.71,41.71
F467,C2750,2024-11-06,Jersey,10,Kurunegala,3,0,Healthy,Medium,369.09,3.86,8.71,179.88,317.6
F92,C2751,2024-12-26,Crossbreed,9,Anuradhapura,10,3,Sick,Low,57.12,4.49,8.33,183.99,50.74
F98,C2752,2024-02-12,Holstein,2,Anuradhapura,1,1,At_Risk,High,353.34,3.71,8.73,172.73,364.05
F478,C2753,2024-07-31,Crossbreed,5,Anuradhapura,5,2,Sick,Medium,120.42,4.11,8.85,189.17,104.57
F316,C2754,2024-05-16,Jersey,7,Monaragala,2,2,Sick,Low,207.95,3.53,8.65,181.89,193.89
F406,C2755,2024-08-21,Crossbreed,2,Kurunegala,1,3,Sick,Medium,91.66,4.02,9.06,171.2,90.68
F210,C2756,2024-05-12,Local,10,Polonnaruwa,10,1,At_Risk,Medium,59.98,4.41,8.41,179.61,56.35
F32,C2757,2024-02-12,Jersey,4,Badulla,10,0,Healthy,High,246.3,4.06,8.24,170.95,235.98
F22,C2758,2024-07-19,Holstein,4,Anuradhapura,2,3,Sick,High,237.48,3.52,9.1,178.81,229.54
F305,C2759,2024-07-19,Jersey,8,Nuwara Eliya,6,0,Healthy,Medium,216.85,3.69,8.39,182.25,226.36
F476,C2760,2024-07-28,Crossbreed,4,Monaragala,7,0,Healthy,High,155.03,4.4,9.17,188.91,150.39
F168,C2761,2024-07-23,Local,9,Kandy,10,2,Sick,High,40.67,4.76,9.18,184.69,36.33
F222,C2762,2024-12-15,Jersey,8,Nuwara Eliya,2,2,Sick,Medium,228.88,4.55,8.55,191.74,225.82
F474,C2763,2024-11-29,Crossbreed,9,Kurunegala,1,1,At_Risk,Low,133.12,4.28,9.06,180.45,131.11
F208,C2764,2024-01-21,Local,8,Polonnaruwa,8,3,Sick,High,35.88,3.96,8.36,179.07,34.98
F372,C2765,2024-08-19,Crossbreed,2,Monaragala,8,0,Healthy,Low,215.39,4.02,8.87,188.89,183.56
F264,C2766,2024-11-30,Crossbreed,9,Kandy,2,2,Sick,High,120.92,3.73,8.96,185.6,117.21
F266,C2767,2024-07-24,Local,3,Nuwara Eliya,10,2,Sick,Low,44.41,3.51,8.61,173.31,38.33
F461,C2768,2024-01-21,Holstein,9,Anuradhapura,3,1,At_Risk,High,465.85,4.33,8.99,185.45,431.63
F342,C2769,2024-06-15,Holstein,10,Monaragala,2,0,Healthy,Medium,473.84,3.89,8.24,180.03,441.57
F48,C2770,2024-07-26,Jersey,6,Polonnaruwa,8,2,Sick,High,154.19,4.45,8.7,189.42,135.01
F253,C2771,2024-09-07,Holstein,10,Monaragala,5,0,Healthy,High,479.48,4.64,9.09,185.47,456.96
F155,C2772,2024-04-18,Local,10,Monaragala,6,1,At_Risk,Low,55.38,4.19,8.83,184.7,47.44
F480,C2773,2024-01-19,Local,4,Anuradhapura,10,0,Healthy,Low,63.05,4.15,9.12,179.87,60.7
F147,C2774,2024-09-29,Local,3,Anuradhapura,3,3,Sick,Medium,27.28,4.04,9.13,178.09,24.84
F173,C2775,2024-12-18,Holstein,10,Kurunegala,1,0,Healthy,Low,351.2,3.86,8.79,175.82,348.86
F410,C2776,2024-03-30,Local,10,Anuradhapura,7,0,Healthy,Low,64.01,3.73,8.37,179.63,63.77
F118,C2777,2024-08-04,Local,8,Monaragala,8,1,At_Risk,Low,66.02,4.34,9.08,181.13,58.21
F341,C2778,2024-08-22,Jersey,7,Kandy,5,0,Healthy,Medium,369.04,4.22,9.14,174.45,375.87
F368,C2779,2024-11-02,Crossbreed,6,Kandy,10,3,Sick,High,69.71,4.78,8.73,181.83,72.92
F323,C2780,2024-11-16,Jersey,10,Monaragala,6,0,Healthy,High,270.17,4.61,8.98,193.12,261.72
F231,C2781,2024-01-03,Crossbreed,3,Matale,9,0,Healthy,High,145.41,4.58,8.53,194.93,151.4
F70,C2782,2024-07-01,Local,7,Anuradhapura,6,2,Sick,High,48.65,4.26,9.04,183.48,46.34
F111,C2783,2024-10-19,Jersey,2,Badulla,6,0,Healthy,High,261.52,3.52,8.58,181.38,222.8
F260,C2784,2024-04-16,Jersey,6,Matale,4,0,Healthy,High,310.7,4.71,8.24,190.77,323.71
F344,C2785,2024-06-04,Crossbreed,10,Badulla,7,0,Healthy,Low,131.04,4.16,8.94,191.14,125.04
F258,C2786,2024-04-03,Crossbreed,5,Kurunegala,5,1,At_Risk,High,145.58,3.87,8.98,177.91,135.0
F354,C2787,2024-06-07,Holstein,6,Badulla,5,1,At_Risk,Medium,502.33,4.26,8.5,180.23,499.61
F476,C2788,2024-02-17,Jersey,6,Anuradhapura,10,0,Healthy,High,177.95,3.6,9.11,170.66,161.24
F350,C2789,2024-11-17,Local,2,Matale,6,3,Sick,Medium,29.77,3.82,8.91,183.62,28.38
F239,C2790,2024-10-19,Jersey,8,Kurunegala,2,2,Sick,High,220.34,3.77,9.03,171.2,221.24
F20,C2791,2024-10-25,Holstein,10,Anuradhapura,1,0,Healthy,Low,413.99,4.08,8.97,178.15,372.71
F458,C2792,2024-02-11,Local,6,Matale,5,1,At_Risk,High,72.23,4.66,9.18,190.0,62.77
F33,C2793,2024-08-20,Jersey,10,Nuwara Eliya,6,3,Sick,Low,131.38,4.51,8.74,180.28,135.16
F109,C2794,2024-06-23,Holstein,4,Nuwara Eliya,10,0,Healthy,Medium,290.34,4.65,9.05,188.48,270.5
F334,C2795,2024-11-23,Local,10,Kurunegala,8,2,Sick,High,63.65,3.55,8.94,166.2,59.98
F112,C2796,2024-09-20,Holstein,6,Matale,5,2,Sick,Low,283.22,3.95,8.42,183.18,261.3
F293,C2797,2024-07-16,Crossbreed,2,Monaragala,8,0,Healthy,Low,223.59,4.31,8.2,180.16,191.27
F415,C2798,2024-12-04,Jersey,5,Matale,10,1,At_Risk,High,165.64,3.82,9.02,170.33,161.81
F326,C2799,2024-02-28,Jersey,5,Nuwara Eliya,9,0,Healthy,Medium,218.81,4.47,8.43,180.57,189.69
F131,C2800,2024-08-12,Crossbreed,9,Matale,8,2,Sick,Medium,89.31,3.89,8.26,176.33,80.01
F427,C2801,2024-08-07,Local,7,Anuradhapura,5,0,Healthy,High,81.24,3.69,8.36,167.78,72.63
F461,C2802,2024-01-16,Crossbreed,10,Kandy,1,1,At_Risk,Medium,186.34,4.35,8.34,185.4,173.35
F428,C2803,2024-12-05,Holstein,10,Anuradhapura,6,0,Healthy,High,304.82,4.54,8.93,177.04,313.51
F171,C2804,2024-02-02,Jersey,10,Monaragala,7,1,At_Risk,Medium,221.03,4.64,8.26,188.09,212.15
F260,C2805,2024-11-09,Jersey,4,Polonnaruwa,8,0,Healthy,Low,315.8,3.99,8.9,173.85,286.2
F418,C2806,2024-05-28,Local,9,Matale,10,0,Healthy,Medium,51.05,4.15,8.76,176.3,50.37
F231,C2807,2024-12-24,Crossbreed,7,Kurunegala,9,0,Healthy,Medium,167.56,4.52,8.87,184.1,171.27
F124,C2808,2024-10-14,Holstein,10,Kandy,4,3,Sick,High,197.69,4.75,8.24,196.04,204.11
F283,C2809,2024-03-29,Local,2,Kandy,4,0,Healthy,High,100.05,4.77,8.81,192.13,97.61
F426,C2810,2024-04-14,Jersey,10,Kandy,1,0,Healthy,Medium,316.73,3.8,8.46,175.52,285.3
F115,C2811,2024-06-28,Jersey,6,Matale,1,0,Healthy,High,344.79,3.66,8.27,177.86,326.95
F13,C2812,2024-04-21,Jersey,6,Anuradhapura,5,0,Healthy,Low,349.44,4.15,8.53,188.03,324.53
F357,C2813,2024-11-26,Local,4,Polonnaruwa,10,0,Healthy,Medium,74.72,3.75,8.25,174.05,77.31
F407,C2814,2024-01-25,Jersey,3,Polonnaruwa,8,0,Healthy,Low,235.59,4.22,9.1,187.97,227.72
F204,C2815,2024-08-28,Jersey,3,Kandy,1,0,Healthy,Low,235.54,3.95,8.5,183.01,206.72
F11,C2816,2024-04-29,Crossbreed,7,Badulla,2,0,Healthy,Low,244.65,3.63,8.99,173.59,253.49
F499,C2817,2024-08-10,Holstein,5,Nuwara Eliya,10,2,Sick,Low,178.32,3.93,8.98,171.62,161.05
F318,C2818,2024-01-12,Holstein,3,Badulla,7,0,Healthy,Medium,499.92,4.09,8.46,181.33,456.8
F372,C2819,2024-11-09,Local,9,Polonnaruwa,10,0,Healthy,Medium,43.38,4.21,8.35,190.91,43.43
F30,C2820,2024-05-07,Jersey,4,Matale,9,2,Sick,High,109.44,4.74,8.3,193.16,95.4
F406,C2821,2024-03-29,Jersey,9,Anuradhapura,1,1,At_Risk,High,242.4,4.8,8.81,180.08,209.26
F468,C2822,2024-03-01,Holstein,9,Kurunegala,10,0,Healthy,Low,366.14,4.59,8.21,186.55,334.66
F328,C2823,2024-01-25,Jersey,4,Matale,7,1,At_Risk,High,283.65,3.79,8.54,172.03,241.63
F67,C2824,2024-05-27,Crossbreed,4,Polonnaruwa,1,1,At_Risk,Low,168.19,4.23,9.09,179.41,158.31
F236,C2825,2024-11-09,Holstein,5,Anuradhapura,3,2,Sick,Low,248.72,3.9,8.23,181.9,258.49
F122,C2826,2024-11-20,Crossbreed,9,Matale,3,3,Sick,Low,72.13,4.26,9.12,172.79,68.16
F111,C2827,2024-01-24,Holstein,6,Kurunegala,1,3,Sick,Low,181.88,3.65,8.41,169.98,165.78
F181,C2828,2024-04-23,Holstein,10,Polonnaruwa,5,0,Healthy,High,473.21,4.64,8.97,178.02,428.15
F41,C2829,2024-09-30,Local,8,Nuwara Eliya,4,1,At_Risk,High,52.82,4.28,8.85,177.69,45.38
F427,C2830,2024-03-06,Jersey,5,Badulla,10,1,At_Risk,Low,152.07,3.91,8.73,186.03,129.88
F349,C2831,2024-09-05,Holstein,10,Kandy,8,0,Healthy,High,409.82,4.6,9.15,186.77,407.78
F65,C2832,2024-01-05,Holstein,4,Anuradhapura,10,0,Healthy,High,337.39,3.85,8.27,187.64,342.39
F333,C2833,2024-06-30,Crossbreed,2,Polonnaruwa,6,0,Healthy,Low,131.28,4.66,8.95,189.27,126.69
F460,C2834,2024-06-28,Local,9,Kurunegala,10,2,Sick,Low,37.23,4.44,9.04,183.71,35.24
F225,C2835,2024-04-04,Local,7,Nuwara Eliya,8,0,Healthy,Low,57.28,4.16,8.32,181.45,54.31
F475,C2836,2024-05-04,Local,10,Monaragala,7,0,Healthy,High,101.67,3.8,8.41,178.9,96.02
F485,C2837,2024-09-17,Jersey,6,Polonnaruwa,5,0,Healthy,Medium,251.66,4.12,8.54,184.7,233.08
F256,C2838,2024-05-16,Jersey,8,Nuwara Eliya,10,0,Healthy,Low,224.25,3.59,8.31,178.84,205.04
F16,C2839,2024-03-19,Jersey,3,Nuwara Eliya,10,3,Sick,High,114.61,3.9,9.01,180.88,108.37
F493,C2840,2024-11-16,Crossbreed,5,Kandy,6,2,Sick,Low,118.6,4.53,8.46,177.75,119.9
F380,C2841,2024-05-04,Crossbreed,7,Matale,2,0,Healthy,Medium,220.98,3.55,9.0,181.1,205.97
F261,C2842,2024-05-25,Holstein,2,Anuradhapura,6,0,Healthy,Low,412.39,3.8,8.43,183.56,377.22
F487,C2843,2024-01-09,Crossbreed,8,Polonnaruwa,5,0,Healthy,High,270.63,4.37,9.0,174.69,250.59
F399,C2844,2024-02-02,Jersey,10,Badulla,5,0,Healthy,High,272.59,4.53,8.28,179.09,284.29
F258,C2845,2024-08-30,Crossbreed,5,Kurunegala,2,0,Healthy,High,236.88,4.66,8.84,182.87,241.72
F425,C2846,2024-05-29,Holstein,6,Polonnaruwa,6,1,At_Risk,Medium,427.71,4.42,8.46,179.85,429.5
F457,C2847,2024-12-27,Local,5,Kurunegala,10,0,Healthy,Low,39.35,4.77,9.03,185.58,39.88
F119,C2848,2024-02-25,Local,9,Nuwara Eliya,4,1,At_Risk,Medium,74.5,4.67,8.42,191.53,76.3
F51,C2849,2024-10-05,Jersey,6,Monaragala,5,1,At_Risk,Low,317.1,3.68,8.91,185.2,319.69
F149,C2850,2024-02-25,Holstein,7,Kandy,9,0,Healthy,Medium,238.83,3.79,8.64,177.38,236.71
F215,C2851,2024-05-20,Jersey,9,Polonnaruwa,1,0,Healthy,High,230.65,4.47,8.42,193.48,216.64
F363,C2852,2024-04-24,Jersey,4,Nuwara Eliya,1,1,At_Risk,High,260.94,4.72,8.62,193.37,257.42
F46,C2853,2024-10-27,Crossbreed,4,Anuradhapura,5,1,At_Risk,Low,151.0,3.8,8.51,181.58,143.95
F357,C2854,2024-09-27,Jersey,9,Kandy,7,1,At_Risk,High,262.76,3.82,8.91,177.14,250.85
F131,C2855,2024-06-07,Holstein,9,Badulla,1,1,At_Risk,Low,456.17,3.88,8.84,185.91,417.78
F254,C2856,2024-05-21,Local,2,Monaragala,4,3,Sick,Low,48.6,4.63,8.89,180.02,49.71
F372,C2857,2024-02-27,Jersey,5,Nuwara Eliya,6,0,Healthy,High,264.17,3.96,8.76,189.52,261.79
F60,C2858,2024-08-25,Local,9,Kurunegala,10,3,Sick,Medium,23.96,4.0,8.85,178.38,24.65
F220,C2859,2024-03-19,Local,2,Nuwara Eliya,6,0,Healthy,Low,90.41,4.03,8.56,180.71,82.5
F161,C2860,2024-07-27,Jersey,3,Nuwara Eliya,7,0,Healthy,High,255.51,4.54,8.4,186.03,229.5
F390,C2861,2024-11-07,Local,9,Kandy,2,3,Sick,Low,46.22,4.73,9.1,177.37,40.56
F233,C2862,2024-08-16,Jersey,9,Polonnaruwa,1,0,Healthy,Low,357.16,4.62,8.95,176.73,354.05
F353,C2863,2024-03-10,Holstein,6,Badulla,6,0,Healthy,Low,362.04,4.28,8.67,179.54,374.93
F170,C2864,2024-02-13,Local,4,Nuwara Eliya,4,3,Sick,Medium,42.28,4.15,8.7,185.42,39.04
F252,C2865,2024-01-18,Crossbreed,3,Badulla,6,2,Sick,High,94.54,4.52,8.94,178.77,88.36
F335,C2866,2024-01-29,Jersey,2,Kurunegala,9,2,Sick,Medium,111.63,4.23,8.96,188.02,106.62
F373,C2867,2024-11-19,Holstein,3,Kandy,5,0,Healthy,Low,456.28,4.55,8.29,192.69,387.97
F99,C2868,2024-04-22,Jersey,3,Monaragala,4,1,At_Risk,High,239.78,4.72,8.72,186.4,224.8
F401,C2869,2024-05-19,Holstein,9,Matale,9,1,At_Risk,Medium,239.57,4.04,8.21,172.85,213.97
F374,C2870,2024-03-03,Jersey,2,Monaragala,4,0,Healthy,Medium,258.94,3.87,8.36,184.69,258.81
F103,C2871,2024-07-11,Holstein,10,Badulla,4,2,Sick,High,298.07,3.94,8.81,183.44,310.48
F426,C2872,2024-09-03,Holstein,7,Kurunegala,3,0,Healthy,Medium,550.36,4.18,8.44,175.93,562.46
F331,C2873,2024-01-05,Local,10,Nuwara Eliya,7,2,Sick,High,37.19,4.32,8.41,185.32,32.36
F381,C2874,2024-01-04,Holstein,9,Monaragala,4,1,At_Risk,High,442.06,4.33,8.7,183.69,436.78
F258,C2875,2024-01-06,Crossbreed,9,Anuradhapura,2,0,Healthy,Low,190.49,3.86,9.07,171.46,177.34
F295,C2876,2024-04-28,Holstein,3,Badulla,7,2,Sick,High,316.67,3.64,9.0,175.33,307.45
F70,C2877,2024-09-08,Jersey,4,Anuradhapura,9,2,Sick,Low,156.26,4.79,8.38,194.86,146.71
F343,C2878,2024-12-01,Crossbreed,7,Matale,9,1,At_Risk,High,126.22,4.35,8.41,180.01,113.98
F34,C2879,2024-06-20,Jersey,6,Polonnaruwa,7,1,At_Risk,High,288.8,3.63,9.02,168.68,282.63
F441,C2880,2024-11-02,Jersey,6,Badulla,1,0,Healthy,Low,298.94,3.74,8.61,179.7,257.25
F335,C2881,2024-03-29,Jersey,6,Badulla,7,0,Healthy,High,219.34,3.66,8.81,178.74,218.34
F363,C2882,2024-05-28,Crossbreed,4,Monaragala,8,3,Sick,High,86.46,4.51,8.95,180.26,81.77
F495,C2883,2024-09-17,Holstein,8,Anuradhapura,5,0,Healthy,Low,377.02,3.66,8.66,181.22,361.66
F270,C2884,2024-10-25,Crossbreed,3,Monaragala,6,2,Sick,High,110.52,3.54,8.75,179.01,102.82
F263,C2885,2024-06-22,Local,8,Matale,6,1,At_Risk,Medium,57.64,4.73,8.7,186.75,52.9
F420,C2886,2024-10-09,Jersey,6,Kandy,8,0,Healthy,High,246.06,4.07,8.84,180.72,255.41
F467,C2887,2024-02-14,Crossbreed,5,Nuwara Eliya,7,2,Sick,Low,117.47,4.09,8.98,172.76,115.62
F115,C2888,2024-02-03,Holstein,7,Polonnaruwa,10,0,Healthy,High,339.51,3.91,8.74,174.2,308.74
F395,C2889,2024-12-22,Crossbreed,7,Kandy,10,0,Healthy,High,137.73,4.11,8.69,181.81,135.97
F288,C2890,2024-02-17,Holstein,9,Matale,3,0,Healthy,Low,424.48,4.61,8.62,195.91,400.15
F434,C2891,2024-01-10,Local,8,Matale,2,0,Healthy,Medium,62.2,3.53,9.19,180.51,63.51
F183,C2892,2024-10-13,Local,4,Polonnaruwa,9,3,Sick,High,26.39,3.86,8.39,182.49,25.62
F51,C2893,2024-07-22,Crossbreed,7,Badulla,3,0,Healthy,High,254.33,4.19,8.59,182.65,223.79
F466,C2894,2024-03-02,Crossbreed,10,Kandy,5,0,Healthy,Medium,161.87,3.71,8.36,174.56,151.07
F453,C2895,2024-10-27,Holstein,10,Polonnaruwa,7,2,Sick,High,193.68,3.81,8.25,170.31,171.13
F324,C2896,2024-08-30,Jersey,6,Anuradhapura,3,2,Sick,High,210.84,4.32,8.53,184.27,192.2
F321,C2897,2024-08-13,Crossbreed,4,Nuwara Eliya,4,0,Healthy,High,230.24,4.61,8.32,194.05,223.82
F224,C2898,2024-10-04,Holstein,6,Matale,1,1,At_Risk,Low,315.47,3.5,8.42,165.62,289.28
F159,C2899,2024-11-27,Holstein,9,Monaragala,2,1,At_Risk,High,338.56,3.75,9.02,179.56,317.83
F16,C2900,2024-03-25,Crossbreed,7,Kandy,5,2,Sick,Low,132.18,4.44,8.89,178.51,127.33
F68,C2901,2024-07-05,Holstein,5,Kandy,4,2,Sick,Medium,350.99,3.54,8.87,175.35,347.16
F362,C2902,2024-03-17,Local,2,Monaragala,9,0,Healthy,Medium,75.96,3.52,9.02,168.58,65.66
F183,C2903,2024-02-24,Jersey,2,Nuwara Eliya,7,0,Healthy,High,259.18,4.36,8.54,180.55,232.69
F104,C2904,2024-12-26,Holstein,5,Nuwara Eliya,5,0,Healthy,Medium,435.97,4.33,8.44,177.79,438.42
F231,C2905,2024-06-18,Jersey,8,Monaragala,4,1,At_Risk,Low,299.08,4.12,8.95,171.47,294.84
F494,C2906,2024-06-03,Holstein,4,Badulla,3,2,Sick,High,231.26,4.19,8.2,187.69,240.27
F54,C2907,2024-12-02,Holstein,5,Matale,10,2,Sick,Low,169.44,3.75,8.83,178.38,157.3
F405,C2908,2024-02-05,Crossbreed,7,Kandy,10,2,Sick,High,74.57,4.0,8.76,187.06,77.83
F185,C2909,2024-06-22,Holstein,3,Kandy,7,1,At_Risk,Low,257.06,4.76,8.5,182.59,246.38
F63,C2910,2024-12-14,Local,10,Monaragala,10,2,Sick,Low,28.87,4.13,8.68,177.77,24.54
F188,C2911,2024-11-03,Jersey,4,Polonnaruwa,2,2,Sick,Medium,183.34,3.84,9.2,185.86,173.65
F133,C2912,2024-10-28,Holstein,10,Polonnaruwa,6,2,Sick,Medium,198.45,3.73,9.02,169.04,208.37
F164,C2913,2024-01-15,Jersey,9,Kurunegala,6,0,Healthy,Low,270.81,4.36,8.5,179.86,247.75
F206,C2914,2024-07-04,Holstein,8,Kandy,9,0,Healthy,High,278.15,4.06,8.23,188.41,242.26
F271,C2915,2024-07-17,Crossbreed,6,Nuwara Eliya,4,0,Healthy,Low,194.91,4.6,8.21,188.82,177.07
F48,C2916,2024-08-18,Local,9,Nuwara Eliya,8,1,At_Risk,High,50.12,3.75,8.83,187.32,48.55
F136,C2917,2024-02-08,Local,10,Anuradhapura,6,3,Sick,Medium,35.51,4.05,9.11,175.18,30.87
F294,C2918,2024-12-06,Jersey,3,Matale,3,0,Healthy,High,332.13,4.79,8.42,185.42,346.5
F403,C2919,2024-07-27,Jersey,3,Polonnaruwa,8,2,Sick,High,193.17,4.62,9.18,193.63,192.57
F239,C2920,2024-11-27,Jersey,4,Anuradhapura,3,0,Healthy,Low,313.81,4.28,8.77,184.3,306.44
F269,C2921,2024-01-13,Local,2,Badulla,4,1,At_Risk,Medium,63.44,3.56,8.79,166.55,54.66
F16,C2922,2024-11-10,Crossbreed,3,Nuwara Eliya,2,3,Sick,Low,61.44,4.23,9.12,190.58,56.91
F467,C2923,2024-08-09,Jersey,2,Nuwara Eliya,1,1,At_Risk,Low,193.16,4.65,8.79,177.4,187.14
F293,C2924,2024-01-22,Holstein,2,Kurunegala,2,3,Sick,High,217.39,3.89,8.45,188.67,221.46
F479,C2925,2024-10-24,Jersey,4,Kurunegala,6,0,Healthy,Low,318.58,3.62,8.55,185.24,318.89
F168,C2926,2024-03-27,Jersey,7,Kurunegala,8,0,Healthy,Medium,275.14,3.98,8.61,185.43,270.21
F417,C2927,2024-08-04,Jersey,3,Kandy,4,0,Healthy,Low,306.78,4.4,8.42,182.67,273.95
F482,C2928,2024-04-29,Jersey,9,Kandy,2,0,Healthy,Low,246.24,4.32,8.79,173.74,217.02
F14,C2929,2024-03-17,Jersey,8,Badulla,2,2,Sick,Medium,230.89,4.63,8.42,177.34,214.28
F142,C2930,2024-05-08,Jersey,9,Kurunegala,10,0,Healthy,Medium,194.62,4.01,8.51,172.8,191.98
F404,C2931,2024-06-09,Jersey,4,Anuradhapura,2,1,At_Risk,Medium,252.79,4.21,8.45,182.53,236.7
F351,C2932,2024-01-07,Holstein,10,Polonnaruwa,5,2,Sick,Low,358.77,4.42,8.65,180.43,314.95
F127,C2933,2024-02-18,Holstein,9,Monaragala,7,2,Sick,Low,201.21,4.2,8.57,174.94,196.14
F83,C2934,2024-04-21,Crossbreed,2,Polonnaruwa,9,0,Healthy,Low,180.09,3.99,8.94,170.51,186.74
F159,C2935,2024-07-11,Jersey,6,Badulla,9,0,Healthy,Low,203.02,3.94,8.3,188.53,177.92
F457,C2936,2024-07-28,Local,3,Nuwara Eliya,8,0,Healthy,High,99.79,4.13,8.88,181.5,87.14
F432,C2937,2024-01-09,Holstein,9,Badulla,7,0,Healthy,High,413.16,3.67,8.21,172.31,409.99
F221,C2938,2024-05-14,Local,6,Kandy,2,3,Sick,Medium,34.31,4.46,8.27,175.75,32.25
F417,C2939,2024-07-25,Crossbreed,6,Badulla,3,0,Healthy,Medium,234.22,3.97,8.76,177.95,202.56
F456,C2940,2024-12-26,Local,8,Matale,1,0,Healthy,Low,87.41,4.53,8.54,183.04,78.19
F227,C2941,2024-08-06,Jersey,2,Polonnaruwa,9,0,Healthy,High,225.5,4.28,8.91,173.94,202.44
F342,C2942,2024-05-15,Crossbreed,3,Kurunegala,1,1,At_Risk,Low,207.86,3.81,8.47,169.98,217.16
F189,C2943,2024-04-12,Holstein,2,Kandy,2,0,Healthy,Low,353.93,3.75,8.96,168.72,337.84
F37,C2944,2024-07-31,Holstein,4,Anuradhapura,3,0,Healthy,Medium,522.56,4.11,8.53,176.4,474.59
F294,C2945,2024-06-30,Holstein,4,Matale,9,0,Healthy,Low,241.5,3.74,8.39,181.27,238.37
F167,C2946,2024-07-07,Crossbreed,5,Polonnaruwa,10,1,At_Risk,Low,136.23,4.32,8.8,187.99,135.73
F485,C2947,2024-02-18,Crossbreed,10,Anuradhapura,1,1,At_Risk,Medium,152.48,4.05,8.49,173.47,157.06
F282,C2948,2024-05-14,Local,7,Monaragala,10,0,Healthy,Medium,59.01,4.48,8.65,187.48,57.37
F7,C2949,2024-11-09,Jersey,4,Kandy,2,0,Healthy,High,318.88,4.52,8.65,181.66,275.83
F446,C2950,2024-01-12,Crossbreed,4,Matale,2,0,Healthy,Medium,229.2,4.6,8.84,191.4,221.22
F238,C2951,2024-08-04,Jersey,2,Kurunegala,2,0,Healthy,High,345.78,4.38,8.85,174.98,346.11
F280,C2952,2024-10-12,Jersey,7,Anuradhapura,2,3,Sick,Medium,153.26,3.51,9.09,166.6,138.86
F435,C2953,2024-05-15,Jersey,9,Nuwara Eliya,3,2,Sick,High,173.39,4.03,9.02,184.21,156.15
F447,C2954,2024-04-13,Crossbreed,4,Kurunegala,1,3,Sick,High,95.25,3.79,8.56,187.43,91.66
F411,C2955,2024-02-16,Jersey,6,Matale,7,2,Sick,Low,166.37,4.36,8.75,179.17,159.34
F29,C2956,2024-07-07,Local,9,Monaragala,6,2,Sick,Medium,35.44,3.62,8.54,168.56,32.95
F406,C2957,2024-09-22,Local,2,Kurunegala,5,2,Sick,Low,46.0,4.72,8.59,186.68,41.68
F286,C2958,2024-09-05,Jersey,9,Nuwara Eliya,2,1,At_Risk,Low,258.86,3.94,8.36,171.45,256.47
F435,C2959,2024-06-14,Holstein,7,Kurunegala,5,0,Healthy,Low,447.61,3.9,8.92,178.83,400.76
F481,C2960,2024-08-25,Crossbreed,10,Kurunegala,4,0,Healthy,Low,154.59,3.86,9.19,174.0,135.06
F286,C2961,2024-08-27,Crossbreed,8,Kandy,3,3,Sick,Medium,84.57,4.6,9.2,187.77,83.28
F269,C2962,2024-04-18,Jersey,9,Matale,7,0,Healthy,Medium,253.2,3.87,9.06,177.13,245.78
F449,C2963,2024-09-30,Holstein,10,Nuwara Eliya,2,3,Sick,High,178.36,4.5,8.57,182.94,160.15
F143,C2964,2024-11-28,Jersey,7,Kurunegala,5,0,Healthy,Medium,251.35,4.53,8.67,191.38,255.44
F199,C2965,2024-01-20,Jersey,10,Badulla,1,0,Healthy,Low,347.56,4.71,8.25,188.97,322.58
F280,C2966,2024-09-16,Crossbreed,4,Badulla,3,0,Healthy,Medium,244.71,4.22,9.15,174.23,248.36
F235,C2967,2024-11-22,Jersey,6,Badulla,8,0,Healthy,Low,287.29,4.02,9.08,172.4,251.9
F186,C2968,2024-04-26,Local,5,Monaragala,10,0,Healthy,Low,46.02,4.05,8.95,187.3,40.14
F361,C2969,2024-05-20,Local,4,Kandy,3,2,Sick,Medium,48.08,4.46,8.76,178.49,46.58
F159,C2970,2024-01-11,Holstein,4,Monaragala,6,0,Healthy,High,446.72,4.2,8.53,182.78,430.22
F155,C2971,2024-08-18,Jersey,8,Kurunegala,3,0,Healthy,High,315.15,4.2,9.09,184.66,308.41
F386,C2972,2024-09-21,Local,10,Kurunegala,3,0,Healthy,Low,119.98,3.54,8.6,167.5,115.43
F171,C2973,2024-09-02,Local,3,Monaragala,10,0,Healthy,Medium,49.0,3.83,8.82,184.6,45.37
F301,C2974,2024-07-13,Local,6,Matale,9,0,Healthy,Medium,76.23,3.69,9.05,171.87,76.18
F395,C2975,2024-04-10,Jersey,6,Kandy,3,1,At_Risk,Low,301.86,4.68,8.29,183.42,314.44
F479,C2976,2024-03-31,Crossbreed,7,Matale,2,2,Sick,High,106.56,4.18,8.8,179.05,95.91
F184,C2977,2024-07-31,Jersey,6,Anuradhapura,10,0,Healthy,Medium,195.53,3.69,8.8,176.44,204.35
F413,C2978,2024-08-05,Holstein,6,Nuwara Eliya,8,0,Healthy,Low,344.77,3.71,9.2,173.0,353.14
F418,C2979,2024-11-19,Crossbreed,5,Matale,4,1,At_Risk,High,132.77,3.93,8.48,184.33,138.64
F168,C2980,2024-12-25,Crossbreed,6,Kandy,2,0,Healthy,Medium,163.61,4.27,8.48,191.85,154.03
F55,C2981,2024-09-05,Local,5,Anuradhapura,9,0,Healthy,High,41.99,4.28,9.07,186.52,36.76
F233,C2982,2024-01-05,Jersey,7,Nuwara Eliya,6,3,Sick,Medium,117.9,4.45,8.61,184.55,102.18
F429,C2983,2024-09-16,Holstein,2,Anuradhapura,4,0,Healthy,High,434.95,4.34,8.23,185.28,427.95
F342,C2984,2024-11-21,Local,3,Monaragala,7,0,Healthy,Low,58.54,3.67,8.83,173.26,50.08
F135,C2985,2024-11-01,Holstein,7,Matale,9,0,Healthy,High,342.61,4.21,9.06,178.79,293.49
F381,C2986,2024-06-05,Holstein,4,Badulla,7,0,Healthy,Low,317.87,4.0,9.13,174.59,317.67
F370,C2987,2024-08-24,Crossbreed,7,Polonnaruwa,2,3,Sick,Low,81.18,4.17,8.67,190.26,82.51
F272,C2988,2024-11-26,Local,5,Matale,6,2,Sick,Medium,47.5,3.53,8.26,178.86,48.63
F447,C2989,2024-10-08,Local,8,Kandy,8,0,Healthy,Medium,86.03,3.75,8.62,179.99,80.97
F396,C2990,2024-05-31,Local,4,Badulla,8,2,Sick,High,46.89,4.15,8.9,172.12,47.08
F124,C2991,2024-09-22,Crossbreed,8,Badulla,6,0,Healthy,Medium,187.13,3.98,8.77,178.96,169.15
F107,C2992,2024-02-04,Holstein,4,Kurunegala,2,1,At_Risk,Medium,424.62,4.67,8.31,194.56,424.99
F54,C2993,2024-08-15,Local,3,Badulla,7,0,Healthy,Low,76.09,4.05,9.12,177.69,69.11
F84,C2994,2024-04-03,Local,9,Kurunegala,8,0,Healthy,Medium,83.67,4.38,8.66,175.42,83.28
F105,C2995,2024-06-13,Holstein,6,Badulla,6,0,Healthy,Low,477.37,4.38,8.59,193.37,463.99
F96,C2996,2024-01-18,Crossbreed,7,Monaragala,4,0,Healthy,Low,240.65,3.84,8.56,178.18,212.55
F364,C2997,2024-02-28,Holstein,6,Kandy,8,0,Healthy,Medium,327.95,4.32,8.86,192.04,321.97
F154,C2998,2024-03-12,Holstein,2,Matale,7,1,At_Risk,Medium,262.0,4.52,8.7,188.18,236.64
F387,C2999,2024-12-20,Jersey,3,Anuradhapura,1,3,Sick,Low,136.65,3.63,8.93,167.16,120.77
F352,C3000,2024-12-21,Local,5,Matale,8,1,At_Risk,Medium,81.8,3.79,9.19,170.97,80.28
F402,C3001,2024-10-04,Crossbreed,5,Kurunegala,5,0,Healthy,Medium,155.54,4.06,8.86,178.33,138.29
F495,C3002,2024-11-09,Crossbreed,5,Matale,7,2,Sick,Low,93.3,4.12,8.62,184.51,91.6
F273,C3003,2024-03-15,Holstein,9,Monaragala,9,3,Sick,Low,164.45,4.02,9.19,171.24,154.05
F7,C3004,2024-06-30,Jersey,8,Monaragala,7,0,Healthy,High,278.15,3.61,8.82,170.93,270.21
F383,C3005,2024-11-28,Holstein,10,Nuwara Eliya,7,0,Healthy,Medium,301.53,4.04,8.51,176.77,296.64
F170,C3006,2024-05-09,Jersey,5,Polonnaruwa,3,2,Sick,Medium,230.64,4.29,8.82,180.16,224.54
F263,C3007,2024-07-30,Holstein,4,Anuradhapura,6,2,Sick,Medium,279.8,4.02,8.39,182.4,264.14
F299,C3008,2024-04-04,Crossbreed,9,Matale,8,3,Sick,Low,59.35,3.86,8.26,172.49,61.98
F72,C3009,2024-09-05,Crossbreed,4,Kurunegala,4,1,At_Risk,High,200.37,3.52,8.67,180.06,201.56
F222,C3010,2024-11-19,Holstein,6,Badulla,1,1,At_Risk,High,392.69,3.71,9.16,178.21,400.4
F290,C3011,2024-08-11,Jersey,9,Kandy,9,1,At_Risk,High,202.69,4.49,8.58,186.26,207.59
F395,C3012,2024-09-03,Local,6,Polonnaruwa,6,0,Healthy,Medium,55.68,3.72,8.57,178.48,51.02
F469,C3013,2024-07-05,Holstein,6,Kurunegala,8,3,Sick,Low,196.22,3.71,8.78,177.94,180.54
F428,C3014,2024-11-24,Crossbreed,4,Nuwara Eliya,1,1,At_Risk,Low,166.9,4.43,8.24,185.57,169.28
F457,C3015,2024-12-05,Local,5,Matale,9,0,Healthy,High,66.42,4.35,8.29,185.05,62.55
F428,C3016,2024-02-12,Crossbreed,3,Badulla,5,3,Sick,Low,77.17,4.52,9.03,195.09,79.09
F238,C3017,2024-05-11,Crossbreed,6,Polonnaruwa,9,0,Healthy,High,102.57,4.31,8.78,177.18,87.95
F359,C3018,2024-01-25,Crossbreed,5,Badulla,5,0,Healthy,Low,260.48,3.75,8.62,178.65,252.04
F197,C3019,2024-11-13,Jersey,6,Nuwara Eliya,3,2,Sick,Medium,168.86,3.66,8.32,186.48,162.5
F374,C3020,2024-10-04,Jersey,9,Badulla,9,3,Sick,Medium,106.91,4.78,8.99,183.72,110.14
F410,C3021,2024-07-19,Local,5,Polonnaruwa,7,2,Sick,Medium,37.05,3.69,8.32,168.72,36.56
F210,C3022,2024-01-14,Local,8,Kurunegala,2,0,Healthy,Medium,69.96,3.66,8.69,180.99,69.56
F410,C3023,2024-10-05,Holstein,5,Matale,10,2,Sick,Medium,221.56,3.6,8.79,182.42,197.1
F325,C3024,2024-11-19,Crossbreed,10,Nuwara Eliya,1,0,Healthy,High,231.54,3.62,8.72,175.07,202.85
F82,C3025,2024-05-02,Crossbreed,5,Badulla,9,0,Healthy,High,151.14,4.37,8.44,185.66,137.59
F297,C3026,2024-12-26,Jersey,3,Matale,9,1,At_Risk,High,217.01,4.04,9.08,179.36,190.14
F390,C3027,2024-09-28,Crossbreed,5,Nuwara Eliya,2,1,At_Risk,Low,131.65,3.82,8.63,174.83,120.8
F153,C3028,2024-09-01,Holstein,4,Badulla,4,2,Sick,Low,362.0,4.62,8.77,189.12,364.58
F481,C3029,2024-11-06,Crossbreed,2,Badulla,9,0,Healthy,High,165.91,4.49,9.02,178.71,150.84
F302,C3030,2024-07-05,Jersey,6,Polonnaruwa,4,0,Healthy,Low,300.58,4.17,9.0,179.65,277.89
F455,C3031,2024-08-04,Crossbreed,9,Matale,3,0,Healthy,Medium,241.66,4.46,9.01,184.08,213.48
F462,C3032,2024-02-13,Local,3,Matale,8,0,Healthy,High,91.67,3.8,8.36,180.46,78.75
F42,C3033,2024-04-19,Holstein,2,Nuwara Eliya,5,3,Sick,High,263.03,4.13,8.5,185.91,266.47
F472,C3034,2024-09-02,Holstein,7,Monaragala,4,0,Healthy,Medium,439.29,3.7,9.0,177.66,388.94
F292,C3035,2024-10-17,Crossbreed,2,Kandy,4,1,At_Risk,Low,165.11,4.17,8.79,189.49,163.45
F335,C3036,2024-05-21,Jersey,6,Polonnaruwa,2,1,At_Risk,Medium,301.96,3.95,9.08,169.94,287.71
F490,C3037,2024-12-04,Jersey,10,Matale,2,2,Sick,High,202.99,3.54,8.91,182.64,209.56
F12,C3038,2024-12-11,Holstein,3,Kandy,5,0,Healthy,Low,430.05,4.31,8.8,192.21,439.91
F158,C3039,2024-07-04,Crossbreed,4,Kandy,5,0,Healthy,Low,192.39,3.94,8.96,170.73,189.82
F304,C3040,2024-10-07,Crossbreed,6,Kandy,5,0,Healthy,Low,213.29,4.29,9.13,180.58,193.61
F351,C3041,2024-12-15,Local,4,Nuwara Eliya,8,3,Sick,High,44.16,4.41,9.11,193.37,41.13
F11,C3042,2024-03-02,Holstein,9,Anuradhapura,6,3,Sick,Low,197.94,4.57,8.32,179.58,172.47
F73,C3043,2024-07-24,Jersey,10,Kurunegala,8,0,Healthy,High,240.05,3.89,9.17,174.67,229.78
F390,C3044,2024-09-04,Jersey,10,Nuwara Eliya,8,2,Sick,Medium,141.18,4.01,8.97,188.2,121.48
F321,C3045,2024-12-06,Local,8,Anuradhapura,7,1,At_Risk,Medium,46.1,3.74,8.62,176.65,43.84
F10,C3046,2024-06-14,Holstein,8,Nuwara Eliya,2,0,Healthy,High,453.1,4.14,8.92,182.61,425.32
F190,C3047,2024-05-20,Jersey,2,Anuradhapura,9,0,Healthy,Medium,200.13,4.31,8.23,181.84,208.83
F453,C3048,2024-12-07,Jersey,4,Kurunegala,4,0,Healthy,Low,326.08,3.57,8.44,181.2,293.97
F255,C3049,2024-10-28,Holstein,2,Anuradhapura,6,0,Healthy,High,313.17,3.69,9.16,179.17,322.51
F426,C3050,2024-03-12,Jersey,2,Polonnaruwa,7,0,Healthy,Low,247.56,3.8,9.09,180.95,242.61
F304,C3051,2024-11-05,Jersey,9,Kandy,3,3,Sick,Medium,179.69,4.37,9.13,181.79,185.41
F428,C3052,2024-11-29,Jersey,10,Kandy,1,1,At_Risk,High,213.47,4.02,8.69,174.5,221.4
F121,C3053,2024-12-15,Jersey,2,Polonnaruwa,8,1,At_Risk,Medium,270.96,3.84,8.41,186.93,266.71
F445,C3054,2024-10-12,Crossbreed,5,Kurunegala,5,1,At_Risk,High,140.82,4.09,8.66,181.67,121.25
F115,C3055,2024-04-03,Holstein,10,Nuwara Eliya,7,0,Healthy,High,374.85,3.53,8.38,167.51,344.58
F439,C3056,2024-07-15,Local,6,Monaragala,10,1,At_Risk,High,43.28,3.85,9.01,188.11,41.32
F418,C3057,2024-12-08,Local,7,Matale,10,3,Sick,Low,22.04,4.05,8.4,173.19,20.91
F98,C3058,2024-12-12,Crossbreed,2,Matale,1,0,Healthy,Low,188.55,4.32,8.63,175.72,172.48
F131,C3059,2024-08-03,Jersey,10,Kandy,3,0,Healthy,High,298.61,4.48,9.11,186.63,266.96
F375,C3060,2024-09-15,Jersey,4,Matale,6,0,Healthy,Medium,312.89,3.76,8.52,168.83,283.19
F294,C3061,2024-04-18,Jersey,6,Monaragala,3,0,Healthy,High,381.12,4.17,8.36,187.19,355.39
F137,C3062,2024-07-13,Crossbreed,7,Badulla,6,3,Sick,High,93.05,4.79,8.65,180.72,93.57
F477,C3063,2024-02-13,Jersey,9,Monaragala,2,0,Healthy,High,293.94,4.61,9.06,176.61,285.22
F336,C3064,2024-10-22,Holstein,3,Matale,3,3,Sick,Medium,207.6,4.38,9.08,176.4,206.54
F347,C3065,2024-04-30,Jersey,9,Anuradhapura,10,0,Healthy,Medium,165.76,4.37,8.57,181.75,157.24
F247,C3066,2024-11-24,Holstein,2,Kurunegala,7,2,Sick,High,286.14,4.54,8.32,192.14,273.48
F215,C3067,2024-01-15,Crossbreed,8,Anuradhapura,10,0,Healthy,Low,121.62,3.72,8.3,176.23,109.33
F397,C3068,2024-05-01,Local,4,Polonnaruwa,9,2,Sick,Medium,33.27,3.53,8.41,178.95,28.37
F131,C3069,2024-01-01,Local,5,Badulla,5,0,Healthy,Medium,99.48,4.67,8.98,185.94,100.7
F278,C3070,2024-05-23,Local,2,Badulla,9,3,Sick,Medium,19.0,4.28,9.08,174.4,19.28
F266,C3071,2024-11-12,Crossbreed,8,Kandy,5,0,Healthy,High,182.25,3.86,9.02,188.34,166.64
F450,C3072,2024-12-05,Local,7,Anuradhapura,2,1,At_Risk,High,64.89,3.76,8.85,180.9,58.66
F338,C3073,2024-08-11,Jersey,3,Nuwara Eliya,5,0,Healthy,Medium,348.85,4.0,8.67,174.23,318.3
F260,C3074,2024-01-20,Crossbreed,3,Badulla,4,3,Sick,Low,124.96,4.48,9.18,177.07,116.6
F298,C3075,2024-01-29,Crossbreed,6,Matale,3,0,Healthy,High,219.42,4.69,9.15,181.54,218.3
F400,C3076,2024-01-05,Local,7,Monaragala,9,0,Healthy,High,47.81,3.98,8.51,175.91,48.34
F120,C3077,2024-02-22,Local,4,Kandy,1,0,Healthy,Low,83.27,4.42,8.93,177.49,83.24
F153,C3078,2024-05-04,Jersey,10,Polonnaruwa,6,1,At_Risk,High,222.21,3.69,8.24,170.09,230.72
F27,C3079,2024-02-24,Jersey,6,Monaragala,9,1,At_Risk,High,161.55,4.27,8.34,180.79,161.11
F408,C3080,2024-10-14,Jersey,2,Matale,9,0,Healthy,Low,203.63,3.61,8.32,185.1,207.77
F403,C3081,2024-05-11,Local,6,Anuradhapura,1,3,Sick,Low,26.02,4.29,8.3,178.58,25.0
F409,C3082,2024-02-03,Holstein,3,Kandy,6,0,Healthy,Medium,497.88,3.93,8.6,187.46,479.57
F368,C3083,2024-08-15,Jersey,7,Nuwara Eliya,2,0,Healthy,Low,348.96,4.23,8.46,172.92,336.58
F399,C3084,2024-07-05,Local,9,Badulla,10,0,Healthy,Medium,65.5,4.42,9.05,184.93,58.34
F304,C3085,2024-10-08,Jersey,6,Badulla,5,0,Healthy,High,298.15,4.19,8.75,173.69,291.26
F261,C3086,2024-07-04,Crossbreed,4,Anuradhapura,4,0,Healthy,High,234.51,3.68,8.88,167.98,239.05
F129,C3087,2024-10-08,Local,10,Badulla,9,1,At_Risk,Low,62.01,4.42,8.72,193.79,54.76
F456,C3088,2024-09-11,Holstein,8,Kurunegala,6,0,Healthy,High,501.72,4.78,9.13,196.7,495.91
F243,C3089,2024-09-18,Local,2,Monaragala,4,2,Sick,High,46.88,4.59,9.16,180.15,47.27
F290,C3090,2024-07-26,Local,4,Nuwara Eliya,10,0,Healthy,Low,64.43,4.29,8.35,181.19,57.41
F500,C3091,2024-08-19,Jersey,9,Kandy,7,0,Healthy,Low,303.41,4.04,8.39,185.44,264.65
F170,C3092,2024-05-29,Jersey,7,Kurunegala,8,1,At_Risk,Low,212.56,3.82,8.36,170.9,190.69
F64,C3093,2024-04-28,Jersey,5,Matale,3,0,Healthy,High,397.2,4.7,9.17,179.85,363.73
F397,C3094,2024-01-03,Local,10,Badulla,5,0,Healthy,High,90.55,3.64,8.74,182.79,90.08
F121,C3095,2024-04-28,Local,2,Kandy,7,0,Healthy,Low,64.49,4.66,8.3,184.83,66.28
F20,C3096,2024-09-19,Crossbreed,6,Nuwara Eliya,5,1,At_Risk,Low,142.35,4.74,8.79,189.93,121.79
F29,C3097,2024-12-23,Jersey,6,Kurunegala,9,3,Sick,High,88.91,4.65,8.35,195.22,86.24
F28,C3098,2024-06-03,Local,10,Matale,7,0,Healthy,Medium,77.68,3.54,8.5,172.32,74.7
F298,C3099,2024-01-18,Jersey,7,Nuwara Eliya,5,1,At_Risk,High,242.49,4.5,8.22,189.32,231.68
F386,C3100,2024-10-03,Jersey,7,Badulla,2,1,At_Risk,Low,268.25,4.0,8.57,170.09,279.02
F141,C3101,2024-10-30,Crossbreed,2,Badulla,9,0,Healthy,Medium,171.58,4.18,8.24,176.26,169.79
F320,C3102,2024-01-25,Crossbreed,10,Matale,1,0,Healthy,Medium,197.3,3.52,9.08,180.98,204.53
F279,C3103,2024-06-17,Local,5,Monaragala,9,2,Sick,Medium,44.13,4.69,9.06,196.79,40.2
F446,C3104,2024-09-20,Crossbreed,10,Badulla,7,1,At_Risk,High,158.59,3.6,9.04,185.22,144.64
F396,C3105,2024-06-04,Jersey,10,Monaragala,3,1,At_Risk,Medium,274.0,3.91,8.3,187.67,272.09
F319,C3106,2024-04-20,Crossbreed,5,Kandy,10,1,At_Risk,High,104.55,3.78,8.39,174.98,94.79
F112,C3107,2024-01-24,Local,10,Polonnaruwa,7,0,Healthy,High,91.45,3.65,8.92,169.4,83.47
F82,C3108,2024-06-04,Holstein,2,Monaragala,4,0,Healthy,Medium,381.9,4.75,8.58,188.04,345.63
F324,C3109,2024-06-29,Jersey,8,Monaragala,8,0,Healthy,Medium,296.4,3.79,8.42,171.42,283.53
F123,C3110,2024-02-16,Crossbreed,7,Matale,3,2,Sick,Medium,140.83,3.7,8.27,168.26,139.67
F89,C3111,2024-05-14,Holstein,3,Matale,3,0,Healthy,Low,442.65,3.75,9.13,179.13,438.65
F310,C3112,2024-06-03,Jersey,4,Nuwara Eliya,3,0,Healthy,Medium,346.41,3.57,8.47,169.87,341.75
F328,C3113,2024-01-27,Local,9,Anuradhapura,10,1,At_Risk,Medium,54.56,4.69,8.26,180.25,50.04
F4,C3114,2024-03-30,Holstein,10,Matale,5,0,Healthy,High,546.69,3.82,8.88,186.21,491.48
F160,C3115,2024-02-10,Crossbreed,8,Polonnaruwa,9,1,At_Risk,High,106.04,3.9,8.32,187.67,90.7
F259,C3116,2024-11-13,Crossbreed,3,Matale,9,3,Sick,Low,75.02,3.72,8.92,176.91,74.25
F143,C3117,2024-03-10,Jersey,7,Polonnaruwa,7,1,At_Risk,High,249.44,3.69,8.55,178.62,231.26
F98,C3118,2024-05-05,Jersey,4,Matale,10,0,Healthy,Low,258.83,4.27,9.01,180.85,240.06
F131,C3119,2024-10-24,Holstein,4,Nuwara Eliya,7,0,Healthy,Low,413.3,3.93,8.51,174.93,407.1
F387,C3120,2024-12-04,Holstein,7,Kurunegala,9,0,Healthy,Low,355.26,4.19,8.96,180.65,350.41
F52,C3121,2024-12-04,Holstein,8,Nuwara Eliya,7,2,Sick,High,312.5,4.19,8.3,174.61,323.7
F247,C3122,2024-03-19,Holstein,7,Badulla,4,0,Healthy,Medium,432.74,3.54,9.03,175.23,403.44
F7,C3123,2024-09-02,Crossbreed,10,Polonnaruwa,4,0,Healthy,High,250.17,4.4,8.56,180.42,215.82
F221,C3124,2024-12-03,Jersey,10,Monaragala,7,0,Healthy,Low,318.01,4.16,8.58,174.83,327.24
F387,C3125,2024-07-15,Holstein,7,Monaragala,1,1,At_Risk,Medium,401.38,4.1,8.63,174.72,420.71
F409,C3126,2024-10-02,Holstein,7,Nuwara Eliya,4,2,Sick,Low,237.14,4.11,8.26,180.62,230.66
F80,C3127,2024-04-15,Local,3,Matale,5,1,At_Risk,Low,93.49,4.41,8.29,189.34,83.89
F85,C3128,2024-11-08,Local,7,Monaragala,2,0,Healthy,Low,69.87,3.53,8.67,180.67,61.76
F239,C3129,2024-06-27,Holstein,3,Badulla,3,0,Healthy,High,363.89,4.38,8.85,189.83,341.78
F383,C3130,2024-09-04,Holstein,4,Nuwara Eliya,3,2,Sick,High,353.29,3.89,8.27,172.43,342.75
F351,C3131,2024-11-12,Jersey,4,Badulla,5,0,Healthy,High,328.51,3.65,9.16,176.64,339.32
F91,C3132,2024-09-06,Jersey,3,Polonnaruwa,6,1,At_Risk,Low,196.69,4.4,8.22,177.02,190.42
F389,C3133,2024-07-07,Local,10,Polonnaruwa,8,2,Sick,Medium,65.19,4.66,8.99,190.5,56.98
F93,C3134,2024-04-21,Local,8,Monaragala,2,3,Sick,Low,47.37,4.79,8.77,180.16,41.64
F277,C3135,2024-05-08,Local,3,Badulla,6,0,Healthy,High,77.46,3.98,9.19,187.04,81.33
F349,C3136,2024-02-08,Holstein,9,Badulla,2,0,Healthy,Medium,440.07,3.79,8.84,186.65,453.29
F443,C3137,2024-06-04,Jersey,6,Nuwara Eliya,1,0,Healthy,Low,247.84,3.97,8.85,185.96,224.95
F242,C3138,2024-09-15,Holstein,9,Kurunegala,10,0,Healthy,Medium,276.14,4.32,9.08,182.3,284.15
F232,C3139,2024-07-30,Local,5,Anuradhapura,8,0,Healthy,High,93.42,3.63,8.28,184.51,90.17
F436,C3140,2024-05-20,Jersey,8,Anuradhapura,5,0,Healthy,High,313.09,4.32,8.71,173.57,302.54
F171,C3141,2024-09-26,Jersey,3,Kandy,1,2,Sick,Low,211.19,4.5,8.24,192.9,190.01
F337,C3142,2024-03-17,Crossbreed,3,Matale,3,1,At_Risk,Medium,152.14,4.28,9.0,188.92,135.32
F359,C3143,2024-01-31,Crossbreed,10,Anuradhapura,9,2,Sick,Medium,92.0,4.42,8.22,186.37,90.37
F156,C3144,2024-06-23,Crossbreed,6,Nuwara Eliya,6,1,At_Risk,Medium,187.59,3.66,8.32,169.0,171.84
F24,C3145,2024-06-11,Local,9,Nuwara Eliya,6,3,Sick,Medium,37.16,3.78,9.13,178.36,38.21
F413,C3146,2024-04-01,Jersey,2,Kurunegala,7,0,Healthy,High,235.86,4.26,8.61,185.69,234.62
F11,C3147,2024-01-16,Jersey,7,Monaragala,10,1,At_Risk,Low,212.06,3.93,9.06,188.21,212.97
F167,C3148,2024-01-02,Jersey,2,Kandy,6,0,Healthy,Low,234.99,4.21,8.77,188.61,238.03
F99,C3149,2024-06-08,Crossbreed,3,Badulla,8,1,At_Risk,Low,127.96,4.0,9.06,174.32,116.0
F288,C3150,2024-04-20,Jersey,4,Polonnaruwa,7,0,Healthy,Low,307.6,3.84,8.85,182.38,290.68
F301,C3151,2024-01-31,Holstein,9,Nuwara Eliya,10,0,Healthy,High,257.29,3.98,8.87,183.75,264.07
F344,C3152,2024-02-13,Crossbreed,5,Matale,8,0,Healthy,Low,176.61,4.67,8.56,186.31,158.72
F475,C3153,2024-03-13,Local,7,Matale,7,3,Sick,Medium,45.88,4.51,8.68,175.3,42.57
F479,C3154,2024-02-10,Local,10,Nuwara Eliya,10,3,Sick,Low,17.96,4.43,8.61,188.58,15.3
F440,C3155,2024-02-24,Crossbreed,9,Kandy,3,0,Healthy,Low,171.71,4.45,8.44,183.99,162.79
F287,C3156,2024-07-29,Local,7,Matale,1,0,Healthy,Low,64.46,4.48,8.68,177.99,61.29
F247,C3157,2024-02-25,Crossbreed,3,Monaragala,5,0,Healthy,High,238.15,4.17,8.8,178.23,240.99
F393,C3158,2024-12-16,Jersey,7,Badulla,3,0,Healthy,Low,295.76,4.16,9.08,185.43,270.82
F124,C3159,2024-02-18,Jersey,5,Badulla,10,1,At_Risk,Low,181.9,4.22,9.05,190.52,175.31
F498,C3160,2024-11-23,Holstein,7,Kurunegala,4,0,Healthy,Medium,372.27,3.65,9.1,175.42,326.77
F384,C3161,2024-03-05,Jersey,10,Kandy,1,1,At_Risk,High,193.54,4.79,8.69,187.42,164.82
F73,C3162,2024-08-20,Holstein,7,Kandy,3,0,Healthy,Medium,561.92,3.92,8.88,188.15,522.27
F118,C3163,2024-07-08,Holstein,10,Polonnaruwa,5,3,Sick,Low,234.23,4.36,8.63,190.5,212.36
F48,C3164,2024-09-01,Holstein,7,Kandy,9,0,Healthy,Medium,338.35,3.57,8.56,169.28,319.9
F251,C3165,2024-01-20,Holstein,6,Matale,9,2,Sick,Low,250.75,4.25,8.53,178.94,243.86
F445,C3166,2024-12-06,Crossbreed,3,Kandy,7,2,Sick,High,92.16,4.69,8.79,177.45,84.01
F348,C3167,2024-01-27,Local,6,Nuwara Eliya,10,0,Healthy,High,67.41,4.13,8.33,173.38,59.15
F377,C3168,2024-06-21,Jersey,3,Polonnaruwa,7,0,Healthy,Medium,247.75,4.58,8.35,188.13,225.23
F393,C3169,2024-12-13,Holstein,2,Kandy,10,0,Healthy,High,275.77,4.43,9.16,180.55,283.39
F422,C3170,2024-02-28,Crossbreed,9,Kandy,2,0,Healthy,Medium,183.2,4.67,9.1,179.25,170.67
F25,C3171,2024-01-04,Local,2,Monaragala,5,1,At_Risk,Low,77.21,4.27,8.3,182.25,79.41
F321,C3172,2024-01-11,Jersey,2,Kurunegala,10,0,Healthy,Medium,218.45,4.25,9.05,180.29,224.13
F148,C3173,2024-08-15,Holstein,6,Anuradhapura,9,2,Sick,High,175.93,3.51,8.35,184.81,153.37
F422,C3174,2024-03-16,Local,7,Nuwara Eliya,10,0,Healthy,Low,40.47,4.16,8.41,181.99,39.24
F66,C3175,2024-09-02,Holstein,7,Badulla,1,0,Healthy,Low,521.8,4.11,8.21,174.34,448.13
F83,C3176,2024-03-14,Holstein,9,Kurunegala,2,0,Healthy,High,418.74,3.93,8.99,171.18,365.69
F380,C3177,2024-03-17,Jersey,10,Monaragala,10,0,Healthy,Medium,213.03,3.52,8.77,183.06,220.56
F358,C3178,2024-10-25,Jersey,7,Nuwara Eliya,1,0,Healthy,Low,245.84,3.72,9.19,176.25,219.53
F28,C3179,2024-12-16,Local,7,Polonnaruwa,5,0,Healthy,Medium,94.62,3.65,8.66,176.96,84.19
F420,C3180,2024-06-04,Holstein,9,Polonnaruwa,10,0,Healthy,High,274.83,4.41,9.04,179.83,244.5
F498,C3181,2024-01-25,Jersey,6,Matale,2,0,Healthy,Medium,308.72,4.17,8.31,184.68,275.82
F371,C3182,2024-04-06,Holstein,3,Monaragala,10,1,At_Risk,Low,244.79,3.68,8.65,171.38,237.29
F455,C3183,2024-04-14,Holstein,7,Badulla,6,1,At_Risk,Medium,383.47,4.22,8.44,177.27,375.05
F407,C3184,2024-01-27,Local,10,Kandy,9,1,At_Risk,High,59.97,4.02,8.95,172.2,51.3
F56,C3185,2024-06-15,Local,9,Nuwara Eliya,8,0,Healthy,Medium,99.84,3.61,8.2,179.56,99.6
F318,C3186,2024-10-05,Holstein,3,Anuradhapura,2,2,Sick,Medium,339.61,4.51,8.43,184.37,325.3
F64,C3187,2024-07-28,Local,9,Badulla,10,1,At_Risk,Low,62.54,4.04,8.87,182.72,60.23
F25,C3188,2024-03-07,Jersey,3,Badulla,9,2,Sick,Medium,153.72,3.97,8.31,185.7,132.3
F127,C3189,2024-09-26,Crossbreed,7,Kandy,9,2,Sick,Low,117.32,3.75,8.49,179.69,105.22
F58,C3190,2024-09-19,Jersey,8,Kandy,4,0,Healthy,Low,365.94,3.81,9.17,178.31,355.11
F274,C3191,2024-10-04,Jersey,7,Kandy,4,2,Sick,High,165.66,4.26,8.98,180.12,155.87
F241,C3192,2024-03-15,Crossbreed,4,Kurunegala,9,0,Healthy,Low,125.6,3.96,8.51,189.18,121.19
F314,C3193,2024-10-27,Holstein,3,Matale,4,3,Sick,Low,197.54,4.08,9.16,182.97,195.15
F102,C3194,2024-08-17,Holstein,7,Polonnaruwa,2,0,Healthy,High,366.2,3.82,8.2,185.81,317.6
F60,C3195,2024-05-07,Crossbreed,4,Anuradhapura,1,1,At_Risk,Medium,213.5,3.69,8.3,175.67,194.04
F135,C3196,2024-01-02,Jersey,9,Polonnaruwa,8,1,At_Risk,Medium,236.24,3.81,9.11,173.65,231.58
F240,C3197,2024-07-31,Jersey,10,Kandy,5,0,Healthy,Medium,294.11,4.65,9.04,186.37,297.14
F133,C3198,2024-02-19,Crossbreed,8,Badulla,8,0,Healthy,Low,132.55,3.55,8.69,170.61,123.96
F167,C3199,2024-07-27,Jersey,4,Nuwara Eliya,10,1,At_Risk,High,218.13,3.63,8.66,174.68,220.84
F6,C3200,2024-02-11,Local,8,Kandy,10,1,At_Risk,Low,64.61,4.0,9.03,188.43,64.34
F179,C3201,2024-01-29,Holstein,8,Kandy,4,0,Healthy,High,458.6,4.27,8.87,177.76,474.5
F193,C3202,2024-11-22,Crossbreed,2,Monaragala,8,0,Healthy,Low,179.34,4.07,8.54,180.53,160.92
F289,C3203,2024-08-24,Local,4,Polonnaruwa,10,0,Healthy,Medium,45.8,3.59,8.4,182.98,46.97
F240,C3204,2024-03-13,Holstein,6,Monaragala,6,1,At_Risk,Medium,278.69,4.58,8.33,176.44,287.1
F282,C3205,2024-05-08,Local,5,Polonnaruwa,10,0,Healthy,High,51.34,4.54,8.62,187.63,44.28
F352,C3206,2024-10-07,Local,6,Matale,8,0,Healthy,Low,81.08,3.7,8.3,177.46,70.75
F302,C3207,2024-05-06,Jersey,2,Kandy,4,0,Healthy,Low,268.0,3.76,8.37,169.41,254.36
F83,C3208,2024-08-07,Holstein,2,Polonnaruwa,6,0,Healthy,Low,348.28,4.15,8.49,181.82,350.18
F429,C3209,2024-07-01,Local,2,Anuradhapura,9,0,Healthy,High,43.52,4.21,8.4,173.8,37.42
F451,C3210,2024-04-17,Jersey,7,Badulla,4,3,Sick,Low,163.7,3.58,8.71,177.05,142.54
F272,C3211,2024-12-09,Crossbreed,5,Kurunegala,10,0,Healthy,Low,113.27,4.39,8.62,175.74,104.37
F154,C3212,2024-11-25,Holstein,6,Kurunegala,4,2,Sick,Low,361.28,4.22,8.38,175.16,333.57
F125,C3213,2024-01-29,Jersey,6,Kurunegala,4,1,At_Risk,High,216.59,3.54,8.92,169.26,224.22
F442,C3214,2024-06-29,Crossbreed,10,Anuradhapura,4,0,Healthy,High,230.13,3.65,8.59,181.18,217.91
F247,C3215,2024-06-21,Holstein,4,Matale,8,2,Sick,High,277.85,3.98,8.24,174.45,281.63
F249,C3216,2024-06-29,Crossbreed,4,Badulla,2,0,Healthy,Medium,210.72,4.11,8.84,177.25,208.69
F121,C3217,2024-07-05,Crossbreed,5,Kandy,8,1,At_Risk,High,131.75,4.34,8.29,192.27,117.28
F358,C3218,2024-09-25,Holstein,4,Matale,2,2,Sick,Medium,235.38,3.62,8.55,168.92,201.57
F88,C3219,2024-02-19,Local,7,Monaragala,8,0,Healthy,High,88.27,3.98,8.53,187.58,90.91
F224,C3220,2024-06-04,Crossbreed,4,Anuradhapura,6,2,Sick,Medium,90.11,4.33,8.9,191.28,87.48
F329,C3221,2024-03-20,Jersey,2,Matale,1,3,Sick,Medium,157.59,4.35,8.86,178.44,153.89
F495,C3222,2024-04-09,Jersey,5,Anuradhapura,1,2,Sick,Medium,178.96,4.47,8.63,191.5,154.93
F20,C3223,2024-12-04,Local,10,Polonnaruwa,5,1,At_Risk,Medium,86.48,4.69,8.99,181.29,75.62
F210,C3224,2024-06-25,Holstein,10,Kurunegala,10,0,Healthy,Low,287.21,4.05,8.68,173.54,291.0
F43,C3225,2024-04-02,Jersey,2,Matale,1,1,At_Risk,Medium,266.02,3.57,8.22,172.75,243.7
F473,C3226,2024-01-12,Holstein,9,Matale,5,3,Sick,High,177.1,4.2,8.6,180.31,173.99
F326,C3227,2024-08-07,Local,9,Anuradhapura,9,0,Healthy,Medium,49.1,4.38,8.57,183.43,48.48
F98,C3228,2024-08-26,Holstein,7,Kurunegala,3,0,Healthy,Low,500.96,4.79,9.16,194.48,428.06
F43,C3229,2024-10-02,Local,8,Kandy,1,0,Healthy,Medium,83.4,3.73,9.03,182.84,84.5
F335,C3230,2024-06-29,Jersey,10,Monaragala,5,1,At_Risk,High,222.48,4.23,8.38,185.97,232.41
F288,C3231,2024-03-06,Holstein,2,Kandy,2,2,Sick,High,305.03,4.54,8.47,192.39,275.25
F2,C3232,2024-06-17,Local,4,Matale,4,0,Healthy,High,118.52,4.43,8.28,186.06,105.3
F470,C3233,2024-04-16,Local,6,Anuradhapura,7,0,Healthy,Low,82.66,4.66,8.39,178.34,71.2
F83,C3234,2024-04-02,Holstein,9,Kandy,7,1,At_Risk,Low,307.15,4.8,8.61,182.25,276.08
F335,C3235,2024-08-18,Local,6,Nuwara Eliya,5,1,At_Risk,High,73.78,4.69,9.1,185.21,66.83
F124,C3236,2024-05-15,Crossbreed,4,Anuradhapura,3,1,At_Risk,Medium,157.3,4.78,8.27,186.74,156.95
F243,C3237,2024-07-01,Holstein,9,Badulla,4,2,Sick,Low,357.62,4.48,9.05,187.19,349.2
F376,C3238,2024-08-05,Local,10,Monaragala,2,1,At_Risk,High,88.11,3.96,8.9,182.57,86.26
F193,C3239,2024-08-04,Jersey,10,Kurunegala,8,0,Healthy,Medium,248.55,4.27,8.58,184.87,224.26
F388,C3240,2024-06-14,Holstein,4,Kandy,1,0,Healthy,Medium,443.85,4.77,8.28,186.91,450.44
F301,C3241,2024-01-21,Local,5,Kandy,7,0,Healthy,Low,73.91,3.95,8.92,173.77,76.52
F173,C3242,2024-11-27,Local,5,Kandy,7,1,At_Risk,High,49.57,3.66,8.32,169.37,47.72
F58,C3243,2024-06-17,Jersey,9,Kurunegala,1,2,Sick,Medium,220.2,4.45,8.63,174.53,225.88
F47,C3244,2024-10-05,Crossbreed,4,Polonnaruwa,5,0,Healthy,Low,257.56,4.38,8.67,192.11,253.0
F39,C3245,2024-10-26,Holstein,10,Matale,3,1,At_Risk,High,486.85,3.58,9.09,170.59,449.37
F178,C3246,2024-09-18,Jersey,5,Badulla,5,0,Healthy,High,298.18,4.21,8.97,180.01,274.56
F408,C3247,2024-07-22,Crossbreed,8,Badulla,3,0,Healthy,Medium,242.94,3.85,8.65,186.4,228.08
F399,C3248,2024-05-14,Holstein,10,Anuradhapura,10,1,At_Risk,Low,314.46,4.59,8.99,176.18,284.58
F146,C3249,2024-10-12,Jersey,3,Kandy,4,0,Healthy,Medium,362.41,4.33,8.62,186.87,328.03
F251,C3250,2024-06-25,Holstein,6,Monaragala,7,1,At_Risk,Medium,253.44,4.21,8.6,178.16,224.09
F125,C3251,2024-05-31,Local,9,Matale,2,0,Healthy,Low,104.92,4.37,8.99,180.32,90.02
F479,C3252,2024-03-04,Local,8,Badulla,5,2,Sick,Medium,41.27,3.73,8.53,172.56,39.48
F447,C3253,2024-05-08,Jersey,6,Kandy,6,0,Healthy,High,243.19,4.75,8.61,192.05,246.73
F102,C3254,2024-03-29,Local,7,Kandy,2,0,Healthy,High,61.91,3.53,9.13,167.81,60.71
F297,C3255,2024-08-30,Crossbreed,2,Nuwara Eliya,6,0,Healthy,High,192.18,4.21,9.08,184.9,186.41
F96,C3256,2024-12-14,Crossbreed,3,Nuwara Eliya,2,0,Healthy,Low,219.31,4.53,8.57,191.1,224.03
F70,C3257,2024-02-07,Jersey,10,Kandy,3,2,Sick,High,223.35,4.23,8.81,190.9,218.77
F80,C3258,2024-12-23,Holstein,3,Nuwara Eliya,3,2,Sick,High,270.06,4.3,8.78,175.7,233.31
F26,C3259,2024-01-22,Local,7,Matale,2,3,Sick,High,27.2,4.25,8.52,183.61,27.34
F203,C3260,2024-01-06,Holstein,8,Matale,9,0,Healthy,High,265.64,4.26,9.16,174.67,258.08
F145,C3261,2024-11-26,Jersey,9,Matale,7,0,Healthy,High,336.79,3.66,9.14,179.29,321.77
F327,C3262,2024-10-13,Holstein,2,Kurunegala,4,0,Healthy,Low,515.15,3.97,8.23,189.18,503.31
F121,C3263,2024-07-02,Holstein,2,Badulla,5,1,At_Risk,Medium,410.9,3.77,8.34,182.88,430.81
F345,C3264,2024-03-29,Local,7,Monaragala,10,0,Healthy,Medium,73.03,4.39,8.55,182.45,65.17
F437,C3265,2024-10-11,Jersey,5,Polonnaruwa,8,1,At_Risk,Medium,239.09,4.29,8.75,176.88,249.86
F369,C3266,2024-10-26,Local,2,Badulla,10,3,Sick,Low,19.44,3.77,8.54,172.27,16.65
F467,C3267,2024-04-18,Crossbreed,3,Matale,8,2,Sick,High,109.42,4.25,8.47,175.96,98.4
F154,C3268,2024-12-08,Jersey,10,Kandy,3,1,At_Risk,High,283.15,4.29,8.67,179.39,260.47
F222,C3269,2024-04-30,Jersey,8,Anuradhapura,9,0,Healthy,High,225.39,3.77,9.06,185.02,216.27
F244,C3270,2024-05-12,Jersey,3,Matale,6,0,Healthy,Low,306.28,4.75,8.57,188.35,280.8
F427,C3271,2024-03-08,Jersey,6,Nuwara Eliya,3,3,Sick,Low,140.16,4.64,9.02,192.65,131.68
F363,C3272,2024-12-09,Local,7,Nuwara Eliya,9,3,Sick,Medium,32.94,3.82,8.51,178.78,33.16
F167,C3273,2024-05-26,Jersey,10,Nuwara Eliya,5,0,Healthy,Medium,375.54,4.62,8.25,184.17,382.26
F255,C3274,2024-11-08,Holstein,9,Anuradhapura,6,0,Healthy,Low,470.91,4.16,8.52,178.08,474.55
F453,C3275,2024-10-06,Jersey,6,Monaragala,4,0,Healthy,High,391.78,4.0,9.14,175.48,349.79
F219,C3276,2024-07-29,Crossbreed,8,Anuradhapura,2,1,At_Risk,High,161.29,3.66,9.04,174.94,162.53
F227,C3277,2024-12-25,Holstein,9,Badulla,5,0,Healthy,Medium,543.99,4.35,9.19,177.58,479.09
F426,C3278,2024-01-12,Jersey,3,Kandy,6,0,Healthy,Low,300.89,4.27,8.51,175.34,285.64
F447,C3279,2024-07-26,Local,10,Nuwara Eliya,8,0,Healthy,Low,74.43,4.73,9.1,191.33,67.44
F30,C3280,2024-12-11,Local,3,Kurunegala,4,0,Healthy,Medium,107.17,3.92,8.87,176.35,102.99
F46,C3281,2024-04-17,Holstein,9,Matale,9,0,Healthy,Medium,264.12,3.54,9.04,170.7,267.25
F359,C3282,2024-11-28,Crossbreed,5,Badulla,3,0,Healthy,High,207.44,3.56,8.72,181.51,197.45
F80,C3283,2024-07-02,Jersey,8,Badulla,9,2,Sick,Medium,123.14,3.97,8.33,171.74,109.35
F10,C3284,2024-01-03,Local,10,Polonnaruwa,6,2,Sick,Low,39.25,3.96,8.33,180.42,38.77
F122,C3285,2024-03-25,Local,3,Kandy,1,0,Healthy,High,94.97,4.05,8.4,177.66,85.46
F27,C3286,2024-04-28,Local,4,Kandy,4,0,Healthy,High,77.78,4.79,8.97,191.75,76.48
F263,C3287,2024-07-14,Jersey,7,Kandy,3,0,Healthy,Low,325.06,3.56,8.48,172.96,306.48
F383,C3288,2024-12-26,Jersey,6,Matale,10,1,At_Risk,High,141.67,3.84,8.37,172.15,141.38
F372,C3289,2024-08-21,Local,9,Polonnaruwa,4,0,Healthy,Low,100.88,3.65,8.94,169.8,104.48
F493,C3290,2024-09-12,Jersey,4,Polonnaruwa,10,3,Sick,Low,115.46,3.54,8.92,169.83,118.2
F189,C3291,2024-06-09,Local,10,Kurunegala,9,0,Healthy,High,39.94,3.56,8.23,181.61,37.89
F438,C3292,2024-11-01,Local,8,Badulla,4,2,Sick,Medium,54.29,4.12,8.64,181.83,53.47
F55,C3293,2024-12-15,Crossbreed,7,Monaragala,6,0,Healthy,High,231.0,3.58,8.75,167.55,208.25
F467,C3294,2024-11-21,Local,10,Monaragala,1,1,At_Risk,High,71.47,3.58,8.82,182.08,61.18
F50,C3295,2024-09-29,Crossbreed,3,Badulla,1,1,At_Risk,Low,126.93,3.99,8.46,177.12,113.94
F313,C3296,2024-08-09,Jersey,6,Kurunegala,3,0,Healthy,Low,326.18,4.34,8.76,180.71,279.1
F371,C3297,2024-08-03,Holstein,9,Kandy,10,0,Healthy,High,230.85,4.16,8.85,186.78,239.83
F111,C3298,2024-01-20,Crossbreed,4,Polonnaruwa,4,0,Healthy,Low,224.48,4.65,8.72,189.73,208.23
F478,C3299,2024-11-19,Holstein,7,Matale,2,1,At_Risk,High,336.44,3.75,8.57,184.58,347.0
F266,C3300,2024-05-13,Holstein,5,Anuradhapura,10,0,Healthy,Medium,348.75,3.76,9.01,169.27,349.23
F486,C3301,2024-07-09,Jersey,6,Kandy,10,1,At_Risk,Medium,186.2,4.73,8.43,178.47,185.83
F32,C3302,2024-10-03,Jersey,10,Anuradhapura,1,3,Sick,High,107.93,3.59,8.24,174.45,107.81
F450,C3303,2024-10-23,Holstein,6,Anuradhapura,2,2,Sick,Low,276.91,3.71,8.32,185.1,288.88
F370,C3304,2024-10-05,Holstein,9,Kurunegala,9,3,Sick,Medium,171.29,4.22,8.7,178.91,164.03
F424,C3305,2024-04-30,Holstein,2,Badulla,8,1,At_Risk,Low,371.08,4.4,8.54,180.4,319.36
F308,C3306,2024-04-19,Holstein,4,Nuwara Eliya,5,2,Sick,Low,312.26,4.68,8.67,180.36,321.99
F347,C3307,2024-07-16,Jersey,2,Nuwara Eliya,8,3,Sick,High,111.36,4.09,8.2,177.88,110.5
F146,C3308,2024-03-09,Local,8,Polonnaruwa,5,0,Healthy,Medium,108.89,3.5,8.53,178.19,97.67
F32,C3309,2024-02-18,Holstein,2,Badulla,5,0,Healthy,Low,522.22,3.69,8.6,173.07,545.87
F194,C3310,2024-11-17,Holstein,4,Kandy,7,0,Healthy,High,495.4,4.35,8.31,185.14,428.17
F492,C3311,2024-12-24,Local,9,Monaragala,8,2,Sick,Medium,44.06,4.7,9.14,177.81,42.66
F66,C3312,2024-01-31,Holstein,2,Nuwara Eliya,10,0,Healthy,High,300.48,3.52,9.0,179.27,278.86
F247,C3313,2024-11-21,Local,9,Nuwara Eliya,9,0,Healthy,Medium,52.19,3.7,8.83,180.48,44.62
F386,C3314,2024-04-27,Crossbreed,3,Kandy,4,0,Healthy,Low,194.71,4.14,9.02,188.17,193.55
F78,C3315,2024-09-13,Crossbreed,9,Nuwara Eliya,8,3,Sick,High,104.22,3.62,8.69,169.23,93.73
F22,C3316,2024-01-24,Crossbreed,4,Nuwara Eliya,1,0,Healthy,Medium,173.93,3.85,8.68,176.9,151.53
F307,C3317,2024-03-02,Jersey,8,Anuradhapura,6,0,Healthy,Low,315.29,3.69,8.68,181.82,290.76
F238,C3318,2024-03-13,Jersey,9,Nuwara Eliya,4,3,Sick,Medium,155.1,4.53,8.21,192.91,140.09
F369,C3319,2024-02-06,Holstein,2,Polonnaruwa,5,0,Healthy,Low,467.77,3.69,9.05,168.47,460.61
F481,C3320,2024-02-18,Crossbreed,7,Polonnaruwa,9,0,Healthy,High,152.37,4.12,8.35,186.07,145.72
F433,C3321,2024-03-19,Jersey,10,Kurunegala,3,0,Healthy,High,355.41,4.14,8.52,179.66,327.65
F295,C3322,2024-04-07,Crossbreed,10,Monaragala,1,2,Sick,Low,155.8,4.28,8.71,188.47,132.91
F424,C3323,2024-01-12,Crossbreed,5,Matale,5,0,Healthy,Medium,256.88,4.5,8.91,191.55,233.71
F247,C3324,2024-09-11,Jersey,8,Anuradhapura,1,0,Healthy,Low,242.41,3.86,8.93,168.87,227.63
F95,C3325,2024-03-11,Jersey,10,Kandy,9,3,Sick,High,95.21,4.73,9.12,196.13,86.57
F244,C3326,2024-06-23,Holstein,5,Anuradhapura,9,0,Healthy,High,386.62,3.97,8.31,185.27,376.64
F499,C3327,2024-07-22,Holstein,5,Monaragala,9,1,At_Risk,Medium,281.46,4.34,8.81,176.6,239.67
F89,C3328,2024-05-26,Jersey,3,Nuwara Eliya,1,0,Healthy,Low,291.56,3.83,8.49,183.55,297.99
F222,C3329,2024-08-15,Local,7,Matale,5,1,At_Risk,Low,89.21,4.18,8.71,184.43,82.02
F7,C3330,2024-01-21,Holstein,9,Monaragala,2,0,Healthy,Low,438.49,3.97,8.74,177.82,379.13
F137,C3331,2024-07-26,Holstein,6,Polonnaruwa,4,3,Sick,Medium,197.92,4.41,8.26,189.88,184.11
F203,C3332,2024-06-29,Crossbreed,8,Anuradhapura,5,0,Healthy,Medium,229.9,3.74,9.11,175.62,206.88
F30,C3333,2024-09-11,Local,2,Monaragala,8,2,Sick,High,48.85,4.24,8.21,176.59,42.17
F346,C3334,2024-06-16,Jersey,7,Nuwara Eliya,6,0,Healthy,Low,231.01,4.39,9.14,185.35,241.07
F222,C3335,2024-06-01,Holstein,9,Badulla,8,0,Healthy,Medium,310.76,4.02,8.86,177.9,295.66
F230,C3336,2024-02-23,Holstein,10,Matale,9,0,Healthy,Medium,247.56,3.83,8.76,179.96,250.64
F473,C3337,2024-11-05,Holstein,2,Kandy,9,1,At_Risk,High,286.52,4.44,8.46,186.05,260.51
F242,C3338,2024-05-31,Jersey,5,Kandy,1,1,At_Risk,Low,239.81,4.31,8.6,189.86,247.06
F409,C3339,2024-09-21,Holstein,10,Kandy,3,0,Healthy,Medium,534.18,3.68,9.04,178.73,546.57
F449,C3340,2024-04-15,Holstein,8,Badulla,5,0,Healthy,Medium,562.74,4.43,8.77,174.69,568.76
F122,C3341,2024-01-16,Holstein,3,Monaragala,4,0,Healthy,High,487.46,4.79,8.54,184.79,480.08
F220,C3342,2024-01-08,Holstein,7,Anuradhapura,10,0,Healthy,Low,303.45,4.37,8.69,187.19,299.56
F8,C3343,2024-10-06,Holstein,3,Kandy,3,2,Sick,Medium,373.85,4.01,8.37,186.46,387.23
F181,C3344,2024-02-22,Crossbreed,9,Polonnaruwa,3,1,At_Risk,Medium,213.11,4.02,9.19,174.75,183.33
F208,C3345,2024-12-12,Holstein,4,Kandy,2,0,Healthy,High,466.84,4.39,9.07,187.2,441.0
F21,C3346,2024-01-01,Local,5,Anuradhapura,7,0,Healthy,Medium,54.82,3.99,8.7,182.21,50.22
F304,C3347,2024-11-05,Jersey,3,Badulla,8,1,At_Risk,Medium,285.44,3.66,8.71,167.63,264.17
F43,C3348,2024-06-27,Crossbreed,2,Matale,8,0,Healthy,Medium,227.97,3.89,8.95,178.38,230.13
F330,C3349,2024-06-28,Jersey,9,Kandy,10,0,Healthy,High,256.18,4.6,9.12,183.45,260.8
F243,C3350,2024-04-18,Jersey,4,Nuwara Eliya,7,2,Sick,High,146.8,4.73,8.38,185.59,150.04
F135,C3351,2024-07-11,Local,8,Matale,7,1,At_Risk,Medium,51.34,4.0,8.58,174.76,50.61
F205,C3352,2024-01-21,Crossbreed,8,Matale,9,0,Healthy,Low,126.79,4.18,8.48,185.81,115.79
F233,C3353,2024-02-22,Holstein,10,Anuradhapura,6,0,Healthy,Medium,382.13,4.0,8.44,174.35,390.86
F442,C3354,2024-12-02,Jersey,7,Polonnaruwa,6,0,Healthy,Medium,277.24,3.85,8.27,175.12,284.92
F272,C3355,2024-09-30,Crossbreed,9,Polonnaruwa,4,1,At_Risk,High,212.87,4.77,8.34,191.89,219.88
F333,C3356,2024-08-27,Crossbreed,3,Monaragala,9,0,Healthy,High,108.21,3.92,8.6,169.55,110.06
F413,C3357,2024-03-09,Jersey,10,Monaragala,6,0,Healthy,Medium,225.81,4.42,8.33,183.07,208.15
F369,C3358,2024-03-05,Crossbreed,2,Nuwara Eliya,3,2,Sick,Low,127.55,3.51,8.93,185.09,133.56
F253,C3359,2024-11-07,Holstein,7,Kandy,10,2,Sick,Medium,199.25,4.76,8.45,197.45,200.73
F74,C3360,2024-02-21,Crossbreed,2,Monaragala,2,2,Sick,Medium,106.23,3.87,8.8,186.74,104.08
F214,C3361,2024-02-25,Holstein,4,Kurunegala,8,0,Healthy,Low,425.5,3.62,8.36,178.3,377.07
F481,C3362,2024-07-08,Local,10,Nuwara Eliya,4,1,At_Risk,Medium,84.07,3.95,8.97,172.09,76.09
F254,C3363,2024-05-24,Local,9,Kurunegala,7,0,Healthy,High,63.2,4.35,8.21,185.58,55.87
F499,C3364,2024-05-20,Jersey,6,Kurunegala,2,0,Healthy,Medium,294.18,4.35,8.66,181.29,296.04
F70,C3365,2024-11-12,Jersey,8,Nuwara Eliya,5,1,At_Risk,High,243.28,4.18,8.25,179.39,207.87
F30,C3366,2024-04-16,Jersey,6,Anuradhapura,1,3,Sick,High,130.12,3.58,8.52,172.83,129.74
F221,C3367,2024-03-20,Jersey,7,Polonnaruwa,3,0,Healthy,Medium,354.32,3.74,8.71,177.4,366.87
F236,C3368,2024-05-27,Local,2,Anuradhapura,8,0,Healthy,Medium,65.81,4.61,8.3,180.43,67.03
F495,C3369,2024-07-05,Jersey,2,Kandy,6,3,Sick,High,116.01,4.0,8.32,183.6,113.2
F248,C3370,2024-08-06,Jersey,8,Monaragala,7,0,Healthy,High,317.45,4.34,8.56,183.64,316.93
F455,C3371,2024-03-19,Holstein,2,Badulla,6,0,Healthy,Medium,499.39,4.22,8.53,173.92,481.27
F165,C3372,2024-02-14,Crossbreed,4,Monaragala,5,1,At_Risk,Low,178.25,4.75,8.42,189.26,180.95
F129,C3373,2024-06-15,Crossbreed,5,Polonnaruwa,3,0,Healthy,High,206.61,4.66,9.15,190.98,192.11
F209,C3374,2024-04-08,Jersey,8,Matale,6,1,At_Risk,Medium,208.28,3.57,8.88,178.21,187.92
F477,C3375,2024-07-08,Crossbreed,2,Monaragala,2,0,Healthy,Medium,167.23,4.28,8.41,186.25,175.12
F318,C3376,2024-12-30,Crossbreed,7,Polonnaruwa,9,0,Healthy,Low,100.94,3.54,8.66,167.06,92.41
F120,C3377,2024-11-16,Jersey,6,Polonnaruwa,8,1,At_Risk,Medium,198.3,4.5,8.78,193.3,207.53
F243,C3378,2024-10-12,Local,4,Anuradhapura,10,3,Sick,Low,26.4,3.54,8.83,179.96,25.78
F419,C3379,2024-07-25,Local,6,Monaragala,7,0,Healthy,High,61.77,4.54,8.51,181.65,54.27
F119,C3380,2024-11-04,Holstein,7,Nuwara Eliya,2,2,Sick,Medium,273.08,3.92,8.76,174.41,250.29
F53,C3381,2024-06-18,Crossbreed,3,Anuradhapura,4,2,Sick,High,180.04,4.58,8.23,188.84,186.81
F312,C3382,2024-01-07,Local,6,Badulla,3,1,At_Risk,Medium,98.14,4.69,8.92,177.86,96.33
F170,C3383,2024-02-23,Local,9,Kurunegala,8,0,Healthy,High,56.93,3.57,8.95,170.42,52.91
F143,C3384,2024-04-17,Local,6,Anuradhapura,3,1,At_Risk,Medium,55.19,4.22,8.35,176.11,52.77
F304,C3385,2024-06-11,Local,9,Polonnaruwa,10,0,Healthy,Low,68.22,3.6,9.06,182.32,62.21
F160,C3386,2024-05-25,Crossbreed,5,Monaragala,1,0,Healthy,Low,140.26,4.72,8.51,195.55,144.68
F489,C3387,2024-12-19,Crossbreed,6,Monaragala,8,0,Healthy,Medium,223.19,4.74,8.52,185.78,203.12
F132,C3388,2024-04-05,Crossbreed,5,Nuwara Eliya,1,0,Healthy,Medium,196.25,3.66,8.49,171.77,174.41
F23,C3389,2024-04-29,Crossbreed,7,Polonnaruwa,9,1,At_Risk,Medium,101.16,4.12,8.44,187.74,87.1
F191,C3390,2024-03-06,Jersey,5,Kurunegala,2,0,Healthy,Medium,315.88,4.06,8.66,173.74,324.77
F361,C3391,2024-08-26,Local,4,Badulla,8,0,Healthy,High,72.13,3.93,8.41,181.67,67.98
F433,C3392,2024-03-29,Crossbreed,4,Badulla,4,2,Sick,Low,112.28,3.65,8.82,174.47,103.42
F411,C3393,2024-09-01,Crossbreed,5,Nuwara Eliya,4,0,Healthy,Medium,248.21,3.96,8.98,188.95,236.87
F189,C3394,2024-03-11,Holstein,2,Polonnaruwa,8,0,Healthy,Low,431.95,4.09,8.26,180.65,421.56
F392,C3395,2024-11-07,Crossbreed,3,Nuwara Eliya,4,0,Healthy,Medium,224.04,4.17,8.24,173.67,202.18
F197,C3396,2024-11-04,Local,6,Kurunegala,4,1,At_Risk,Medium,80.21,4.49,8.27,184.6,81.81
F215,C3397,2024-01-02,Local,3,Kandy,5,2,Sick,High,40.81,4.44,8.74,190.9,39.1
F364,C3398,2024-10-21,Holstein,5,Badulla,5,1,At_Risk,High,355.54,3.53,8.27,184.45,363.94
F265,C3399,2024-09-18,Local,4,Monaragala,1,2,Sick,High,45.24,3.7,8.84,176.76,39.02
F148,C3400,2024-10-03,Local,4,Polonnaruwa,10,1,At_Risk,High,52.18,4.07,8.66,189.79,49.01
F494,C3401,2024-05-14,Crossbreed,3,Polonnaruwa,1,0,Healthy,Medium,168.14,3.87,8.43,175.58,159.91
F116,C3402,2024-12-08,Local,4,Monaragala,3,0,Healthy,High,95.87,3.54,8.74,174.56,82.1
F380,C3403,2024-10-10,Crossbreed,7,Matale,2,0,Healthy,Medium,214.59,3.7,8.76,170.38,215.55
F112,C3404,2024-05-22,Jersey,7,Monaragala,1,0,Healthy,Low,247.56,4.69,9.1,196.58,230.97
F450,C3405,2024-12-24,Local,7,Anuradhapura,1,2,Sick,Low,35.49,3.6,8.56,185.99,31.28
F401,C3406,2024-09-13,Holstein,10,Polonnaruwa,10,0,Healthy,Medium,300.56,4.73,8.48,183.17,270.93
F88,C3407,2024-02-02,Local,10,Matale,6,0,Healthy,High,101.65,3.83,8.62,183.85,102.23
F7,C3408,2024-03-28,Local,3,Monaragala,2,2,Sick,Low,45.95,4.73,9.16,185.6,46.57
F396,C3409,2024-09-23,Jersey,3,Badulla,9,1,At_Risk,Medium,176.17,4.22,8.66,190.01,182.27
F216,C3410,2024-11-16,Holstein,7,Badulla,3,0,Healthy,Medium,471.31,4.16,8.41,185.01,474.0
F425,C3411,2024-10-09,Holstein,5,Kandy,7,0,Healthy,Low,472.07,3.78,8.91,171.38,416.35
F446,C3412,2024-10-16,Jersey,5,Matale,6,2,Sick,Medium,184.47,4.49,8.89,185.31,188.81
F96,C3413,2024-01-17,Local,2,Kandy,9,2,Sick,Medium,39.63,3.99,8.38,179.81,34.99
F291,C3414,2024-02-27,Holstein,4,Matale,1,0,Healthy,Medium,378.97,3.62,9.09,183.29,372.71
F372,C3415,2024-02-24,Local,6,Nuwara Eliya,4,1,At_Risk,Low,82.59,4.58,9.04,187.6,85.56
F422,C3416,2024-09-25,Jersey,3,Anuradhapura,9,0,Healthy,Medium,198.51,3.8,8.54,180.35,169.62
F500,C3417,2024-07-15,Local,6,Matale,10,2,Sick,Medium,26.13,4.6,8.58,178.36,26.34
F277,C3418,2024-08-05,Local,4,Kandy,1,2,Sick,Medium,37.67,4.46,9.15,188.61,35.67
F65,C3419,2024-02-10,Holstein,2,Badulla,3,1,At_Risk,High,402.09,4.66,9.17,193.0,369.79
F455,C3420,2024-12-01,Local,6,Badulla,10,0,Healthy,Medium,63.32,4.49,8.21,181.42,66.47
F250,C3421,2024-03-26,Holstein,9,Anuradhapura,7,0,Healthy,High,424.72,4.33,9.02,179.07,392.11
F15,C3422,2024-01-21,Local,9,Monaragala,2,3,Sick,Low,42.16,4.25,8.36,175.49,41.98
F231,C3423,2024-08-08,Local,3,Badulla,8,0,Healthy,High,56.11,4.0,9.12,180.91,51.32
F92,C3424,2024-01-09,Local,10,Polonnaruwa,6,0,Healthy,Low,91.36,4.76,8.7,180.94,91.48
F424,C3425,2024-10-22,Jersey,5,Anuradhapura,6,0,Healthy,Low,335.51,4.36,8.37,182.56,296.09
F28,C3426,2024-05-20,Jersey,4,Badulla,2,2,Sick,Low,176.17,4.47,8.64,182.24,183.74
F87,C3427,2024-09-30,Jersey,2,Kandy,4,3,Sick,High,164.84,3.69,8.28,173.06,160.44
F477,C3428,2024-01-09,Holstein,8,Nuwara Eliya,6,0,Healthy,Low,308.25,4.17,8.55,182.56,270.85
F434,C3429,2024-11-01,Holstein,10,Badulla,8,0,Healthy,High,447.72,4.25,8.69,179.58,414.26
F202,C3430,2024-05-03,Crossbreed,8,Badulla,7,2,Sick,High,124.19,3.85,8.7,187.76,119.13
F194,C3431,2024-11-11,Jersey,5,Badulla,6,3,Sick,Medium,136.83,4.54,8.78,188.67,134.9
F29,C3432,2024-06-14,Local,5,Polonnaruwa,9,3,Sick,High,19.17,4.73,8.66,197.15,17.99
F272,C3433,2024-02-27,Local,9,Nuwara Eliya,2,0,Healthy,High,79.18,3.55,8.87,166.67,80.68
F176,C3434,2024-03-08,Holstein,7,Nuwara Eliya,5,0,Healthy,High,498.15,4.18,8.61,189.91,499.23
F59,C3435,2024-07-13,Jersey,10,Badulla,6,1,At_Risk,High,187.02,4.19,8.98,173.78,189.44
F492,C3436,2024-12-12,Local,2,Monaragala,4,1,At_Risk,Medium,81.72,4.45,9.09,182.79,82.34
F483,C3437,2024-09-20,Local,5,Monaragala,5,0,Healthy,Medium,92.8,4.79,8.7,195.19,84.68
F72,C3438,2024-09-14,Crossbreed,5,Kandy,10,3,Sick,Low,73.93,3.98,8.26,182.54,64.67
F151,C3439,2024-07-09,Jersey,8,Matale,8,0,Healthy,Medium,241.1,4.56,9.18,188.8,230.0
F78,C3440,2024-07-28,Crossbreed,3,Kandy,10,0,Healthy,High,172.18,3.74,8.72,177.64,157.63
F269,C3441,2024-04-28,Crossbreed,9,Matale,2,1,At_Risk,Medium,173.34,4.76,8.5,183.26,173.05
F92,C3442,2024-11-01,Holstein,7,Badulla,3,0,Healthy,Low,423.65,4.78,8.22,191.26,414.89
F266,C3443,2024-09-14,Local,3,Kandy,10,0,Healthy,Low,72.17,3.6,8.59,167.88,66.59
F38,C3444,2024-03-15,Local,8,Anuradhapura,10,1,At_Risk,Medium,45.2,3.72,8.9,183.94,40.1
F451,C3445,2024-04-04,Jersey,2,Nuwara Eliya,7,2,Sick,Low,158.91,4.1,8.36,179.08,144.95
F314,C3446,2024-05-24,Jersey,3,Polonnaruwa,3,0,Healthy,High,286.96,4.29,9.19,183.25,287.15
F43,C3447,2024-07-19,Crossbreed,6,Polonnaruwa,7,0,Healthy,High,162.16,4.77,9.14,190.54,162.12
F482,C3448,2024-06-15,Local,5,Kandy,8,2,Sick,Medium,65.94,3.65,8.57,182.63,68.62
F397,C3449,2024-10-30,Local,10,Kurunegala,4,3,Sick,Low,51.82,3.71,8.76,178.21,54.25
F123,C3450,2024-05-26,Crossbreed,7,Kurunegala,8,0,Healthy,Low,217.92,4.75,8.82,193.2,211.3
F276,C3451,2024-06-30,Crossbreed,3,Monaragala,4,0,Healthy,Medium,224.82,4.37,8.37,178.53,215.77
F215,C3452,2024-07-29,Holstein,8,Kurunegala,2,1,At_Risk,Medium,362.99,4.54,8.86,190.0,327.65
F449,C3453,2024-09-08,Crossbreed,4,Matale,7,0,Healthy,High,187.59,3.51,9.2,180.32,185.11
F104,C3454,2024-09-02,Holstein,7,Kurunegala,4,0,Healthy,High,456.33,4.3,8.29,183.37,471.22
F103,C3455,2024-07-11,Holstein,5,Nuwara Eliya,3,3,Sick,Low,211.1,3.61,9.16,166.18,180.76
F120,C3456,2024-09-18,Local,4,Matale,7,1,At_Risk,Medium,80.57,4.47,8.22,188.38,76.95
F457,C3457,2024-01-29,Jersey,8,Kandy,6,2,Sick,High,165.87,4.35,8.89,179.62,147.08
F221,C3458,2024-06-18,Holstein,2,Kandy,4,0,Healthy,High,445.32,4.45,8.99,193.59,453.74
F481,C3459,2024-12-22,Crossbreed,5,Kandy,4,2,Sick,Low,111.32,3.59,8.99,184.91,98.21
F494,C3460,2024-08-23,Holstein,7,Kurunegala,3,0,Healthy,Medium,583.4,3.94,8.83,169.64,566.25
F235,C3461,2024-02-07,Crossbreed,6,Kandy,5,3,Sick,Low,76.07,3.84,9.2,171.53,75.69
F17,C3462,2024-09-10,Local,6,Badulla,9,0,Healthy,High,64.99,3.74,8.86,177.25,65.71
F4,C3463,2024-09-07,Local,8,Anuradhapura,10,0,Healthy,Low,77.1,3.53,8.92,170.25,78.03
F42,C3464,2024-08-29,Jersey,3,Kandy,4,0,Healthy,High,311.32,4.44,8.3,189.51,321.56
F246,C3465,2024-10-06,Local,2,Anuradhapura,7,1,At_Risk,High,83.68,3.7,8.85,174.62,75.04
F291,C3466,2024-06-17,Holstein,5,Matale,10,1,At_Risk,Medium,256.51,3.56,8.46,172.63,222.19
F493,C3467,2024-12-01,Crossbreed,2,Kandy,7,0,Healthy,Medium,210.48,4.74,8.21,181.27,207.38
F391,C3468,2024-06-08,Holstein,6,Badulla,6,0,Healthy,Medium,297.7,3.85,8.42,175.36,288.45
F110,C3469,2024-12-16,Jersey,5,Badulla,3,0,Healthy,Medium,331.56,4.62,9.07,188.29,335.28
F178,C3470,2024-09-06,Holstein,6,Matale,3,0,Healthy,Medium,454.0,3.55,8.98,179.84,461.62
F57,C3471,2024-08-13,Local,9,Kandy,4,3,Sick,Medium,51.61,4.52,8.41,189.81,53.1
F284,C3472,2024-07-14,Jersey,6,Anuradhapura,6,1,At_Risk,Low,246.76,4.51,8.75,176.29,227.5
F287,C3473,2024-04-01,Holstein,5,Kurunegala,2,1,At_Risk,Medium,305.78,3.84,8.49,171.64,297.26
F350,C3474,2024-11-18,Crossbreed,9,Kurunegala,1,0,Healthy,Medium,195.79,4.3,8.57,182.93,203.76
F471,C3475,2024-03-18,Crossbreed,7,Matale,8,0,Healthy,Low,202.68,3.56,8.26,168.79,189.91
F468,C3476,2024-06-12,Crossbreed,10,Nuwara Eliya,6,0,Healthy,High,131.47,4.15,8.59,182.64,124.52
F392,C3477,2024-11-08,Crossbreed,7,Kurunegala,7,0,Healthy,Low,199.26,4.38,9.03,191.3,196.76
F10,C3478,2024-04-25,Holstein,2,Matale,10,0,Healthy,High,365.01,3.59,8.74,179.8,352.85
F304,C3479,2024-12-20,Jersey,10,Polonnaruwa,10,2,Sick,High,111.11,3.69,9.1,181.96,108.64
F210,C3480,2024-02-23,Local,7,Badulla,7,0,Healthy,Low,87.78,4.49,9.08,185.71,82.3
F409,C3481,2024-02-21,Crossbreed,9,Nuwara Eliya,10,3,Sick,Medium,50.12,3.82,8.81,170.53,43.07
F297,C3482,2024-12-05,Holstein,7,Matale,6,0,Healthy,High,476.62,4.33,8.21,178.65,435.88
F147,C3483,2024-08-21,Crossbreed,10,Badulla,5,2,Sick,Medium,104.98,3.53,8.44,171.96,92.0
F251,C3484,2024-10-30,Holstein,5,Monaragala,5,1,At_Risk,Low,418.39,4.19,9.19,182.53,365.08
F424,C3485,2024-04-09,Local,7,Polonnaruwa,3,0,Healthy,Low,94.56,3.93,8.84,183.1,92.47
F475,C3486,2024-01-17,Local,9,Kandy,10,1,At_Risk,Medium,43.09,3.85,8.64,172.27,39.6
F340,C3487,2024-03-24,Jersey,8,Anuradhapura,10,3,Sick,High,89.13,3.83,8.97,172.89,77.74
F394,C3488,2024-10-20,Jersey,8,Kurunegala,9,0,Healthy,Low,190.14,4.36,9.19,178.7,178.65
F52,C3489,2024-03-24,Crossbreed,6,Nuwara Eliya,4,1,At_Risk,Low,207.58,3.69,8.96,180.9,203.38
F373,C3490,2024-08-13,Local,10,Badulla,5,0,Healthy,High,62.89,4.52,8.76,189.7,62.53
F330,C3491,2024-10-25,Jersey,6,Anuradhapura,6,2,Sick,High,187.78,3.96,8.4,185.92,166.41
F423,C3492,2024-03-13,Holstein,6,Badulla,8,0,Healthy,Low,389.92,4.05,8.49,186.38,336.43
F394,C3493,2024-01-28,Crossbreed,3,Matale,2,0,Healthy,Low,207.12,3.6,8.54,182.05,188.57
F360,C3494,2024-03-10,Holstein,2,Monaragala,10,3,Sick,Medium,135.57,4.23,9.03,176.73,131.28
F306,C3495,2024-11-12,Local,3,Badulla,9,0,Healthy,Medium,42.69,3.79,8.91,185.83,43.67
F335,C3496,2024-01-12,Local,6,Anuradhapura,5,0,Healthy,High,101.36,3.74,9.01,180.55,103.68
F408,C3497,2024-11-14,Holstein,5,Kurunegala,3,3,Sick,High,181.52,4.8,8.9,193.53,165.66
F226,C3498,2024-07-22,Local,3,Polonnaruwa,9,0,Healthy,Medium,59.95,4.58,9.03,179.03,52.47
F95,C3499,2024-03-06,Local,5,Kurunegala,7,1,At_Risk,High,44.64,4.13,8.47,180.77,38.41
F79,C3500,2024-02-10,Local,4,Kandy,6,3,Sick,Medium,43.13,4.58,8.79,177.83,42.37
F286,C3501,2024-04-23,Jersey,8,Kandy,5,0,Healthy,Medium,326.16,4.45,8.49,194.15,301.56
F250,C3502,2024-01-10,Jersey,10,Badulla,4,1,At_Risk,Medium,303.0,4.27,8.56,188.92,258.8
F183,C3503,2024-11-14,Local,2,Badulla,9,2,Sick,Medium,35.48,4.59,9.18,188.04,32.85
F57,C3504,2024-02-14,Jersey,2,Nuwara Eliya,4,2,Sick,Medium,223.92,4.52,9.0,192.22,217.69
F145,C3505,2024-05-01,Jersey,7,Nuwara Eliya,6,3,Sick,High,150.14,4.25,9.04,177.73,133.14
F451,C3506,2024-12-11,Crossbreed,6,Anuradhapura,2,0,Healthy,Medium,159.9,4.37,8.32,174.93,149.02
F353,C3507,2024-01-30,Local,10,Monaragala,9,1,At_Risk,High,44.0,3.95,8.96,180.19,38.75
F31,C3508,2024-04-18,Jersey,4,Matale,1,0,Healthy,High,351.5,4.06,8.89,182.65,364.82
F29,C3509,2024-10-24,Crossbreed,8,Kurunegala,7,1,At_Risk,Low,120.41,3.66,9.1,182.99,125.99
F226,C3510,2024-07-02,Jersey,3,Badulla,10,3,Sick,Low,108.62,4.4,8.23,184.57,101.47
F494,C3511,2024-05-12,Jersey,5,Badulla,4,0,Healthy,Medium,379.19,3.72,8.56,168.64,330.7
F225,C3512,2024-07-09,Local,3,Badulla,10,0,Healthy,Medium,62.96,3.78,8.71,175.94,58.9
F261,C3513,2024-09-16,Holstein,8,Anuradhapura,4,2,Sick,High,389.95,3.92,9.04,186.66,358.19
F466,C3514,2024-02-04,Jersey,8,Kandy,10,1,At_Risk,High,196.54,4.46,8.41,191.57,175.56
F319,C3515,2024-10-31,Crossbreed,3,Badulla,7,2,Sick,Medium,152.34,4.47,8.21,177.39,132.57
F70,C3516,2024-11-08,Local,4,Badulla,9,0,Healthy,Low,43.43,4.65,8.82,192.43,40.48
F361,C3517,2024-12-28,Local,10,Kurunegala,4,2,Sick,Medium,53.67,4.11,9.02,172.99,55.77
F183,C3518,2024-12-20,Holstein,10,Anuradhapura,7,0,Healthy,Medium,456.24,3.76,8.25,169.59,421.65
F130,C3519,2024-07-01,Jersey,3,Matale,10,0,Healthy,High,224.21,3.55,9.1,184.67,209.08
F252,C3520,2024-12-29,Crossbreed,7,Kurunegala,4,2,Sick,High,99.89,4.14,9.15,176.46,103.0
F247,C3521,2024-05-13,Local,2,Badulla,7,0,Healthy,Medium,86.63,3.75,8.52,170.23,78.49
F186,C3522,2024-03-23,Jersey,2,Monaragala,9,0,Healthy,Medium,165.0,4.41,8.38,189.28,150.16
F304,C3523,2024-04-12,Holstein,7,Monaragala,1,2,Sick,Low,328.67,3.65,9.16,171.78,289.16
F213,C3524,2024-06-30,Crossbreed,7,Kandy,6,0,Healthy,High,184.45,4.61,8.38,178.19,175.49
F94,C3525,2024-09-23,Holstein,4,Matale,4,0,Healthy,High,403.08,4.4,9.03,190.15,353.08
F242,C3526,2024-08-09,Crossbreed,7,Matale,1,3,Sick,Medium,112.81,4.28,8.91,191.83,111.77
F88,C3527,2024-06-08,Jersey,5,Kurunegala,9,1,At_Risk,Low,204.7,4.05,8.3,173.88,194.19
F463,C3528,2024-10-04,Holstein,8,Kurunegala,10,0,Healthy,Medium,363.39,4.21,8.3,184.41,311.41
F405,C3529,2024-07-12,Local,2,Badulla,3,0,Healthy,Low,83.63,3.98,9.1,179.89,72.53
F82,C3530,2024-06-30,Holstein,2,Nuwara Eliya,9,1,At_Risk,Low,250.25,4.24,8.28,174.86,225.25
F252,C3531,2024-07-26,Crossbreed,9,Polonnaruwa,9,0,Healthy,Low,128.23,4.11,8.52,187.45,109.27
F70,C3532,2024-11-01,Holstein,6,Polonnaruwa,10,0,Healthy,High,321.7,4.42,8.88,182.08,330.73
F270,C3533,2024-09-03,Local,9,Kandy,1,0,Healthy,Low,59.02,4.73,8.94,183.56,52.27
F500,C3534,2024-02-26,Holstein,2,Nuwara Eliya,6,1,At_Risk,Medium,324.47,3.55,8.43,183.54,328.72
F261,C3535,2024-09-10,Jersey,3,Kandy,8,3,Sick,Medium,123.33,3.91,8.8,182.6,125.11
F113,C3536,2024-11-07,Crossbreed,5,Polonnaruwa,8,0,Healthy,Low,203.34,3.82,8.64,187.47,211.44
F61,C3537,2024-08-04,Jersey,8,Badulla,5,1,At_Risk,High,230.63,4.18,8.45,191.77,206.68
F125,C3538,2024-07-19,Jersey,7,Nuwara Eliya,4,0,Healthy,Low,397.75,4.75,8.47,185.24,399.86
F10,C3539,2024-07-05,Holstein,8,Anuradhapura,4,1,At_Risk,Medium,398.46,3.99,8.62,186.91,342.83
F286,C3540,2024-10-14,Crossbreed,2,Badulla,10,0,Healthy,High,151.54,4.12,8.22,187.49,132.2
F390,C3541,2024-03-02,Holstein,7,Polonnaruwa,4,1,At_Risk,Medium,432.78,4.49,9.14,192.11,418.03
F153,C3542,2024-01-18,Crossbreed,3,Nuwara Eliya,9,0,Healthy,High,148.36,4.19,9.17,188.22,141.45
F139,C3543,2024-03-28,Jersey,4,Kandy,10,3,Sick,High,78.15,3.68,8.68,176.43,67.58
F478,C3544,2024-05-28,Jersey,5,Anuradhapura,7,0,Healthy,Low,295.75,4.0,8.73,183.05,268.71
F424,C3545,2024-10-18,Jersey,5,Matale,6,0,Healthy,High,223.55,4.54,9.11,178.44,198.62
F188,C3546,2024-11-14,Crossbreed,7,Anuradhapura,3,2,Sick,Medium,105.12,3.81,8.29,170.18,103.79
F288,C3547,2024-09-14,Crossbreed,6,Monaragala,9,0,Healthy,High,144.59,4.71,8.59,182.15,139.9
F11,C3548,2024-06-11,Holstein,8,Kandy,8,2,Sick,Low,317.01,4.48,8.92,194.09,321.15
F70,C3549,2024-10-09,Crossbreed,6,Polonnaruwa,4,0,Healthy,High,222.38,4.42,8.5,176.07,223.31
F446,C3550,2024-05-15,Local,4,Polonnaruwa,5,2,Sick,Medium,43.29,4.43,8.35,175.52,45.03
F5,C3551,2024-09-29,Holstein,2,Anuradhapura,5,0,Healthy,High,467.71,3.77,8.65,173.25,490.24
F228,C3552,2024-12-27,Holstein,9,Badulla,10,3,Sick,Low,129.72,3.72,8.48,175.26,110.38
F278,C3553,2024-09-13,Holstein,8,Kurunegala,5,3,Sick,Low,264.31,4.79,9.01,180.74,235.41
F212,C3554,2024-05-19,Local,5,Badulla,6,0,Healthy,Medium,67.67,4.69,8.21,180.78,67.0
F223,C3555,2024-06-29,Jersey,5,Matale,5,2,Sick,Low,174.3,4.18,8.93,184.52,148.75
F398,C3556,2024-01-31,Crossbreed,7,Polonnaruwa,7,0,Healthy,Low,165.43,3.65,8.63,170.07,169.45
F468,C3557,2024-03-01,Holstein,7,Kurunegala,6,2,Sick,Low,220.84,3.82,8.42,169.23,204.21
F72,C3558,2024-04-15,Jersey,7,Kandy,4,0,Healthy,Low,306.7,4.76,9.01,196.22,308.5
F251,C3559,2024-10-31,Local,6,Badulla,4,0,Healthy,High,68.75,3.55,8.67,171.24,61.87
F206,C3560,2024-11-28,Crossbreed,3,Monaragala,7,1,At_Risk,High,170.35,4.23,8.62,185.72,163.47
F500,C3561,2024-10-05,Crossbreed,2,Badulla,2,0,Healthy,Low,147.01,4.18,9.19,172.49,136.31
F387,C3562,2024-11-06,Jersey,3,Anuradhapura,9,0,Healthy,High,249.76,3.52,8.97,170.26,233.29
F254,C3563,2024-06-23,Holstein,2,Polonnaruwa,7,0,Healthy,High,321.8,3.89,9.02,171.59,292.12
F62,C3564,2024-01-30,Holstein,9,Polonnaruwa,5,0,Healthy,High,392.93,4.78,8.38,189.15,363.29
F250,C3565,2024-08-31,Jersey,9,Kurunegala,5,0,Healthy,Low,265.85,4.15,9.02,191.45,237.02
F30,C3566,2024-10-17,Holstein,10,Anuradhapura,3,0,Healthy,Medium,578.95,4.5,8.94,177.04,528.79
F271,C3567,2024-07-06,Crossbreed,3,Kurunegala,6,0,Healthy,Medium,185.31,4.56,8.68,186.5,173.5
F146,C3568,2024-02-14,Holstein,4,Monaragala,1,0,Healthy,High,445.36,4.17,8.46,176.17,393.36
F85,C3569,2024-11-14,Local,8,Polonnaruwa,3,1,At_Risk,Medium,83.25,3.79,8.45,183.65,85.34
F305,C3570,2024-03-21,Crossbreed,6,Monaragala,7,0,Healthy,High,209.13,4.77,9.19,197.68,204.52
F493,C3571,2024-03-08,Crossbreed,10,Polonnaruwa,2,1,At_Risk,Low,138.48,3.57,8.9,180.82,127.82
F430,C3572,2024-10-16,Crossbreed,6,Kandy,9,0,Healthy,Medium,112.52,4.62,9.07,185.5,115.53
F301,C3573,2024-09-30,Local,8,Monaragala,4,0,Healthy,High,66.19,3.74,9.12,179.99,61.12
F249,C3574,2024-06-01,Holstein,10,Kandy,2,1,At_Risk,Medium,379.09,4.71,8.83,195.32,395.79
F245,C3575,2024-08-25,Crossbreed,5,Monaragala,3,0,Healthy,High,257.05,3.96,8.92,185.15,258.76
F160,C3576,2024-10-15,Jersey,10,Polonnaruwa,5,3,Sick,High,166.02,4.12,8.51,179.67,164.97
F329,C3577,2024-12-26,Jersey,10,Kandy,4,0,Healthy,Medium,309.29,4.37,9.09,177.27,270.24
F317,C3578,2024-09-20,Jersey,10,Monaragala,1,1,At_Risk,Low,200.17,4.36,9.1,192.99,200.13
F322,C3579,2024-09-15,Local,6,Monaragala,7,0,Healthy,Low,72.12,4.7,8.4,195.68,67.79
F258,C3580,2024-04-19,Jersey,2,Badulla,9,0,Healthy,Low,184.94,3.68,9.09,174.61,165.72
F166,C3581,2024-10-19,Crossbreed,5,Monaragala,5,0,Healthy,Low,268.46,4.49,8.31,188.93,229.68
F233,C3582,2024-09-24,Crossbreed,3,Kandy,4,1,At_Risk,High,135.83,4.09,8.66,177.28,121.55
F48,C3583,2024-07-09,Local,7,Kandy,3,0,Healthy,High,95.39,3.88,8.37,182.49,83.71
F132,C3584,2024-10-30,Jersey,9,Matale,6,1,At_Risk,Low,201.15,4.24,9.13,179.3,208.88
F404,C3585,2024-05-23,Local,9,Anuradhapura,9,0,Healthy,Medium,49.44,4.66,9.05,184.66,46.44
F229,C3586,2024-04-28,Jersey,3,Monaragala,3,0,Healthy,Medium,308.96,3.63,9.16,167.25,263.0
F97,C3587,2024-03-04,Crossbreed,6,Polonnaruwa,4,2,Sick,Medium,177.78,4.41,8.3,175.87,167.02
F3,C3588,2024-04-01,Jersey,7,Kurunegala,5,2,Sick,High,246.43,4.31,8.94,180.28,223.24
F372,C3589,2024-10-15,Crossbreed,8,Kurunegala,9,0,Healthy,Medium,106.97,4.24,8.55,184.06,102.53
F413,C3590,2024-05-02,Crossbreed,5,Badulla,6,0,Healthy,Medium,217.23,3.91,8.64,178.98,213.13
F45,C3591,2024-03-12,Crossbreed,8,Kandy,1,2,Sick,High,145.06,4.11,8.96,180.67,148.84
F454,C3592,2024-05-11,Local,6,Anuradhapura,8,3,Sick,High,25.26,4.65,9.15,190.46,25.62
F263,C3593,2024-09-25,Jersey,3,Kurunegala,7,3,Sick,High,143.78,4.08,8.89,180.5,140.23
F358,C3594,2024-04-30,Jersey,4,Polonnaruwa,4,2,Sick,Low,179.7,3.99,8.51,173.78,186.81
F448,C3595,2024-07-06,Holstein,8,Monaragala,8,2,Sick,High,209.76,3.82,8.23,168.36,211.83
F440,C3596,2024-10-10,Jersey,5,Nuwara Eliya,1,0,Healthy,Medium,301.03,4.42,9.15,192.46,258.84
F116,C3597,2024-01-08,Holstein,7,Polonnaruwa,3,0,Healthy,High,563.46,4.09,9.2,170.91,512.95
F197,C3598,2024-11-07,Local,4,Badulla,2,2,Sick,High,36.95,4.47,8.25,179.75,35.13
F58,C3599,2024-08-03,Crossbreed,5,Nuwara Eliya,3,1,At_Risk,Low,173.45,4.54,8.5,180.72,166.03
F337,C3600,2024-10-28,Crossbreed,5,Monaragala,4,1,At_Risk,Medium,173.0,4.67,8.61,190.91,176.14
F318,C3601,2024-03-27,Local,5,Kurunegala,2,0,Healthy,Low,88.95,3.83,8.63,172.49,86.08
F428,C3602,2024-10-01,Local,9,Polonnaruwa,6,1,At_Risk,Low,50.77,3.57,8.72,182.07,46.7
F291,C3603,2024-05-06,Holstein,9,Polonnaruwa,6,0,Healthy,Medium,366.24,3.51,8.74,172.66,369.72
F29,C3604,2024-01-26,Local,6,Nuwara Eliya,4,0,Healthy,Medium,85.35,4.33,8.39,188.76,88.46
F408,C3605,2024-04-27,Local,10,Nuwara Eliya,3,2,Sick,Low,63.02,4.22,8.88,188.43,63.62
F97,C3606,2024-07-28,Holstein,6,Badulla,4,0,Healthy,High,395.8,3.66,8.69,169.79,387.54
F335,C3607,2024-04-05,Jersey,6,Matale,4,0,Healthy,High,258.66,3.65,8.35,186.3,263.66
F495,C3608,2024-07-12,Jersey,8,Nuwara Eliya,5,1,At_Risk,Low,234.87,4.7,9.0,181.61,221.17
F2,C3609,2024-06-26,Holstein,10,Kandy,7,0,Healthy,Low,397.1,4.62,8.42,178.26,351.34
F39,C3610,2024-10-15,Crossbreed,7,Monaragala,5,3,Sick,Low,120.17,3.64,8.76,175.75,121.62
F484,C3611,2024-08-28,Jersey,7,Polonnaruwa,7,1,At_Risk,Low,270.84,3.81,9.19,168.51,272.46
F499,C3612,2024-11-12,Jersey,5,Anuradhapura,1,0,Healthy,Medium,250.88,3.94,8.23,171.93,258.32
F262,C3613,2024-10-16,Crossbreed,5,Matale,1,0,Healthy,Low,227.15,3.85,8.3,172.69,223.83
F451,C3614,2024-08-26,Local,3,Nuwara Eliya,9,2,Sick,High,26.79,3.93,8.29,171.01,24.84
F395,C3615,2024-05-11,Holstein,9,Badulla,3,0,Healthy,High,423.84,4.44,8.82,190.39,374.42
F64,C3616,2024-12-25,Holstein,5,Badulla,9,1,At_Risk,High,229.32,4.23,8.66,188.32,234.54
F95,C3617,2024-08-21,Holstein,6,Kandy,5,1,At_Risk,Medium,299.58,4.43,8.43,181.9,305.36
F100,C3618,2024-12-10,Crossbreed,4,Kurunegala,8,2,Sick,Low,97.16,3.79,9.05,185.97,83.74
F372,C3619,2024-04-29,Holstein,2,Kurunegala,5,0,Healthy,Medium,540.36,4.16,8.66,183.28,469.08
F442,C3620,2024-05-01,Local,8,Anuradhapura,3,1,At_Risk,Low,95.55,4.58,8.97,176.58,87.49
F90,C3621,2024-01-04,Holstein,2,Polonnaruwa,7,1,At_Risk,Medium,294.53,4.08,8.6,171.85,286.81
F1,C3622,2024-07-16,Holstein,2,Matale,8,0,Healthy,Low,341.61,4.29,8.93,186.11,293.95
F83,C3623,2024-11-22,Holstein,2,Badulla,4,1,At_Risk,High,491.49,4.41,8.42,180.42,506.15
F15,C3624,2024-03-07,Holstein,10,Kurunegala,5,0,Healthy,Medium,554.46,4.46,8.34,181.55,526.27
F103,C3625,2024-07-03,Jersey,5,Matale,7,2,Sick,High,151.05,3.72,9.03,179.44,142.87
F19,C3626,2024-11-25,Crossbreed,2,Anuradhapura,9,1,At_Risk,High,107.26,4.45,8.69,182.89,93.02
F414,C3627,2024-04-12,Jersey,4,Matale,9,1,At_Risk,High,179.29,3.59,8.74,166.98,187.0
F272,C3628,2024-11-06,Crossbreed,10,Nuwara Eliya,5,0,Healthy,High,279.22,4.45,8.72,190.59,250.95
F199,C3629,2024-12-02,Local,10,Matale,8,1,At_Risk,High,62.91,3.73,8.42,172.92,62.11
F238,C3630,2024-11-11,Holstein,4,Kurunegala,5,1,At_Risk,Low,415.91,4.35,8.63,181.75,424.9
F6,C3631,2024-01-22,Jersey,9,Anuradhapura,10,3,Sick,High,84.38,3.68,8.22,174.38,80.02
F498,C3632,2024-05-27,Local,2,Anuradhapura,7,1,At_Risk,Low,82.57,3.77,9.04,170.32,79.46
F105,C3633,2024-06-15,Jersey,6,Polonnaruwa,1,0,Healthy,Low,347.96,4.6,9.16,193.01,328.43
F436,C3634,2024-10-09,Local,4,Anuradhapura,2,0,Healthy,Low,62.96,3.62,8.73,172.65,55.88
F227,C3635,2024-10-20,Local,7,Polonnaruwa,3,2,Sick,Medium,45.51,3.63,8.79,181.13,42.07
F463,C3636,2024-01-06,Jersey,6,Badulla,3,2,Sick,Low,227.65,3.51,9.07,173.04,211.56
F194,C3637,2024-10-07,Jersey,2,Matale,7,1,At_Risk,Medium,286.86,3.86,8.27,178.92,269.9
F57,C3638,2024-08-04,Local,2,Kurunegala,7,0,Healthy,Medium,62.55,4.41,8.23,187.91,61.79
F346,C3639,2024-12-08,Crossbreed,3,Anuradhapura,2,1,At_Risk,High,134.52,4.72,8.88,196.17,137.74
F145,C3640,2024-09-06,Local,3,Monaragala,7,2,Sick,High,40.25,3.53,8.42,174.89,35.97
F399,C3641,2024-09-14,Jersey,2,Nuwara Eliya,8,3,Sick,High,130.1,4.4,8.76,189.65,121.43
F38,C3642,2024-07-03,Local,2,Kurunegala,9,0,Healthy,High,61.55,4.53,8.73,183.48,55.64
F359,C3643,2024-09-30,Jersey,10,Matale,3,3,Sick,High,155.46,4.63,9.01,189.35,141.07
F400,C3644,2024-02-27,Jersey,7,Kandy,8,1,At_Risk,Low,194.7,4.71,8.46,183.48,174.34
F270,C3645,2024-03-15,Local,9,Badulla,8,0,Healthy,High,92.76,3.72,8.55,179.22,80.06
F478,C3646,2024-04-28,Local,4,Badulla,6,1,At_Risk,High,54.52,3.8,8.21,183.62,54.72
F459,C3647,2024-12-22,Jersey,7,Monaragala,5,0,Healthy,Low,316.07,4.12,9.02,184.79,296.44
F261,C3648,2024-05-10,Holstein,8,Badulla,6,0,Healthy,Medium,452.33,3.81,9.04,177.49,421.79
F10,C3649,2024-08-12,Jersey,10,Badulla,2,0,Healthy,Low,225.98,4.7,8.27,195.77,226.93
F111,C3650,2024-09-26,Jersey,2,Kurunegala,9,0,Healthy,High,185.78,4.51,9.09,185.68,160.14
F32,C3651,2024-12-21,Local,9,Anuradhapura,2,0,Healthy,Medium,61.17,4.22,8.71,179.33,53.16
F137,C3652,2024-07-05,Holstein,7,Monaragala,10,2,Sick,Low,203.27,3.9,8.61,169.43,187.65
F198,C3653,2024-05-31,Holstein,10,Anuradhapura,3,1,At_Risk,High,465.99,4.32,8.62,181.0,397.81
F125,C3654,2024-08-29,Crossbreed,10,Anuradhapura,8,0,Healthy,Medium,161.65,3.56,8.61,182.65,140.3
F143,C3655,2024-10-11,Local,2,Kurunegala,1,0,Healthy,Medium,103.16,3.54,8.97,183.53,103.03
F410,C3656,2024-12-13,Local,2,Badulla,3,0,Healthy,High,71.03,4.18,8.41,185.72,60.63
F404,C3657,2024-08-23,Crossbreed,7,Kurunegala,7,0,Healthy,High,196.51,4.68,8.3,195.98,203.58
F307,C3658,2024-02-27,Jersey,2,Kurunegala,6,0,Healthy,Low,302.51,3.91,8.27,187.13,258.25
F322,C3659,2024-10-27,Local,5,Kandy,6,0,Healthy,High,55.13,4.34,8.5,176.28,52.17
F373,C3660,2024-08-07,Holstein,2,Kurunegala,4,0,Healthy,Low,496.32,4.5,8.58,178.21,450.35
F175,C3661,2024-08-05,Crossbreed,7,Polonnaruwa,1,3,Sick,Medium,67.99,4.15,8.29,190.72,60.47
F43,C3662,2024-05-12,Jersey,7,Kurunegala,4,1,At_Risk,Medium,317.32,4.41,8.38,182.06,279.0
F272,C3663,2024-08-19,Holstein,9,Matale,10,0,Healthy,Medium,342.2,3.98,8.73,189.34,293.79
F339,C3664,2024-05-05,Crossbreed,9,Monaragala,8,2,Sick,High,104.63,3.67,8.55,184.59,94.97
F157,C3665,2024-04-15,Crossbreed,2,Kandy,1,3,Sick,Medium,108.9,3.56,8.97,168.99,102.58
F492,C3666,2024-07-02,Local,2,Anuradhapura,6,0,Healthy,Medium,53.74,4.63,8.42,187.98,52.66
F191,C3667,2024-07-22,Local,4,Badulla,1,0,Healthy,Low,54.45,4.32,8.88,183.63,47.9
F179,C3668,2024-09-03,Jersey,10,Monaragala,5,0,Healthy,Low,339.16,4.72,8.67,184.97,350.07
F223,C3669,2024-07-11,Crossbreed,4,Kurunegala,2,1,At_Risk,Low,210.59,3.57,8.24,176.03,203.51
F91,C3670,2024-07-16,Jersey,8,Kurunegala,1,2,Sick,High,165.45,4.33,8.3,184.26,147.78
F232,C3671,2024-02-08,Crossbreed,6,Kurunegala,7,2,Sick,Low,93.53,4.06,9.13,180.68,94.97
F498,C3672,2024-08-08,Jersey,7,Kandy,3,2,Sick,Medium,235.95,3.58,8.52,173.77,220.46
F413,C3673,2024-11-24,Local,9,Kandy,2,1,At_Risk,Medium,52.77,4.08,8.43,173.51,51.49
F426,C3674,2024-09-22,Jersey,6,Kurunegala,8,0,Healthy,Medium,250.66,4.59,8.98,195.35,227.9
F224,C3675,2024-07-05,Crossbreed,2,Monaragala,7,0,Healthy,Medium,211.38,4.04,9.19,178.35,216.49
F480,C3676,2024-10-02,Jersey,3,Kandy,5,2,Sick,Low,165.17,4.4,8.27,176.96,160.42
F342,C3677,2024-03-26,Holstein,9,Anuradhapura,1,0,Healthy,Medium,467.54,4.25,8.96,187.31,449.46
F62,C3678,2024-09-11,Jersey,2,Kurunegala,4,0,Healthy,Medium,279.15,4.69,8.61,181.15,250.93
F488,C3679,2024-12-05,Holstein,5,Nuwara Eliya,9,0,Healthy,Medium,278.62,3.84,8.29,178.23,264.91
F197,C3680,2024-06-09,Crossbreed,2,Badulla,4,0,Healthy,Medium,204.39,3.9,8.65,178.48,200.95
F224,C3681,2024-12-22,Jersey,8,Anuradhapura,7,0,Healthy,Low,337.35,4.67,9.09,192.48,330.95
F174,C3682,2024-06-15,Holstein,3,Anuradhapura,6,0,Healthy,Low,388.51,4.03,9.15,175.12,341.29
F330,C3683,2024-05-28,Crossbreed,7,Polonnaruwa,6,0,Healthy,Low,210.83,3.92,8.33,176.94,206.36
F32,C3684,2024-02-22,Holstein,10,Kurunegala,5,0,Healthy,Low,543.72,3.77,8.43,168.7,503.35
F371,C3685,2024-12-22,Local,5,Anuradhapura,6,0,Healthy,Medium,74.78,3.89,8.57,170.46,68.58
F162,C3686,2024-04-18,Crossbreed,2,Monaragala,8,0,Healthy,High,165.8,3.58,8.76,178.03,168.1
F169,C3687,2024-09-13,Crossbreed,2,Matale,10,3,Sick,High,69.47,3.56,8.34,175.32,70.22
F17,C3688,2024-09-04,Jersey,10,Kandy,2,1,At_Risk,Low,244.36,3.83,8.79,182.64,232.38
F405,C3689,2024-09-28,Jersey,7,Monaragala,8,0,Healthy,High,256.92,4.41,8.22,187.51,221.71
F484,C3690,2024-03-03,Local,7,Monaragala,8,3,Sick,Medium,30.98,4.16,8.38,182.53,31.92
F350,C3691,2024-01-07,Jersey,3,Matale,1,0,Healthy,Low,289.98,4.58,8.94,182.68,284.43
F329,C3692,2024-12-23,Crossbreed,5,Kurunegala,4,0,Healthy,High,166.12,3.96,9.14,172.01,158.97
F73,C3693,2024-10-08,Holstein,8,Matale,3,0,Healthy,Low,586.4,4.21,8.9,175.84,601.87
F264,C3694,2024-10-25,Local,6,Nuwara Eliya,6,0,Healthy,Medium,59.25,3.64,8.88,170.68,60.57
F433,C3695,2024-08-14,Holstein,7,Kurunegala,3,3,Sick,High,249.79,4.37,9.19,174.02,219.01
F369,C3696,2024-12-17,Crossbreed,4,Matale,1,0,Healthy,Medium,213.15,3.71,8.65,167.36,219.37
F106,C3697,2024-06-13,Crossbreed,8,Kandy,7,0,Healthy,Medium,149.87,3.6,8.94,167.54,149.86
F130,C3698,2024-04-13,Holstein,7,Anuradhapura,2,0,Healthy,High,329.23,4.42,8.57,176.07,296.13
F354,C3699,2024-08-12,Local,3,Badulla,8,0,Healthy,Low,87.79,3.93,8.34,178.93,84.99
F136,C3700,2024-03-17,Crossbreed,7,Matale,1,0,Healthy,Low,232.11,4.74,8.7,189.5,233.57
F186,C3701,2024-06-13,Holstein,7,Nuwara Eliya,8,0,Healthy,High,453.34,4.52,8.9,189.47,425.42
F297,C3702,2024-01-25,Local,3,Badulla,2,3,Sick,High,29.88,4.25,9.0,187.55,30.31
F369,C3703,2024-06-27,Holstein,10,Polonnaruwa,2,1,At_Risk,Low,414.21,4.06,9.19,186.02,413.62
F419,C3704,2024-12-20,Crossbreed,9,Matale,3,2,Sick,Medium,123.79,3.78,9.01,175.01,113.56
F158,C3705,2024-01-09,Crossbreed,2,Polonnaruwa,4,1,At_Risk,Low,185.68,4.07,8.26,188.35,165.1
F203,C3706,2024-06-09,Holstein,9,Anuradhapura,1,0,Healthy,Medium,362.67,3.54,9.17,174.75,363.23
F373,C3707,2024-07-23,Jersey,2,Matale,2,0,Healthy,High,228.83,3.97,8.44,182.43,204.95
F240,C3708,2024-11-24,Crossbreed,8,Anuradhapura,8,0,Healthy,Low,198.73,3.91,8.31,181.65,186.91
F60,C3709,2024-02-17,Holstein,7,Monaragala,2,2,Sick,Low,323.19,3.66,8.85,185.65,322.04
F150,C3710,2024-02-08,Jersey,5,Anuradhapura,4,0,Healthy,Medium,347.26,4.49,8.66,181.6,304.61
F239,C3711,2024-03-02,Local,9,Badulla,1,1,At_Risk,Low,77.58,4.72,8.93,183.23,72.01
F17,C3712,2024-03-20,Holstein,4,Kurunegala,4,3,Sick,Low,165.77,4.41,8.93,190.97,164.95
F135,C3713,2024-03-14,Local,2,Matale,7,0,Healthy,High,67.6,3.55,9.04,177.17,65.78
F413,C3714,2024-06-26,Holstein,3,Monaragala,7,0,Healthy,Low,439.75,3.69,8.7,176.05,461.36
F235,C3715,2024-02-08,Holstein,4,Matale,1,1,At_Risk,Medium,321.6,4.04,8.57,173.85,280.05
F355,C3716,2024-10-28,Holstein,4,Nuwara Eliya,2,1,At_Risk,High,457.12,4.53,9.02,183.02,443.25
F489,C3717,2024-07-30,Holstein,6,Badulla,3,2,Sick,Medium,339.69,4.69,8.46,179.29,292.7
F118,C3718,2024-11-04,Holstein,5,Kurunegala,2,3,Sick,Medium,238.45,3.57,9.09,175.12,217.96
F468,C3719,2024-05-23,Jersey,8,Kurunegala,10,2,Sick,High,148.27,4.2,8.37,175.56,151.85
F36,C3720,2024-03-06,Holstein,7,Badulla,9,0,Healthy,High,389.18,3.9,8.47,171.36,337.75
F261,C3721,2024-04-17,Holstein,4,Nuwara Eliya,10,0,Healthy,High,272.27,4.08,8.29,188.59,275.08
F158,C3722,2024-02-26,Holstein,3,Monaragala,5,2,Sick,High,353.48,3.69,8.27,183.38,339.24
F354,C3723,2024-10-28,Holstein,2,Matale,4,1,At_Risk,High,414.16,4.28,8.2,177.97,376.07
F274,C3724,2024-08-20,Local,2,Nuwara Eliya,1,0,Healthy,Medium,65.27,4.22,9.12,178.72,62.84
F440,C3725,2024-07-19,Local,10,Polonnaruwa,9,3,Sick,Medium,24.18,4.14,8.73,187.04,21.43
F414,C3726,2024-09-12,Holstein,8,Anuradhapura,1,2,Sick,Medium,208.11,4.57,8.79,186.08,198.73
F447,C3727,2024-04-24,Crossbreed,6,Monaragala,8,0,Healthy,High,139.52,4.21,8.3,184.82,133.86
F62,C3728,2024-08-12,Jersey,3,Kurunegala,10,0,Healthy,Low,196.8,4.48,8.84,193.54,197.3
F466,C3729,2024-08-26,Local,7,Kurunegala,6,1,At_Risk,Low,70.11,3.91,8.55,180.59,68.66
F274,C3730,2024-04-24,Crossbreed,6,Polonnaruwa,1,3,Sick,Medium,72.02,4.34,9.18,180.92,73.66
F137,C3731,2024-01-23,Local,8,Kurunegala,8,0,Healthy,Low,69.65,4.75,8.47,196.04,72.72
F131,C3732,2024-07-03,Crossbreed,9,Badulla,8,1,At_Risk,Medium,114.92,3.89,8.41,168.97,111.31
F225,C3733,2024-06-01,Local,5,Badulla,3,2,Sick,Low,72.81,4.57,8.65,181.87,66.97
F209,C3734,2024-10-29,Local,9,Monaragala,2,0,Healthy,Low,66.48,4.47,8.38,177.48,62.2
F474,C3735,2024-08-19,Jersey,10,Badulla,10,2,Sick,Medium,126.25,3.69,8.46,172.03,121.85
F28,C3736,2024-12-04,Local,10,Monaragala,2,0,Healthy,High,106.95,3.55,8.42,171.19,110.56
F435,C3737,2024-10-23,Local,4,Badulla,1,0,Healthy,Medium,78.59,4.62,8.34,177.29,78.08
F464,C3738,2024-04-02,Holstein,2,Kurunegala,8,1,At_Risk,Low,418.39,4.47,9.14,178.56,429.44
F76,C3739,2024-11-18,Crossbreed,6,Monaragala,10,1,At_Risk,Low,151.36,4.17,8.34,179.57,156.38
F340,C3740,2024-02-12,Crossbreed,3,Polonnaruwa,2,0,Healthy,High,217.57,4.26,8.24,188.54,203.11
F14,C3741,2024-02-08,Holstein,8,Kandy,5,2,Sick,Medium,314.28,4.32,9.12,183.46,287.49
F352,C3742,2024-08-28,Holstein,2,Nuwara Eliya,4,0,Healthy,Low,375.43,3.76,8.24,169.03,379.34
F145,C3743,2024-05-29,Crossbreed,5,Matale,6,0,Healthy,High,142.88,4.17,9.19,189.23,137.25
F190,C3744,2024-08-26,Jersey,6,Badulla,3,0,Healthy,Low,271.89,4.32,8.53,176.98,247.85
F497,C3745,2024-10-10,Crossbreed,4,Kurunegala,2,0,Healthy,Medium,220.74,3.9,8.69,182.1,216.86
F83,C3746,2024-01-02,Crossbreed,4,Matale,4,0,Healthy,High,229.26,4.38,8.27,190.29,238.84
F405,C3747,2024-05-10,Crossbreed,10,Badulla,2,0,Healthy,High,221.05,4.63,8.36,196.01,189.15
F216,C3748,2024-10-03,Local,3,Matale,8,1,At_Risk,High,67.39,3.67,8.81,182.91,60.6
F87,C3749,2024-09-06,Holstein,3,Polonnaruwa,3,0,Healthy,High,395.3,3.61,9.05,177.68,403.1
F288,C3750,2024-04-13,Holstein,7,Anuradhapura,1,0,Healthy,Medium,373.06,4.79,9.01,183.26,380.09
F10,C3751,2024-06-16,Holstein,9,Polonnaruwa,8,0,Healthy,Low,331.72,3.84,8.92,187.19,319.29
F267,C3752,2024-10-23,Holstein,8,Nuwara Eliya,8,0,Healthy,Medium,346.4,3.68,9.19,167.15,309.56
F199,C3753,2024-08-11,Jersey,4,Badulla,4,0,Healthy,Medium,398.99,4.07,8.72,184.6,413.58
F288,C3754,2024-12-24,Local,10,Nuwara Eliya,3,0,Healthy,High,94.73,4.8,8.99,180.41,94.64
F106,C3755,2024-05-03,Local,2,Anuradhapura,1,1,At_Risk,Medium,77.22,4.62,8.57,196.06,72.18
F275,C3756,2024-03-30,Crossbreed,7,Polonnaruwa,10,0,Healthy,Low,106.93,4.53,8.76,191.22,100.27
F114,C3757,2024-04-17,Holstein,9,Anuradhapura,8,0,Healthy,High,327.62,4.17,8.54,181.0,288.96
F367,C3758,2024-12-13,Holstein,6,Monaragala,6,1,At_Risk,High,256.87,4.32,8.66,187.23,266.57
F18,C3759,2024-12-12,Jersey,4,Monaragala,7,0,Healthy,Medium,284.09,3.53,9.07,165.87,248.31
F129,C3760,2024-09-21,Crossbreed,9,Badulla,1,0,Healthy,Medium,181.13,4.69,8.86,177.71,161.19
F378,C3761,2024-05-25,Local,7,Kandy,5,0,Healthy,High,110.27,3.91,8.58,175.69,114.8
F403,C3762,2024-05-28,Crossbreed,5,Polonnaruwa,9,0,Healthy,Medium,138.95,4.71,8.3,185.92,139.53
F119,C3763,2024-03-14,Crossbreed,8,Nuwara Eliya,4,3,Sick,Medium,79.86,3.61,8.74,180.83,76.41
F25,C3764,2024-11-13,Crossbreed,2,Matale,6,0,Healthy,High,194.84,3.65,8.83,184.36,193.49
F311,C3765,2024-12-13,Jersey,10,Monaragala,2,0,Healthy,Low,324.01,4.77,8.75,191.68,309.08
F187,C3766,2024-01-30,Holstein,9,Matale,3,0,Healthy,Medium,527.15,3.55,9.1,175.86,474.8
F57,C3767,2024-10-24,Jersey,6,Polonnaruwa,2,0,Healthy,High,279.25,4.32,8.39,174.61,252.19
F489,C3768,2024-05-31,Crossbreed,8,Badulla,9,0,Healthy,Medium,140.68,3.75,8.7,173.38,133.75
F74,C3769,2024-01-25,Local,7,Polonnaruwa,2,0,Healthy,High,74.76,3.97,9.07,180.99,68.88
F212,C3770,2024-12-28,Local,6,Badulla,2,0,Healthy,Medium,89.72,4.35,8.43,178.04,78.36
F29,C3771,2024-03-23,Holstein,10,Monaragala,5,2,Sick,Low,261.74,3.52,9.14,172.08,236.17
F90,C3772,2024-11-28,Crossbreed,9,Badulla,2,1,At_Risk,Medium,205.04,4.52,8.87,180.96,184.0
F86,C3773,2024-07-19,Crossbreed,7,Monaragala,10,0,Healthy,High,148.52,3.55,9.17,185.41,144.02
F379,C3774,2024-08-23,Holstein,8,Badulla,4,1,At_Risk,High,499.79,4.77,9.09,193.84,440.46
F93,C3775,2024-05-20,Local,4,Anuradhapura,9,1,At_Risk,Low,61.35,3.8,8.68,180.95,57.72
F91,C3776,2024-09-04,Jersey,9,Kandy,3,3,Sick,Low,170.54,4.18,8.71,176.12,177.45
F218,C3777,2024-12-06,Holstein,4,Kurunegala,1,2,Sick,Medium,331.92,4.78,8.53,184.91,334.51
F62,C3778,2024-07-18,Crossbreed,8,Matale,7,0,Healthy,Medium,174.09,4.23,9.15,177.25,171.53
F298,C3779,2024-01-10,Local,8,Monaragala,9,2,Sick,High,27.65,4.46,8.92,188.39,26.67
F204,C3780,2024-04-17,Local,5,Kurunegala,3,1,At_Risk,Medium,92.02,4.39,8.47,176.96,91.27
F183,C3781,2024-10-18,Holstein,3,Kurunegala,10,1,At_Risk,Medium,244.13,4.73,8.54,189.36,244.92
F176,C3782,2024-03-04,Jersey,5,Kurunegala,5,0,Healthy,Low,298.55,4.35,9.13,176.02,307.37
F350,C3783,2024-12-09,Jersey,8,Nuwara Eliya,8,0,Healthy,Low,322.82,4.67,8.71,177.2,282.39
F150,C3784,2024-12-17,Local,5,Nuwara Eliya,2,2,Sick,Low,64.68,3.64,8.4,183.06,65.41
F22,C3785,2024-11-02,Jersey,10,Kurunegala,10,0,Healthy,Medium,166.06,4.41,8.34,192.18,161.16
F137,C3786,2024-10-05,Local,3,Kurunegala,10,1,At_Risk,Medium,48.96,3.88,9.15,172.04,50.93
F142,C3787,2024-10-07,Holstein,8,Matale,4,2,Sick,Medium,347.19,3.74,8.5,177.34,349.42
F434,C3788,2024-08-31,Crossbreed,2,Nuwara Eliya,3,1,At_Risk,Medium,209.39,3.58,9.16,165.8,206.45
F460,C3789,2024-04-09,Local,4,Kandy,9,0,Healthy,High,50.1,3.93,8.44,173.21,47.69
F141,C3790,2024-08-15,Jersey,5,Kurunegala,2,0,Healthy,Low,287.21,4.38,9.16,180.78,269.94
F457,C3791,2024-05-15,Local,8,Kandy,9,0,Healthy,Low,71.02,3.83,8.48,188.28,66.37
F24,C3792,2024-04-05,Jersey,5,Polonnaruwa,4,0,Healthy,High,374.16,3.91,8.43,177.56,346.01
F426,C3793,2024-03-17,Holstein,9,Kandy,9,0,Healthy,Low,338.69,4.46,8.56,174.73,324.34
F29,C3794,2024-04-09,Local,4,Kurunegala,5,1,At_Risk,Medium,59.47,4.3,9.18,174.49,57.35
F391,C3795,2024-11-16,Crossbreed,8,Kandy,3,2,Sick,Low,181.91,4.55,8.97,180.67,162.85
F16,C3796,2024-05-26,Local,9,Monaragala,4,0,Healthy,Low,93.75,4.25,8.74,192.12,88.83
F27,C3797,2024-10-16,Holstein,7,Kandy,2,1,At_Risk,Medium,284.55,4.54,9.13,177.87,270.99
F398,C3798,2024-01-11,Crossbreed,4,Matale,1,0,Healthy,Low,159.2,4.72,8.65,197.1,149.43
F358,C3799,2024-01-29,Holstein,8,Kandy,2,1,At_Risk,Medium,407.81,4.05,8.24,183.46,352.46
F221,C3800,2024-10-07,Jersey,2,Badulla,1,0,Healthy,Low,260.96,4.03,8.23,171.04,251.92
F119,C3801,2024-07-18,Jersey,10,Polonnaruwa,6,0,Healthy,Low,216.83,4.42,9.06,176.96,191.19
F374,C3802,2024-06-19,Jersey,3,Matale,9,1,At_Risk,Low,218.31,4.38,9.18,182.49,194.52
F327,C3803,2024-07-07,Jersey,4,Monaragala,6,0,Healthy,Low,216.24,4.03,8.23,170.31,197.43
F380,C3804,2024-01-16,Crossbreed,5,Nuwara Eliya,1,0,Healthy,Low,243.81,4.45,8.57,178.71,244.42
F12,C3805,2024-07-08,Local,9,Badulla,6,1,At_Risk,High,81.89,3.56,8.62,177.47,84.16
F105,C3806,2024-08-18,Jersey,5,Kurunegala,2,0,Healthy,Low,278.62,3.81,9.04,170.54,237.37
F456,C3807,2024-08-09,Jersey,10,Kurunegala,7,1,At_Risk,High,207.61,4.46,8.58,180.83,200.91
F404,C3808,2024-11-07,Crossbreed,3,Badulla,2,1,At_Risk,Medium,208.71,4.51,9.03,186.0,205.69
F195,C3809,2024-04-11,Jersey,9,Nuwara Eliya,3,0,Healthy,Medium,350.48,4.3,8.98,173.83,312.3
F109,C3810,2024-11-22,Local,10,Anuradhapura,3,2,Sick,Medium,75.04,3.85,8.77,179.6,69.7
F326,C3811,2024-09-09,Crossbreed,8,Anuradhapura,9,0,Healthy,Low,177.42,4.17,8.93,186.28,162.25
F70,C3812,2024-01-18,Crossbreed,10,Kurunegala,6,0,Healthy,Medium,228.91,3.98,9.12,178.27,231.4
F275,C3813,2024-11-10,Jersey,6,Monaragala,1,0,Healthy,Low,260.09,3.88,8.39,175.52,241.18
F47,C3814,2024-12-06,Crossbreed,6,Kandy,3,0,Healthy,High,164.92,3.76,8.61,178.48,149.34
F67,C3815,2024-05-20,Jersey,7,Kurunegala,7,0,Healthy,Low,219.38,4.07,8.26,174.18,207.55
F222,C3816,2024-01-26,Crossbreed,7,Matale,4,2,Sick,High,110.9,3.72,8.32,185.94,96.32
F93,C3817,2024-05-07,Jersey,7,Polonnaruwa,3,0,Healthy,High,358.85,4.68,8.26,180.53,373.27
F289,C3818,2024-05-06,Jersey,10,Kandy,9,2,Sick,Medium,126.82,3.99,8.91,188.49,124.85
F29,C3819,2024-12-03,Local,6,Kandy,2,0,Healthy,Low,107.77,3.51,8.35,181.97,92.33
F495,C3820,2024-02-27,Local,9,Kurunegala,9,3,Sick,Medium,27.92,3.66,8.38,177.35,27.43
F200,C3821,2024-09-12,Crossbreed,10,Anuradhapura,5,0,Healthy,Low,261.92,4.6,9.08,191.38,242.6
F341,C3822,2024-09-07,Holstein,4,Anuradhapura,4,3,Sick,High,172.04,4.03,8.2,186.45,172.83
F25,C3823,2024-02-04,Local,6,Monaragala,3,0,Healthy,High,60.58,3.87,8.58,170.54,56.14
F343,C3824,2024-10-03,Local,2,Monaragala,7,1,At_Risk,Low,79.52,4.13,9.17,189.58,74.67
F138,C3825,2024-06-16,Holstein,2,Matale,5,1,At_Risk,Medium,496.73,4.27,9.19,189.78,454.77
F461,C3826,2024-11-19,Local,6,Badulla,7,2,Sick,Medium,40.16,4.49,8.78,177.09,41.58
F194,C3827,2024-10-15,Holstein,5,Anuradhapura,4,0,Healthy,Low,530.9,3.54,8.95,172.62,512.42
F386,C3828,2024-12-29,Jersey,6,Monaragala,5,0,Healthy,Medium,324.5,4.2,9.14,180.25,300.03
F405,C3829,2024-12-16,Holstein,10,Monaragala,3,0,Healthy,Medium,391.09,4.15,8.56,176.83,344.18
F235,C3830,2024-08-29,Crossbreed,4,Nuwara Eliya,10,2,Sick,Medium,107.79,4.01,8.69,181.97,109.93
F227,C3831,2024-10-27,Local,4,Kandy,8,3,Sick,Medium,44.47,4.27,8.39,189.07,45.04
F490,C3832,2024-11-07,Holstein,6,Badulla,4,1,At_Risk,Medium,400.17,4.73,8.5,181.42,402.25
F367,C3833,2024-11-24,Local,8,Anuradhapura,9,0,Healthy,Low,47.79,4.49,8.73,180.81,49.37
F217,C3834,2024-11-10,Crossbreed,3,Badulla,2,3,Sick,Medium,82.66,3.95,8.65,173.83,85.06
F429,C3835,2024-06-12,Crossbreed,7,Monaragala,7,0,Healthy,Medium,170.81,4.52,8.76,187.91,165.21
F35,C3836,2024-02-28,Holstein,5,Badulla,9,2,Sick,Low,164.92,3.92,8.69,181.09,143.55
F30,C3837,2024-10-08,Crossbreed,10,Badulla,4,3,Sick,Low,118.53,4.27,8.77,174.93,106.74
F249,C3838,2024-05-11,Holstein,5,Matale,2,0,Healthy,Low,343.36,4.07,8.36,185.72,325.0
F439,C3839,2024-06-27,Crossbreed,4,Kurunegala,7,0,Healthy,Low,135.9,4.23,8.25,184.06,128.79
F441,C3840,2024-06-02,Jersey,4,Anuradhapura,10,3,Sick,High,80.01,4.42,8.85,191.65,69.32
F361,C3841,2024-01-09,Holstein,6,Nuwara Eliya,4,0,Healthy,High,361.87,4.45,8.3,179.24,318.79
F348,C3842,2024-07-13,Crossbreed,2,Matale,5,0,Healthy,High,153.51,3.97,8.25,187.72,153.06
F175,C3843,2024-11-04,Holstein,7,Polonnaruwa,3,2,Sick,High,378.09,4.6,8.24,186.49,347.4
F130,C3844,2024-08-28,Jersey,6,Monaragala,10,0,Healthy,Low,243.13,4.07,8.42,174.12,251.07
F248,C3845,2024-04-28,Jersey,6,Nuwara Eliya,9,3,Sick,Low,109.22,4.63,9.11,186.06,93.3
F476,C3846,2024-02-05,Jersey,2,Nuwara Eliya,7,1,At_Risk,High,217.18,4.14,8.33,190.91,203.92
F169,C3847,2024-10-19,Jersey,4,Kandy,10,0,Healthy,High,242.79,3.82,8.34,174.52,225.67
F262,C3848,2024-10-08,Local,9,Kurunegala,9,0,Healthy,Medium,57.53,3.84,8.25,173.99,50.2
F309,C3849,2024-09-21,Local,6,Anuradhapura,3,0,Healthy,Low,108.72,4.71,8.46,179.97,110.51
F289,C3850,2024-01-12,Local,7,Anuradhapura,1,1,At_Risk,Low,75.8,4.06,8.57,172.31,68.37
F355,C3851,2024-02-28,Local,2,Nuwara Eliya,10,0,Healthy,Medium,64.61,4.57,8.52,191.68,59.42
F408,C3852,2024-04-30,Holstein,3,Anuradhapura,6,0,Healthy,Low,447.39,4.33,8.72,185.35,380.64
F378,C3853,2024-09-03,Crossbreed,3,Monaragala,2,0,Healthy,Low,223.63,4.2,8.72,186.36,210.55
F105,C3854,2024-08-29,Crossbreed,8,Badulla,1,0,Healthy,Low,143.84,3.72,8.79,170.99,142.47
F95,C3855,2024-10-12,Local,5,Polonnaruwa,9,2,Sick,High,45.24,4.78,8.57,195.94,43.53
F439,C3856,2024-11-22,Crossbreed,7,Nuwara Eliya,2,1,At_Risk,Medium,131.68,4.63,8.75,194.38,128.52
F233,C3857,2024-11-02,Jersey,6,Polonnaruwa,7,0,Healthy,High,277.92,4.24,8.86,173.66,261.52
F142,C3858,2024-11-30,Holstein,7,Polonnaruwa,8,0,Healthy,Medium,357.37,4.48,8.46,191.09,336.44
F231,C3859,2024-10-07,Crossbreed,4,Monaragala,4,1,At_Risk,High,217.06,3.58,9.15,178.72,206.47
F286,C3860,2024-01-09,Crossbreed,3,Badulla,10,0,Healthy,Medium,147.83,3.58,8.38,170.34,136.63
F286,C3861,2024-03-17,Holstein,2,Nuwara Eliya,10,0,Healthy,Medium,236.51,3.51,8.24,182.27,248.14
F312,C3862,2024-03-27,Holstein,7,Anuradhapura,10,1,At_Risk,Low,281.82,3.96,8.58,186.51,277.33
F440,C3863,2024-09-16,Local,8,Matale,9,1,At_Risk,High,65.31,4.56,8.24,181.93,56.04
F460,C3864,2024-07-25,Local,4,Kandy,8,0,Healthy,Medium,87.52,4.14,9.13,173.1,84.4
F220,C3865,2024-12-03,Holstein,3,Badulla,3,0,Healthy,Low,441.74,4.05,8.52,181.65,398.4
F149,C3866,2024-06-17,Jersey,8,Monaragala,8,0,Healthy,High,301.56,3.95,8.64,174.22,300.79
F467,C3867,2024-01-24,Crossbreed,9,Monaragala,4,0,Healthy,Low,269.91,4.66,8.71,186.47,237.85
F468,C3868,2024-02-04,Local,7,Polonnaruwa,3,0,Healthy,High,96.69,3.71,8.59,168.82,88.87
F414,C3869,2024-03-24,Jersey,5,Anuradhapura,4,1,At_Risk,Low,323.9,3.6,8.76,168.3,319.34
F485,C3870,2024-05-01,Holstein,2,Polonnaruwa,5,2,Sick,High,240.64,3.64,9.06,176.47,240.07
F212,C3871,2024-10-14,Crossbreed,8,Kurunegala,8,0,Healthy,High,222.01,4.47,8.84,193.33,211.44
F416,C3872,2024-04-07,Local,2,Kurunegala,8,0,Healthy,High,84.4,3.55,8.5,178.98,75.49
F110,C3873,2024-11-09,Local,4,Anuradhapura,8,0,Healthy,Medium,61.76,3.94,8.77,172.51,57.54
F118,C3874,2024-12-05,Jersey,6,Polonnaruwa,7,0,Healthy,Medium,335.42,4.77,8.63,193.48,324.81
F26,C3875,2024-08-17,Local,10,Nuwara Eliya,2,0,Healthy,Low,56.55,4.31,8.86,175.09,55.39
F146,C3876,2024-09-14,Jersey,5,Nuwara Eliya,7,0,Healthy,Low,219.36,4.46,8.71,178.06,216.95
F421,C3877,2024-10-05,Jersey,9,Monaragala,4,2,Sick,Low,207.01,3.73,8.86,179.23,202.2
F412,C3878,2024-10-16,Crossbreed,10,Polonnaruwa,1,2,Sick,Medium,152.0,4.8,9.16,185.66,138.09
F409,C3879,2024-01-20,Crossbreed,6,Matale,1,0,Healthy,High,229.1,4.27,8.59,192.38,240.08
F60,C3880,2024-05-18,Local,3,Kurunegala,4,0,Healthy,High,90.86,3.78,8.39,186.87,77.45
F167,C3881,2024-12-08,Jersey,4,Anuradhapura,6,1,At_Risk,Medium,229.82,3.75,8.48,174.62,240.81
F438,C3882,2024-03-26,Jersey,10,Nuwara Eliya,6,0,Healthy,Low,248.23,3.56,8.42,183.63,253.37
F191,C3883,2024-05-31,Holstein,2,Badulla,10,1,At_Risk,Low,226.6,3.78,8.76,185.93,220.0
F442,C3884,2024-05-17,Crossbreed,2,Kandy,9,1,At_Risk,High,125.01,4.63,9.06,193.04,122.56
F130,C3885,2024-05-05,Crossbreed,4,Anuradhapura,7,0,Healthy,High,160.72,3.72,8.71,183.95,164.82
F37,C3886,2024-12-24,Holstein,3,Kandy,2,0,Healthy,Medium,468.59,3.68,8.49,176.81,469.51
F327,C3887,2024-03-04,Jersey,9,Monaragala,2,1,At_Risk,High,242.68,3.95,8.62,176.07,249.63
F500,C3888,2024-12-30,Jersey,5,Kurunegala,9,0,Healthy,High,208.82,4.42,9.1,184.07,197.21
F438,C3889,2024-12-08,Crossbreed,4,Badulla,2,0,Healthy,Medium,139.33,4.39,9.19,192.28,144.72
F53,C3890,2024-06-29,Jersey,4,Nuwara Eliya,8,1,At_Risk,Low,285.73,4.62,8.73,191.97,255.22
F305,C3891,2024-05-14,Crossbreed,6,Nuwara Eliya,6,2,Sick,Medium,89.94,3.73,8.92,170.8,91.47
F153,C3892,2024-11-11,Local,7,Monaragala,7,2,Sick,Low,59.93,4.25,8.85,173.31,54.1
F348,C3893,2024-03-25,Crossbreed,6,Anuradhapura,7,0,Healthy,High,208.04,4.28,9.11,175.71,202.14
F165,C3894,2024-09-14,Crossbreed,6,Anuradhapura,4,0,Healthy,High,245.36,4.38,8.55,188.98,233.34
F499,C3895,2024-07-22,Jersey,9,Kurunegala,2,3,Sick,High,127.04,4.67,9.06,179.19,133.3
F300,C3896,2024-03-12,Local,8,Anuradhapura,7,2,Sick,Medium,61.1,3.75,8.32,180.18,63.72
F340,C3897,2024-07-15,Crossbreed,9,Kurunegala,4,1,At_Risk,High,219.06,3.58,8.88,171.58,203.74
F469,C3898,2024-11-11,Jersey,5,Polonnaruwa,6,1,At_Risk,Low,206.49,3.61,8.94,176.67,180.87
F355,C3899,2024-12-21,Jersey,2,Nuwara Eliya,6,2,Sick,Medium,186.31,3.62,8.53,185.8,169.04
F288,C3900,2024-07-15,Local,8,Kurunegala,7,1,At_Risk,High,49.73,3.7,8.76,171.8,46.49
F338,C3901,2024-02-22,Jersey,4,Monaragala,9,0,Healthy,Low,218.92,4.14,8.56,189.86,209.6
F230,C3902,2024-08-14,Jersey,9,Kandy,7,0,Healthy,Medium,255.48,4.68,8.65,187.37,220.61
F147,C3903,2024-08-20,Crossbreed,4,Monaragala,1,0,Healthy,High,211.89,4.5,9.07,182.84,191.08
F232,C3904,2024-01-31,Crossbreed,5,Monaragala,6,0,Healthy,Low,219.04,3.78,8.91,176.21,219.15
F168,C3905,2024-12-18,Crossbreed,4,Polonnaruwa,4,2,Sick,Medium,123.42,3.81,8.64,173.96,105.54
F198,C3906,2024-08-11,Local,4,Polonnaruwa,3,0,Healthy,High,64.95,4.27,8.67,187.71,56.76
F291,C3907,2024-06-25,Holstein,5,Badulla,7,1,At_Risk,High,295.74,3.54,8.31,174.07,308.89
F19,C3908,2024-10-13,Holstein,5,Polonnaruwa,6,0,Healthy,Medium,333.47,4.37,8.57,186.17,349.27
F488,C3909,2024-10-25,Crossbreed,8,Matale,7,0,Healthy,High,227.47,3.62,8.65,173.75,238.58
F334,C3910,2024-10-06,Jersey,6,Monaragala,2,0,Healthy,High,336.92,4.14,9.07,176.73,303.04
F332,C3911,2024-01-30,Holstein,5,Kurunegala,3,0,Healthy,Medium,386.78,4.79,9.1,190.6,401.13
F10,C3912,2024-09-17,Crossbreed,7,Monaragala,10,2,Sick,High,94.56,3.66,8.57,175.52,88.39
F400,C3913,2024-09-15,Jersey,9,Polonnaruwa,5,2,Sick,Medium,180.55,3.68,9.03,177.63,183.27
F414,C3914,2024-01-11,Holstein,9,Polonnaruwa,4,1,At_Risk,Medium,340.49,4.21,8.63,183.23,339.92
F488,C3915,2024-05-20,Jersey,10,Kandy,2,0,Healthy,Low,330.55,3.56,8.32,175.9,343.73
F447,C3916,2024-01-29,Jersey,8,Badulla,5,0,Healthy,Medium,284.63,3.79,8.84,175.59,292.46
F489,C3917,2024-02-06,Crossbreed,3,Kandy,6,0,Healthy,High,169.2,4.08,8.32,172.51,176.51
F465,C3918,2024-04-17,Holstein,5,Polonnaruwa,1,0,Healthy,High,474.07,4.39,8.7,180.7,408.44
F65,C3919,2024-05-28,Local,8,Polonnaruwa,4,2,Sick,Low,63.31,4.01,8.78,179.8,64.89
F280,C3920,2024-10-18,Jersey,2,Monaragala,3,0,Healthy,Medium,300.99,4.42,8.9,183.48,308.35
F472,C3921,2024-01-30,Holstein,4,Kurunegala,10,0,Healthy,Low,297.54,4.04,8.64,188.18,300.64
F185,C3922,2024-05-29,Crossbreed,4,Kurunegala,5,0,Healthy,Low,218.55,3.75,8.31,184.26,194.73
F444,C3923,2024-04-06,Local,8,Matale,10,0,Healthy,Medium,63.59,4.37,8.93,191.02,62.13
F146,C3924,2024-01-12,Jersey,4,Polonnaruwa,8,0,Healthy,Low,300.75,4.77,8.23,183.98,297.16
F438,C3925,2024-09-16,Local,4,Nuwara Eliya,5,0,Healthy,Low,84.7,4.31,8.7,190.54,72.2
F220,C3926,2024-12-13,Local,7,Kandy,3,1,At_Risk,Medium,76.02,3.65,8.49,171.59,66.7
F354,C3927,2024-03-13,Holstein,4,Monaragala,8,3,Sick,Low,177.37,4.02,8.27,184.87,181.36
F336,C3928,2024-08-13,Local,2,Kurunegala,6,0,Healthy,High,72.24,4.1,8.86,186.51,68.0
F202,C3929,2024-04-26,Local,9,Monaragala,4,0,Healthy,Medium,73.32,4.43,8.38,182.29,64.8
F91,C3930,2024-08-05,Holstein,10,Nuwara Eliya,9,1,At_Risk,Low,260.18,4.16,8.86,187.9,243.76
F488,C3931,2024-12-12,Jersey,5,Kandy,3,0,Healthy,High,395.14,4.68,8.81,177.58,342.95
F355,C3932,2024-02-20,Holstein,7,Badulla,4,0,Healthy,Medium,559.42,4.73,8.62,186.51,497.57
F104,C3933,2024-02-20,Crossbreed,4,Badulla,3,0,Healthy,Low,171.69,4.49,8.42,177.77,168.99
F72,C3934,2024-04-26,Crossbreed,3,Nuwara Eliya,6,0,Healthy,Low,180.1,3.96,9.17,170.59,187.01
F433,C3935,2024-12-05,Crossbreed,6,Badulla,8,0,Healthy,High,189.53,4.02,9.01,171.3,173.88
F334,C3936,2024-07-03,Crossbreed,9,Badulla,10,1,At_Risk,Low,128.72,4.09,8.92,188.25,115.63
F60,C3937,2024-05-30,Jersey,7,Polonnaruwa,3,0,Healthy,High,280.56,3.97,8.44,189.61,286.74
F14,C3938,2024-01-16,Holstein,8,Kandy,7,0,Healthy,Low,458.69,3.52,8.31,165.79,471.12
F412,C3939,2024-03-08,Local,8,Nuwara Eliya,3,0,Healthy,High,76.38,4.34,8.55,192.62,80.05
F220,C3940,2024-12-13,Holstein,9,Matale,6,0,Healthy,High,311.39,3.9,8.63,174.5,274.01
F359,C3941,2024-05-20,Jersey,3,Monaragala,6,0,Healthy,Medium,257.43,3.89,8.86,170.03,221.49
F85,C3942,2024-02-06,Holstein,2,Kurunegala,10,0,Healthy,Low,344.69,4.55,8.72,180.77,352.75
F258,C3943,2024-06-03,Jersey,4,Matale,2,0,Healthy,Low,299.64,3.86,8.54,172.8,314.17
F279,C3944,2024-07-24,Crossbreed,6,Kurunegala,4,1,At_Risk,Medium,214.41,4.43,8.21,180.48,205.38
F72,C3945,2024-11-11,Jersey,6,Matale,6,0,Healthy,Medium,323.83,4.22,8.81,179.54,280.13
F243,C3946,2024-05-11,Local,4,Matale,1,0,Healthy,Low,59.63,3.84,8.94,169.86,60.54
F360,C3947,2024-03-10,Holstein,7,Polonnaruwa,2,0,Healthy,Low,513.95,4.35,9.0,179.28,451.34
F118,C3948,2024-11-06,Holstein,4,Monaragala,9,3,Sick,High,142.73,4.26,8.98,178.74,147.08
F206,C3949,2024-09-22,Holstein,8,Polonnaruwa,10,0,Healthy,Low,366.08,4.47,8.72,184.93,371.81
F199,C3950,2024-03-28,Crossbreed,8,Matale,7,2,Sick,Medium,119.31,4.31,9.05,177.75,116.22
F124,C3951,2024-07-16,Crossbreed,7,Polonnaruwa,9,0,Healthy,High,117.31,3.92,8.48,181.0,114.15
F50,C3952,2024-09-04,Local,4,Kandy,6,0,Healthy,Medium,92.38,4.71,9.11,188.31,90.34
F7,C3953,2024-11-25,Holstein,9,Monaragala,2,0,Healthy,Low,488.61,4.34,8.46,177.65,438.96
F320,C3954,2024-07-03,Local,3,Kandy,9,1,At_Risk,High,53.0,4.26,8.84,188.9,47.49
F262,C3955,2024-03-21,Holstein,7,Badulla,8,0,Healthy,High,323.03,4.35,8.69,188.67,282.82
F114,C3956,2024-08-30,Crossbreed,7,Badulla,8,0,Healthy,Low,148.38,3.86,9.2,176.94,148.97
F103,C3957,2024-08-13,Crossbreed,4,Kandy,5,0,Healthy,Low,276.38,4.54,8.6,183.03,272.76
F120,C3958,2024-02-17,Crossbreed,3,Kurunegala,1,0,Healthy,Low,211.83,3.58,9.16,178.75,191.59
F317,C3959,2024-03-19,Local,9,Nuwara Eliya,5,2,Sick,Low,63.07,3.73,9.01,180.46,58.36
F183,C3960,2024-08-18,Jersey,2,Monaragala,10,2,Sick,High,137.88,4.22,9.08,172.52,117.94
F240,C3961,2024-06-11,Crossbreed,2,Polonnaruwa,6,0,Healthy,Medium,179.35,4.26,8.82,187.22,164.01
F247,C3962,2024-08-08,Jersey,4,Kurunegala,1,0,Healthy,Medium,307.84,3.98,8.97,180.53,275.61
F228,C3963,2024-04-27,Jersey,10,Kurunegala,1,0,Healthy,Medium,312.44,3.89,8.83,187.16,284.55
F412,C3964,2024-04-30,Jersey,4,Matale,2,3,Sick,Medium,109.58,4.13,8.52,176.13,101.77
F492,C3965,2024-09-13,Jersey,2,Kurunegala,7,1,At_Risk,Medium,183.41,4.79,8.5,190.37,170.34
F406,C3966,2024-11-10,Jersey,8,Nuwara Eliya,1,2,Sick,Low,190.49,4.71,8.41,190.87,170.12
F245,C3967,2024-11-01,Holstein,5,Badulla,2,0,Healthy,Low,373.38,4.13,8.96,180.08,333.9
F98,C3968,2024-01-25,Crossbreed,9,Monaragala,2,2,Sick,Low,138.84,4.38,9.01,187.17,142.61
F456,C3969,2024-05-16,Jersey,2,Kandy,7,0,Healthy,High,229.71,3.65,9.06,170.7,238.4
F139,C3970,2024-02-20,Local,6,Polonnaruwa,9,0,Healthy,Low,70.61,4.48,8.83,193.58,71.3
F374,C3971,2024-06-03,Jersey,5,Monaragala,9,0,Healthy,Low,170.19,4.29,8.39,186.79,154.66
F28,C3972,2024-10-05,Holstein,3,Anuradhapura,10,3,Sick,High,158.83,3.65,8.7,184.95,161.61
F496,C3973,2024-04-20,Crossbreed,7,Kandy,3,1,At_Risk,Low,155.05,4.14,8.92,175.27,135.42
F59,C3974,2024-04-05,Holstein,4,Badulla,8,1,At_Risk,Low,349.58,4.11,8.79,191.04,349.76
F258,C3975,2024-10-24,Holstein,7,Polonnaruwa,1,0,Healthy,Medium,336.34,4.77,8.63,177.74,338.09
F489,C3976,2024-04-23,Holstein,10,Monaragala,3,3,Sick,Medium,263.27,3.54,8.91,169.92,245.74
F454,C3977,2024-08-26,Jersey,4,Nuwara Eliya,9,2,Sick,Medium,114.3,3.73,8.68,175.21,118.64
F464,C3978,2024-04-30,Holstein,10,Nuwara Eliya,10,1,At_Risk,Medium,265.02,4.41,8.75,185.22,244.58
F306,C3979,2024-03-08,Holstein,2,Kurunegala,4,0,Healthy,High,558.63,4.66,8.97,188.27,527.38
F8,C3980,2024-02-13,Local,3,Anuradhapura,3,0,Healthy,Medium,74.32,3.59,8.37,185.75,76.53
F47,C3981,2024-07-27,Jersey,10,Anuradhapura,8,3,Sick,Medium,100.85,4.27,9.12,191.69,102.43
F100,C3982,2024-09-28,Jersey,4,Nuwara Eliya,10,2,Sick,High,114.44,4.71,8.62,181.72,118.97
F372,C3983,2024-09-27,Holstein,8,Kurunegala,6,1,At_Risk,High,308.14,3.7,8.82,178.72,280.16
F467,C3984,2024-08-31,Local,8,Polonnaruwa,10,1,At_Risk,High,35.01,4.47,8.84,180.75,35.59
F176,C3985,2024-12-24,Local,3,Kurunegala,6,1,At_Risk,Low,61.08,3.64,8.37,182.63,55.15
F397,C3986,2024-12-07,Holstein,3,Monaragala,3,1,At_Risk,Medium,321.79,3.69,8.47,178.78,291.19
F487,C3987,2024-01-15,Holstein,7,Monaragala,8,0,Healthy,High,503.72,3.68,9.09,180.88,476.9
F17,C3988,2024-01-02,Jersey,2,Polonnaruwa,10,3,Sick,Medium,91.6,4.08,8.31,183.58,79.28
F378,C3989,2024-04-27,Crossbreed,5,Nuwara Eliya,6,0,Healthy,Medium,219.91,3.64,8.74,171.9,186.94
F489,C3990,2024-07-05,Jersey,8,Matale,6,2,Sick,Low,151.19,4.19,8.4,184.68,133.01
F235,C3991,2024-05-04,Jersey,10,Anuradhapura,9,1,At_Risk,Low,176.98,3.56,8.54,166.83,153.72
F61,C3992,2024-07-19,Crossbreed,4,Monaragala,1,2,Sick,Medium,135.48,4.16,8.93,190.82,141.65
F194,C3993,2024-02-26,Local,10,Monaragala,6,2,Sick,Low,46.81,4.03,9.17,179.23,42.59
F213,C3994,2024-10-07,Local,6,Matale,2,0,Healthy,Low,106.3,4.36,8.27,184.2,107.32
F113,C3995,2024-02-29,Local,3,Monaragala,6,0,Healthy,Medium,87.57,4.03,8.26,176.38,90.02
F63,C3996,2024-03-10,Jersey,6,Nuwara Eliya,5,0,Healthy,Medium,269.44,4.1,9.15,176.9,249.73
F297,C3997,2024-11-10,Holstein,6,Nuwara Eliya,4,3,Sick,Low,257.57,4.29,8.2,181.57,238.88
F259,C3998,2024-02-19,Crossbreed,8,Anuradhapura,10,1,At_Risk,High,105.42,4.23,8.86,181.12,100.55
F235,C3999,2024-07-14,Crossbreed,3,Monaragala,10,0,Healthy,Medium,107.89,4.57,8.42,183.1,99.04
F349,C4000,2024-10-31,Holstein,7,Nuwara Eliya,8,0,Healthy,High,397.46,3.53,8.71,167.53,363.67
F294,C4001,2024-03-21,Holstein,9,Kurunegala,6,0,Healthy,Low,425.12,4.69,8.71,176.96,362.8
F280,C4002,2024-05-29,Jersey,10,Polonnaruwa,1,2,Sick,High,148.85,4.27,9.15,186.27,131.12
F238,C4003,2024-01-27,Local,9,Nuwara Eliya,10,0,Healthy,High,68.12,3.83,8.38,168.35,70.55
F421,C4004,2024-04-15,Holstein,3,Monaragala,9,0,Healthy,High,275.49,4.03,8.73,180.03,260.25
F290,C4005,2024-05-05,Crossbreed,2,Monaragala,7,0,Healthy,High,185.55,3.5,8.51,182.33,167.12
F466,C4006,2024-04-01,Local,2,Matale,10,3,Sick,High,34.46,4.16,8.67,189.62,31.12
F499,C4007,2024-12-04,Crossbreed,2,Anuradhapura,10,2,Sick,High,110.59,4.72,8.49,190.8,110.05
F96,C4008,2024-09-14,Crossbreed,5,Kandy,10,0,Healthy,High,126.37,4.29,8.94,179.99,109.04
F99,C4009,2024-01-01,Jersey,7,Nuwara Eliya,5,1,At_Risk,High,214.44,4.53,9.1,185.21,202.12
F168,C4010,2024-04-04,Holstein,8,Matale,5,0,Healthy,High,479.54,4.71,9.09,195.49,423.47
F149,C4011,2024-01-30,Jersey,6,Kandy,5,3,Sick,Medium,128.6,3.67,8.33,182.83,112.64
F79,C4012,2024-02-04,Local,9,Monaragala,1,1,At_Risk,Low,91.29,3.84,8.37,179.33,94.43
F437,C4013,2024-03-20,Jersey,9,Polonnaruwa,9,0,Healthy,Low,192.95,4.24,8.21,186.62,191.05
F417,C4014,2024-10-04,Jersey,5,Badulla,8,1,At_Risk,High,268.72,3.95,9.01,178.8,273.9
F97,C4015,2024-03-27,Holstein,4,Matale,8,1,At_Risk,Low,422.21,4.23,8.21,189.71,401.25
F186,C4016,2024-01-14,Holstein,9,Kandy,9,0,Healthy,High,339.08,4.06,8.83,187.07,313.23
F67,C4017,2024-08-09,Crossbreed,10,Kurunegala,4,0,Healthy,High,249.12,3.6,8.27,172.36,222.54
F357,C4018,2024-08-21,Holstein,2,Polonnaruwa,5,0,Healthy,Medium,458.84,3.6,8.92,177.04,437.62
F232,C4019,2024-03-16,Jersey,10,Matale,8,2,Sick,Medium,182.91,4.5,8.68,181.22,170.09
F365,C4020,2024-03-19,Holstein,9,Nuwara Eliya,10,0,Healthy,Low,238.8,4.64,8.79,187.1,222.02
F379,C4021,2024-01-08,Holstein,3,Badulla,2,0,Healthy,Low,505.64,3.57,9.01,167.77,490.52
F246,C4022,2024-08-05,Jersey,6,Badulla,4,0,Healthy,Low,345.79,4.61,8.27,178.22,320.79
F315,C4023,2024-02-09,Holstein,2,Polonnaruwa,10,0,Healthy,Low,367.61,4.39,9.02,179.23,375.14
F433,C4024,2024-08-02,Jersey,2,Kurunegala,8,0,Healthy,High,245.68,4.24,8.28,191.0,225.32
F71,C4025,2024-05-08,Local,5,Kandy,3,0,Healthy,High,101.55,4.27,9.01,173.52,93.04
F259,C4026,2024-11-24,Holstein,4,Kurunegala,7,0,Healthy,Low,455.58,4.25,8.56,174.08,432.92
F318,C4027,2024-12-06,Holstein,8,Kurunegala,2,1,At_Risk,Medium,457.34,3.84,8.52,175.22,473.97
F443,C4028,2024-03-22,Crossbreed,8,Polonnaruwa,1,0,Healthy,Low,245.95,4.49,8.37,175.81,247.37
F297,C4029,2024-10-05,Crossbreed,10,Badulla,9,0,Healthy,High,160.19,3.68,9.02,182.68,140.98
F176,C4030,2024-02-18,Holstein,3,Matale,2,0,Healthy,Medium,487.08,3.54,8.89,174.1,502.4
F225,C4031,2024-08-21,Crossbreed,9,Badulla,5,1,At_Risk,Medium,175.66,3.65,9.05,167.93,149.92
F118,C4032,2024-03-28,Local,4,Monaragala,10,1,At_Risk,High,65.68,3.55,8.71,167.46,63.84
F5,C4033,2024-10-29,Jersey,2,Matale,9,1,At_Risk,Medium,180.74,3.78,8.69,167.82,154.09
F307,C4034,2024-02-21,Jersey,5,Monaragala,9,3,Sick,High,110.68,3.83,8.4,180.82,102.09
F281,C4035,2024-04-28,Jersey,2,Monaragala,3,0,Healthy,High,255.89,4.53,8.85,191.73,243.08
F210,C4036,2024-06-10,Jersey,9,Polonnaruwa,7,0,Healthy,High,213.84,3.78,8.58,173.85,211.26
F421,C4037,2024-01-12,Jersey,4,Anuradhapura,10,0,Healthy,Low,220.59,4.17,8.67,177.46,210.62
F68,C4038,2024-12-27,Holstein,2,Matale,1,0,Healthy,Low,332.09,3.98,8.51,172.93,346.71
F227,C4039,2024-12-04,Crossbreed,2,Badulla,3,3,Sick,Low,113.04,4.62,8.21,178.56,118.19
F151,C4040,2024-09-13,Local,7,Kandy,9,3,Sick,Medium,30.37,4.35,8.84,191.71,31.53
F208,C4041,2024-02-26,Holstein,8,Kandy,9,0,Healthy,Medium,386.39,3.98,9.07,173.54,331.85
F245,C4042,2024-12-21,Crossbreed,7,Kandy,10,3,Sick,Medium,74.7,4.19,8.73,186.88,67.07
F87,C4043,2024-08-20,Jersey,9,Nuwara Eliya,1,0,Healthy,High,319.55,3.89,9.02,174.19,296.63
F452,C4044,2024-03-25,Holstein,9,Nuwara Eliya,8,1,At_Risk,Medium,295.05,4.29,9.12,191.9,269.49
F378,C4045,2024-01-05,Holstein,4,Nuwara Eliya,10,1,At_Risk,Low,269.09,3.85,8.79,175.15,279.61
F314,C4046,2024-04-25,Holstein,3,Monaragala,3,0,Healthy,Medium,496.15,4.52,8.47,192.08,469.96
F297,C4047,2024-01-04,Jersey,5,Kurunegala,6,2,Sick,Medium,172.82,4.75,8.78,180.27,181.24
F270,C4048,2024-05-02,Local,7,Anuradhapura,10,0,Healthy,Medium,45.43,3.68,8.66,181.02,43.28
F256,C4049,2024-05-25,Crossbreed,8,Nuwara Eliya,3,0,Healthy,Medium,217.89,3.9,8.24,178.1,224.07
F210,C4050,2024-04-19,Crossbreed,10,Badulla,4,1,At_Risk,Medium,167.73,4.15,8.93,186.05,155.04
F359,C4051,2024-05-26,Local,8,Monaragala,4,1,At_Risk,Medium,67.84,4.78,8.56,190.44,59.63
F175,C4052,2024-11-08,Jersey,5,Matale,7,0,Healthy,High,312.18,4.54,8.46,175.48,308.26
F184,C4053,2024-07-17,Jersey,10,Polonnaruwa,4,0,Healthy,Low,324.75,3.82,8.98,182.38,282.37
F250,C4054,2024-10-01,Holstein,10,Badulla,8,0,Healthy,High,300.17,3.97,9.16,183.5,310.46
F234,C4055,2024-06-20,Holstein,10,Anuradhapura,2,0,Healthy,High,332.67,3.98,8.6,175.21,306.42
F464,C4056,2024-07-06,Jersey,5,Monaragala,6,1,At_Risk,Low,235.09,4.54,8.47,178.81,219.36
F180,C4057,2024-01-24,Jersey,6,Kurunegala,6,1,At_Risk,High,188.26,4.45,8.89,187.3,188.77
F274,C4058,2024-02-20,Local,9,Polonnaruwa,2,0,Healthy,Medium,60.07,4.74,9.15,196.78,53.36
F346,C4059,2024-06-22,Holstein,5,Polonnaruwa,3,3,Sick,Low,166.31,4.48,8.49,192.99,170.92
F18,C4060,2024-07-21,Local,9,Polonnaruwa,10,0,Healthy,Medium,59.07,4.28,8.23,181.07,55.45
F252,C4061,2024-04-09,Crossbreed,7,Matale,2,3,Sick,High,74.77,4.54,8.39,183.86,78.19
F45,C4062,2024-06-30,Jersey,3,Polonnaruwa,8,0,Healthy,High,273.92,3.77,9.19,185.01,241.59
F385,C4063,2024-03-31,Local,10,Kurunegala,4,0,Healthy,High,83.77,3.78,8.58,187.47,76.75
F58,C4064,2024-07-07,Holstein,7,Anuradhapura,6,1,At_Risk,Low,414.75,4.22,8.93,181.27,423.86
F105,C4065,2024-04-01,Jersey,9,Monaragala,6,3,Sick,Low,142.66,4.51,9.05,180.72,134.02
F404,C4066,2024-05-15,Crossbreed,4,Matale,5,3,Sick,Medium,82.38,4.4,8.4,181.86,76.45
F449,C4067,2024-11-16,Jersey,6,Kandy,6,2,Sick,Low,161.57,3.82,8.7,169.62,148.83
F432,C4068,2024-01-08,Holstein,7,Polonnaruwa,4,0,Healthy,Low,409.35,4.24,8.98,182.13,360.44
F316,C4069,2024-02-07,Holstein,6,Anuradhapura,2,0,Healthy,Low,522.19,4.27,8.55,173.54,534.44
F365,C4070,2024-05-20,Jersey,7,Monaragala,10,0,Healthy,High,238.27,3.84,8.58,179.35,212.48
F395,C4071,2024-07-03,Jersey,6,Kandy,8,1,At_Risk,Medium,218.29,4.77,9.2,193.11,218.77
F285,C4072,2024-01-06,Jersey,2,Kandy,6,0,Healthy,High,283.18,4.74,9.08,179.54,290.19
F229,C4073,2024-05-13,Holstein,2,Monaragala,9,0,Healthy,Low,381.38,4.58,9.16,179.54,366.91
F143,C4074,2024-09-04,Holstein,4,Kurunegala,2,3,Sick,High,211.76,3.97,9.2,176.61,213.22
F242,C4075,2024-09-09,Local,8,Anuradhapura,4,0,Healthy,High,66.25,3.8,9.15,177.25,56.49
F43,C4076,2024-06-04,Crossbreed,4,Matale,3,0,Healthy,Low,160.03,4.31,8.97,179.02,164.28
F209,C4077,2024-11-16,Jersey,3,Kandy,3,2,Sick,Medium,195.47,4.09,8.83,183.38,178.99
F377,C4078,2024-06-17,Jersey,2,Matale,5,1,At_Risk,High,335.5,3.66,8.6,171.08,293.16
F98,C4079,2024-09-06,Holstein,5,Badulla,7,1,At_Risk,High,375.12,4.7,8.35,183.4,336.26
F388,C4080,2024-07-02,Crossbreed,2,Polonnaruwa,5,0,Healthy,Medium,258.48,4.74,8.33,193.86,239.81
F62,C4081,2024-05-25,Local,2,Badulla,6,1,At_Risk,Medium,85.93,4.13,8.6,176.24,73.45
F8,C4082,2024-12-22,Crossbreed,7,Polonnaruwa,4,1,At_Risk,Medium,167.75,4.02,8.22,181.98,149.76
F339,C4083,2024-04-05,Local,8,Monaragala,8,2,Sick,High,36.83,3.56,8.42,175.65,34.55
F86,C4084,2024-04-04,Crossbreed,8,Polonnaruwa,3,0,Healthy,High,162.7,3.8,8.9,179.51,146.64
F220,C4085,2024-05-07,Local,9,Monaragala,1,0,Healthy,Low,85.91,3.64,8.38,167.12,90.02
F172,C4086,2024-08-24,Crossbreed,5,Anuradhapura,7,1,At_Risk,Medium,177.81,3.57,8.48,178.87,176.2
F231,C4087,2024-04-19,Crossbreed,5,Matale,2,0,Healthy,High,179.56,4.45,8.58,174.62,183.97
F490,C4088,2024-05-29,Jersey,9,Kurunegala,4,1,At_Risk,Low,251.56,4.11,8.44,174.46,250.89
F152,C4089,2024-11-18,Crossbreed,4,Kandy,7,3,Sick,High,65.74,4.23,8.98,176.57,56.56
F299,C4090,2024-03-02,Local,3,Matale,5,0,Healthy,Medium,63.86,4.58,8.77,176.91,56.15
F276,C4091,2024-12-10,Jersey,2,Anuradhapura,1,1,At_Risk,Low,191.88,3.64,9.12,175.07,168.7
F208,C4092,2024-04-22,Jersey,6,Kandy,10,0,Healthy,High,228.94,4.64,8.23,190.9,223.88
F411,C4093,2024-01-28,Crossbreed,2,Polonnaruwa,1,2,Sick,Low,129.9,4.47,8.79,175.47,112.46
F115,C4094,2024-07-04,Holstein,9,Polonnaruwa,7,0,Healthy,Low,424.25,3.65,9.04,170.57,438.37
F419,C4095,2024-11-22,Local,3,Nuwara Eliya,1,1,At_Risk,Medium,70.39,4.01,8.55,187.93,71.42
F230,C4096,2024-10-19,Local,7,Monaragala,2,0,Healthy,Medium,78.87,3.64,8.38,168.35,71.2
F384,C4097,2024-02-12,Crossbreed,3,Monaragala,8,0,Healthy,High,144.46,4.61,8.79,182.95,130.34
F20,C4098,2024-05-11,Jersey,2,Kurunegala,8,3,Sick,High,109.42,4.56,8.86,186.06,110.15
F350,C4099,2024-06-24,Local,5,Monaragala,2,0,Healthy,High,66.93,4.05,8.91,176.49,61.4
F369,C4100,2024-07-05,Holstein,10,Matale,5,1,At_Risk,Medium,395.54,4.56,8.89,176.76,414.6
F385,C4101,2024-07-08,Jersey,9,Kandy,2,0,Healthy,High,316.64,4.15,9.13,175.75,317.72
F122,C4102,2024-10-13,Holstein,5,Matale,8,3,Sick,High,184.2,4.16,8.62,188.95,170.57
F334,C4103,2024-08-17,Local,7,Monaragala,1,0,Healthy,High,87.34,3.67,8.27,183.26,83.29
F365,C4104,2024-06-15,Local,5,Anuradhapura,6,0,Healthy,Medium,98.8,3.54,8.21,167.03,92.37
F416,C4105,2024-11-06,Local,8,Matale,5,1,At_Risk,High,84.63,4.0,8.73,176.08,84.58
F65,C4106,2024-07-21,Holstein,6,Monaragala,3,2,Sick,Medium,274.21,4.13,9.18,190.65,283.13
F27,C4107,2024-08-13,Holstein,2,Polonnaruwa,5,0,Healthy,Medium,392.13,4.0,8.73,171.95,410.88
F42,C4108,2024-07-02,Jersey,3,Matale,10,1,At_Risk,Low,176.79,3.83,8.94,186.94,166.74
F339,C4109,2024-01-28,Local,10,Kandy,7,0,Healthy,High,99.54,3.84,8.69,187.43,85.78
F401,C4110,2024-07-07,Holstein,3,Polonnaruwa,8,0,Healthy,Medium,499.21,4.73,9.11,195.03,513.68
F312,C4111,2024-12-30,Local,5,Kurunegala,1,0,Healthy,High,98.52,4.21,9.18,180.57,102.45
F156,C4112,2024-09-15,Jersey,8,Polonnaruwa,5,2,Sick,Medium,225.4,4.4,8.63,192.89,197.07
F70,C4113,2024-12-23,Holstein,5,Nuwara Eliya,6,0,Healthy,High,366.07,3.8,8.74,174.95,330.33
F64,C4114,2024-06-28,Holstein,4,Anuradhapura,6,1,At_Risk,Low,312.13,4.23,8.93,178.23,300.82
F207,C4115,2024-12-06,Crossbreed,6,Monaragala,8,1,At_Risk,Low,156.38,3.91,9.09,177.56,157.41
F212,C4116,2024-12-28,Local,2,Nuwara Eliya,5,2,Sick,Low,40.99,3.51,8.31,182.58,39.72
F93,C4117,2024-04-04,Local,6,Monaragala,10,0,Healthy,High,54.1,4.34,8.6,174.04,50.22
F278,C4118,2024-09-20,Holstein,7,Kurunegala,4,0,Healthy,High,408.31,4.42,8.97,185.59,380.15
F224,C4119,2024-03-29,Jersey,5,Monaragala,7,0,Healthy,Low,282.71,4.74,9.08,190.4,281.52
F389,C4120,2024-04-25,Holstein,2,Badulla,9,0,Healthy,Low,357.41,4.05,8.84,176.24,342.51
F184,C4121,2024-09-07,Local,9,Nuwara Eliya,5,0,Healthy,Medium,94.83,4.44,8.48,189.1,87.02
F496,C4122,2024-01-29,Holstein,2,Nuwara Eliya,7,0,Healthy,Medium,323.45,3.56,9.04,167.1,290.31
F468,C4123,2024-04-22,Crossbreed,7,Kurunegala,6,0,Healthy,High,135.51,3.82,8.78,183.01,120.8
F72,C4124,2024-07-14,Local,3,Nuwara Eliya,8,0,Healthy,Low,55.35,4.4,8.71,177.15,52.87
F193,C4125,2024-07-30,Local,4,Monaragala,6,0,Healthy,High,82.9,3.82,8.47,169.7,80.71
F57,C4126,2024-03-26,Jersey,3,Kurunegala,6,1,At_Risk,Medium,200.03,3.68,8.85,185.75,201.86
F12,C4127,2024-11-23,Jersey,8,Badulla,3,1,At_Risk,Low,217.81,3.63,8.98,175.1,225.23
F499,C4128,2024-06-08,Holstein,5,Kandy,6,2,Sick,Low,302.85,3.77,8.39,187.31,310.73
F436,C4129,2024-06-14,Crossbreed,10,Polonnaruwa,6,0,Healthy,High,157.84,3.73,8.91,181.61,139.77
F12,C4130,2024-11-17,Holstein,2,Polonnaruwa,8,2,Sick,Medium,327.81,3.93,8.39,188.85,303.41
F301,C4131,2024-04-09,Local,2,Matale,7,1,At_Risk,Low,73.81,4.51,9.03,180.47,74.66
F250,C4132,2024-05-16,Holstein,5,Kandy,4,0,Healthy,Medium,398.69,4.05,9.09,181.14,352.77
F94,C4133,2024-06-30,Crossbreed,9,Nuwara Eliya,3,0,Healthy,Medium,221.25,4.65,8.63,186.88,189.54
F266,C4134,2024-05-14,Holstein,4,Kurunegala,7,1,At_Risk,High,340.69,3.75,8.79,178.39,333.23
F474,C4135,2024-04-21,Holstein,8,Monaragala,6,0,Healthy,Medium,458.3,4.69,8.64,181.79,412.48
F228,C4136,2024-03-23,Holstein,4,Badulla,4,0,Healthy,Medium,402.6,4.44,8.87,175.87,417.14
F448,C4137,2024-12-22,Holstein,3,Monaragala,5,1,At_Risk,Low,345.63,3.71,8.98,186.22,360.37
F342,C4138,2024-04-09,Jersey,2,Badulla,9,0,Healthy,Medium,187.06,3.74,8.35,173.26,178.37
F138,C4139,2024-02-18,Crossbreed,8,Badulla,5,0,Healthy,High,277.44,4.37,9.1,193.68,248.82
F256,C4140,2024-05-27,Crossbreed,7,Polonnaruwa,2,0,Healthy,Medium,245.08,3.87,8.8,171.74,217.45
F292,C4141,2024-12-08,Local,8,Anuradhapura,10,0,Healthy,Low,73.43,4.49,8.55,186.61,64.77
F241,C4142,2024-08-23,Crossbreed,7,Monaragala,8,0,Healthy,Low,142.07,4.15,8.43,187.47,146.13
F197,C4143,2024-02-15,Jersey,7,Matale,9,1,At_Risk,Low,214.03,4.66,8.84,181.75,190.6
F151,C4144,2024-06-15,Holstein,3,Badulla,10,0,Healthy,Low,311.34,4.34,9.07,177.63,289.91
F305,C4145,2024-07-29,Crossbreed,4,Anuradhapura,9,0,Healthy,Medium,172.14,3.68,8.64,173.02,149.63
F229,C4146,2024-06-04,Holstein,4,Matale,10,1,At_Risk,High,268.63,4.71,8.82,181.38,240.57
F9,C4147,2024-01-11,Crossbreed,2,Anuradhapura,3,0,Healthy,High,217.5,3.9,8.26,177.95,193.77
F5,C4148,2024-01-20,Local,3,Kurunegala,5,0,Healthy,Low,99.45,3.52,8.5,182.97,95.21
F102,C4149,2024-03-02,Crossbreed,3,Anuradhapura,10,1,At_Risk,High,110.32,4.31,8.52,180.81,96.1
F288,C4150,2024-01-12,Jersey,2,Polonnaruwa,6,0,Healthy,Medium,263.27,3.62,8.75,177.87,275.17
F417,C4151,2024-09-20,Crossbreed,4,Kurunegala,7,1,At_Risk,High,183.64,4.09,8.37,174.66,164.77
F394,C4152,2024-08-09,Holstein,9,Polonnaruwa,2,0,Healthy,Low,477.13,3.6,8.41,174.17,439.24
F16,C4153,2024-07-12,Jersey,7,Kandy,1,0,Healthy,Low,316.59,4.16,8.91,180.22,293.3
F461,C4154,2024-03-17,Jersey,5,Kurunegala,5,1,At_Risk,Low,277.42,4.17,9.0,183.47,270.16
F221,C4155,2024-01-13,Local,9,Nuwara Eliya,2,2,Sick,Medium,64.58,3.56,8.33,176.73,60.2
F249,C4156,2024-09-28,Local,8,Anuradhapura,1,0,Healthy,High,61.82,3.64,8.5,186.38,55.18
F458,C4157,2024-04-29,Jersey,2,Anuradhapura,10,3,Sick,High,92.68,4.64,8.78,194.69,80.0
F360,C4158,2024-06-25,Holstein,3,Kandy,10,2,Sick,Low,206.62,3.86,8.46,173.36,192.13
F321,C4159,2024-01-17,Local,4,Kandy,10,1,At_Risk,Low,57.34,3.82,8.57,170.32,50.68
F244,C4160,2024-11-04,Jersey,7,Monaragala,2,2,Sick,Low,177.48,4.5,8.88,187.77,151.36
F257,C4161,2024-10-22,Jersey,2,Badulla,5,3,Sick,Low,166.07,4.64,8.4,182.78,144.78
F439,C4162,2024-01-21,Local,5,Badulla,10,2,Sick,High,49.95,3.61,8.45,179.61,47.6
F12,C4163,2024-05-14,Local,9,Matale,3,0,Healthy,Low,64.89,4.79,8.38,178.88,56.73
F156,C4164,2024-03-16,Crossbreed,7,Badulla,3,0,Healthy,Medium,257.36,3.73,8.34,180.29,224.65
F405,C4165,2024-12-22,Local,10,Monaragala,5,0,Healthy,Medium,108.73,4.68,8.83,190.57,94.01
F336,C4166,2024-04-20,Crossbreed,6,Badulla,8,0,Healthy,High,211.46,4.07,8.28,187.75,187.66
F78,C4167,2024-05-27,Holstein,6,Polonnaruwa,4,1,At_Risk,Low,373.59,4.08,8.79,183.98,337.05
F368,C4168,2024-01-28,Holstein,8,Matale,3,3,Sick,Medium,193.04,3.52,9.1,183.67,195.61
F196,C4169,2024-02-14,Crossbreed,8,Kandy,9,1,At_Risk,High,152.03,3.54,9.12,174.99,149.46
F115,C4170,2024-03-20,Local,6,Kandy,3,1,At_Risk,Low,75.14,4.4,8.89,183.46,69.78
F285,C4171,2024-04-13,Jersey,4,Polonnaruwa,8,2,Sick,High,198.11,4.68,9.16,182.8,193.43
F207,C4172,2024-03-25,Local,5,Nuwara Eliya,7,0,Healthy,High,95.26,4.2,8.77,183.1,92.67
F343,C4173,2024-11-18,Local,8,Anuradhapura,4,0,Healthy,High,118.01,4.64,8.78,183.47,118.55
F216,C4174,2024-05-09,Jersey,8,Nuwara Eliya,4,1,At_Risk,Low,215.42,3.62,8.29,170.84,198.23
F69,C4175,2024-04-14,Holstein,7,Polonnaruwa,10,0,Healthy,Low,389.45,3.95,9.16,171.53,334.9
F496,C4176,2024-07-03,Holstein,6,Kurunegala,8,1,At_Risk,High,409.76,4.16,8.41,178.48,385.3
F290,C4177,2024-11-10,Crossbreed,3,Polonnaruwa,9,1,At_Risk,Medium,107.29,4.36,8.75,174.57,94.86
F238,C4178,2024-05-18,Crossbreed,6,Nuwara Eliya,5,0,Healthy,High,213.71,3.79,8.78,184.24,209.22
F324,C4179,2024-08-07,Crossbreed,6,Matale,9,1,At_Risk,High,152.99,4.09,8.25,178.78,133.28
F340,C4180,2024-06-24,Local,5,Polonnaruwa,9,3,Sick,Low,21.7,4.55,8.61,189.18,20.78
F341,C4181,2024-08-15,Holstein,8,Kandy,7,0,Healthy,Medium,349.26,4.09,8.87,188.44,308.33
F286,C4182,2024-03-25,Crossbreed,4,Polonnaruwa,8,1,At_Risk,Low,146.53,4.27,8.43,180.27,129.44
F390,C4183,2024-10-08,Local,4,Matale,6,0,Healthy,High,74.81,4.45,8.46,175.16,68.15
F471,C4184,2024-01-01,Local,8,Kurunegala,4,1,At_Risk,Low,97.87,4.5,8.74,193.55,86.29
F389,C4185,2024-08-14,Jersey,6,Kurunegala,2,0,Healthy,High,303.82,4.11,8.69,180.3,277.59
F281,C4186,2024-11-14,Crossbreed,2,Anuradhapura,4,3,Sick,Low,84.42,3.65,9.15,181.31,73.9
F311,C4187,2024-04-07,Jersey,8,Monaragala,6,2,Sick,High,166.95,3.95,9.14,170.02,161.85
F438,C4188,2024-03-16,Jersey,10,Kurunegala,6,3,Sick,Medium,116.04,4.07,8.87,190.05,111.5
F129,C4189,2024-04-09,Crossbreed,8,Monaragala,2,0,Healthy,Medium,138.11,4.28,8.63,175.63,139.51
F10,C4190,2024-05-12,Local,8,Kurunegala,7,0,Healthy,Low,57.61,4.55,8.9,194.58,53.08
F341,C4191,2024-03-21,Holstein,4,Kurunegala,5,1,At_Risk,Low,447.61,4.68,8.83,183.09,424.96
F235,C4192,2024-11-16,Jersey,3,Anuradhapura,6,0,Healthy,High,235.21,4.49,8.97,190.72,240.7
F209,C4193,2024-10-30,Holstein,8,Matale,2,3,Sick,Low,163.12,4.6,8.9,178.42,168.99
F410,C4194,2024-05-21,Jersey,8,Matale,9,1,At_Risk,Medium,168.59,3.65,8.42,181.88,143.38
F28,C4195,2024-09-19,Holstein,9,Matale,1,2,Sick,High,235.59,4.13,8.9,186.48,213.57
F110,C4196,2024-04-11,Local,9,Polonnaruwa,6,3,Sick,Medium,27.71,4.37,9.15,191.63,27.09
F88,C4197,2024-11-29,Jersey,4,Polonnaruwa,6,0,Healthy,Medium,314.93,3.62,8.81,178.09,276.22
F138,C4198,2024-01-06,Jersey,7,Monaragala,8,0,Healthy,Medium,222.0,3.73,8.31,171.13,201.81
F43,C4199,2024-02-07,Holstein,2,Kandy,1,1,At_Risk,Low,370.29,3.98,8.88,180.87,357.98
F266,C4200,2024-05-19,Holstein,8,Matale,2,0,Healthy,High,363.8,4.22,8.95,172.44,369.26
F308,C4201,2024-02-14,Crossbreed,5,Monaragala,4,0,Healthy,Low,230.02,3.94,8.27,173.67,196.82
F96,C4202,2024-03-23,Holstein,6,Monaragala,1,3,Sick,High,222.25,3.95,8.34,178.8,232.11
F471,C4203,2024-08-28,Holstein,2,Kandy,1,0,Healthy,High,348.48,4.68,8.99,187.03,306.5
F55,C4204,2024-09-08,Crossbreed,3,Matale,8,2,Sick,Medium,84.18,4.7,8.7,181.53,80.98
F306,C4205,2024-12-08,Holstein,8,Kurunegala,4,0,Healthy,Medium,401.83,3.86,8.21,187.47,383.86
F479,C4206,2024-04-30,Holstein,10,Matale,4,0,Healthy,Medium,385.45,4.4,8.73,182.6,352.75
F285,C4207,2024-11-20,Jersey,6,Nuwara Eliya,5,0,Healthy,High,361.66,4.4,9.0,191.69,334.31
F108,C4208,2024-03-24,Local,6,Polonnaruwa,7,3,Sick,Medium,43.94,4.21,8.57,189.42,38.7
F234,C4209,2024-04-16,Jersey,9,Polonnaruwa,5,0,Healthy,High,306.87,4.55,8.5,194.13,310.9
F42,C4210,2024-12-18,Crossbreed,6,Matale,9,0,Healthy,Medium,153.84,3.73,8.98,172.29,135.46
F99,C4211,2024-01-06,Jersey,7,Kandy,3,1,At_Risk,High,273.76,3.68,8.99,167.42,278.05
F242,C4212,2024-01-07,Local,8,Matale,7,1,At_Risk,Medium,45.0,4.12,9.19,178.26,40.83
F357,C4213,2024-03-11,Holstein,9,Polonnaruwa,6,0,Healthy,High,412.22,3.82,8.46,183.35,354.63
F81,C4214,2024-08-20,Local,6,Matale,6,2,Sick,Low,65.04,4.47,8.63,180.68,56.94
F55,C4215,2024-02-28,Holstein,3,Anuradhapura,1,2,Sick,High,276.83,4.7,8.37,196.83,265.02
F264,C4216,2024-09-24,Jersey,5,Kandy,2,0,Healthy,High,271.81,3.95,9.03,174.01,263.84
F1,C4217,2024-04-13,Jersey,9,Monaragala,1,0,Healthy,Low,306.38,4.51,8.55,185.61,261.87
F38,C4218,2024-11-29,Local,2,Matale,1,2,Sick,High,55.54,4.23,8.21,186.75,56.42
F391,C4219,2024-10-29,Crossbreed,2,Monaragala,9,0,Healthy,High,103.46,4.04,8.82,173.97,101.17
F333,C4220,2024-03-20,Local,8,Anuradhapura,5,2,Sick,High,69.86,4.76,8.8,191.57,71.12
F30,C4221,2024-01-29,Jersey,8,Polonnaruwa,5,0,Healthy,Medium,384.39,3.98,8.61,174.91,402.57
F467,C4222,2024-02-25,Local,4,Kandy,5,0,Healthy,High,117.36,3.52,9.13,183.16,112.14
F338,C4223,2024-04-05,Local,6,Anuradhapura,5,0,Healthy,Medium,109.76,4.11,8.46,172.52,110.67
F3,C4224,2024-10-14,Jersey,3,Nuwara Eliya,10,0,Healthy,High,227.75,4.75,8.72,197.43,217.57
F304,C4225,2024-02-13,Holstein,9,Monaragala,2,0,Healthy,High,518.74,3.62,8.67,179.25,468.34
F107,C4226,2024-05-30,Jersey,7,Badulla,7,1,At_Risk,Medium,244.01,4.39,8.46,190.56,255.59
F266,C4227,2024-10-24,Local,6,Polonnaruwa,7,1,At_Risk,High,53.89,4.46,9.08,178.82,55.24
F351,C4228,2024-03-23,Jersey,8,Polonnaruwa,6,0,Healthy,Medium,285.85,3.86,8.49,170.5,276.34
F63,C4229,2024-08-26,Holstein,4,Kandy,6,0,Healthy,High,496.08,4.18,8.37,177.26,494.21
F167,C4230,2024-09-10,Jersey,4,Matale,1,0,Healthy,High,326.89,4.13,8.28,172.9,319.02
F240,C4231,2024-12-15,Local,7,Kurunegala,6,0,Healthy,High,83.91,4.79,8.35,180.74,82.11
F227,C4232,2024-06-15,Holstein,5,Nuwara Eliya,2,0,Healthy,High,333.71,3.81,8.91,182.88,288.0
F405,C4233,2024-10-01,Jersey,3,Badulla,7,0,Healthy,Low,273.1,4.05,9.06,184.1,277.71
F480,C4234,2024-06-11,Jersey,9,Polonnaruwa,7,0,Healthy,Medium,319.18,4.6,8.83,194.42,285.45
F82,C4235,2024-05-25,Crossbreed,10,Polonnaruwa,2,3,Sick,Medium,67.99,4.77,8.22,188.14,68.54
F446,C4236,2024-11-21,Crossbreed,3,Polonnaruwa,8,0,Healthy,High,199.43,4.41,8.69,186.01,182.0
F39,C4237,2024-09-10,Holstein,9,Kurunegala,10,0,Healthy,High,339.21,3.75,8.68,171.7,321.11
F250,C4238,2024-05-24,Crossbreed,6,Monaragala,3,2,Sick,High,129.45,4.78,9.15,191.95,122.25
F383,C4239,2024-10-26,Jersey,6,Monaragala,6,1,At_Risk,Low,194.43,4.09,8.67,186.95,168.46
F116,C4240,2024-05-28,Jersey,8,Nuwara Eliya,1,0,Healthy,Low,359.47,4.23,9.08,180.82,326.15
F210,C4241,2024-02-26,Holstein,8,Badulla,7,0,Healthy,Low,481.58,4.67,8.72,195.13,423.96
F130,C4242,2024-05-11,Crossbreed,8,Nuwara Eliya,7,0,Healthy,Medium,178.42,3.68,8.38,183.76,180.88
F40,C4243,2024-09-24,Crossbreed,3,Monaragala,1,0,Healthy,Medium,232.16,4.14,8.21,176.67,211.92
F270,C4244,2024-04-07,Local,5,Kandy,1,0,Healthy,Medium,76.62,4.49,8.99,176.58,72.52
F174,C4245,2024-09-16,Jersey,6,Monaragala,7,0,Healthy,High,218.24,3.97,8.46,177.34,217.47
F58,C4246,2024-03-12,Crossbreed,9,Kandy,1,2,Sick,High,154.2,4.62,8.35,181.22,142.14
F136,C4247,2024-08-11,Jersey,10,Badulla,8,1,At_Risk,High,204.1,4.68,8.67,182.75,182.13
F390,C4248,2024-01-29,Jersey,6,Badulla,5,0,Healthy,Medium,278.6,4.15,8.35,176.9,237.99
F297,C4249,2024-09-09,Jersey,7,Kandy,4,0,Healthy,Low,329.82,4.51,8.44,189.25,323.76
F256,C4250,2024-08-15,Holstein,5,Anuradhapura,9,1,At_Risk,Medium,274.92,4.56,8.44,180.25,237.71
F448,C4251,2024-10-17,Crossbreed,2,Anuradhapura,7,0,Healthy,High,186.21,3.54,9.18,181.9,160.54
F435,C4252,2024-08-03,Holstein,4,Matale,7,0,Healthy,Medium,358.08,4.31,8.8,189.87,345.75
F385,C4253,2024-12-08,Crossbreed,3,Polonnaruwa,8,2,Sick,Low,92.3,4.45,9.14,181.14,80.0
F178,C4254,2024-10-19,Jersey,3,Anuradhapura,8,1,At_Risk,Medium,185.0,4.48,9.03,192.94,173.99
F285,C4255,2024-12-27,Local,6,Kandy,5,0,Healthy,High,99.33,4.3,8.57,174.74,92.93
F438,C4256,2024-12-03,Local,4,Matale,8,0,Healthy,Low,56.5,4.27,8.26,184.06,53.54
F104,C4257,2024-09-28,Jersey,9,Kurunegala,6,0,Healthy,Medium,226.62,4.73,8.82,178.5,220.37
F384,C4258,2024-08-17,Holstein,10,Badulla,2,0,Healthy,Medium,365.47,4.71,8.77,185.91,320.42
F405,C4259,2024-12-07,Local,4,Badulla,2,3,Sick,High,25.48,4.79,8.41,186.08,25.11
F497,C4260,2024-10-13,Holstein,8,Monaragala,10,0,Healthy,Medium,347.39,3.53,8.74,167.58,350.24
F294,C4261,2024-07-07,Holstein,5,Polonnaruwa,8,3,Sick,High,218.84,4.04,8.21,186.19,218.88
F361,C4262,2024-10-30,Local,5,Nuwara Eliya,9,1,At_Risk,Medium,41.54,3.72,8.92,173.17,41.51
F20,C4263,2024-05-20,Jersey,10,Monaragala,7,2,Sick,High,156.46,3.93,8.79,174.24,138.23
F388,C4264,2024-03-18,Holstein,2,Polonnaruwa,2,0,Healthy,Medium,354.08,3.56,8.67,177.33,307.38
F348,C4265,2024-12-17,Crossbreed,5,Polonnaruwa,1,2,Sick,Low,99.71,4.59,8.7,177.23,94.57
F227,C4266,2024-10-28,Holstein,8,Matale,6,3,Sick,Low,152.94,3.95,8.98,185.17,152.94
F483,C4267,2024-05-25,Jersey,8,Matale,6,3,Sick,Medium,128.77,4.39,9.02,186.6,112.2
F490,C4268,2024-11-24,Jersey,9,Badulla,5,0,Healthy,High,316.8,3.84,8.61,170.75,320.01
F345,C4269,2024-07-15,Crossbreed,5,Matale,2,0,Healthy,High,213.13,4.29,8.91,182.39,191.05
F452,C4270,2024-05-31,Jersey,6,Monaragala,7,2,Sick,Medium,177.56,3.89,9.03,186.53,172.83
F128,C4271,2024-01-19,Holstein,8,Badulla,2,3,Sick,High,145.42,4.13,8.86,188.02,137.1
F52,C4272,2024-09-03,Crossbreed,6,Kandy,9,1,At_Risk,Medium,113.46,4.64,8.88,189.16,113.19
F168,C4273,2024-02-07,Jersey,5,Matale,9,0,Healthy,High,218.61,4.61,9.09,192.74,221.71
F440,C4274,2024-05-13,Jersey,6,Kandy,7,0,Healthy,High,280.92,3.8,8.72,185.72,291.58
F339,C4275,2024-09-09,Crossbreed,10,Matale,3,1,At_Risk,High,171.77,4.6,8.58,188.98,149.12
F83,C4276,2024-08-04,Holstein,9,Nuwara Eliya,6,0,Healthy,Medium,392.68,4.74,8.67,178.97,400.65
F229,C4277,2024-03-13,Holstein,9,Anuradhapura,3,0,Healthy,Low,352.93,3.98,9.2,182.5,316.82
F447,C4278,2024-07-05,Holstein,8,Kandy,3,0,Healthy,Medium,351.03,3.88,8.4,180.88,333.3
F27,C4279,2024-05-20,Jersey,8,Anuradhapura,4,0,Healthy,Medium,297.03,4.55,8.62,180.55,281.94
F471,C4280,2024-09-08,Local,8,Kandy,7,0,Healthy,Medium,72.46,4.42,9.06,180.34,71.83
F277,C4281,2024-05-11,Local,8,Kurunegala,5,2,Sick,Medium,58.29,4.73,8.52,189.12,55.05
F286,C4282,2024-11-08,Holstein,6,Kandy,7,0,Healthy,Medium,490.36,3.94,8.99,181.92,497.0
F6,C4283,2024-11-05,Holstein,5,Badulla,9,0,Healthy,Medium,349.8,4.08,8.61,173.72,322.4
F311,C4284,2024-10-30,Holstein,10,Polonnaruwa,8,1,At_Risk,Medium,271.25,4.17,8.68,177.74,268.72
F30,C4285,2024-08-24,Holstein,6,Badulla,10,1,At_Risk,High,284.22,3.7,8.97,169.25,296.04
F27,C4286,2024-04-04,Local,7,Kandy,5,0,Healthy,Medium,100.49,4.45,8.21,176.55,85.55
F321,C4287,2024-10-02,Local,5,Kurunegala,3,0,Healthy,Low,75.47,4.01,9.05,188.64,72.87
F470,C4288,2024-12-05,Crossbreed,4,Kurunegala,1,2,Sick,Low,130.13,3.59,8.68,170.11,129.46
F308,C4289,2024-11-02,Jersey,2,Polonnaruwa,1,1,At_Risk,Medium,258.76,4.68,8.83,196.51,256.38
F385,C4290,2024-03-14,Crossbreed,6,Anuradhapura,7,0,Healthy,Low,195.05,3.9,8.36,183.47,185.07
F312,C4291,2024-07-08,Holstein,7,Matale,4,1,At_Risk,Low,501.38,3.69,8.64,173.65,501.7
F369,C4292,2024-09-04,Holstein,4,Kandy,8,0,Healthy,High,412.94,4.08,9.12,171.01,390.62
F324,C4293,2024-02-08,Crossbreed,2,Badulla,6,2,Sick,Low,123.24,4.36,8.85,180.88,124.66
F60,C4294,2024-05-08,Jersey,6,Anuradhapura,1,2,Sick,Medium,199.66,3.96,8.79,182.51,202.55
F194,C4295,2024-02-19,Jersey,4,Kurunegala,5,2,Sick,High,172.74,3.97,8.9,187.65,150.44
F421,C4296,2024-03-09,Local,6,Badulla,5,0,Healthy,Medium,94.75,4.16,8.55,173.38,84.03
F78,C4297,2024-02-26,Crossbreed,4,Nuwara Eliya,5,0,Healthy,High,209.45,3.77,8.37,170.78,212.42
F1,C4298,2024-11-19,Holstein,6,Badulla,10,3,Sick,Medium,164.49,3.87,9.15,188.33,169.28
F157,C4299,2024-10-24,Crossbreed,4,Badulla,1,3,Sick,Medium,97.88,3.51,8.53,173.87,92.98
F164,C4300,2024-03-29,Holstein,9,Polonnaruwa,8,0,Healthy,Medium,369.17,4.49,8.98,189.42,323.61
F32,C4301,2024-01-05,Holstein,3,Matale,10,0,Healthy,Medium,363.29,4.33,8.55,176.61,380.62
F178,C4302,2024-07-08,Holstein,2,Matale,2,0,Healthy,High,502.29,3.95,8.91,180.29,455.95
F426,C4303,2024-05-20,Local,8,Badulla,7,0,Healthy,Medium,72.97,4.52,8.91,193.21,70.37
F161,C4304,2024-10-09,Local,2,Badulla,2,0,Healthy,Medium,60.99,4.63,8.26,178.65,57.01
F423,C4305,2024-10-15,Crossbreed,9,Badulla,6,0,Healthy,Medium,212.99,4.58,8.88,185.27,217.12
F350,C4306,2024-10-04,Jersey,9,Badulla,2,0,Healthy,Medium,348.66,4.77,9.1,197.66,345.48
F178,C4307,2024-11-13,Crossbreed,10,Kurunegala,3,3,Sick,High,118.78,3.81,8.69,169.5,114.57
F468,C4308,2024-10-05,Local,7,Matale,5,0,Healthy,Low,118.84,4.3,8.62,183.0,110.65
F128,C4309,2024-07-24,Jersey,3,Nuwara Eliya,10,0,Healthy,High,254.54,3.88,8.27,172.19,225.45
F243,C4310,2024-12-10,Jersey,8,Badulla,4,1,At_Risk,Medium,247.22,4.07,9.13,176.62,218.96
F316,C4311,2024-01-11,Crossbreed,9,Monaragala,10,0,Healthy,High,173.81,3.57,8.8,177.78,173.2
F107,C4312,2024-01-25,Crossbreed,2,Kurunegala,3,2,Sick,Medium,124.78,4.13,8.46,175.33,110.57
F124,C4313,2024-09-27,Holstein,7,Kurunegala,6,0,Healthy,Medium,358.77,3.52,8.57,166.46,352.99
F349,C4314,2024-08-09,Holstein,5,Anuradhapura,2,0,Healthy,Medium,317.07,4.41,8.6,179.86,274.1
F449,C4315,2024-05-07,Holstein,4,Nuwara Eliya,4,0,Healthy,High,550.05,3.73,8.96,177.31,539.18
F426,C4316,2024-01-13,Jersey,7,Polonnaruwa,6,1,At_Risk,Medium,251.34,3.71,8.63,186.39,231.23
F424,C4317,2024-08-05,Crossbreed,6,Matale,6,0,Healthy,Low,160.37,4.72,9.16,193.45,155.42
F402,C4318,2024-09-02,Holstein,5,Anuradhapura,10,1,At_Risk,Medium,296.51,4.52,8.7,191.03,292.38
F110,C4319,2024-05-09,Jersey,4,Kandy,8,0,Healthy,Low,224.14,3.75,9.19,175.81,215.91
F310,C4320,2024-08-11,Local,2,Polonnaruwa,10,3,Sick,Low,26.3,3.92,8.7,174.47,24.05
F11,C4321,2024-06-21,Holstein,6,Badulla,2,0,Healthy,Low,377.11,4.3,9.14,175.65,361.49
F156,C4322,2024-04-04,Jersey,7,Kurunegala,10,0,Healthy,High,238.76,4.68,8.65,182.52,234.29
F418,C4323,2024-07-24,Jersey,6,Kandy,1,0,Healthy,Low,304.44,4.42,8.8,176.14,260.1
F287,C4324,2024-08-13,Crossbreed,5,Matale,2,0,Healthy,Low,148.65,3.51,8.27,174.03,128.4
F16,C4325,2024-04-26,Jersey,2,Matale,9,0,Healthy,Medium,234.86,4.04,8.81,182.34,235.01
F275,C4326,2024-06-01,Jersey,3,Kurunegala,10,0,Healthy,Low,257.41,4.72,8.81,185.99,245.21
F470,C4327,2024-06-12,Local,10,Kurunegala,2,1,At_Risk,Medium,49.03,4.02,8.93,187.05,51.26
F456,C4328,2024-09-19,Holstein,10,Nuwara Eliya,3,1,At_Risk,Medium,310.12,3.89,8.82,175.61,305.75
F125,C4329,2024-06-18,Local,10,Nuwara Eliya,6,0,Healthy,Low,60.23,4.73,9.13,181.8,52.85
F21,C4330,2024-11-06,Holstein,5,Kurunegala,10,0,Healthy,High,275.93,3.58,8.64,178.9,274.15
F295,C4331,2024-02-24,Crossbreed,9,Polonnaruwa,2,0,Healthy,Medium,142.18,3.91,8.29,179.81,133.47
F103,C4332,2024-04-17,Holstein,6,Nuwara Eliya,8,2,Sick,High,326.08,3.68,8.58,185.55,312.08
F258,C4333,2024-09-29,Holstein,8,Matale,7,0,Healthy,Low,505.57,4.52,8.36,177.42,499.0
F207,C4334,2024-04-16,Crossbreed,10,Monaragala,8,0,Healthy,Medium,132.79,4.77,8.7,186.94,126.27
F329,C4335,2024-07-03,Local,4,Anuradhapura,10,0,Healthy,High,76.36,3.75,8.49,171.33,69.02
F54,C4336,2024-10-31,Holstein,5,Polonnaruwa,4,0,Healthy,High,440.67,3.53,8.95,181.21,461.35
F329,C4337,2024-09-28,Holstein,6,Kandy,3,3,Sick,High,166.15,4.02,8.86,189.11,170.99
F149,C4338,2024-06-05,Crossbreed,2,Polonnaruwa,8,2,Sick,High,114.84,4.12,8.26,179.96,104.49
F264,C4339,2024-03-03,Crossbreed,5,Kandy,8,0,Healthy,Medium,159.01,3.69,8.64,176.85,145.76
F56,C4340,2024-12-04,Crossbreed,2,Monaragala,6,2,Sick,High,110.68,4.17,8.7,190.81,114.86
F52,C4341,2024-07-20,Holstein,6,Badulla,4,1,At_Risk,High,347.88,3.65,8.71,177.24,344.11
F496,C4342,2024-05-12,Local,5,Polonnaruwa,7,0,Healthy,High,80.06,3.97,9.16,178.51,80.39
F348,C4343,2024-01-03,Jersey,4,Nuwara Eliya,7,0,Healthy,Medium,279.63,3.88,9.1,184.69,261.91
F381,C4344,2024-05-31,Local,5,Nuwara Eliya,1,1,At_Risk,Low,72.2,4.7,8.48,177.65,67.55
F37,C4345,2024-06-19,Local,3,Kurunegala,8,0,Healthy,Medium,63.03,4.5,8.22,190.58,66.15
F376,C4346,2024-07-05,Holstein,8,Polonnaruwa,5,0,Healthy,High,401.05,3.63,8.78,182.41,374.56
F433,C4347,2024-01-24,Holstein,9,Kurunegala,1,3,Sick,Low,155.79,3.81,9.12,168.89,152.34
F298,C4348,2024-10-16,Jersey,7,Monaragala,4,0,Healthy,Low,261.12,4.41,9.01,177.37,270.04
F485,C4349,2024-07-22,Local,6,Anuradhapura,5,3,Sick,Medium,39.53,3.74,8.92,179.56,33.95
F453,C4350,2024-05-04,Local,10,Polonnaruwa,6,3,Sick,Medium,35.3,4.43,8.64,181.44,36.98
F174,C4351,2024-03-18,Jersey,3,Anuradhapura,4,0,Healthy,Low,346.51,4.21,8.36,183.07,338.26
F20,C4352,2024-07-19,Crossbreed,6,Polonnaruwa,9,0,Healthy,High,132.51,4.19,8.7,190.32,114.13
F61,C4353,2024-02-25,Crossbreed,5,Anuradhapura,6,0,Healthy,High,169.38,4.19,9.18,182.61,163.75
F438,C4354,2024-08-27,Holstein,2,Polonnaruwa,8,2,Sick,High,216.71,4.54,9.04,189.21,203.32
F81,C4355,2024-03-17,Crossbreed,5,Kandy,10,1,At_Risk,High,91.7,3.83,8.39,185.12,86.21
F26,C4356,2024-07-28,Local,3,Monaragala,4,3,Sick,Low,46.48,4.16,9.14,189.34,43.4
F483,C4357,2024-05-04,Jersey,2,Anuradhapura,1,0,Healthy,Low,283.17,3.8,9.12,174.36,249.12
F463,C4358,2024-11-18,Jersey,10,Monaragala,2,3,Sick,Medium,161.72,3.97,8.35,175.99,138.91
F395,C4359,2024-06-20,Local,10,Nuwara Eliya,9,1,At_Risk,Medium,41.48,4.52,9.05,187.17,41.75
F342,C4360,2024-12-10,Local,9,Monaragala,6,0,Healthy,Medium,61.37,4.75,8.23,184.84,58.36
F123,C4361,2024-03-13,Jersey,4,Kurunegala,9,1,At_Risk,High,217.19,4.18,8.49,189.24,208.65
F22,C4362,2024-08-23,Holstein,2,Nuwara Eliya,9,0,Healthy,Low,313.31,3.67,8.26,171.02,269.83
F319,C4363,2024-12-07,Holstein,8,Badulla,3,1,At_Risk,Medium,368.86,4.09,8.53,180.38,375.37
F490,C4364,2024-09-10,Holstein,10,Polonnaruwa,9,2,Sick,Medium,188.58,4.58,8.69,192.21,175.45
F328,C4365,2024-12-14,Local,5,Nuwara Eliya,2,0,Healthy,Low,56.61,4.26,8.38,180.15,55.26
F190,C4366,2024-10-20,Holstein,2,Monaragala,7,1,At_Risk,Low,350.86,4.37,8.23,176.16,305.13
F97,C4367,2024-07-11,Jersey,3,Kurunegala,1,0,Healthy,Medium,240.48,4.72,9.05,196.63,207.39
F80,C4368,2024-06-28,Local,2,Monaragala,3,0,Healthy,High,107.27,3.57,8.28,168.07,92.49
F183,C4369,2024-11-22,Local,5,Nuwara Eliya,4,0,Healthy,High,80.25,3.93,9.15,188.9,79.53
F305,C4370,2024-03-21,Jersey,6,Anuradhapura,4,0,Healthy,High,307.95,4.0,8.93,176.82,320.39
F120,C4371,2024-08-29,Local,6,Polonnaruwa,9,2,Sick,Low,37.47,3.53,9.19,166.48,32.25
F221,C4372,2024-04-07,Crossbreed,4,Polonnaruwa,3,1,At_Risk,Low,195.33,4.19,8.37,178.61,182.65
F86,C4373,2024-02-13,Jersey,8,Matale,3,0,Healthy,Medium,306.51,3.94,8.37,176.09,287.35
F229,C4374,2024-05-10,Local,10,Kurunegala,4,1,At_Risk,Medium,60.67,3.86,8.28,187.51,60.34
F25,C4375,2024-02-01,Local,10,Badulla,3,0,Healthy,Low,105.49,3.86,8.59,173.5,106.61
F412,C4376,2024-09-08,Holstein,10,Polonnaruwa,6,2,Sick,Medium,212.79,3.57,8.74,171.38,184.58
F207,C4377,2024-12-25,Crossbreed,9,Kurunegala,7,0,Healthy,Medium,159.48,4.75,8.36,183.74,146.33
F15,C4378,2024-11-21,Local,7,Matale,10,1,At_Risk,Low,37.5,4.76,8.48,193.31,33.94
F68,C4379,2024-03-09,Crossbreed,9,Anuradhapura,8,0,Healthy,Medium,191.24,4.56,8.26,182.72,177.52
F499,C4380,2024-04-27,Crossbreed,10,Anuradhapura,5,2,Sick,Medium,101.44,3.87,8.57,188.21,92.47
F206,C4381,2024-04-13,Local,4,Badulla,7,3,Sick,Low,44.89,3.82,9.01,180.62,44.13
F265,C4382,2024-12-25,Local,3,Polonnaruwa,3,0,Healthy,Low,108.41,3.67,8.33,185.3,92.24
F294,C4383,2024-01-25,Crossbreed,3,Kandy,1,0,Healthy,High,199.49,4.14,8.25,184.05,193.97
F177,C4384,2024-07-15,Jersey,7,Kurunegala,5,1,At_Risk,Low,304.69,3.9,9.09,187.94,262.62
F133,C4385,2024-07-26,Crossbreed,9,Anuradhapura,4,0,Healthy,Low,204.11,4.1,8.34,183.39,191.46
F221,C4386,2024-01-23,Crossbreed,8,Nuwara Eliya,9,1,At_Risk,Medium,88.7,4.48,8.97,184.28,87.73
F167,C4387,2024-09-27,Local,9,Matale,1,0,Healthy,High,89.0,4.69,8.65,194.93,88.62
F189,C4388,2024-02-29,Local,6,Nuwara Eliya,3,1,At_Risk,Low,61.69,4.57,9.15,183.91,58.83
F72,C4389,2024-12-14,Crossbreed,9,Nuwara Eliya,4,0,Healthy,Medium,258.03,4.54,9.2,180.55,223.63
F139,C4390,2024-07-24,Local,2,Monaragala,8,3,Sick,High,35.48,4.31,8.66,179.1,34.34
F351,C4391,2024-04-10,Jersey,5,Monaragala,5,0,Healthy,Low,354.16,4.03,8.24,187.09,368.07
F376,C4392,2024-11-27,Local,6,Nuwara Eliya,2,2,Sick,Medium,37.52,4.6,8.65,183.0,39.02
F323,C4393,2024-03-29,Crossbreed,3,Nuwara Eliya,4,3,Sick,Medium,97.81,4.46,9.12,183.05,85.35
F148,C4394,2024-07-19,Crossbreed,7,Badulla,8,0,Healthy,Medium,176.68,4.7,8.86,191.6,153.38
F103,C4395,2024-03-19,Crossbreed,8,Matale,4,0,Healthy,High,168.09,3.76,8.98,170.83,152.45
F444,C4396,2024-04-12,Crossbreed,3,Anuradhapura,5,2,Sick,Low,99.37,3.65,8.92,178.37,89.04
F96,C4397,2024-09-02,Crossbreed,4,Kandy,6,0,Healthy,Low,194.94,3.62,8.41,181.67,174.36
F261,C4398,2024-01-07,Crossbreed,8,Polonnaruwa,10,1,At_Risk,High,127.28,4.15,8.69,189.98,123.91
F262,C4399,2024-02-21,Jersey,5,Polonnaruwa,1,0,Healthy,Medium,300.23,4.0,8.8,177.2,256.41
F93,C4400,2024-08-19,Local,9,Kandy,7,1,At_Risk,Medium,81.69,3.56,8.39,173.36,74.15
F288,C4401,2024-03-21,Jersey,6,Monaragala,6,0,Healthy,Medium,233.32,4.29,8.49,180.89,225.61
F302,C4402,2024-12-25,Local,6,Anuradhapura,6,0,Healthy,Low,100.2,4.06,8.2,187.35,91.65
F77,C4403,2024-10-26,Holstein,10,Matale,9,1,At_Risk,High,303.18,4.74,8.53,189.82,291.53
F43,C4404,2024-12-26,Local,4,Kandy,10,0,Healthy,Low,50.34,4.77,9.17,194.25,47.23
F75,C4405,2024-08-20,Holstein,3,Badulla,8,1,At_Risk,High,357.83,4.44,8.35,181.73,348.05
F206,C4406,2024-01-05,Jersey,7,Kandy,10,1,At_Risk,Medium,143.95,4.71,8.33,194.76,140.68
F433,C4407,2024-09-06,Crossbreed,5,Matale,3,0,Healthy,Medium,215.11,3.76,8.77,176.55,187.78
F477,C4408,2024-03-05,Jersey,9,Anuradhapura,9,2,Sick,High,111.51,4.54,8.44,186.21,116.73
F139,C4409,2024-10-29,Jersey,5,Badulla,4,0,Healthy,High,350.0,4.14,8.95,175.21,327.96
F220,C4410,2024-03-13,Holstein,6,Matale,4,1,At_Risk,Low,417.51,4.42,8.35,188.78,357.7
F156,C4411,2024-10-26,Jersey,6,Nuwara Eliya,6,0,Healthy,Medium,254.05,4.78,9.07,194.31,256.95
F76,C4412,2024-05-22,Local,10,Kurunegala,10,0,Healthy,High,41.95,4.51,8.29,192.05,37.02
F294,C4413,2024-01-07,Holstein,9,Kandy,5,1,At_Risk,High,477.73,4.43,9.1,175.95,474.25
F130,C4414,2024-04-14,Crossbreed,9,Polonnaruwa,3,1,At_Risk,Low,159.92,4.72,8.99,190.19,150.34
F478,C4415,2024-11-02,Holstein,2,Nuwara Eliya,8,0,Healthy,High,401.35,4.49,9.07,181.99,367.17
F123,C4416,2024-10-14,Local,4,Nuwara Eliya,10,0,Healthy,Medium,74.64,4.35,8.41,176.8,68.63
F173,C4417,2024-05-14,Crossbreed,8,Matale,2,3,Sick,Low,68.42,4.35,8.21,181.64,63.39
F393,C4418,2024-11-02,Local,6,Matale,5,1,At_Risk,Low,80.76,4.32,9.04,190.93,69.92
F7,C4419,2024-03-26,Holstein,2,Nuwara Eliya,8,1,At_Risk,Medium,346.34,3.83,8.96,185.86,319.17
F18,C4420,2024-11-10,Jersey,7,Kandy,3,0,Healthy,High,299.78,4.7,8.9,195.58,254.82
F127,C4421,2024-03-08,Jersey,2,Polonnaruwa,6,0,Healthy,Medium,310.4,3.96,9.12,180.49,268.4
F398,C4422,2024-08-15,Local,8,Matale,9,0,Healthy,High,53.23,3.95,9.19,176.22,47.62
F327,C4423,2024-01-25,Crossbreed,10,Monaragala,4,0,Healthy,High,232.42,3.65,8.26,185.11,215.46
F9,C4424,2024-10-02,Jersey,7,Polonnaruwa,9,1,At_Risk,Medium,171.42,4.3,8.58,179.22,162.67
F241,C4425,2024-12-04,Crossbreed,2,Badulla,6,3,Sick,Medium,85.07,3.52,9.02,182.12,76.21
F116,C4426,2024-12-27,Holstein,9,Nuwara Eliya,8,1,At_Risk,High,305.61,3.78,8.92,181.96,297.31
F251,C4427,2024-04-09,Local,5,Nuwara Eliya,7,0,Healthy,High,98.81,4.12,8.22,178.17,91.17
F468,C4428,2024-12-23,Local,3,Kandy,4,2,Sick,High,62.8,3.88,8.51,178.11,53.44
F60,C4429,2024-08-15,Crossbreed,9,Kandy,2,0,Healthy,Low,149.53,3.53,9.06,170.78,132.47
F393,C4430,2024-07-02,Jersey,5,Polonnaruwa,10,1,At_Risk,High,148.48,3.53,8.79,165.57,134.79
F322,C4431,2024-07-08,Local,7,Monaragala,7,0,Healthy,Low,100.18,4.17,8.77,185.02,97.33
F436,C4432,2024-07-05,Crossbreed,3,Nuwara Eliya,4,1,At_Risk,Medium,216.78,4.67,8.77,179.14,218.27
F393,C4433,2024-05-17,Holstein,9,Nuwara Eliya,3,1,At_Risk,High,298.5,3.59,8.88,171.7,283.12
F15,C4434,2024-06-27,Local,2,Matale,2,0,Healthy,High,93.6,3.88,8.46,185.23,94.69
F248,C4435,2024-08-21,Jersey,9,Kandy,3,2,Sick,High,181.47,4.26,8.65,184.03,170.84
F358,C4436,2024-04-22,Holstein,3,Matale,6,0,Healthy,High,437.27,4.74,8.98,186.78,375.62
F371,C4437,2024-07-04,Crossbreed,6,Monaragala,4,3,Sick,High,90.82,4.6,8.91,188.11,81.38
F481,C4438,2024-05-26,Crossbreed,10,Nuwara Eliya,6,2,Sick,Medium,90.78,4.43,9.01,182.59,86.59
F380,C4439,2024-03-23,Local,7,Badulla,5,0,Healthy,Low,92.67,4.25,8.73,189.42,84.94
F431,C4440,2024-02-03,Local,9,Badulla,4,1,At_Risk,Medium,97.83,4.26,8.84,186.7,97.9
F140,C4441,2024-04-16,Crossbreed,8,Kurunegala,10,0,Healthy,Medium,98.68,4.6,9.15,177.2,102.84
F294,C4442,2024-11-21,Holstein,3,Nuwara Eliya,9,1,At_Risk,Low,208.82,3.78,9.05,177.92,182.4
F393,C4443,2024-11-10,Holstein,10,Matale,2,1,At_Risk,Low,376.56,4.64,8.36,177.55,385.19
F262,C4444,2024-09-09,Jersey,4,Monaragala,2,0,Healthy,Medium,339.66,3.52,8.32,178.9,332.37
F231,C4445,2024-08-16,Holstein,9,Nuwara Eliya,4,0,Healthy,Low,419.22,3.88,8.65,185.35,413.96
F77,C4446,2024-06-16,Holstein,3,Kurunegala,2,0,Healthy,High,369.05,4.66,8.58,182.26,328.25
F96,C4447,2024-12-22,Crossbreed,5,Monaragala,3,1,At_Risk,Medium,229.21,4.58,8.91,182.09,238.13
F129,C4448,2024-05-24,Crossbreed,3,Kurunegala,1,0,Healthy,Medium,156.65,3.8,8.26,187.84,141.63
F277,C4449,2024-10-30,Local,3,Matale,7,0,Healthy,High,86.92,3.98,8.43,179.98,80.69
F58,C4450,2024-01-05,Jersey,6,Polonnaruwa,8,1,At_Risk,High,277.47,3.99,8.58,185.52,252.83
F234,C4451,2024-10-08,Holstein,10,Nuwara Eliya,9,0,Healthy,Low,380.0,4.03,8.38,188.54,358.21
F364,C4452,2024-05-15,Holstein,2,Anuradhapura,5,0,Healthy,Low,558.23,4.3,8.44,186.04,528.91
F36,C4453,2024-12-10,Holstein,4,Anuradhapura,9,0,Healthy,Low,378.31,3.81,8.32,169.26,350.71
F226,C4454,2024-01-05,Jersey,6,Polonnaruwa,3,0,Healthy,High,304.82,4.45,8.5,188.19,271.07
F79,C4455,2024-01-16,Crossbreed,10,Polonnaruwa,7,2,Sick,High,85.5,4.73,8.31,190.36,73.47
F488,C4456,2024-08-15,Local,7,Polonnaruwa,2,2,Sick,Low,45.87,4.12,8.9,172.63,39.37
F415,C4457,2024-11-26,Holstein,7,Anuradhapura,6,2,Sick,Medium,319.33,4.49,8.43,194.61,287.26
F308,C4458,2024-05-09,Local,10,Nuwara Eliya,1,3,Sick,Medium,47.9,3.74,9.03,171.27,42.97
F495,C4459,2024-01-27,Jersey,10,Monaragala,10,0,Healthy,Medium,233.22,4.13,8.39,185.46,235.99
F314,C4460,2024-08-07,Holstein,2,Nuwara Eliya,8,2,Sick,Low,261.03,3.85,8.21,178.69,239.85
F98,C4461,2024-09-26,Jersey,9,Badulla,4,1,At_Risk,Medium,301.86,3.84,8.79,171.38,309.61
F47,C4462,2024-10-15,Local,5,Nuwara Eliya,5,0,Healthy,High,68.85,4.64,8.62,183.36,71.6
F41,C4463,2024-07-18,Crossbreed,10,Anuradhapura,7,1,At_Risk,Medium,142.39,4.79,8.39,188.37,121.05
F216,C4464,2024-12-21,Local,7,Matale,7,0,Healthy,High,56.13,4.67,8.27,177.06,54.48
F286,C4465,2024-09-03,Local,4,Matale,5,1,At_Risk,Medium,74.24,3.69,8.37,176.59,70.86
F170,C4466,2024-08-18,Holstein,10,Kandy,2,0,Healthy,High,471.57,3.78,9.05,171.69,420.71
F483,C4467,2024-11-03,Holstein,3,Badulla,9,0,Healthy,Medium,288.33,4.12,8.62,188.3,290.82
F294,C4468,2024-10-05,Crossbreed,3,Badulla,6,1,At_Risk,Medium,150.49,3.74,8.21,173.64,145.78
F184,C4469,2024-02-11,Local,3,Anuradhapura,8,2,Sick,Medium,56.51,3.66,8.84,169.63,49.64
F207,C4470,2024-07-15,Local,3,Monaragala,5,1,At_Risk,High,53.57,3.7,8.52,176.25,47.54
F429,C4471,2024-10-05,Jersey,10,Polonnaruwa,9,0,Healthy,Medium,223.51,3.83,8.97,178.4,218.01
F447,C4472,2024-06-07,Holstein,8,Monaragala,4,1,At_Risk,Medium,448.9,4.8,8.39,186.22,458.84
F147,C4473,2024-08-05,Jersey,8,Anuradhapura,3,0,Healthy,Low,365.7,4.32,8.59,176.37,365.22
F64,C4474,2024-06-11,Jersey,6,Nuwara Eliya,2,0,Healthy,Medium,307.16,4.69,8.45,185.86,314.87
F357,C4475,2024-07-05,Jersey,4,Monaragala,6,1,At_Risk,High,202.49,3.62,9.11,167.31,212.4
F110,C4476,2024-08-11,Holstein,8,Nuwara Eliya,3,2,Sick,High,323.84,3.95,9.19,174.38,334.29
F247,C4477,2024-11-19,Holstein,6,Polonnaruwa,1,0,Healthy,Low,528.99,3.58,8.47,183.66,513.13
F320,C4478,2024-06-23,Local,4,Badulla,6,0,Healthy,Medium,98.83,3.85,8.58,182.14,99.14
F427,C4479,2024-07-17,Holstein,2,Kurunegala,7,0,Healthy,Low,340.81,4.58,8.53,184.04,333.01
F326,C4480,2024-07-05,Crossbreed,5,Matale,5,2,Sick,High,140.59,4.72,8.48,183.68,147.01
F119,C4481,2024-02-09,Holstein,7,Kurunegala,10,0,Healthy,Low,363.61,3.87,8.45,179.63,316.16
F161,C4482,2024-05-10,Holstein,2,Kandy,4,1,At_Risk,High,420.71,3.78,8.26,185.7,422.21
F290,C4483,2024-03-11,Local,9,Polonnaruwa,2,0,Healthy,Medium,68.02,3.6,8.28,170.29,68.94
F484,C4484,2024-10-04,Jersey,2,Kandy,9,3,Sick,High,101.92,3.53,8.58,167.53,88.79
F240,C4485,2024-08-30,Jersey,10,Badulla,3,0,Healthy,Medium,363.7,4.37,8.71,187.31,365.63
F365,C4486,2024-11-17,Crossbreed,2,Nuwara Eliya,4,0,Healthy,Low,274.1,3.95,9.14,184.1,264.15
F496,C4487,2024-10-17,Holstein,7,Kandy,9,0,Healthy,Medium,275.95,3.79,8.59,170.44,280.58
F498,C4488,2024-07-13,Jersey,7,Polonnaruwa,5,1,At_Risk,Low,245.24,3.81,8.48,178.1,213.81
F279,C4489,2024-05-03,Crossbreed,2,Badulla,7,0,Healthy,Low,225.93,4.67,8.67,194.1,206.1
F371,C4490,2024-12-08,Jersey,9,Badulla,7,0,Healthy,Low,331.4,4.51,8.82,185.87,303.96
F280,C4491,2024-05-10,Crossbreed,8,Matale,6,1,At_Risk,Low,188.26,3.83,8.67,183.33,179.33
F484,C4492,2024-08-14,Jersey,8,Matale,9,0,Healthy,Medium,178.68,4.72,9.18,195.67,154.65
F124,C4493,2024-09-19,Crossbreed,9,Matale,5,0,Healthy,Low,256.72,4.76,8.24,188.99,218.97
F161,C4494,2024-10-10,Jersey,3,Polonnaruwa,10,0,Healthy,Medium,192.26,4.75,9.19,180.73,184.92
F85,C4495,2024-03-05,Local,5,Badulla,7,0,Healthy,Medium,57.0,3.89,8.87,169.91,52.51
F306,C4496,2024-12-08,Holstein,7,Matale,7,0,Healthy,Low,348.98,3.83,8.66,178.49,359.96
F421,C4497,2024-07-12,Local,5,Kandy,6,0,Healthy,Low,54.75,4.62,8.29,179.69,53.94
F103,C4498,2024-05-17,Holstein,3,Matale,6,2,Sick,Low,210.43,4.34,9.16,192.75,214.5
F207,C4499,2024-03-13,Crossbreed,4,Matale,2,0,Healthy,High,166.6,3.56,8.6,168.08,146.38
F152,C4500,2024-05-21,Holstein,10,Badulla,7,0,Healthy,High,399.63,4.0,8.8,180.38,349.88
F256,C4501,2024-04-12,Crossbreed,2,Badulla,2,0,Healthy,Medium,143.93,3.78,8.98,178.63,122.8
F261,C4502,2024-02-16,Holstein,8,Kandy,7,0,Healthy,Low,462.99,3.51,8.95,181.31,451.59
F436,C4503,2024-09-08,Jersey,8,Monaragala,2,0,Healthy,High,355.91,4.65,8.66,195.36,366.67
F267,C4504,2024-04-06,Jersey,8,Monaragala,7,2,Sick,Low,212.03,3.62,9.17,172.87,195.22
F308,C4505,2024-04-28,Jersey,3,Anuradhapura,3,0,Healthy,Medium,358.85,3.78,8.59,182.69,319.51
F403,C4506,2024-07-13,Holstein,7,Monaragala,10,2,Sick,Low,154.27,4.42,8.58,175.03,146.17
F252,C4507,2024-03-20,Crossbreed,9,Monaragala,8,0,Healthy,Low,135.05,4.4,9.0,191.6,139.53
F441,C4508,2024-10-01,Local,10,Monaragala,9,0,Healthy,High,47.68,4.37,8.37,189.3,40.62
F226,C4509,2024-08-08,Holstein,2,Anuradhapura,3,0,Healthy,Medium,403.08,3.88,8.29,173.51,414.38
F165,C4510,2024-05-27,Local,6,Kandy,10,3,Sick,Low,21.55,3.92,9.11,183.9,22.17
F472,C4511,2024-02-16,Holstein,10,Anuradhapura,9,2,Sick,Low,153.0,4.56,8.8,194.72,131.61
F390,C4512,2024-08-07,Local,7,Nuwara Eliya,2,0,Healthy,Low,101.49,4.56,9.16,187.96,86.78
F80,C4513,2024-04-20,Jersey,3,Anuradhapura,6,0,Healthy,High,249.82,3.67,8.81,180.37,234.44
F146,C4514,2024-02-10,Crossbreed,6,Kurunegala,5,1,At_Risk,High,190.16,4.15,8.5,176.24,163.5
F377,C4515,2024-05-29,Local,5,Nuwara Eliya,8,0,Healthy,Low,75.7,4.41,9.05,177.53,68.15
F9,C4516,2024-01-02,Crossbreed,7,Kandy,9,0,Healthy,Medium,147.11,3.52,8.61,168.94,142.19
F199,C4517,2024-10-18,Local,6,Anuradhapura,2,0,Healthy,Medium,97.74,4.04,8.38,185.62,102.55
F315,C4518,2024-08-31,Holstein,2,Matale,10,0,Healthy,High,279.91,4.09,8.33,186.66,290.8
F392,C4519,2024-10-27,Crossbreed,8,Nuwara Eliya,10,3,Sick,High,72.34,3.56,9.1,184.16,70.78
F309,C4520,2024-08-28,Crossbreed,10,Polonnaruwa,1,1,At_Risk,High,183.72,4.23,9.15,182.55,159.12
F71,C4521,2024-09-19,Jersey,3,Kandy,2,0,Healthy,Low,261.89,4.66,9.07,193.36,238.19
F411,C4522,2024-02-06,Crossbreed,2,Badulla,2,0,Healthy,High,145.07,4.7,8.82,179.65,139.43
F452,C4523,2024-03-01,Local,6,Kurunegala,8,3,Sick,High,42.56,4.21,8.27,173.87,41.17
F207,C4524,2024-05-28,Crossbreed,8,Badulla,1,0,Healthy,High,244.77,4.19,8.9,179.75,221.37
F435,C4525,2024-11-20,Holstein,6,Anuradhapura,9,0,Healthy,High,318.66,4.79,9.04,179.62,305.05
F255,C4526,2024-02-19,Holstein,9,Nuwara Eliya,4,0,Healthy,High,560.5,4.6,8.5,179.21,540.88
F122,C4527,2024-08-29,Crossbreed,5,Anuradhapura,10,1,At_Risk,Medium,143.47,4.55,8.21,177.99,125.16
F411,C4528,2024-08-04,Crossbreed,2,Kandy,10,0,Healthy,Medium,132.67,4.01,8.74,182.69,119.97
F68,C4529,2024-01-07,Crossbreed,10,Badulla,5,2,Sick,High,134.53,4.12,8.85,175.2,122.73
F367,C4530,2024-10-31,Crossbreed,7,Matale,1,0,Healthy,Medium,150.3,3.78,8.88,180.08,137.43
F264,C4531,2024-08-30,Crossbreed,7,Anuradhapura,3,0,Healthy,High,216.78,4.73,9.18,190.53,207.74
F412,C4532,2024-11-18,Local,7,Kandy,5,0,Healthy,High,63.66,4.11,8.51,182.86,66.47
F436,C4533,2024-01-19,Crossbreed,2,Matale,6,1,At_Risk,High,186.38,4.55,9.13,183.22,194.41
F367,C4534,2024-12-19,Holstein,9,Nuwara Eliya,9,3,Sick,Low,145.91,3.64,8.79,171.04,149.87
F364,C4535,2024-04-27,Jersey,9,Badulla,8,3,Sick,Medium,147.55,4.22,9.11,183.1,149.9
F42,C4536,2024-01-03,Crossbreed,8,Kandy,2,0,Healthy,Low,160.9,4.46,8.88,184.23,158.63
F28,C4537,2024-01-26,Crossbreed,10,Anuradhapura,5,3,Sick,Medium,71.69,4.64,8.51,185.71,73.98
F89,C4538,2024-02-21,Holstein,10,Nuwara Eliya,1,0,Healthy,Low,427.85,4.28,8.47,176.87,417.03
F345,C4539,2024-10-22,Crossbreed,7,Anuradhapura,2,0,Healthy,High,235.18,4.72,8.76,189.14,219.0
F117,C4540,2024-09-01,Local,8,Nuwara Eliya,7,0,Healthy,Low,82.25,3.87,8.35,170.43,82.03
F116,C4541,2024-07-14,Local,8,Matale,6,2,Sick,Low,42.11,4.36,8.43,186.06,36.13
F173,C4542,2024-04-03,Jersey,6,Badulla,2,2,Sick,Low,212.29,4.56,8.51,194.94,200.88
F47,C4543,2024-03-14,Local,4,Monaragala,4,3,Sick,Medium,51.3,4.24,8.98,190.59,46.22
F498,C4544,2024-09-03,Local,7,Polonnaruwa,6,1,At_Risk,High,75.34,4.07,9.01,190.11,77.03
F376,C4545,2024-07-12,Local,2,Anuradhapura,9,1,At_Risk,Medium,52.97,3.69,8.6,182.0,46.58
F46,C4546,2024-02-04,Local,6,Monaragala,9,1,At_Risk,High,53.77,3.58,8.96,184.72,49.91
F127,C4547,2024-10-17,Jersey,10,Kandy,6,1,At_Risk,Low,285.24,4.26,8.45,173.1,286.07
F19,C4548,2024-12-28,Holstein,8,Nuwara Eliya,9,0,Healthy,High,303.23,3.62,8.58,174.68,310.24
F36,C4549,2024-06-27,Jersey,5,Monaragala,9,1,At_Risk,High,198.73,3.88,8.59,188.5,186.29
F437,C4550,2024-07-06,Holstein,2,Badulla,1,2,Sick,Medium,340.0,4.16,8.86,171.79,321.18
F172,C4551,2024-01-18,Holstein,2,Matale,10,3,Sick,Medium,160.7,3.57,8.6,179.62,144.17
F72,C4552,2024-06-30,Local,10,Anuradhapura,9,1,At_Risk,High,34.2,3.65,8.52,172.96,33.75
F165,C4553,2024-01-01,Crossbreed,2,Kurunegala,3,2,Sick,High,124.81,4.79,8.98,194.07,109.71
F154,C4554,2024-02-03,Holstein,8,Nuwara Eliya,8,0,Healthy,Low,461.09,3.73,8.73,179.86,461.7
F19,C4555,2024-09-27,Local,5,Monaragala,6,0,Healthy,High,89.58,4.29,8.93,189.08,83.24
F5,C4556,2024-09-04,Jersey,5,Kandy,5,2,Sick,High,218.84,4.17,8.89,179.34,201.95
F478,C4557,2024-09-25,Jersey,8,Matale,9,0,Healthy,High,177.59,4.62,8.25,181.6,180.55
F215,C4558,2024-08-15,Local,10,Anuradhapura,1,1,At_Risk,Medium,86.39,3.89,8.51,173.83,80.83
F326,C4559,2024-04-29,Holstein,3,Polonnaruwa,8,0,Healthy,High,418.72,4.71,8.34,191.2,380.53
F401,C4560,2024-10-30,Crossbreed,8,Kurunegala,8,0,Healthy,High,191.96,4.08,8.28,182.7,166.49
F5,C4561,2024-07-27,Local,8,Kurunegala,7,0,Healthy,Low,89.41,4.35,8.99,192.28,90.07
F465,C4562,2024-08-27,Crossbreed,8,Nuwara Eliya,5,0,Healthy,Low,220.36,4.43,9.0,187.64,212.53
F326,C4563,2024-03-31,Jersey,8,Polonnaruwa,10,0,Healthy,High,190.97,4.27,9.01,173.91,176.69
F21,C4564,2024-04-05,Holstein,9,Kandy,4,0,Healthy,Medium,429.12,4.17,8.56,178.56,411.14
F41,C4565,2024-06-14,Local,2,Kurunegala,3,0,Healthy,Medium,64.7,3.54,9.09,182.57,61.96
F381,C4566,2024-05-20,Jersey,6,Polonnaruwa,3,0,Healthy,Low,351.48,4.58,9.12,189.29,340.22
F495,C4567,2024-02-08,Local,3,Anuradhapura,2,2,Sick,Medium,65.41,3.6,8.35,168.69,59.89
F408,C4568,2024-05-23,Local,3,Monaragala,1,0,Healthy,High,90.5,3.63,8.56,172.21,86.24
F472,C4569,2024-01-04,Local,4,Polonnaruwa,10,0,Healthy,High,75.23,3.92,8.91,188.29,71.58
F30,C4570,2024-01-12,Crossbreed,3,Anuradhapura,10,0,Healthy,Medium,169.53,3.68,9.12,180.15,147.16
F294,C4571,2024-12-13,Local,9,Badulla,4,0,Healthy,Low,83.09,4.69,8.57,187.38,85.82
F213,C4572,2024-10-22,Jersey,2,Kurunegala,4,0,Healthy,High,309.94,4.46,8.76,190.53,306.96
F354,C4573,2024-03-21,Crossbreed,5,Matale,3,3,Sick,High,91.52,3.55,8.56,168.49,79.55
F296,C4574,2024-02-21,Holstein,7,Kandy,2,0,Healthy,Low,324.78,3.89,9.14,187.89,276.85
F475,C4575,2024-05-08,Holstein,3,Anuradhapura,3,0,Healthy,High,441.66,4.77,9.1,182.71,448.23
F252,C4576,2024-09-22,Holstein,7,Polonnaruwa,1,0,Healthy,Medium,339.25,4.21,8.3,188.6,309.6
F257,C4577,2024-05-10,Holstein,10,Kandy,5,1,At_Risk,Low,349.53,3.69,8.43,171.92,324.08
F244,C4578,2024-06-21,Jersey,3,Kurunegala,4,1,At_Risk,Medium,336.75,3.63,9.02,176.41,321.2
F320,C4579,2024-11-16,Crossbreed,10,Nuwara Eliya,4,0,Healthy,Low,232.14,3.56,8.79,180.09,207.41
F433,C4580,2024-06-23,Holstein,5,Badulla,2,0,Healthy,Medium,335.19,3.72,8.22,172.52,351.39
F329,C4581,2024-09-06,Holstein,6,Badulla,8,0,Healthy,Medium,336.91,4.5,9.09,176.34,338.51
F75,C4582,2024-05-12,Local,6,Matale,2,0,Healthy,Low,99.87,4.58,8.89,194.13,101.45
F47,C4583,2024-04-24,Holstein,2,Monaragala,1,0,Healthy,High,409.02,3.57,9.12,167.46,418.97
F25,C4584,2024-11-29,Jersey,3,Kurunegala,6,2,Sick,Low,204.74,3.58,8.61,179.62,196.35
F6,C4585,2024-02-16,Holstein,7,Matale,9,0,Healthy,Low,303.54,4.73,9.14,188.2,307.07
F393,C4586,2024-09-06,Holstein,4,Polonnaruwa,6,2,Sick,Low,294.29,4.74,9.09,194.5,272.88
F205,C4587,2024-08-25,Crossbreed,7,Anuradhapura,5,0,Healthy,Medium,215.31,4.67,9.0,177.27,202.49
F304,C4588,2024-10-24,Local,2,Polonnaruwa,10,0,Healthy,Medium,52.11,3.78,8.24,182.58,47.17
F158,C4589,2024-05-26,Crossbreed,5,Kurunegala,5,0,Healthy,High,257.48,3.69,8.54,167.05,237.13
F403,C4590,2024-06-29,Local,4,Kurunegala,6,0,Healthy,Low,60.26,3.89,8.5,188.74,53.7
F422,C4591,2024-03-29,Jersey,10,Anuradhapura,9,3,Sick,Low,100.14,3.53,8.85,184.2,103.82
F299,C4592,2024-07-14,Crossbreed,9,Kurunegala,10,0,Healthy,High,112.4,4.41,8.79,183.21,115.93
F320,C4593,2024-08-12,Local,10,Kurunegala,9,0,Healthy,Low,41.14,3.86,9.12,172.35,39.91
F51,C4594,2024-08-18,Local,6,Matale,6,0,Healthy,High,99.06,4.13,9.05,175.58,88.43
F6,C4595,2024-07-17,Jersey,10,Kandy,8,3,Sick,Medium,119.46,3.7,8.88,182.94,125.13
F434,C4596,2024-01-21,Crossbreed,3,Kurunegala,1,0,Healthy,Medium,195.69,4.34,9.03,192.5,205.03
F242,C4597,2024-12-21,Crossbreed,4,Nuwara Eliya,10,0,Healthy,High,136.35,4.34,8.71,186.08,142.32
F18,C4598,2024-07-19,Crossbreed,6,Nuwara Eliya,6,0,Healthy,Medium,192.08,3.52,8.4,165.25,180.72
F221,C4599,2024-08-11,Jersey,4,Kurunegala,1,0,Healthy,Medium,281.42,4.33,8.58,184.03,250.61
F489,C4600,2024-02-09,Holstein,10,Kurunegala,2,0,Healthy,High,504.5,3.62,8.29,183.86,469.11
F155,C4601,2024-08-17,Crossbreed,7,Monaragala,7,0,Healthy,High,146.23,4.29,8.45,185.59,134.47
F414,C4602,2024-11-01,Holstein,5,Anuradhapura,9,3,Sick,High,159.65,3.72,8.99,182.17,146.09
F466,C4603,2024-11-25,Crossbreed,10,Polonnaruwa,8,0,Healthy,Low,205.23,4.64,8.28,185.32,202.21
F305,C4604,2024-02-07,Local,9,Badulla,8,2,Sick,Medium,35.02,3.82,9.16,169.82,30.44
F128,C4605,2024-11-11,Jersey,8,Anuradhapura,8,2,Sick,Low,145.94,4.2,8.5,185.35,151.1
F307,C4606,2024-05-16,Holstein,10,Badulla,3,0,Healthy,Low,484.2,4.61,9.11,184.06,457.59
F69,C4607,2024-03-30,Jersey,10,Matale,5,3,Sick,High,149.55,3.83,9.08,188.06,137.1
F417,C4608,2024-07-17,Jersey,4,Anuradhapura,3,2,Sick,High,250.85,4.76,8.63,197.4,222.49
F5,C4609,2024-04-25,Local,5,Polonnaruwa,3,0,Healthy,Low,74.57,4.38,8.61,184.06,71.49
F59,C4610,2024-08-27,Crossbreed,7,Nuwara Eliya,6,1,At_Risk,Medium,169.13,4.21,8.68,192.02,146.75
F142,C4611,2024-04-07,Crossbreed,6,Kandy,8,2,Sick,Medium,139.32,4.76,8.74,187.81,130.59
F123,C4612,2024-01-10,Holstein,6,Kandy,9,0,Healthy,Low,340.72,3.97,8.28,188.4,340.96
F124,C4613,2024-10-25,Local,8,Nuwara Eliya,3,0,Healthy,High,75.82,4.6,8.49,186.88,70.67
F224,C4614,2024-02-22,Jersey,4,Monaragala,4,0,Healthy,Medium,393.6,4.34,9.03,183.01,357.74
F93,C4615,2024-11-25,Crossbreed,2,Anuradhapura,5,2,Sick,Medium,106.99,4.69,9.12,177.17,111.2
F37,C4616,2024-08-10,Jersey,6,Kandy,2,0,Healthy,Medium,272.1,4.49,8.56,194.03,248.53
F158,C4617,2024-08-28,Holstein,9,Polonnaruwa,1,1,At_Risk,High,378.56,3.99,8.37,170.99,390.02
F455,C4618,2024-10-10,Jersey,9,Monaragala,4,0,Healthy,Low,343.53,3.6,8.27,178.43,294.85
F450,C4619,2024-01-13,Crossbreed,5,Monaragala,3,0,Healthy,Medium,245.92,3.87,8.63,184.55,226.59
F436,C4620,2024-01-16,Jersey,2,Nuwara Eliya,5,2,Sick,High,193.51,3.56,8.48,169.19,188.22
F118,C4621,2024-12-01,Local,9,Polonnaruwa,4,1,At_Risk,Medium,68.03,3.66,8.36,182.55,68.68
F403,C4622,2024-10-17,Crossbreed,6,Anuradhapura,4,1,At_Risk,High,138.36,4.37,8.65,187.84,118.7
F227,C4623,2024-12-05,Holstein,9,Kandy,2,0,Healthy,Medium,492.8,3.86,8.88,170.55,516.28
F356,C4624,2024-03-08,Crossbreed,9,Badulla,8,0,Healthy,High,176.42,4.66,8.21,189.67,163.45
F435,C4625,2024-01-16,Crossbreed,4,Monaragala,3,3,Sick,Low,108.15,4.03,9.1,182.1,101.26
F453,C4626,2024-11-24,Crossbreed,6,Badulla,4,0,Healthy,Low,245.42,3.63,8.96,170.12,253.66
F62,C4627,2024-04-05,Holstein,7,Kurunegala,4,0,Healthy,Low,576.27,4.09,8.33,178.72,531.59
F32,C4628,2024-03-04,Holstein,6,Kurunegala,7,0,Healthy,Low,334.86,3.79,8.28,176.95,305.08
F236,C4629,2024-12-28,Crossbreed,3,Anuradhapura,5,0,Healthy,Low,154.06,3.87,8.33,170.82,139.42
F249,C4630,2024-06-29,Holstein,5,Anuradhapura,9,2,Sick,Low,152.41,4.16,8.25,180.74,152.24
F412,C4631,2024-10-04,Holstein,5,Anuradhapura,5,0,Healthy,Medium,550.49,4.61,8.54,195.27,565.94
F55,C4632,2024-02-11,Jersey,6,Polonnaruwa,10,0,Healthy,Low,204.11,3.71,8.75,176.17,200.68
F250,C4633,2024-09-06,Crossbreed,5,Nuwara Eliya,7,0,Healthy,Low,204.87,4.19,8.48,175.5,182.56
F20,C4634,2024-09-03,Holstein,8,Anuradhapura,2,2,Sick,High,224.08,4.62,8.55,186.0,195.78
F301,C4635,2024-03-05,Holstein,10,Kurunegala,4,0,Healthy,Low,443.32,3.57,8.79,174.89,395.12
F445,C4636,2024-05-13,Local,7,Anuradhapura,3,2,Sick,High,68.85,4.73,9.17,192.74,64.69
F208,C4637,2024-06-14,Holstein,6,Monaragala,9,0,Healthy,High,259.85,4.73,8.59,191.12,248.11
F155,C4638,2024-06-08,Holstein,3,Nuwara Eliya,3,1,At_Risk,High,475.31,3.96,8.5,176.47,409.0
F75,C4639,2024-12-21,Holstein,3,Nuwara Eliya,1,0,Healthy,High,359.47,4.25,8.49,179.86,366.46
F269,C4640,2024-01-01,Crossbreed,9,Anuradhapura,2,2,Sick,Low,146.96,4.74,8.26,177.97,152.22
F292,C4641,2024-12-17,Local,9,Kurunegala,1,0,Healthy,Medium,81.69,4.58,9.13,190.39,74.67
F485,C4642,2024-11-05,Crossbreed,6,Anuradhapura,5,1,At_Risk,High,134.71,3.55,8.33,177.13,139.9
F223,C4643,2024-10-11,Jersey,8,Badulla,10,2,Sick,Low,134.75,4.35,8.77,175.65,132.7
F354,C4644,2024-10-22,Local,8,Polonnaruwa,9,3,Sick,Low,29.13,3.99,8.96,180.1,27.78
F432,C4645,2024-12-10,Holstein,2,Anuradhapura,1,3,Sick,Medium,200.64,3.63,8.77,178.25,172.48
F136,C4646,2024-03-15,Holstein,9,Kurunegala,2,0,Healthy,High,339.47,3.92,9.0,171.22,329.67
F97,C4647,2024-02-22,Holstein,2,Nuwara Eliya,9,0,Healthy,Low,273.16,3.81,8.88,186.02,286.16
F143,C4648,2024-11-04,Local,8,Badulla,8,0,Healthy,Medium,101.79,3.99,8.49,174.68,88.74
F50,C4649,2024-02-17,Jersey,7,Nuwara Eliya,7,0,Healthy,High,250.16,3.56,8.45,173.98,240.35
F96,C4650,2024-08-19,Jersey,8,Kurunegala,8,0,Healthy,Medium,233.64,4.28,8.71,187.95,203.31
F253,C4651,2024-12-01,Crossbreed,9,Kandy,3,1,At_Risk,High,235.77,4.54,8.53,183.97,224.54
F478,C4652,2024-10-12,Holstein,3,Anuradhapura,1,0,Healthy,Medium,500.24,3.64,8.34,174.48,494.66
F444,C4653,2024-04-08,Jersey,9,Monaragala,3,1,At_Risk,Low,220.22,3.88,8.89,172.48,218.73
F335,C4654,2024-01-03,Jersey,6,Kandy,4,3,Sick,High,138.93,4.62,8.65,194.16,140.86
F30,C4655,2024-11-06,Holstein,6,Nuwara Eliya,5,0,Healthy,Medium,352.58,3.53,8.25,177.18,366.06
F325,C4656,2024-02-28,Local,2,Kurunegala,6,0,Healthy,Medium,87.5,3.61,8.97,175.91,84.01
F5,C4657,2024-05-06,Crossbreed,9,Kurunegala,1,1,At_Risk,Medium,190.42,4.66,8.85,186.44,172.35
F321,C4658,2024-05-11,Local,8,Nuwara Eliya,3,0,Healthy,Low,105.74,4.52,9.04,186.88,95.43
F475,C4659,2024-01-13,Crossbreed,9,Kandy,3,3,Sick,Low,124.14,4.68,8.56,184.16,123.62
F475,C4660,2024-02-03,Crossbreed,8,Anuradhapura,5,2,Sick,High,105.59,3.84,9.05,183.39,103.35
F155,C4661,2024-10-08,Holstein,10,Kandy,5,1,At_Risk,Low,402.2,4.6,8.51,193.68,397.74
F477,C4662,2024-10-15,Holstein,5,Badulla,6,0,Healthy,High,434.82,3.71,8.85,186.94,409.72
F58,C4663,2024-11-24,Local,8,Monaragala,7,1,At_Risk,Medium,54.48,3.93,8.81,187.47,53.69
F394,C4664,2024-02-16,Jersey,2,Monaragala,4,1,At_Risk,Medium,288.78,3.64,9.05,167.22,281.02
F22,C4665,2024-08-13,Holstein,9,Badulla,7,0,Healthy,Medium,300.6,4.37,8.82,175.27,291.9
F365,C4666,2024-03-09,Holstein,5,Polonnaruwa,5,1,At_Risk,Low,493.03,4.46,8.5,176.96,498.04
F40,C4667,2024-02-08,Jersey,9,Badulla,9,0,Healthy,Low,254.33,4.32,8.35,185.45,235.11
F261,C4668,2024-02-27,Crossbreed,7,Kandy,9,3,Sick,High,76.95,3.92,8.65,188.87,72.07
F27,C4669,2024-06-30,Local,9,Matale,9,0,Healthy,Low,49.38,4.65,8.59,182.07,45.68
F295,C4670,2024-06-25,Jersey,3,Monaragala,6,0,Healthy,Low,325.03,3.6,8.61,175.13,292.69
F30,C4671,2024-07-07,Local,4,Anuradhapura,4,1,At_Risk,High,97.72,4.55,8.84,189.57,94.08
F17,C4672,2024-05-05,Local,2,Polonnaruwa,1,0,Healthy,High,79.39,3.89,8.63,182.14,67.76
F422,C4673,2024-08-09,Jersey,7,Kandy,8,0,Healthy,Medium,331.23,4.42,8.53,177.79,312.31
F74,C4674,2024-02-24,Crossbreed,8,Matale,2,0,Healthy,Medium,166.08,4.09,8.99,187.98,167.61
F215,C4675,2024-09-01,Crossbreed,5,Kurunegala,2,1,At_Risk,High,187.21,4.68,8.54,177.02,160.68
F366,C4676,2024-08-04,Local,6,Kandy,8,0,Healthy,High,63.23,4.23,8.42,181.17,55.26
F215,C4677,2024-02-15,Jersey,7,Anuradhapura,5,0,Healthy,High,356.04,4.63,8.78,184.5,369.97
F495,C4678,2024-07-30,Holstein,4,Badulla,8,0,Healthy,Low,432.81,4.1,8.57,176.01,437.66
F106,C4679,2024-09-09,Jersey,8,Anuradhapura,7,2,Sick,Low,177.26,3.7,8.37,182.94,168.63
F189,C4680,2024-11-30,Local,7,Kurunegala,7,0,Healthy,Medium,64.47,4.69,8.47,187.34,67.32
F263,C4681,2024-02-29,Holstein,6,Monaragala,4,0,Healthy,Low,541.26,3.7,9.18,173.43,531.77
F211,C4682,2024-08-12,Local,6,Monaragala,8,0,Healthy,Low,92.02,4.46,8.99,187.42,84.63
F152,C4683,2024-12-16,Local,3,Kandy,6,2,Sick,High,45.43,4.32,8.7,183.59,44.31
F301,C4684,2024-01-21,Holstein,2,Badulla,1,0,Healthy,High,504.05,4.65,8.36,182.69,522.95
F138,C4685,2024-04-08,Local,10,Monaragala,9,0,Healthy,Medium,46.09,4.45,9.09,182.37,45.92
F60,C4686,2024-05-26,Holstein,10,Nuwara Eliya,7,2,Sick,Medium,313.66,4.77,8.67,183.58,277.93
F196,C4687,2024-11-04,Jersey,2,Kandy,6,0,Healthy,High,333.83,4.45,8.33,176.36,337.32
F111,C4688,2024-07-25,Jersey,6,Kandy,6,0,Healthy,High,273.74,4.28,9.13,176.19,241.31
F418,C4689,2024-11-26,Crossbreed,3,Anuradhapura,6,0,Healthy,High,219.9,3.83,8.62,176.46,220.24
F28,C4690,2024-07-11,Crossbreed,2,Kandy,3,0,Healthy,Low,221.66,4.06,8.48,186.45,231.59
F486,C4691,2024-01-31,Local,9,Kurunegala,1,0,Healthy,High,81.49,3.78,8.94,174.95,83.58
F499,C4692,2024-02-27,Crossbreed,4,Polonnaruwa,9,0,Healthy,Low,150.16,4.23,8.66,176.18,127.86
F413,C4693,2024-05-07,Holstein,10,Polonnaruwa,1,0,Healthy,Low,368.51,4.09,8.52,171.55,353.83
F116,C4694,2024-07-30,Crossbreed,9,Anuradhapura,2,0,Healthy,High,144.2,3.77,8.64,178.0,123.03
F189,C4695,2024-11-15,Jersey,4,Badulla,10,0,Healthy,Low,226.28,4.68,8.49,182.19,210.82
F192,C4696,2024-05-27,Holstein,7,Badulla,3,3,Sick,High,167.22,4.54,8.33,177.01,160.44
F259,C4697,2024-09-01,Crossbreed,8,Matale,6,1,At_Risk,Low,190.02,3.5,8.41,166.93,197.46
F324,C4698,2024-04-27,Jersey,9,Matale,7,0,Healthy,Medium,277.76,4.44,8.32,187.97,280.92
F14,C4699,2024-05-01,Jersey,9,Nuwara Eliya,4,2,Sick,High,194.63,4.3,8.53,188.85,178.65
F465,C4700,2024-02-01,Holstein,7,Kandy,1,2,Sick,Medium,344.87,4.12,8.42,184.49,310.54
F476,C4701,2024-12-19,Local,5,Polonnaruwa,3,2,Sick,Low,70.07,4.58,8.64,190.87,64.81
F137,C4702,2024-06-10,Crossbreed,10,Monaragala,3,2,Sick,Medium,163.09,4.47,8.85,191.77,144.55
F425,C4703,2024-01-11,Local,4,Anuradhapura,8,0,Healthy,High,67.0,3.9,8.3,179.49,66.72
F325,C4704,2024-06-08,Jersey,9,Polonnaruwa,1,0,Healthy,High,345.45,4.67,8.46,186.45,330.03
F230,C4705,2024-06-05,Jersey,6,Badulla,3,0,Healthy,Low,281.9,4.66,8.35,191.78,276.97
F250,C4706,2024-12-15,Crossbreed,4,Nuwara Eliya,5,0,Healthy,High,161.06,4.48,8.29,187.42,143.72
F378,C4707,2024-10-19,Holstein,7,Monaragala,9,0,Healthy,Medium,318.78,4.15,8.61,172.21,322.13
F288,C4708,2024-09-06,Holstein,2,Kurunegala,8,1,At_Risk,Low,278.88,4.71,8.48,190.23,272.56
F333,C4709,2024-08-28,Jersey,6,Anuradhapura,5,1,At_Risk,High,288.79,3.6,8.61,182.76,273.33
F340,C4710,2024-09-08,Local,9,Matale,1,1,At_Risk,Low,86.48,3.73,8.7,175.79,89.41
F310,C4711,2024-08-09,Holstein,10,Kandy,4,2,Sick,Low,375.24,4.33,8.56,188.3,335.43
F193,C4712,2024-10-09,Jersey,7,Kurunegala,9,2,Sick,High,154.42,3.5,9.07,166.58,135.94
F84,C4713,2024-01-27,Holstein,7,Monaragala,9,2,Sick,Medium,196.07,4.11,8.98,186.53,168.28
F124,C4714,2024-10-30,Crossbreed,9,Kurunegala,3,0,Healthy,High,175.55,3.77,8.28,176.77,161.15
F328,C4715,2024-05-28,Jersey,9,Kandy,3,0,Healthy,Medium,334.34,4.42,9.07,180.23,334.39
F179,C4716,2024-01-04,Local,8,Monaragala,9,1,At_Risk,High,64.97,4.69,9.18,178.8,60.85
F402,C4717,2024-03-04,Jersey,6,Anuradhapura,8,0,Healthy,Medium,318.61,4.38,8.81,182.74,320.93
F383,C4718,2024-12-07,Crossbreed,6,Nuwara Eliya,8,1,At_Risk,High,117.77,4.11,8.33,172.18,106.58
F432,C4719,2024-05-26,Crossbreed,8,Kurunegala,4,0,Healthy,Low,158.5,4.51,8.42,192.88,156.67
F135,C4720,2024-04-07,Local,8,Kandy,7,2,Sick,Low,58.67,4.16,8.8,182.93,61.48
F106,C4721,2024-12-14,Jersey,7,Kurunegala,4,0,Healthy,High,282.15,4.74,8.83,178.55,266.69
F153,C4722,2024-12-19,Crossbreed,6,Kurunegala,7,1,At_Risk,Low,147.77,4.53,8.47,182.96,128.2
F359,C4723,2024-06-01,Jersey,8,Matale,9,0,Healthy,Low,243.97,4.54,8.34,188.76,209.88
F396,C4724,2024-03-20,Local,5,Nuwara Eliya,4,3,Sick,High,32.47,4.04,8.93,184.5,28.84
F318,C4725,2024-12-28,Local,7,Anuradhapura,7,2,Sick,High,44.61,3.62,8.97,183.6,40.76
F467,C4726,2024-07-08,Local,7,Anuradhapura,9,0,Healthy,Medium,42.65,4.15,8.39,178.61,44.67
F286,C4727,2024-05-11,Crossbreed,7,Polonnaruwa,6,0,Healthy,Low,184.27,4.29,9.07,175.82,168.5
F9,C4728,2024-03-10,Holstein,8,Kandy,1,1,At_Risk,Medium,403.39,3.82,8.31,172.43,398.11
F64,C4729,2024-06-26,Holstein,7,Kurunegala,5,0,Healthy,Low,465.0,4.21,8.51,175.43,398.91
F454,C4730,2024-11-07,Jersey,8,Matale,10,0,Healthy,High,234.29,3.98,8.23,171.32,236.02
F207,C4731,2024-02-28,Jersey,7,Anuradhapura,5,2,Sick,Low,254.52,4.05,8.98,174.76,252.82
F353,C4732,2024-12-11,Holstein,9,Badulla,4,0,Healthy,High,386.51,4.34,8.76,177.35,355.13
F388,C4733,2024-07-20,Holstein,8,Kandy,8,0,Healthy,High,299.99,4.8,8.99,193.95,284.03
F305,C4734,2024-05-10,Jersey,4,Badulla,4,0,Healthy,Low,387.46,3.5,8.9,177.57,383.92
F364,C4735,2024-07-10,Holstein,5,Badulla,1,1,At_Risk,Low,454.11,4.71,8.33,183.25,429.19
F398,C4736,2024-04-08,Holstein,8,Kurunegala,3,1,At_Risk,Medium,433.63,4.43,8.93,189.05,372.42
F22,C4737,2024-12-23,Jersey,10,Kurunegala,3,3,Sick,Low,118.13,4.34,8.62,191.83,118.96
F476,C4738,2024-10-03,Crossbreed,9,Badulla,10,0,Healthy,Low,124.69,3.81,8.57,170.96,127.07
F190,C4739,2024-09-01,Crossbreed,7,Nuwara Eliya,10,0,Healthy,Low,106.44,3.76,9.18,175.93,94.78
F173,C4740,2024-12-18,Local,7,Matale,1,3,Sick,High,46.97,4.58,8.25,187.96,43.68
F51,C4741,2024-06-16,Crossbreed,2,Monaragala,2,0,Healthy,Medium,235.61,3.81,8.22,180.96,234.45
F80,C4742,2024-09-27,Holstein,9,Matale,4,2,Sick,Medium,303.96,4.53,8.85,175.87,310.71
F200,C4743,2024-07-06,Holstein,5,Matale,4,0,Healthy,Low,386.23,3.79,8.75,181.57,370.68
F344,C4744,2024-05-26,Holstein,10,Polonnaruwa,2,1,At_Risk,Medium,456.8,4.4,8.26,183.54,426.51
F301,C4745,2024-03-07,Jersey,6,Monaragala,2,0,Healthy,Medium,294.63,4.72,9.08,189.08,300.55
F342,C4746,2024-11-11,Local,7,Kandy,6,0,Healthy,Low,76.35,3.9,8.77,178.33,78.86
F140,C4747,2024-02-12,Crossbreed,10,Monaragala,6,3,Sick,Medium,75.95,3.65,9.02,180.52,71.32
F340,C4748,2024-12-25,Local,2,Polonnaruwa,10,1,At_Risk,Medium,43.37,3.68,8.58,175.63,42.68
F9,C4749,2024-09-18,Local,9,Anuradhapura,10,2,Sick,High,44.83,4.33,8.36,191.68,46.76
F429,C4750,2024-04-02,Crossbreed,4,Anuradhapura,4,0,Healthy,High,265.03,4.53,8.99,177.09,251.66
F472,C4751,2024-01-01,Crossbreed,10,Badulla,1,1,At_Risk,High,127.98,4.18,8.84,189.77,129.11
F64,C4752,2024-09-30,Crossbreed,2,Matale,5,0,Healthy,Low,225.58,4.53,8.75,191.57,221.22
F467,C4753,2024-08-20,Local,7,Anuradhapura,1,0,Healthy,High,63.75,4.0,8.75,173.7,58.96
F443,C4754,2024-09-23,Crossbreed,5,Badulla,7,2,Sick,High,123.73,4.75,8.93,184.12,129.5
F379,C4755,2024-07-29,Holstein,6,Nuwara Eliya,1,0,Healthy,Medium,465.81,4.46,8.7,187.53,430.22
F308,C4756,2024-10-08,Jersey,8,Kurunegala,9,1,At_Risk,High,174.8,4.27,8.7,179.06,157.41
F14,C4757,2024-09-26,Crossbreed,5,Kandy,3,3,Sick,Low,119.7,4.64,8.85,181.81,102.87
F427,C4758,2024-04-25,Crossbreed,3,Kandy,3,0,Healthy,Low,215.35,4.17,9.04,189.96,202.88
F102,C4759,2024-09-17,Holstein,10,Polonnaruwa,10,0,Healthy,Medium,373.4,4.09,8.27,174.91,335.13
F499,C4760,2024-12-30,Crossbreed,9,Kurunegala,2,2,Sick,High,148.25,3.9,8.71,177.62,148.2
F371,C4761,2024-11-08,Holstein,9,Anuradhapura,7,3,Sick,Low,171.91,4.31,9.02,176.71,154.29
F315,C4762,2024-04-26,Jersey,8,Nuwara Eliya,6,1,At_Risk,Low,198.96,4.26,8.65,183.04,188.36
F168,C4763,2024-03-09,Jersey,9,Matale,4,0,Healthy,Low,344.55,3.59,8.64,171.96,299.06
F250,C4764,2024-03-18,Crossbreed,10,Matale,6,0,Healthy,High,142.25,4.49,9.18,188.66,145.24
F295,C4765,2024-04-09,Holstein,4,Kandy,2,0,Healthy,Medium,457.25,4.19,8.23,191.05,455.85
F72,C4766,2024-06-18,Holstein,10,Badulla,8,0,Healthy,High,381.25,4.38,9.08,176.34,394.09
F80,C4767,2024-10-18,Jersey,6,Badulla,5,0,Healthy,Medium,351.29,3.87,9.17,187.39,320.77
F101,C4768,2024-10-01,Crossbreed,8,Nuwara Eliya,2,0,Healthy,Low,190.73,4.78,8.65,196.46,198.91
F249,C4769,2024-02-23,Local,5,Nuwara Eliya,6,0,Healthy,High,74.85,3.74,8.54,169.47,76.01
F283,C4770,2024-03-31,Local,2,Polonnaruwa,4,0,Healthy,Low,97.15,3.82,9.03,169.43,83.75
F77,C4771,2024-08-25,Holstein,10,Anuradhapura,1,3,Sick,High,185.09,4.48,8.93,186.22,158.74
F117,C4772,2024-05-26,Local,7,Polonnaruwa,8,0,Healthy,High,95.55,4.58,9.06,178.4,81.78
F482,C4773,2024-02-24,Jersey,9,Nuwara Eliya,5,0,Healthy,Low,305.06,3.86,8.24,173.83,283.36
F240,C4774,2024-04-04,Local,5,Kandy,10,0,Healthy,High,75.25,3.7,8.23,172.24,75.87
F474,C4775,2024-03-21,Holstein,2,Anuradhapura,8,0,Healthy,High,508.9,3.7,8.28,173.11,509.96
F449,C4776,2024-08-12,Jersey,6,Polonnaruwa,7,1,At_Risk,High,288.07,4.49,8.34,184.13,262.42
F421,C4777,2024-12-07,Jersey,10,Badulla,3,1,At_Risk,High,247.88,4.31,8.52,183.22,231.11
F330,C4778,2024-05-11,Local,3,Badulla,6,1,At_Risk,High,80.82,3.69,8.36,174.08,76.35
F342,C4779,2024-06-22,Jersey,2,Nuwara Eliya,10,1,At_Risk,Medium,210.65,3.82,8.71,173.62,211.8
F246,C4780,2024-08-05,Crossbreed,5,Badulla,1,3,Sick,Medium,88.48,3.62,8.6,178.23,87.58
F44,C4781,2024-11-04,Crossbreed,5,Kandy,9,2,Sick,Medium,98.67,4.17,8.45,180.8,102.3
F284,C4782,2024-04-20,Holstein,6,Matale,4,0,Healthy,High,373.89,4.25,8.65,172.6,327.33
F299,C4783,2024-10-09,Jersey,9,Monaragala,6,1,At_Risk,Medium,285.9,3.9,9.14,181.26,265.57
F328,C4784,2024-04-20,Crossbreed,10,Badulla,10,1,At_Risk,High,154.52,4.69,8.88,191.15,161.23
F84,C4785,2024-03-17,Holstein,3,Kurunegala,1,0,Healthy,Low,492.5,3.56,8.9,171.48,484.79
F53,C4786,2024-03-28,Holstein,2,Matale,5,0,Healthy,High,509.83,3.85,8.39,181.45,487.75
F412,C4787,2024-09-04,Holstein,4,Polonnaruwa,3,0,Healthy,High,596.56,3.9,8.31,172.83,584.6
F115,C4788,2024-10-17,Crossbreed,9,Monaragala,8,3,Sick,Medium,106.28,4.33,8.68,176.54,101.36
F262,C4789,2024-04-21,Crossbreed,6,Kandy,2,0,Healthy,Medium,240.87,4.59,8.43,186.29,221.95
F95,C4790,2024-01-31,Local,7,Nuwara Eliya,4,3,Sick,High,53.38,3.93,8.2,181.03,48.84
F116,C4791,2024-01-05,Local,4,Matale,1,0,Healthy,Medium,96.62,4.09,8.33,179.07,84.08
F120,C4792,2024-09-01,Holstein,6,Monaragala,1,0,Healthy,Low,395.74,3.67,8.5,182.12,379.45
F166,C4793,2024-02-17,Local,3,Anuradhapura,9,1,At_Risk,High,53.55,3.77,8.24,170.48,54.69
F457,C4794,2024-03-29,Holstein,2,Kandy,8,2,Sick,Medium,226.06,4.79,8.46,192.68,202.45
F330,C4795,2024-03-30,Crossbreed,10,Polonnaruwa,8,1,At_Risk,Medium,193.88,4.55,8.44,185.46,202.24
F424,C4796,2024-02-14,Crossbreed,3,Monaragala,5,0,Healthy,Medium,185.45,3.6,8.34,171.01,165.56
F123,C4797,2024-06-19,Crossbreed,5,Nuwara Eliya,1,0,Healthy,Medium,149.69,3.86,8.89,173.33,156.4
F477,C4798,2024-11-20,Holstein,10,Kurunegala,9,0,Healthy,High,315.63,4.35,8.79,191.05,271.9
F485,C4799,2024-11-29,Crossbreed,6,Matale,7,1,At_Risk,High,121.16,3.56,9.04,175.41,110.18
F94,C4800,2024-07-31,Crossbreed,7,Matale,8,2,Sick,High,110.29,4.04,8.55,171.1,99.76
F113,C4801,2024-09-23,Local,8,Kandy,9,1,At_Risk,Medium,39.17,3.62,9.02,184.06,36.06
F204,C4802,2024-07-26,Jersey,9,Polonnaruwa,2,1,At_Risk,High,267.93,4.06,8.84,176.69,271.41
F133,C4803,2024-10-08,Crossbreed,5,Anuradhapura,8,0,Healthy,Low,183.4,4.2,8.54,191.52,188.5
F36,C4804,2024-10-31,Jersey,4,Badulla,1,0,Healthy,Medium,356.57,4.65,8.67,181.36,360.57
F371,C4805,2024-01-22,Holstein,6,Anuradhapura,6,1,At_Risk,High,368.5,3.74,8.9,181.51,370.33
F183,C4806,2024-09-08,Local,9,Kurunegala,9,2,Sick,Medium,41.61,4.38,9.06,187.61,40.74
F146,C4807,2024-03-25,Local,2,Kandy,7,0,Healthy,Low,61.92,3.7,8.3,171.3,60.76
F286,C4808,2024-06-09,Jersey,10,Nuwara Eliya,6,0,Healthy,High,332.66,3.95,8.73,188.17,290.0
F6,C4809,2024-09-19,Jersey,3,Matale,6,3,Sick,Medium,139.9,4.13,8.71,176.44,130.99
F54,C4810,2024-03-21,Crossbreed,8,Matale,2,0,Healthy,High,191.14,4.37,8.72,190.93,178.13
F440,C4811,2024-07-17,Crossbreed,2,Matale,2,0,Healthy,High,181.04,4.39,8.61,192.03,155.12
F23,C4812,2024-03-24,Local,4,Kandy,8,1,At_Risk,Medium,61.0,4.2,8.61,183.46,53.32
F37,C4813,2024-05-04,Crossbreed,10,Badulla,8,1,At_Risk,High,121.86,4.44,8.9,184.69,123.02
F151,C4814,2024-09-21,Jersey,2,Badulla,6,0,Healthy,Medium,329.62,4.5,8.78,183.74,331.27
F284,C4815,2024-03-26,Local,9,Kandy,3,2,Sick,High,41.16,3.72,8.86,172.01,40.47
F189,C4816,2024-02-28,Holstein,5,Anuradhapura,6,0,Healthy,High,367.56,3.7,8.85,181.18,331.11
F231,C4817,2024-08-23,Holstein,7,Kandy,9,1,At_Risk,Low,222.26,3.7,8.27,183.63,190.24
F215,C4818,2024-12-01,Holstein,2,Nuwara Eliya,4,0,Healthy,High,395.46,4.43,8.2,192.1,381.5
F378,C4819,2024-11-11,Crossbreed,2,Kurunegala,6,1,At_Risk,Low,114.94,3.54,9.04,179.36,113.54
F131,C4820,2024-01-10,Jersey,10,Polonnaruwa,3,2,Sick,Low,180.12,4.09,8.91,172.26,173.69
F375,C4821,2024-10-27,Jersey,9,Polonnaruwa,8,0,Healthy,Low,290.04,3.98,8.31,172.59,256.67
F256,C4822,2024-12-03,Local,2,Nuwara Eliya,8,2,Sick,Low,44.72,4.58,8.73,178.98,44.09
F17,C4823,2024-05-26,Local,8,Matale,5,0,Healthy,Medium,60.32,3.91,8.54,181.7,51.64
F388,C4824,2024-07-07,Jersey,10,Matale,8,1,At_Risk,Medium,273.25,4.55,8.64,188.52,270.24
F234,C4825,2024-10-12,Crossbreed,7,Kandy,7,1,At_Risk,Low,141.69,4.42,8.59,193.79,143.1
F242,C4826,2024-06-18,Holstein,10,Badulla,10,0,Healthy,Medium,349.53,3.92,8.93,176.68,364.12
F137,C4827,2024-09-19,Crossbreed,2,Anuradhapura,3,0,Healthy,Medium,265.72,4.26,8.65,183.96,236.11
F134,C4828,2024-01-14,Jersey,3,Kandy,10,1,At_Risk,Low,209.01,4.18,8.44,183.15,213.28
F329,C4829,2024-04-02,Crossbreed,10,Nuwara Eliya,1,0,Healthy,High,167.11,4.67,9.04,191.96,146.83
F96,C4830,2024-05-14,Holstein,10,Nuwara Eliya,2,1,At_Risk,High,373.7,3.7,8.38,178.65,382.61
F34,C4831,2024-07-22,Crossbreed,4,Kurunegala,5,0,Healthy,Medium,255.24,3.69,9.08,177.34,266.58
F191,C4832,2024-10-12,Crossbreed,8,Nuwara Eliya,10,0,Healthy,High,104.06,3.55,8.37,170.53,101.17
F67,C4833,2024-04-24,Crossbreed,2,Polonnaruwa,6,0,Healthy,Medium,207.03,4.25,8.73,184.01,207.68
F150,C4834,2024-08-02,Holstein,10,Matale,10,0,Healthy,Medium,310.63,3.86,8.69,170.75,314.06
F403,C4835,2024-12-16,Local,8,Monaragala,4,0,Healthy,Low,90.84,3.63,9.03,181.9,93.76
F309,C4836,2024-08-02,Crossbreed,7,Nuwara Eliya,1,0,Healthy,High,160.56,4.75,8.22,180.85,141.84
F258,C4837,2024-04-30,Holstein,3,Anuradhapura,2,0,Healthy,Low,337.24,4.68,8.66,184.03,313.57
F46,C4838,2024-04-04,Local,8,Nuwara Eliya,9,1,At_Risk,High,51.66,3.52,8.85,180.97,52.9
F193,C4839,2024-04-12,Jersey,7,Polonnaruwa,7,0,Healthy,Low,280.93,3.88,9.12,188.6,255.05
F497,C4840,2024-07-26,Crossbreed,2,Kurunegala,10,2,Sick,Low,91.03,3.77,8.95,182.71,82.4
F499,C4841,2024-03-22,Local,5,Matale,3,0,Healthy,Medium,97.76,4.67,9.16,176.91,87.32
F97,C4842,2024-01-21,Crossbreed,3,Matale,2,0,Healthy,Low,149.26,4.32,8.55,181.71,154.83
F288,C4843,2024-05-09,Crossbreed,10,Matale,7,0,Healthy,Low,194.68,4.65,9.12,187.67,199.98
F401,C4844,2024-10-05,Crossbreed,6,Kurunegala,6,0,Healthy,Medium,159.02,4.47,8.36,181.47,155.38
F138,C4845,2024-02-11,Holstein,10,Matale,3,0,Healthy,High,587.91,4.19,9.15,187.19,519.16
F92,C4846,2024-09-19,Jersey,4,Kurunegala,6,0,Healthy,Medium,268.51,4.29,8.64,174.03,251.06
F299,C4847,2024-12-18,Local,9,Badulla,4,1,At_Risk,Medium,76.41,4.59,8.35,188.8,71.36
F11,C4848,2024-07-26,Local,4,Badulla,1,1,At_Risk,Low,84.96,3.81,8.49,179.07,79.86
F73,C4849,2024-02-12,Local,2,Nuwara Eliya,6,0,Healthy,High,101.61,4.61,9.04,186.37,87.79
F296,C4850,2024-08-25,Crossbreed,8,Anuradhapura,1,2,Sick,High,127.73,4.78,8.79,185.35,132.03
F172,C4851,2024-07-29,Jersey,2,Nuwara Eliya,10,0,Healthy,High,211.39,3.73,8.63,184.73,207.62
F323,C4852,2024-08-09,Local,7,Anuradhapura,4,0,Healthy,Medium,89.27,3.74,8.64,174.63,88.28
F385,C4853,2024-12-06,Local,3,Kandy,2,1,At_Risk,Low,51.46,4.16,8.94,188.43,46.04
F270,C4854,2024-05-12,Jersey,6,Matale,8,0,Healthy,High,270.18,4.14,8.37,183.95,253.45
F91,C4855,2024-02-05,Local,8,Polonnaruwa,10,2,Sick,High,47.28,4.03,8.31,190.26,45.06
F276,C4856,2024-12-10,Crossbreed,10,Badulla,1,0,Healthy,High,239.94,4.76,8.61,179.0,222.02
F134,C4857,2024-01-23,Crossbreed,7,Kandy,6,2,Sick,Medium,116.71,3.86,8.51,175.36,100.72
F128,C4858,2024-09-19,Crossbreed,4,Nuwara Eliya,9,0,Healthy,Low,138.8,4.17,8.47,187.31,144.46
F481,C4859,2024-03-08,Jersey,6,Anuradhapura,7,0,Healthy,Medium,327.68,4.7,8.85,193.41,283.26
F30,C4860,2024-05-06,Local,9,Anuradhapura,7,0,Healthy,Medium,53.43,4.24,9.04,177.34,49.84
F110,C4861,2024-05-15,Holstein,3,Badulla,1,0,Healthy,Medium,525.22,3.79,8.48,174.53,544.63
F117,C4862,2024-12-05,Jersey,3,Badulla,5,0,Healthy,Low,251.5,4.63,8.79,184.73,242.7
F384,C4863,2024-11-07,Jersey,3,Anuradhapura,9,0,Healthy,High,200.24,4.3,8.89,190.41,178.89
F380,C4864,2024-02-24,Crossbreed,7,Kandy,6,1,At_Risk,Low,143.57,4.76,9.16,179.19,123.31
F122,C4865,2024-12-10,Jersey,5,Kurunegala,10,1,At_Risk,Medium,141.06,4.45,8.92,176.48,126.75
F213,C4866,2024-10-02,Jersey,8,Monaragala,3,0,Healthy,High,307.04,3.81,8.94,186.2,265.82
F5,C4867,2024-06-07,Crossbreed,3,Kurunegala,8,0,Healthy,Medium,197.67,3.95,8.21,181.0,182.88
F422,C4868,2024-05-14,Jersey,9,Kandy,7,2,Sick,High,147.86,4.56,8.76,185.67,147.55
F433,C4869,2024-12-11,Holstein,2,Monaragala,6,0,Healthy,Low,317.78,4.19,8.85,189.72,331.2
F414,C4870,2024-01-31,Holstein,5,Nuwara Eliya,4,0,Healthy,Low,486.9,4.1,8.77,182.44,426.15
F326,C4871,2024-04-04,Holstein,10,Polonnaruwa,6,3,Sick,Medium,218.85,4.21,8.65,174.15,202.63
F293,C4872,2024-05-21,Holstein,7,Nuwara Eliya,10,0,Healthy,Low,305.16,4.66,9.01,192.24,262.32
F367,C4873,2024-10-30,Holstein,4,Kurunegala,7,0,Healthy,Low,429.02,4.23,9.11,188.6,404.65
F142,C4874,2024-10-16,Local,2,Matale,9,2,Sick,Medium,38.67,4.5,8.25,190.98,36.35
F66,C4875,2024-09-15,Jersey,2,Badulla,5,0,Healthy,Low,315.29,4.66,8.35,179.15,288.91
F12,C4876,2024-05-11,Crossbreed,10,Polonnaruwa,4,1,At_Risk,Low,169.38,4.54,9.17,194.06,155.99
F485,C4877,2024-06-13,Crossbreed,8,Kandy,9,0,Healthy,High,158.49,4.03,8.49,182.61,148.98
F37,C4878,2024-12-03,Crossbreed,6,Anuradhapura,5,3,Sick,High,117.04,4.02,8.96,176.47,111.58
F51,C4879,2024-04-18,Crossbreed,2,Matale,7,0,Healthy,Medium,227.68,3.95,9.11,175.09,199.46
F83,C4880,2024-04-11,Local,8,Anuradhapura,6,0,Healthy,Low,95.07,4.09,8.29,178.17,82.26
F119,C4881,2024-05-30,Crossbreed,4,Nuwara Eliya,7,0,Healthy,Low,161.74,4.48,8.25,184.75,140.27
F204,C4882,2024-06-27,Crossbreed,8,Kandy,6,0,Healthy,Medium,186.79,3.57,8.21,169.55,160.19
F482,C4883,2024-12-03,Crossbreed,6,Kurunegala,7,0,Healthy,Low,157.9,4.76,8.26,196.52,146.12
F137,C4884,2024-09-14,Jersey,6,Badulla,8,1,At_Risk,Low,203.99,4.78,8.95,193.6,192.83
F313,C4885,2024-03-17,Local,6,Kurunegala,2,0,Healthy,Low,80.21,4.71,8.69,185.2,83.21
F45,C4886,2024-11-26,Crossbreed,4,Nuwara Eliya,3,1,At_Risk,High,224.34,3.51,8.96,173.81,216.82
F381,C4887,2024-02-12,Crossbreed,9,Kurunegala,4,0,Healthy,High,257.56,4.21,8.65,179.52,262.96
F469,C4888,2024-04-16,Crossbreed,7,Anuradhapura,6,0,Healthy,High,154.62,4.37,9.17,181.22,158.3
F395,C4889,2024-07-15,Jersey,3,Kurunegala,3,1,At_Risk,High,216.87,3.52,8.65,178.33,217.47
F127,C4890,2024-10-30,Jersey,2,Monaragala,7,0,Healthy,Low,251.81,4.48,9.0,176.12,258.99
F475,C4891,2024-03-07,Holstein,4,Monaragala,3,1,At_Risk,Medium,356.53,3.74,9.03,182.18,334.12
F319,C4892,2024-04-24,Local,6,Kurunegala,1,0,Healthy,High,80.95,4.34,9.01,177.06,76.27
F167,C4893,2024-03-03,Local,8,Nuwara Eliya,9,2,Sick,Medium,29.38,4.43,8.68,182.65,25.35
F408,C4894,2024-08-02,Crossbreed,8,Badulla,10,1,At_Risk,Low,89.36,4.74,8.51,189.54,78.33
F197,C4895,2024-04-20,Jersey,6,Polonnaruwa,6,0,Healthy,Medium,225.48,4.44,8.36,183.27,210.65
F7,C4896,2024-06-11,Crossbreed,9,Monaragala,10,2,Sick,Medium,77.01,3.62,8.5,175.86,70.6
F475,C4897,2024-09-29,Crossbreed,6,Kurunegala,2,0,Healthy,High,145.45,3.76,8.99,186.69,143.44
F422,C4898,2024-10-26,Crossbreed,8,Kurunegala,9,0,Healthy,Medium,167.59,4.68,8.5,177.93,166.19
F351,C4899,2024-07-28,Jersey,10,Anuradhapura,10,0,Healthy,High,201.98,4.75,8.45,184.43,208.09
F304,C4900,2024-01-23,Crossbreed,9,Polonnaruwa,7,3,Sick,Medium,83.04,4.53,8.56,194.13,73.43
F144,C4901,2024-09-04,Local,5,Kurunegala,10,0,Healthy,High,47.87,4.66,8.38,194.18,43.66
F475,C4902,2024-08-15,Jersey,4,Monaragala,8,0,Healthy,Low,226.46,4.66,8.6,177.25,201.92
F482,C4903,2024-08-31,Local,7,Matale,6,0,Healthy,Low,89.86,3.5,8.64,166.74,82.6
F95,C4904,2024-10-13,Holstein,8,Kandy,2,0,Healthy,Low,443.38,3.82,8.97,175.62,453.96
F177,C4905,2024-08-09,Holstein,9,Badulla,2,2,Sick,Low,319.27,4.76,8.29,189.42,314.22
F133,C4906,2024-12-09,Jersey,6,Monaragala,3,2,Sick,Low,219.47,4.21,8.79,177.15,208.35
F477,C4907,2024-12-10,Jersey,7,Kandy,5,0,Healthy,Medium,372.49,3.95,8.97,182.77,326.08
F246,C4908,2024-01-05,Local,9,Kandy,4,0,Healthy,Medium,81.26,3.52,8.37,171.91,71.18
F476,C4909,2024-01-30,Local,2,Kurunegala,7,2,Sick,Medium,52.12,3.89,8.32,169.21,50.86
F191,C4910,2024-01-02,Holstein,5,Matale,4,0,Healthy,Medium,401.76,4.56,8.68,194.86,405.83
F470,C4911,2024-02-07,Local,9,Kurunegala,4,0,Healthy,High,73.81,3.89,8.27,186.6,70.2
F136,C4912,2024-09-10,Holstein,6,Matale,7,0,Healthy,High,499.79,4.68,8.37,182.55,472.54
F402,C4913,2024-10-05,Crossbreed,3,Matale,8,0,Healthy,Medium,233.0,4.74,8.76,190.11,232.62
F467,C4914,2024-12-09,Jersey,4,Badulla,9,3,Sick,High,81.49,4.33,8.5,175.36,72.21
F323,C4915,2024-09-04,Holstein,8,Matale,8,3,Sick,Low,141.08,4.22,8.77,187.46,131.89
F98,C4916,2024-05-08,Holstein,10,Nuwara Eliya,9,1,At_Risk,Low,286.31,4.56,8.71,177.84,284.6
F475,C4917,2024-06-09,Holstein,5,Kandy,4,1,At_Risk,High,480.83,3.92,8.28,169.75,463.21
F146,C4918,2024-01-20,Holstein,10,Nuwara Eliya,4,3,Sick,Medium,258.85,3.83,8.97,187.04,265.82
F246,C4919,2024-04-09,Jersey,7,Kandy,10,0,Healthy,Low,170.65,4.13,8.25,191.27,177.76
F188,C4920,2024-10-22,Jersey,4,Nuwara Eliya,9,0,Healthy,Low,174.04,3.81,8.87,184.7,152.53
F369,C4921,2024-10-25,Jersey,2,Nuwara Eliya,6,0,Healthy,High,220.75,3.72,9.07,186.84,230.45
F222,C4922,2024-12-18,Holstein,9,Monaragala,10,0,Healthy,Low,339.44,3.86,8.84,187.74,339.27
F9,C4923,2024-03-21,Local,8,Nuwara Eliya,8,0,Healthy,Medium,92.74,3.88,9.14,180.3,86.61
F210,C4924,2024-07-12,Holstein,7,Kandy,2,3,Sick,Low,232.42,3.99,9.06,181.16,236.12
F93,C4925,2024-11-09,Local,5,Kurunegala,5,3,Sick,Low,43.23,3.53,8.74,181.23,39.71
F104,C4926,2024-11-11,Jersey,8,Monaragala,6,3,Sick,Medium,125.97,4.25,9.15,180.49,131.11
F90,C4927,2024-09-11,Jersey,5,Anuradhapura,1,0,Healthy,Low,358.36,4.09,8.83,184.92,341.79
F217,C4928,2024-11-28,Local,6,Polonnaruwa,4,0,Healthy,Medium,93.26,4.1,9.12,185.41,85.89
F41,C4929,2024-10-16,Crossbreed,7,Polonnaruwa,8,0,Healthy,High,209.31,4.42,8.88,189.03,184.4
F87,C4930,2024-12-01,Crossbreed,6,Kandy,5,2,Sick,High,133.93,4.19,8.59,184.66,120.05
F50,C4931,2024-05-13,Local,8,Anuradhapura,9,0,Healthy,Low,54.33,3.94,8.67,186.53,46.59
F22,C4932,2024-12-01,Jersey,7,Kurunegala,6,0,Healthy,Medium,281.86,3.9,9.19,181.62,245.37
F295,C4933,2024-03-23,Local,4,Nuwara Eliya,8,1,At_Risk,High,80.41,3.7,8.6,174.08,72.22
F219,C4934,2024-01-17,Holstein,7,Matale,3,0,Healthy,Medium,515.15,4.64,8.82,192.52,537.5
F409,C4935,2024-10-06,Jersey,7,Kurunegala,4,0,Healthy,Low,331.54,3.91,9.08,183.05,284.05
F287,C4936,2024-08-18,Crossbreed,5,Kandy,6,0,Healthy,Low,220.4,4.33,8.21,192.99,204.83
F176,C4937,2024-05-04,Crossbreed,10,Matale,3,0,Healthy,Medium,195.35,3.75,8.79,183.69,170.56
F479,C4938,2024-12-15,Holstein,4,Polonnaruwa,2,0,Healthy,Low,421.14,3.84,9.14,183.15,367.15
F86,C4939,2024-06-04,Crossbreed,4,Badulla,9,0,Healthy,Medium,161.46,4.17,8.45,184.52,149.84
F411,C4940,2024-09-14,Local,3,Matale,2,0,Healthy,Low,77.45,4.18,8.51,188.21,79.24
F439,C4941,2024-04-20,Jersey,2,Kurunegala,3,2,Sick,Low,233.13,4.37,8.7,183.08,240.52
F456,C4942,2024-10-02,Local,4,Polonnaruwa,5,3,Sick,Medium,31.41,4.47,8.78,183.92,32.04
F482,C4943,2024-12-05,Local,4,Monaragala,5,1,At_Risk,High,75.94,3.83,8.96,186.82,76.68
F290,C4944,2024-09-01,Jersey,9,Polonnaruwa,4,3,Sick,Medium,155.84,3.74,8.24,181.29,151.52
F424,C4945,2024-12-27,Local,3,Monaragala,3,1,At_Risk,High,95.53,4.74,8.54,187.16,89.07
F120,C4946,2024-07-02,Local,7,Kurunegala,1,1,At_Risk,Medium,62.54,4.7,8.7,185.47,60.65
F472,C4947,2024-10-05,Local,9,Monaragala,3,3,Sick,Medium,44.85,4.07,8.72,182.31,46.82
F330,C4948,2024-03-05,Local,3,Badulla,2,0,Healthy,Medium,65.97,3.88,8.38,172.76,56.28
F46,C4949,2024-01-25,Local,2,Monaragala,5,0,Healthy,Medium,99.35,4.75,8.23,191.03,87.61
F278,C4950,2024-07-07,Local,10,Badulla,3,1,At_Risk,Medium,101.33,4.57,8.75,177.4,87.88
F109,C4951,2024-11-18,Crossbreed,4,Polonnaruwa,6,0,Healthy,Medium,170.44,4.59,8.35,182.02,154.96
F451,C4952,2024-04-06,Local,7,Badulla,5,0,Healthy,Medium,116.55,4.05,8.31,179.85,117.43
F111,C4953,2024-07-04,Jersey,8,Anuradhapura,8,0,Healthy,High,307.96,4.2,8.6,177.03,298.4
F489,C4954,2024-11-07,Crossbreed,7,Monaragala,1,1,At_Risk,Medium,207.12,4.01,8.34,172.14,209.64
F200,C4955,2024-03-15,Crossbreed,7,Kandy,2,0,Healthy,Medium,169.93,4.6,9.03,183.84,169.53
F83,C4956,2024-06-29,Jersey,9,Kurunegala,6,2,Sick,High,175.11,4.07,8.87,183.61,181.88
F267,C4957,2024-05-07,Local,6,Badulla,3,0,Healthy,High,76.4,4.33,8.42,190.89,79.14
F389,C4958,2024-11-17,Holstein,3,Anuradhapura,5,0,Healthy,Medium,496.5,4.45,9.12,175.39,496.7
F248,C4959,2024-04-25,Local,3,Matale,8,3,Sick,Medium,28.02,4.63,8.71,186.61,24.4
F16,C4960,2024-02-20,Crossbreed,6,Monaragala,9,0,Healthy,Low,159.95,3.96,8.61,187.72,150.5
F301,C4961,2024-09-07,Local,5,Kurunegala,10,3,Sick,High,32.22,4.32,8.48,186.29,29.2
F71,C4962,2024-01-20,Local,10,Matale,2,1,At_Risk,Medium,68.75,4.73,8.33,177.49,60.78
F269,C4963,2024-01-25,Jersey,6,Anuradhapura,7,2,Sick,Medium,169.36,4.59,8.47,193.11,175.61
F92,C4964,2024-12-25,Holstein,5,Kandy,1,0,Healthy,High,446.2,4.3,8.59,191.73,454.01
F303,C4965,2024-01-17,Holstein,3,Kandy,4,3,Sick,High,210.78,4.0,8.75,173.3,214.51
F324,C4966,2024-02-21,Holstein,2,Anuradhapura,2,3,Sick,Low,237.21,3.91,8.82,171.32,225.44
F68,C4967,2024-08-18,Crossbreed,9,Kurunegala,5,2,Sick,Low,175.92,3.59,8.25,170.33,176.59
F243,C4968,2024-01-02,Jersey,6,Monaragala,9,0,Healthy,High,187.52,3.91,8.81,181.26,194.15
F90,C4969,2024-08-10,Jersey,3,Monaragala,1,0,Healthy,Low,302.69,4.0,8.52,187.04,295.14
F302,C4970,2024-02-24,Holstein,8,Anuradhapura,2,0,Healthy,Low,388.79,3.95,8.8,174.74,338.43
F444,C4971,2024-04-25,Holstein,4,Anuradhapura,2,0,Healthy,Low,325.69,4.48,8.64,191.69,327.34
F63,C4972,2024-04-06,Jersey,6,Anuradhapura,9,3,Sick,High,97.39,4.71,8.89,195.63,89.71
F60,C4973,2024-03-25,Holstein,3,Kurunegala,6,0,Healthy,Medium,383.01,4.65,9.2,181.28,348.98
F415,C4974,2024-07-09,Jersey,7,Kurunegala,2,0,Healthy,Medium,270.38,3.6,8.69,180.03,231.82
F330,C4975,2024-05-06,Local,7,Matale,4,0,Healthy,Medium,85.2,3.68,8.69,185.2,86.77
F241,C4976,2024-09-16,Jersey,2,Badulla,6,1,At_Risk,High,262.37,3.77,9.06,176.85,256.77
F47,C4977,2024-12-01,Holstein,4,Monaragala,10,1,At_Risk,Low,222.71,4.13,8.6,190.79,223.24
F139,C4978,2024-08-09,Local,3,Kandy,7,0,Healthy,High,70.37,4.14,8.23,183.26,64.43
F84,C4979,2024-02-14,Crossbreed,2,Kandy,10,1,At_Risk,Low,120.43,4.62,9.05,180.54,121.25
F251,C4980,2024-11-21,Local,3,Kurunegala,9,1,At_Risk,High,48.29,3.67,8.69,175.52,41.08
F434,C4981,2024-02-28,Local,7,Monaragala,7,0,Healthy,Medium,68.69,4.22,8.91,173.0,70.23
F112,C4982,2024-02-02,Local,6,Monaragala,4,0,Healthy,Medium,112.2,4.68,8.51,180.55,104.22
F179,C4983,2024-10-09,Local,9,Anuradhapura,2,2,Sick,High,36.71,3.77,8.4,184.27,33.91
F194,C4984,2024-09-22,Local,6,Anuradhapura,6,0,Healthy,High,80.06,3.65,8.68,180.9,80.14
F457,C4985,2024-05-29,Holstein,9,Badulla,9,0,Healthy,Medium,356.87,4.61,8.42,178.02,349.68
F319,C4986,2024-05-09,Jersey,8,Kandy,9,2,Sick,Low,110.03,3.61,8.47,179.15,111.49
F364,C4987,2024-12-22,Crossbreed,10,Anuradhapura,3,1,At_Risk,Low,140.33,4.78,8.69,186.84,143.52
F485,C4988,2024-03-22,Local,6,Nuwara Eliya,4,0,Healthy,High,65.75,4.7,9.04,183.2,64.74
F187,C4989,2024-10-07,Jersey,9,Nuwara Eliya,10,1,At_Risk,Medium,160.48,4.56,8.59,180.39,157.43
F407,C4990,2024-09-17,Crossbreed,7,Kurunegala,5,1,At_Risk,High,173.34,4.4,8.69,180.17,163.45
F11,C4991,2024-01-24,Jersey,4,Matale,7,0,Healthy,Medium,322.82,4.14,8.66,177.59,317.12
F90,C4992,2024-09-03,Crossbreed,8,Matale,8,0,Healthy,Low,190.54,4.7,8.38,184.34,186.43
F180,C4993,2024-10-26,Local,4,Polonnaruwa,1,1,At_Risk,High,53.75,3.77,9.01,176.21,54.62
F418,C4994,2024-11-23,Crossbreed,7,Nuwara Eliya,2,0,Healthy,Medium,229.48,4.29,8.93,192.46,218.21
F155,C4995,2024-01-29,Holstein,2,Matale,2,0,Healthy,Low,450.47,3.87,8.34,175.5,439.13
F267,C4996,2024-12-25,Crossbreed,10,Kurunegala,6,1,At_Risk,High,161.02,4.5,8.78,185.4,152.06
F321,C4997,2024-11-04,Holstein,8,Kurunegala,4,1,At_Risk,Low,394.38,3.69,8.35,181.32,355.69
F48,C4998,2024-09-13,Jersey,7,Kandy,9,0,Healthy,High,180.15,3.92,8.46,170.85,169.37
F23,C4999,2024-01-19,Holstein,3,Polonnaruwa,8,1,At_Risk,Medium,314.9,4.15,8.74,189.85,319.03
F132,C5000,2024-06-05,Local,2,Anuradhapura,1,0,Healthy,Medium,92.69,4.29,8.8,175.38,84.72
F75,C5001,2024-07-24,Jersey,8,Nuwara Eliya,7,0,Healthy,Medium,303.99,4.52,8.79,180.15,283.19
F482,C5002,2024-06-14,Crossbreed,8,Nuwara Eliya,1,2,Sick,High,153.17,4.78,8.32,188.33,134.98
F158,C5003,2024-02-25,Jersey,9,Anuradhapura,4,0,Healthy,Low,355.24,4.21,8.29,178.27,323.18
F163,C5004,2024-03-31,Jersey,10,Badulla,8,0,Healthy,Medium,282.97,4.23,8.37,176.12,249.97
F388,C5005,2024-11-17,Crossbreed,8,Monaragala,10,0,Healthy,Medium,98.94,3.81,8.77,169.68,97.39
F172,C5006,2024-05-26,Holstein,3,Kurunegala,10,1,At_Risk,High,277.21,4.12,9.15,173.36,284.58
F459,C5007,2024-06-12,Local,7,Nuwara Eliya,2,0,Healthy,Low,103.36,4.1,9.03,174.77,107.46
F282,C5008,2024-05-24,Local,8,Matale,6,2,Sick,High,41.68,3.7,8.93,182.57,42.64
F153,C5009,2024-08-07,Jersey,9,Nuwara Eliya,5,0,Healthy,Medium,256.43,4.27,8.55,179.55,265.24
F361,C5010,2024-10-30,Jersey,5,Polonnaruwa,1,2,Sick,Low,224.81,3.8,8.91,176.31,213.31
F177,C5011,2024-05-23,Crossbreed,10,Kandy,2,0,Healthy,High,231.13,4.35,9.2,176.94,233.88
F437,C5012,2024-11-12,Local,5,Polonnaruwa,1,1,At_Risk,High,62.43,4.31,8.3,183.78,56.2
F125,C5013,2024-10-02,Crossbreed,7,Monaragala,3,0,Healthy,Medium,259.0,3.96,8.78,177.17,258.7
F326,C5014,2024-04-08,Jersey,9,Monaragala,9,0,Healthy,Medium,240.0,4.39,8.26,185.28,238.02
F394,C5015,2024-09-22,Jersey,8,Polonnaruwa,6,0,Healthy,Low,227.88,4.18,8.87,175.11,233.12
F381,C5016,2024-02-20,Jersey,10,Matale,4,2,Sick,High,172.65,3.76,8.24,170.5,154.42
F370,C5017,2024-03-08,Jersey,7,Kandy,5,1,At_Risk,Low,294.78,4.22,8.69,180.6,251.12
F201,C5018,2024-10-14,Jersey,6,Kandy,2,0,Healthy,Medium,269.62,4.03,9.2,185.8,262.16
F497,C5019,2024-04-03,Local,10,Kandy,5,1,At_Risk,Medium,53.52,4.17,8.4,177.7,49.21
F163,C5020,2024-10-06,Holstein,5,Kurunegala,2,0,Healthy,Low,463.63,4.45,8.69,190.13,425.62
F268,C5021,2024-05-22,Local,4,Matale,4,0,Healthy,Medium,86.6,3.53,8.27,181.25,76.21
F400,C5022,2024-06-16,Holstein,9,Badulla,7,1,At_Risk,High,349.52,4.67,8.36,186.58,358.32
F310,C5023,2024-12-09,Holstein,5,Monaragala,10,0,Healthy,Medium,272.89,4.62,8.88,193.81,283.39
F193,C5024,2024-01-01,Crossbreed,5,Kurunegala,3,0,Healthy,Medium,190.7,4.69,8.25,186.49,167.67
F285,C5025,2024-07-19,Jersey,8,Nuwara Eliya,4,0,Healthy,Medium,367.28,4.79,8.98,194.83,367.08
F306,C5026,2024-11-05,Jersey,7,Kurunegala,2,3,Sick,Low,150.08,3.78,8.79,178.33,136.48
F415,C5027,2024-02-25,Holstein,3,Anuradhapura,9,0,Healthy,Medium,269.14,3.55,8.29,177.35,262.47
F162,C5028,2024-03-22,Local,10,Kandy,7,0,Healthy,High,83.78,3.78,9.18,169.32,76.01
F85,C5029,2024-01-03,Jersey,4,Badulla,3,0,Healthy,Low,296.0,3.83,8.38,183.96,297.39
F116,C5030,2024-01-04,Holstein,4,Badulla,7,3,Sick,Low,163.42,4.35,8.23,182.36,167.88
F461,C5031,2024-04-12,Local,5,Polonnaruwa,6,0,Healthy,Medium,97.45,4.13,8.52,176.89,97.62
F154,C5032,2024-08-11,Crossbreed,2,Kandy,2,0,Healthy,Low,159.76,3.82,8.31,177.89,155.54
F176,C5033,2024-01-22,Holstein,10,Nuwara Eliya,2,3,Sick,Low,158.39,3.8,8.33,177.41,143.0
F243,C5034,2024-08-25,Jersey,6,Kurunegala,9,1,At_Risk,High,162.2,4.01,8.89,173.81,161.8
F396,C5035,2024-10-07,Local,3,Badulla,5,1,At_Risk,Low,96.49,4.76,8.66,178.8,84.29
F469,C5036,2024-02-17,Local,8,Kurunegala,1,1,At_Risk,High,52.86,4.12,8.26,186.11,48.84
F398,C5037,2024-03-23,Local,7,Matale,3,0,Healthy,Low,106.78,4.63,9.03,187.24,107.65
F75,C5038,2024-02-29,Holstein,10,Badulla,10,3,Sick,Low,161.61,3.85,9.02,176.01,163.11
F446,C5039,2024-07-25,Jersey,7,Polonnaruwa,9,0,Healthy,Medium,232.52,4.67,9.13,192.68,235.8
F186,C5040,2024-08-26,Holstein,8,Nuwara Eliya,5,2,Sick,Low,329.35,4.68,8.47,185.23,310.0
F273,C5041,2024-06-25,Jersey,4,Kurunegala,2,0,Healthy,Low,229.38,4.05,8.39,185.68,209.92
F447,C5042,2024-09-26,Holstein,3,Nuwara Eliya,1,2,Sick,Low,252.87,4.61,8.7,177.28,238.52
F345,C5043,2024-01-18,Crossbreed,4,Anuradhapura,10,0,Healthy,Medium,179.86,3.82,9.08,171.66,167.68
F460,C5044,2024-06-25,Local,6,Kandy,5,0,Healthy,High,98.39,4.77,8.5,185.64,99.49
F463,C5045,2024-01-07,Local,2,Matale,1,0,Healthy,High,72.95,3.84,8.57,177.34,62.52
F119,C5046,2024-09-20,Jersey,7,Kandy,2,1,At_Risk,High,242.05,3.62,8.59,175.71,227.88
F351,C5047,2024-11-26,Crossbreed,4,Anuradhapura,9,1,At_Risk,High,127.62,4.49,9.13,183.76,126.39
F424,C5048,2024-06-29,Jersey,2,Badulla,10,3,Sick,High,110.88,4.13,8.43,191.15,103.03
F268,C5049,2024-07-16,Jersey,2,Polonnaruwa,9,0,Healthy,Medium,184.96,4.47,8.49,188.83,186.88
F322,C5050,2024-04-26,Holstein,6,Monaragala,5,1,At_Risk,High,396.71,3.59,8.86,172.9,364.21
F357,C5051,2024-03-17,Local,7,Matale,6,3,Sick,Medium,35.99,3.59,8.9,176.65,31.69
F3,C5052,2024-03-13,Holstein,3,Badulla,5,2,Sick,Medium,305.71,3.76,9.01,176.71,292.53
F451,C5053,2024-08-19,Crossbreed,10,Monaragala,8,0,Healthy,Medium,130.37,3.54,8.55,179.72,111.02
F375,C5054,2024-03-04,Holstein,3,Matale,1,0,Healthy,High,503.98,4.63,8.48,178.34,462.61
F40,C5055,2024-07-17,Jersey,10,Badulla,8,1,At_Risk,Medium,209.03,4.67,8.68,184.8,184.68
F430,C5056,2024-06-03,Local,4,Kandy,10,0,Healthy,High,42.97,3.95,8.85,179.88,43.12
F358,C5057,2024-04-13,Local,5,Nuwara Eliya,9,1,At_Risk,Low,39.69,4.38,9.18,190.43,38.19
F357,C5058,2024-10-24,Jersey,4,Kurunegala,6,0,Healthy,High,328.36,3.75,8.52,174.57,338.89
F29,C5059,2024-02-06,Crossbreed,10,Anuradhapura,4,2,Sick,Medium,126.75,4.42,8.73,189.93,123.91
F412,C5060,2024-05-30,Crossbreed,5,Matale,2,2,Sick,Low,161.03,3.58,8.55,175.33,163.06
F221,C5061,2024-06-05,Holstein,6,Nuwara Eliya,4,0,Healthy,Low,388.72,3.8,8.71,183.82,379.93
F116,C5062,2024-07-19,Crossbreed,7,Kandy,2,0,Healthy,Medium,237.46,4.19,8.64,181.66,202.71
F133,C5063,2024-02-29,Crossbreed,6,Matale,2,1,At_Risk,Medium,202.79,4.75,8.43,189.07,194.18
F371,C5064,2024-08-09,Holstein,2,Badulla,3,1,At_Risk,Medium,496.13,4.17,9.2,174.89,466.7
F3,C5065,2024-11-13,Local,7,Kurunegala,9,0,Healthy,High,51.48,3.67,9.01,171.11,43.92
F444,C5066,2024-11-04,Local,6,Matale,1,2,Sick,High,64.62,4.03,8.34,172.46,55.17
F176,C5067,2024-09-17,Crossbreed,2,Badulla,3,0,Healthy,High,163.11,4.51,8.48,184.72,158.85
F236,C5068,2024-06-18,Crossbreed,3,Polonnaruwa,8,1,At_Risk,Medium,176.03,3.7,9.07,182.47,158.22
F49,C5069,2024-01-17,Crossbreed,4,Nuwara Eliya,6,0,Healthy,Low,169.0,4.73,8.22,186.21,174.37
F273,C5070,2024-06-24,Holstein,9,Kandy,4,3,Sick,High,165.25,4.63,8.63,185.4,141.56
F415,C5071,2024-04-22,Holstein,4,Badulla,8,0,Healthy,Low,328.81,3.68,9.08,185.23,330.85
F499,C5072,2024-11-30,Local,4,Kurunegala,1,0,Healthy,High,62.44,3.81,9.04,182.02,61.21
F19,C5073,2024-03-03,Local,7,Kandy,8,0,Healthy,High,73.21,3.91,8.81,188.43,62.68
F296,C5074,2024-06-28,Holstein,9,Badulla,6,1,At_Risk,Medium,376.69,3.68,9.02,178.24,322.08
F45,C5075,2024-05-23,Jersey,9,Badulla,5,3,Sick,Medium,121.29,4.47,8.96,192.19,124.2
F11,C5076,2024-12-01,Local,3,Matale,3,0,Healthy,Medium,61.89,4.13,8.99,178.98,58.7
F388,C5077,2024-04-16,Jersey,7,Nuwara Eliya,4,3,Sick,Medium,145.55,4.35,8.4,179.45,148.64
F237,C5078,2024-04-27,Holstein,3,Anuradhapura,8,2,Sick,Low,227.02,4.62,8.74,194.2,207.75
F292,C5079,2024-08-10,Crossbreed,9,Anuradhapura,2,0,Healthy,High,199.08,4.7,8.59,188.41,175.44
F92,C5080,2024-01-06,Jersey,8,Matale,1,0,Healthy,Medium,254.39,3.93,8.94,170.52,229.59
F31,C5081,2024-11-09,Holstein,2,Kurunegala,9,2,Sick,Medium,215.42,3.77,8.99,185.34,216.38
F352,C5082,2024-08-13,Crossbreed,10,Monaragala,9,0,Healthy,High,128.85,4.76,8.29,188.07,125.15
F289,C5083,2024-01-22,Holstein,5,Nuwara Eliya,9,0,Healthy,Low,368.35,3.84,8.45,186.6,366.22
F305,C5084,2024-06-19,Holstein,10,Badulla,4,0,Healthy,Medium,366.64,4.63,8.41,195.73,372.29
F82,C5085,2024-02-10,Local,8,Kandy,3,0,Healthy,Low,84.1,4.41,8.73,186.74,80.86
F166,C5086,2024-03-22,Local,5,Kandy,3,0,Healthy,Low,81.36,4.11,9.11,179.38,78.16
F352,C5087,2024-06-05,Crossbreed,7,Kandy,5,2,Sick,Low,108.1,4.51,8.78,184.48,92.06
F490,C5088,2024-07-02,Crossbreed,8,Kurunegala,7,0,Healthy,Low,146.68,4.21,8.55,190.25,153.43
F125,C5089,2024-07-01,Crossbreed,9,Kandy,10,3,Sick,High,70.73,4.75,8.84,193.68,71.18
F89,C5090,2024-08-12,Crossbreed,9,Polonnaruwa,1,0,Healthy,Medium,196.65,4.42,8.97,184.67,203.59
F394,C5091,2024-09-05,Holstein,8,Nuwara Eliya,6,0,Healthy,High,398.3,3.81,8.21,177.47,353.42
F460,C5092,2024-05-31,Holstein,8,Monaragala,10,0,Healthy,High,242.1,4.15,9.12,191.14,213.14
F40,C5093,2024-02-14,Crossbreed,7,Badulla,7,0,Healthy,Low,167.07,4.35,9.02,184.43,156.92
F207,C5094,2024-08-25,Crossbreed,10,Badulla,1,3,Sick,Low,104.85,4.51,8.93,193.04,102.27
F233,C5095,2024-01-13,Jersey,3,Nuwara Eliya,4,3,Sick,Medium,151.86,3.74,8.85,176.71,150.71
F56,C5096,2024-02-26,Holstein,10,Anuradhapura,10,3,Sick,Medium,143.68,4.63,8.22,178.76,139.93
F418,C5097,2024-02-05,Holstein,3,Badulla,7,0,Healthy,Medium,302.26,4.31,8.64,178.28,276.14
F264,C5098,2024-09-03,Jersey,10,Badulla,3,0,Healthy,Low,382.06,4.79,8.36,178.37,369.83
F300,C5099,2024-12-22,Crossbreed,10,Kandy,5,2,Sick,Medium,132.03,4.29,8.66,190.97,124.4
F111,C5100,2024-03-16,Local,8,Anuradhapura,1,2,Sick,Low,61.41,4.22,8.95,184.69,53.0
F122,C5101,2024-09-28,Local,2,Anuradhapura,2,1,At_Risk,High,73.93,4.0,8.23,188.03,74.78
F350,C5102,2024-12-02,Crossbreed,6,Anuradhapura,4,0,Healthy,High,166.73,4.64,8.26,178.26,160.29
F125,C5103,2024-03-18,Local,10,Kurunegala,1,0,Healthy,Low,54.26,3.78,9.2,175.91,55.94
F171,C5104,2024-02-09,Local,2,Anuradhapura,8,1,At_Risk,High,55.85,3.86,8.42,185.05,48.22
F432,C5105,2024-11-17,Crossbreed,9,Badulla,7,0,Healthy,Low,226.83,4.06,9.12,186.95,205.82
F176,C5106,2024-04-30,Crossbreed,9,Nuwara Eliya,8,1,At_Risk,High,147.63,4.16,8.25,191.03,130.76
F100,C5107,2024-04-28,Jersey,2,Monaragala,4,0,Healthy,Low,273.04,3.58,8.45,171.22,256.04
F356,C5108,2024-10-01,Holstein,10,Kandy,2,1,At_Risk,High,374.46,4.06,8.95,176.24,388.71
F479,C5109,2024-02-04,Crossbreed,5,Polonnaruwa,1,3,Sick,Medium,79.99,4.78,8.3,181.0,70.89
F282,C5110,2024-04-12,Crossbreed,4,Nuwara Eliya,5,3,Sick,High,85.88,3.83,8.26,170.24,84.34
F437,C5111,2024-03-28,Local,5,Matale,1,0,Healthy,High,57.9,4.59,8.71,178.54,59.69
F73,C5112,2024-08-01,Jersey,9,Anuradhapura,2,3,Sick,Low,145.85,4.55,8.59,178.18,135.85
F195,C5113,2024-09-12,Local,9,Anuradhapura,1,0,Healthy,Medium,60.04,4.53,8.33,189.83,55.67
F460,C5114,2024-09-21,Local,10,Nuwara Eliya,4,3,Sick,High,34.15,4.73,9.16,193.57,33.75
F490,C5115,2024-06-22,Crossbreed,6,Kurunegala,9,1,At_Risk,Medium,139.75,3.75,9.04,179.74,138.82
F101,C5116,2024-12-25,Local,10,Nuwara Eliya,7,0,Healthy,Low,67.11,4.18,8.31,181.37,59.72
F75,C5117,2024-02-22,Jersey,5,Monaragala,2,1,At_Risk,Medium,238.87,4.04,8.38,186.15,223.53
F279,C5118,2024-05-21,Crossbreed,7,Badulla,2,1,At_Risk,Medium,204.14,3.73,8.8,175.79,178.18
F444,C5119,2024-12-24,Local,3,Kurunegala,1,0,Healthy,Medium,91.2,4.56,8.33,179.51,81.41
F155,C5120,2024-10-01,Jersey,10,Kurunegala,6,0,Healthy,Low,291.51,4.73,8.26,178.5,251.25
F245,C5121,2024-03-19,Jersey,6,Matale,10,0,Healthy,High,200.44,4.22,9.18,188.57,179.52
F174,C5122,2024-12-26,Local,5,Polonnaruwa,6,1,At_Risk,High,65.94,4.17,8.31,181.58,67.35
F313,C5123,2024-07-02,Local,10,Kurunegala,6,3,Sick,High,42.75,4.48,9.18,175.88,43.6
F52,C5124,2024-02-02,Holstein,2,Anuradhapura,2,0,Healthy,Low,448.75,4.74,8.69,194.2,426.15
F137,C5125,2024-03-26,Jersey,9,Badulla,5,2,Sick,Medium,182.93,4.68,8.56,177.33,187.98
F365,C5126,2024-04-05,Holstein,5,Kandy,4,1,At_Risk,Medium,436.18,4.51,8.95,177.21,393.78
F490,C5127,2024-09-30,Crossbreed,2,Anuradhapura,7,2,Sick,High,90.53,3.85,8.98,169.53,86.9
F88,C5128,2024-05-04,Jersey,6,Polonnaruwa,8,1,At_Risk,Low,226.16,3.66,8.45,185.52,228.18
F384,C5129,2024-09-23,Jersey,3,Nuwara Eliya,6,0,Healthy,High,260.04,4.39,8.98,178.97,248.78
F297,C5130,2024-01-06,Jersey,6,Nuwara Eliya,1,0,Healthy,High,240.07,3.72,9.1,171.75,239.18
F156,C5131,2024-05-12,Holstein,6,Polonnaruwa,5,2,Sick,Low,378.02,3.8,8.7,179.76,351.65
F125,C5132,2024-02-21,Jersey,5,Nuwara Eliya,6,0,Healthy,Medium,324.1,4.34,8.97,189.49,324.06
F244,C5133,2024-09-27,Holstein,9,Nuwara Eliya,5,0,Healthy,Medium,376.82,4.75,8.28,180.91,357.26
F409,C5134,2024-10-22,Crossbreed,10,Monaragala,6,0,Healthy,Low,237.34,4.26,8.6,190.12,216.35
F210,C5135,2024-03-26,Jersey,7,Kurunegala,3,1,At_Risk,Low,288.52,3.62,8.79,169.39,260.23
F346,C5136,2024-03-12,Jersey,10,Kandy,10,2,Sick,High,126.92,3.68,8.84,174.02,123.98
F246,C5137,2024-02-15,Local,7,Badulla,8,3,Sick,Medium,42.4,4.7,8.84,181.38,42.54
F252,C5138,2024-10-03,Local,3,Nuwara Eliya,5,0,Healthy,Medium,97.2,4.09,8.84,176.58,92.39
F294,C5139,2024-09-12,Local,4,Polonnaruwa,2,0,Healthy,High,62.72,3.59,9.16,181.17,62.08
F469,C5140,2024-11-29,Holstein,2,Anuradhapura,2,1,At_Risk,High,318.76,4.4,8.81,188.32,278.94
F315,C5141,2024-03-05,Crossbreed,9,Kandy,4,0,Healthy,Medium,258.77,3.58,8.97,167.48,268.48
F1,C5142,2024-04-28,Jersey,5,Anuradhapura,4,0,Healthy,Medium,327.75,4.67,8.53,192.84,300.93
F482,C5143,2024-12-19,Holstein,5,Polonnaruwa,2,0,Healthy,High,481.44,4.42,8.62,175.96,416.07
F382,C5144,2024-10-27,Holstein,6,Badulla,3,3,Sick,High,162.25,3.76,8.9,186.29,153.63
F241,C5145,2024-07-22,Holstein,3,Badulla,9,0,Healthy,High,296.47,4.75,8.77,190.32,285.69
F191,C5146,2024-06-10,Holstein,7,Polonnaruwa,10,1,At_Risk,High,237.84,4.42,9.07,185.03,205.07
F86,C5147,2024-10-23,Crossbreed,10,Nuwara Eliya,6,2,Sick,Medium,118.21,4.21,8.24,184.55,109.54
F264,C5148,2024-08-10,Holstein,10,Polonnaruwa,9,2,Sick,High,193.07,4.3,8.81,185.14,195.87
F322,C5149,2024-12-26,Crossbreed,6,Nuwara Eliya,1,0,Healthy,Medium,209.39,3.63,8.29,175.9,189.43
F191,C5150,2024-09-17,Jersey,10,Monaragala,6,1,At_Risk,Low,245.87,3.55,8.97,168.15,213.0
F170,C5151,2024-11-05,Jersey,3,Kandy,5,0,Healthy,Low,391.17,4.55,9.05,194.15,351.27
F6,C5152,2024-07-07,Crossbreed,9,Kandy,3,1,At_Risk,High,189.74,3.93,8.88,170.54,174.72
F155,C5153,2024-03-16,Holstein,6,Nuwara Eliya,3,0,Healthy,Low,371.44,4.64,8.45,191.19,326.57
F6,C5154,2024-03-12,Crossbreed,4,Kandy,6,0,Healthy,High,164.91,3.58,9.07,184.39,140.58
F111,C5155,2024-04-25,Holstein,5,Anuradhapura,4,0,Healthy,Medium,473.05,3.54,9.09,168.96,447.48
F237,C5156,2024-03-01,Local,7,Badulla,5,0,Healthy,Medium,117.31,3.92,8.53,187.66,115.83
F376,C5157,2024-05-22,Local,5,Anuradhapura,7,0,Healthy,Medium,84.88,3.63,8.33,171.16,87.3
F186,C5158,2024-03-22,Jersey,4,Badulla,7,0,Healthy,Low,303.32,4.3,8.73,177.74,258.96
F244,C5159,2024-03-13,Local,2,Polonnaruwa,5,1,At_Risk,High,71.13,4.0,8.36,185.07,61.68
F217,C5160,2024-07-04,Local,4,Matale,9,3,Sick,Medium,25.49,3.92,8.84,173.26,25.08
F157,C5161,2024-10-07,Local,4,Badulla,8,0,Healthy,Low,81.44,4.57,8.38,180.16,71.92
F94,C5162,2024-03-06,Jersey,3,Anuradhapura,5,3,Sick,Low,129.16,4.44,8.23,190.07,111.96
F337,C5163,2024-11-06,Holstein,7,Matale,7,0,Healthy,Medium,372.87,4.52,8.26,188.2,345.46
F477,C5164,2024-10-01,Local,3,Kandy,6,0,Healthy,Low,63.89,3.75,9.18,182.29,55.12
F86,C5165,2024-06-17,Crossbreed,4,Kurunegala,9,3,Sick,High,45.07,4.68,8.58,181.07,43.49
F64,C5166,2024-06-26,Local,9,Nuwara Eliya,9,1,At_Risk,Medium,43.22,3.76,9.05,185.82,42.4
F460,C5167,2024-10-19,Local,7,Nuwara Eliya,8,0,Healthy,Medium,69.13,4.38,8.83,185.0,60.97
F279,C5168,2024-07-30,Crossbreed,2,Matale,7,3,Sick,High,65.78,3.6,8.95,172.88,62.82
F340,C5169,2024-04-11,Holstein,8,Kandy,7,0,Healthy,Low,416.24,3.88,8.36,181.19,435.66
F482,C5170,2024-05-11,Crossbreed,6,Anuradhapura,6,1,At_Risk,Low,148.69,4.74,8.93,184.99,141.07
F283,C5171,2024-12-05,Local,10,Anuradhapura,7,2,Sick,Medium,56.06,4.03,8.63,174.24,51.57
F384,C5172,2024-05-11,Local,3,Anuradhapura,1,0,Healthy,High,99.03,3.65,8.29,184.54,99.79
F210,C5173,2024-02-05,Local,6,Monaragala,1,0,Healthy,Medium,93.11,4.03,9.17,184.19,85.29
F3,C5174,2024-03-25,Jersey,8,Nuwara Eliya,1,0,Healthy,Low,225.34,3.6,8.72,178.65,221.52
F238,C5175,2024-09-21,Crossbreed,10,Kandy,9,3,Sick,Medium,75.84,4.73,9.17,186.12,68.74
F444,C5176,2024-07-28,Jersey,2,Matale,4,0,Healthy,Medium,259.27,3.7,8.3,178.85,266.57
F264,C5177,2024-04-14,Crossbreed,5,Matale,9,0,Healthy,Low,170.79,4.73,9.19,193.37,147.06
F486,C5178,2024-08-09,Holstein,7,Nuwara Eliya,7,2,Sick,High,216.31,4.72,8.81,179.68,186.72
F137,C5179,2024-06-21,Local,9,Kandy,9,1,At_Risk,Medium,40.4,4.23,8.92,190.21,38.95
F350,C5180,2024-10-14,Jersey,9,Nuwara Eliya,7,0,Healthy,Medium,311.18,4.08,8.67,183.69,264.72
F316,C5181,2024-02-26,Crossbreed,5,Kurunegala,1,0,Healthy,High,229.6,4.39,8.83,178.69,203.46
F362,C5182,2024-10-12,Local,5,Anuradhapura,8,1,At_Risk,Low,70.71,4.64,8.26,184.17,68.17
F140,C5183,2024-06-17,Local,6,Monaragala,7,2,Sick,High,50.24,4.04,9.1,171.9,46.83
F55,C5184,2024-03-11,Crossbreed,7,Anuradhapura,2,0,Healthy,High,197.07,3.65,8.36,170.81,198.28
F121,C5185,2024-08-14,Crossbreed,2,Kurunegala,6,0,Healthy,Medium,212.82,3.51,9.12,182.41,192.71
F212,C5186,2024-06-12,Crossbreed,6,Badulla,6,0,Healthy,High,202.06,4.78,8.45,184.26,200.81
F343,C5187,2024-05-22,Holstein,2,Matale,10,3,Sick,High,126.54,4.45,8.28,177.07,128.9
F324,C5188,2024-01-07,Holstein,6,Kandy,4,1,At_Risk,Medium,466.71,4.32,8.3,184.06,477.73
F407,C5189,2024-04-01,Crossbreed,4,Badulla,2,0,Healthy,Low,193.55,4.53,8.97,193.28,174.64
F185,C5190,2024-10-01,Jersey,5,Matale,8,1,At_Risk,Low,276.63,3.74,8.94,175.87,250.34
F344,C5191,2024-03-15,Crossbreed,6,Anuradhapura,2,1,At_Risk,High,193.91,4.79,8.51,188.98,203.57
F371,C5192,2024-08-15,Crossbreed,9,Kandy,8,0,Healthy,Medium,168.88,3.88,8.53,181.73,166.2
F413,C5193,2024-04-07,Jersey,2,Anuradhapura,6,1,At_Risk,Medium,232.76,3.75,8.72,181.73,212.93
F61,C5194,2024-02-09,Holstein,10,Polonnaruwa,9,1,At_Risk,Low,200.61,4.13,9.01,187.35,208.73
F250,C5195,2024-02-26,Holstein,7,Matale,7,0,Healthy,Low,409.28,3.76,9.15,172.5,386.12
F270,C5196,2024-01-13,Holstein,5,Kurunegala,3,0,Healthy,High,395.72,3.84,8.5,173.32,374.02
F259,C5197,2024-04-25,Local,9,Polonnaruwa,3,0,Healthy,Medium,81.62,3.51,8.5,181.52,85.11
F477,C5198,2024-04-09,Jersey,4,Polonnaruwa,10,2,Sick,Medium,167.92,3.98,8.32,180.26,158.9
F324,C5199,2024-12-17,Jersey,7,Polonnaruwa,5,1,At_Risk,High,215.19,4.05,8.61,175.6,200.28
F147,C5200,2024-12-01,Jersey,4,Kurunegala,10,0,Healthy,High,242.5,4.09,9.19,183.7,222.15
F212,C5201,2024-08-03,Holstein,5,Nuwara Eliya,2,1,At_Risk,Medium,311.19,4.55,8.81,177.97,293.52
F136,C5202,2024-08-10,Holstein,2,Kurunegala,6,0,Healthy,High,465.87,4.15,9.05,184.07,399.15
F18,C5203,2024-09-19,Jersey,5,Monaragala,7,0,Healthy,High,337.06,3.88,8.61,170.35,301.1
F234,C5204,2024-02-12,Crossbreed,10,Anuradhapura,7,1,At_Risk,Medium,165.32,4.26,8.7,188.64,148.95
F482,C5205,2024-12-21,Jersey,10,Anuradhapura,6,0,Healthy,Low,282.54,3.65,8.75,167.28,294.14
F347,C5206,2024-11-28,Local,9,Polonnaruwa,3,0,Healthy,Medium,65.92,3.92,8.48,180.74,57.55
F396,C5207,2024-01-30,Holstein,10,Polonnaruwa,7,0,Healthy,Medium,471.19,4.11,8.77,174.83,453.27
F409,C5208,2024-05-03,Jersey,3,Badulla,7,3,Sick,High,103.25,4.56,8.85,191.43,105.99
F56,C5209,2024-08-24,Crossbreed,4,Kurunegala,1,0,Healthy,Low,190.86,4.18,8.54,178.06,188.58
F9,C5210,2024-05-14,Holstein,3,Nuwara Eliya,5,1,At_Risk,Medium,494.33,4.49,8.39,176.65,484.5
F342,C5211,2024-09-30,Holstein,6,Polonnaruwa,10,0,Healthy,High,301.26,3.52,8.42,180.71,262.43
F6,C5212,2024-12-21,Crossbreed,6,Anuradhapura,1,1,At_Risk,High,202.24,4.24,8.7,187.07,174.2
F225,C5213,2024-08-20,Holstein,10,Matale,2,0,Healthy,Low,526.7,4.76,8.65,196.98,477.1
F488,C5214,2024-02-06,Holstein,5,Badulla,2,2,Sick,High,335.47,4.19,8.54,180.92,339.3
F286,C5215,2024-09-29,Local,6,Badulla,3,0,Healthy,Low,86.76,3.65,8.76,174.2,81.01
F240,C5216,2024-02-24,Local,9,Kurunegala,2,0,Healthy,Low,60.53,4.06,8.58,179.16,56.27
F4,C5217,2024-12-29,Jersey,7,Polonnaruwa,1,1,At_Risk,Medium,271.54,3.62,9.15,181.09,256.75
F331,C5218,2024-12-29,Crossbreed,8,Badulla,1,1,At_Risk,Low,161.17,4.17,8.53,183.96,154.84
F162,C5219,2024-06-27,Holstein,5,Polonnaruwa,7,0,Healthy,Medium,328.62,3.51,8.82,181.02,308.3
F286,C5220,2024-08-03,Holstein,10,Nuwara Eliya,4,1,At_Risk,Low,355.54,4.68,8.38,177.67,342.29
F249,C5221,2024-03-23,Local,10,Matale,4,0,Healthy,Low,110.77,4.51,9.07,186.55,98.76
F324,C5222,2024-01-18,Jersey,10,Nuwara Eliya,1,0,Healthy,High,226.8,4.67,8.34,192.04,205.38
F96,C5223,2024-11-16,Local,2,Polonnaruwa,2,3,Sick,Medium,43.34,4.49,9.15,180.71,43.97
F264,C5224,2024-01-25,Crossbreed,9,Badulla,3,0,Healthy,Low,206.93,4.14,8.26,180.27,214.45
F98,C5225,2024-03-25,Holstein,4,Polonnaruwa,6,1,At_Risk,Low,276.01,4.69,8.38,191.81,247.09
F248,C5226,2024-09-15,Local,2,Matale,10,1,At_Risk,Medium,51.7,3.92,8.75,181.51,46.72
F429,C5227,2024-06-30,Local,3,Monaragala,7,0,Healthy,Low,71.47,3.87,8.32,177.11,67.27
F133,C5228,2024-01-09,Crossbreed,6,Nuwara Eliya,5,0,Healthy,High,186.57,4.14,8.37,173.74,180.25
F424,C5229,2024-09-29,Crossbreed,7,Anuradhapura,1,0,Healthy,High,245.76,4.25,9.18,173.36,232.35
F420,C5230,2024-06-17,Jersey,3,Matale,4,0,Healthy,Medium,381.43,3.67,8.9,179.9,328.09
F495,C5231,2024-12-25,Local,7,Kurunegala,1,0,Healthy,Medium,59.65,4.0,8.71,180.17,54.61
F27,C5232,2024-12-27,Crossbreed,3,Badulla,4,2,Sick,Low,171.83,4.79,8.29,182.19,150.66
F25,C5233,2024-06-09,Crossbreed,6,Kurunegala,7,0,Healthy,Medium,233.23,4.61,8.27,177.9,198.64
F421,C5234,2024-05-19,Crossbreed,7,Matale,5,3,Sick,High,113.86,4.37,9.03,178.7,110.8
F310,C5235,2024-01-08,Local,3,Monaragala,4,0,Healthy,Low,105.82,4.61,8.75,184.38,93.53
F88,C5236,2024-11-20,Holstein,8,Nuwara Eliya,10,0,Healthy,High,338.56,4.53,8.92,183.7,314.12
F86,C5237,2024-02-10,Crossbreed,5,Matale,6,3,Sick,High,76.57,4.5,9.19,186.55,75.8
F340,C5238,2024-03-06,Holstein,2,Nuwara Eliya,5,0,Healthy,Medium,500.97,4.38,8.58,189.52,494.71
F32,C5239,2024-09-10,Jersey,2,Matale,8,1,At_Risk,Low,272.77,3.83,8.8,177.91,269.89
F499,C5240,2024-07-29,Local,8,Polonnaruwa,3,1,At_Risk,Low,76.25,3.57,8.43,176.19,76.92
F164,C5241,2024-09-16,Jersey,2,Badulla,3,3,Sick,Low,116.9,3.63,8.66,178.49,109.95
F20,C5242,2024-04-20,Local,6,Kurunegala,1,1,At_Risk,High,58.19,4.67,8.26,192.88,59.44
F132,C5243,2024-10-01,Crossbreed,10,Polonnaruwa,9,0,Healthy,Medium,101.77,4.4,8.4,192.61,93.1
F456,C5244,2024-10-01,Jersey,6,Kurunegala,8,0,Healthy,High,255.02,4.31,8.92,174.71,253.09
F425,C5245,2024-02-04,Crossbreed,8,Nuwara Eliya,2,2,Sick,High,135.46,4.28,8.78,180.97,119.16
F92,C5246,2024-03-22,Jersey,5,Anuradhapura,1,1,At_Risk,Medium,224.86,3.54,8.23,184.26,200.63
F343,C5247,2024-09-02,Jersey,4,Kandy,4,0,Healthy,Low,284.69,3.93,8.44,185.25,281.69
F83,C5248,2024-09-21,Crossbreed,7,Kurunegala,7,0,Healthy,Low,209.22,3.61,8.38,169.08,207.05
F291,C5249,2024-11-18,Crossbreed,9,Badulla,10,0,Healthy,Low,137.17,4.58,8.47,182.67,122.09
F318,C5250,2024-05-16,Jersey,5,Matale,1,3,Sick,Low,123.79,3.56,8.32,172.75,105.44
F190,C5251,2024-07-13,Local,2,Badulla,4,1,At_Risk,Medium,81.43,4.57,8.71,182.06,82.16
F105,C5252,2024-12-30,Crossbreed,4,Monaragala,2,0,Healthy,High,202.19,3.95,8.59,187.32,173.63
F40,C5253,2024-10-08,Jersey,7,Badulla,4,3,Sick,Low,165.79,4.13,8.36,172.19,152.2
F140,C5254,2024-10-18,Holstein,9,Matale,9,0,Healthy,High,291.88,4.31,9.14,181.94,276.84
F209,C5255,2024-05-06,Jersey,8,Badulla,3,1,At_Risk,Low,232.4,3.94,8.94,180.65,214.38
F395,C5256,2024-07-31,Local,4,Monaragala,1,0,Healthy,High,66.89,3.89,8.67,184.16,59.34
F260,C5257,2024-05-05,Jersey,3,Badulla,4,1,At_Risk,Medium,280.23,4.76,8.52,181.14,242.04
F89,C5258,2024-01-20,Crossbreed,10,Monaragala,10,0,Healthy,High,116.71,3.7,8.92,169.95,102.2
F332,C5259,2024-09-26,Holstein,10,Polonnaruwa,5,0,Healthy,Low,518.68,3.9,8.51,185.89,449.32
F318,C5260,2024-08-19,Holstein,8,Nuwara Eliya,1,1,At_Risk,Medium,405.73,3.56,8.4,178.02,393.93
F241,C5261,2024-09-14,Crossbreed,8,Kandy,3,1,At_Risk,Low,216.3,4.21,8.56,175.59,206.46
F53,C5262,2024-08-28,Local,9,Kandy,10,1,At_Risk,Low,33.78,3.53,8.68,176.14,32.44
F168,C5263,2024-11-30,Holstein,2,Polonnaruwa,10,2,Sick,High,229.37,4.2,8.2,176.47,236.2
F95,C5264,2024-06-04,Jersey,7,Badulla,4,0,Healthy,High,257.19,4.28,8.55,183.55,263.06
F424,C5265,2024-09-07,Local,2,Polonnaruwa,9,3,Sick,Low,29.67,4.52,8.89,192.64,29.73
F164,C5266,2024-06-27,Holstein,9,Badulla,1,0,Healthy,High,425.62,3.89,8.76,182.45,384.57
F54,C5267,2024-08-06,Holstein,7,Monaragala,8,0,Healthy,Medium,432.16,3.51,8.67,175.77,431.05
F108,C5268,2024-02-13,Holstein,9,Kandy,5,1,At_Risk,Medium,485.88,3.69,9.0,183.17,428.68
F36,C5269,2024-01-06,Crossbreed,4,Matale,1,0,Healthy,Low,224.07,4.55,8.59,189.15,219.69
F434,C5270,2024-02-16,Jersey,3,Kandy,8,0,Healthy,Low,313.29,4.37,8.83,190.77,314.62
F251,C5271,2024-02-07,Local,2,Matale,7,1,At_Risk,Low,57.82,4.14,8.64,180.42,56.47
F250,C5272,2024-08-18,Holstein,7,Anuradhapura,3,0,Healthy,Medium,402.63,4.76,9.09,182.3,371.44
F344,C5273,2024-01-10,Holstein,4,Monaragala,2,1,At_Risk,Medium,313.35,3.91,8.49,184.71,325.93
F439,C5274,2024-09-26,Holstein,3,Badulla,2,0,Healthy,High,473.98,3.54,8.92,170.66,438.8
F327,C5275,2024-12-01,Local,10,Nuwara Eliya,6,2,Sick,Low,35.53,3.86,8.71,174.93,31.02
F162,C5276,2024-02-26,Local,6,Matale,5,1,At_Risk,Low,65.76,3.95,8.38,174.55,60.84
F1,C5277,2024-02-25,Crossbreed,8,Polonnaruwa,5,0,Healthy,High,168.89,4.15,8.96,177.45,150.28
F5,C5278,2024-12-02,Jersey,6,Kurunegala,10,2,Sick,High,110.43,4.25,8.9,174.21,102.61
F431,C5279,2024-12-09,Jersey,7,Kandy,8,2,Sick,Low,220.19,3.82,8.67,177.13,212.63
F235,C5280,2024-10-06,Local,6,Badulla,3,1,At_Risk,High,88.87,3.76,9.16,169.44,81.91
F230,C5281,2024-06-24,Jersey,10,Kandy,7,0,Healthy,Medium,231.87,4.71,8.85,183.44,238.02
F189,C5282,2024-10-17,Local,4,Badulla,5,0,Healthy,Low,82.88,4.24,9.1,192.24,86.1
F419,C5283,2024-10-27,Crossbreed,4,Monaragala,9,1,At_Risk,High,111.64,4.48,9.07,175.87,96.42
F351,C5284,2024-02-10,Holstein,6,Monaragala,10,1,At_Risk,High,307.83,4.34,8.39,179.1,296.71
F437,C5285,2024-10-08,Crossbreed,8,Kandy,7,2,Sick,Medium,88.89,4.71,8.64,192.26,91.52
F490,C5286,2024-07-20,Jersey,7,Kurunegala,7,3,Sick,Low,118.65,4.05,8.36,172.43,115.16
F12,C5287,2024-08-02,Jersey,10,Anuradhapura,3,0,Healthy,High,268.31,3.97,8.69,178.93,261.44
F473,C5288,2024-09-25,Crossbreed,6,Polonnaruwa,9,0,Healthy,High,106.42,4.27,8.86,187.86,106.76
F366,C5289,2024-10-06,Holstein,2,Anuradhapura,8,0,Healthy,Medium,404.48,4.3,8.47,176.66,413.21
F327,C5290,2024-06-19,Crossbreed,7,Anuradhapura,5,1,At_Risk,Low,176.1,3.68,9.14,167.0,161.86
F45,C5291,2024-05-17,Holstein,9,Polonnaruwa,8,1,At_Risk,High,378.41,3.94,9.14,169.94,360.11
F378,C5292,2024-06-18,Jersey,10,Polonnaruwa,10,2,Sick,Low,129.19,4.58,8.27,185.54,110.73
F67,C5293,2024-07-06,Local,5,Badulla,6,0,Healthy,High,57.13,3.61,9.18,166.88,56.01
F344,C5294,2024-12-23,Local,4,Nuwara Eliya,3,3,Sick,High,36.12,4.11,9.02,184.73,34.3
F73,C5295,2024-07-01,Jersey,10,Monaragala,2,2,Sick,High,167.7,4.42,8.21,176.07,148.66
F19,C5296,2024-01-16,Holstein,3,Monaragala,3,2,Sick,Medium,303.97,3.71,9.01,174.29,277.63
F297,C5297,2024-06-22,Holstein,4,Matale,2,2,Sick,High,264.13,4.31,8.3,188.64,270.02
F365,C5298,2024-02-06,Jersey,9,Kandy,6,1,At_Risk,Medium,184.27,4.65,8.88,181.64,183.87
F197,C5299,2024-09-12,Jersey,10,Monaragala,1,0,Healthy,Medium,235.95,4.28,8.7,178.66,235.78
F265,C5300,2024-04-04,Local,8,Kandy,6,0,Healthy,High,84.26,3.73,9.05,182.09,73.79
F465,C5301,2024-01-27,Holstein,2,Nuwara Eliya,7,0,Healthy,High,468.43,3.89,8.32,172.19,470.67
F490,C5302,2024-06-25,Jersey,10,Monaragala,8,3,Sick,High,103.66,4.45,8.86,190.93,96.45
F228,C5303,2024-05-13,Holstein,7,Kandy,5,0,Healthy,Low,360.34,4.45,8.84,182.97,329.4
F304,C5304,2024-06-28,Crossbreed,4,Kandy,10,2,Sick,Medium,85.56,4.48,8.65,179.09,89.53
F108,C5305,2024-08-27,Holstein,10,Badulla,6,0,Healthy,Medium,498.73,3.89,8.91,175.71,522.49
F334,C5306,2024-11-30,Jersey,4,Nuwara Eliya,10,1,At_Risk,High,183.05,3.93,8.32,170.88,164.63
F121,C5307,2024-12-14,Local,8,Monaragala,6,1,At_Risk,Medium,74.01,4.55,8.82,187.33,76.55
F123,C5308,2024-08-14,Jersey,5,Kurunegala,3,0,Healthy,Low,379.26,4.16,8.73,183.3,371.54
F150,C5309,2024-03-21,Holstein,8,Monaragala,10,0,Healthy,High,349.04,4.03,9.18,175.1,349.01
F140,C5310,2024-03-04,Jersey,10,Polonnaruwa,2,0,Healthy,Medium,285.18,4.32,8.73,188.43,248.52
F249,C5311,2024-08-01,Local,5,Matale,7,0,Healthy,High,64.24,4.19,8.48,189.3,62.84
F391,C5312,2024-12-17,Local,7,Anuradhapura,6,0,Healthy,Medium,55.78,4.37,8.93,176.15,58.42
F293,C5313,2024-04-07,Local,3,Kurunegala,2,0,Healthy,High,77.25,4.47,8.73,179.41,77.76
F282,C5314,2024-01-30,Holstein,3,Polonnaruwa,10,1,At_Risk,Low,260.71,4.46,8.87,186.06,259.59
F470,C5315,2024-03-09,Holstein,10,Kandy,7,0,Healthy,High,449.15,4.28,9.12,183.01,463.33
F264,C5316,2024-01-07,Local,8,Kandy,5,0,Healthy,Low,88.72,3.7,8.47,186.73,80.18
F394,C5317,2024-05-04,Holstein,10,Kandy,9,0,Healthy,Low,388.73,4.66,9.02,179.75,364.29
F160,C5318,2024-09-28,Crossbreed,3,Nuwara Eliya,7,0,Healthy,Low,173.92,4.21,8.66,172.56,148.86
F284,C5319,2024-10-16,Local,10,Kandy,4,1,At_Risk,Low,63.5,3.61,8.87,170.13,62.8
F297,C5320,2024-12-14,Local,3,Monaragala,5,3,Sick,Low,31.03,4.59,8.56,183.2,27.45
F401,C5321,2024-03-24,Holstein,2,Kandy,3,3,Sick,Low,194.61,4.1,8.43,177.74,199.85
F196,C5322,2024-08-05,Local,8,Monaragala,7,2,Sick,High,48.96,3.6,8.39,169.04,50.6
F250,C5323,2024-08-15,Holstein,3,Kandy,5,0,Healthy,High,407.56,4.27,8.35,175.87,424.88
F322,C5324,2024-10-28,Holstein,10,Monaragala,5,0,Healthy,High,548.85,3.67,8.88,177.69,492.85
F153,C5325,2024-07-19,Local,5,Polonnaruwa,2,0,Healthy,Low,77.05,4.28,8.93,175.82,75.3
F83,C5326,2024-07-31,Jersey,9,Anuradhapura,7,1,At_Risk,Low,191.47,3.55,9.06,180.7,163.93
F82,C5327,2024-04-16,Local,3,Monaragala,3,0,Healthy,Low,108.77,4.26,8.94,185.49,98.81
F339,C5328,2024-08-08,Jersey,2,Nuwara Eliya,1,2,Sick,Low,150.18,3.99,8.55,181.09,155.68
F294,C5329,2024-05-31,Local,9,Monaragala,1,3,Sick,High,44.15,3.75,8.33,184.73,37.7
F281,C5330,2024-12-23,Crossbreed,9,Kurunegala,4,0,Healthy,Medium,217.16,4.57,8.31,182.88,221.05
F317,C5331,2024-09-15,Crossbreed,6,Polonnaruwa,1,0,Healthy,Medium,159.07,4.09,8.55,186.97,158.98
F149,C5332,2024-11-21,Holstein,3,Badulla,6,1,At_Risk,Medium,317.38,3.98,8.28,180.84,321.33
F273,C5333,2024-05-27,Jersey,10,Matale,4,0,Healthy,High,290.06,4.01,8.37,189.55,258.92
F406,C5334,2024-07-13,Local,3,Matale,4,0,Healthy,Medium,94.68,3.99,8.78,174.95,93.19
F261,C5335,2024-02-26,Holstein,9,Monaragala,3,3,Sick,Medium,259.82,3.56,8.49,172.89,222.12
F85,C5336,2024-10-19,Local,9,Kandy,3,0,Healthy,High,61.92,4.58,8.45,177.42,53.26
F158,C5337,2024-10-01,Holstein,10,Matale,4,2,Sick,High,354.97,3.68,8.48,170.31,339.89
F239,C5338,2024-10-24,Local,5,Matale,3,1,At_Risk,Medium,65.43,4.19,8.32,175.95,56.08
F82,C5339,2024-09-04,Crossbreed,7,Monaragala,8,0,Healthy,High,138.04,3.87,8.29,186.02,141.1
F239,C5340,2024-01-16,Holstein,7,Badulla,6,0,Healthy,High,502.97,4.35,8.69,182.21,511.92
F402,C5341,2024-08-04,Crossbreed,7,Kurunegala,3,0,Healthy,Medium,265.1,3.81,8.81,177.86,227.25
F27,C5342,2024-04-21,Crossbreed,4,Badulla,2,0,Healthy,High,163.16,4.34,9.15,185.85,168.94
F274,C5343,2024-09-23,Crossbreed,7,Kurunegala,9,0,Healthy,Medium,139.28,4.35,8.49,191.98,140.66
F491,C5344,2024-06-22,Jersey,6,Polonnaruwa,5,0,Healthy,High,324.72,4.49,8.32,187.73,323.16
F428,C5345,2024-05-20,Crossbreed,7,Polonnaruwa,7,0,Healthy,Medium,155.75,4.53,8.87,180.63,136.12
F217,C5346,2024-01-31,Crossbreed,10,Monaragala,1,2,Sick,Medium,121.24,4.33,8.36,176.97,123.46
F163,C5347,2024-04-28,Jersey,4,Kandy,1,0,Healthy,High,311.47,4.41,8.39,189.66,320.69
F219,C5348,2024-05-28,Holstein,3,Kandy,8,2,Sick,Medium,307.04,3.96,8.37,179.44,263.88
F234,C5349,2024-04-29,Local,2,Kurunegala,6,0,Healthy,Medium,81.58,3.65,9.01,173.39,85.5
F149,C5350,2024-12-01,Local,2,Monaragala,2,0,Healthy,Medium,62.12,3.51,8.79,183.18,62.13
F337,C5351,2024-02-10,Holstein,9,Nuwara Eliya,5,2,Sick,High,366.07,4.33,9.01,180.32,377.97
F390,C5352,2024-10-30,Holstein,9,Kandy,6,0,Healthy,Low,360.88,4.31,8.77,183.87,376.02
F103,C5353,2024-05-02,Jersey,8,Kandy,7,2,Sick,Medium,155.02,4.34,8.97,174.65,143.05
F331,C5354,2024-11-04,Crossbreed,9,Nuwara Eliya,5,0,Healthy,Low,223.07,3.72,8.37,167.41,209.65
F43,C5355,2024-09-06,Crossbreed,3,Kurunegala,9,0,Healthy,Low,161.11,4.13,8.82,180.72,152.95
F63,C5356,2024-09-27,Crossbreed,2,Kandy,10,0,Healthy,Medium,109.21,3.99,9.12,186.95,105.92
F119,C5357,2024-08-24,Local,6,Monaragala,9,0,Healthy,High,48.18,4.01,8.99,173.93,45.59
F181,C5358,2024-03-30,Jersey,7,Monaragala,3,0,Healthy,Low,354.06,4.48,8.9,188.81,302.27
F112,C5359,2024-06-23,Holstein,5,Badulla,9,0,Healthy,Medium,236.95,4.22,8.49,176.06,242.92
F462,C5360,2024-01-06,Holstein,6,Matale,2,0,Healthy,High,487.44,4.48,8.49,178.57,446.45
F180,C5361,2024-05-12,Local,3,Kurunegala,3,0,Healthy,High,89.96,3.73,8.87,187.24,78.27
F64,C5362,2024-12-24,Local,10,Anuradhapura,1,2,Sick,Medium,43.25,4.74,8.82,180.76,44.35
F481,C5363,2024-09-28,Jersey,7,Nuwara Eliya,6,0,Healthy,Medium,230.07,4.11,8.72,187.65,226.9
F498,C5364,2024-06-09,Jersey,10,Polonnaruwa,5,0,Healthy,Low,343.36,4.35,8.29,190.54,319.15
F396,C5365,2024-12-02,Jersey,3,Monaragala,6,1,At_Risk,High,214.72,4.74,8.94,195.54,214.76
F457,C5366,2024-07-04,Jersey,9,Polonnaruwa,10,3,Sick,Low,87.39,4.37,9.04,177.2,80.84
F320,C5367,2024-04-18,Holstein,8,Badulla,1,0,Healthy,Medium,511.19,3.68,9.08,178.81,519.24
F356,C5368,2024-09-17,Crossbreed,4,Matale,9,1,At_Risk,Medium,122.61,3.88,8.8,177.59,117.93
F269,C5369,2024-10-31,Crossbreed,9,Kurunegala,6,0,Healthy,High,149.65,4.01,8.69,185.35,145.69
F230,C5370,2024-05-13,Holstein,4,Nuwara Eliya,4,2,Sick,Medium,321.25,3.87,8.63,179.2,325.81
F34,C5371,2024-06-28,Holstein,5,Kurunegala,9,1,At_Risk,High,221.75,4.51,8.61,180.94,226.72
F378,C5372,2024-05-23,Crossbreed,9,Polonnaruwa,7,2,Sick,Medium,122.68,4.3,9.15,175.59,117.19
F208,C5373,2024-08-14,Crossbreed,2,Anuradhapura,7,2,Sick,High,107.01,3.56,8.71,175.08,107.97
F98,C5374,2024-04-11,Holstein,5,Kandy,6,1,At_Risk,Medium,315.21,3.96,8.38,179.65,304.56
F103,C5375,2024-07-05,Local,9,Kurunegala,10,1,At_Risk,Medium,57.69,3.92,8.62,169.57,53.48
F458,C5376,2024-08-24,Local,3,Kandy,5,2,Sick,Medium,65.38,4.76,9.09,197.15,61.91
F146,C5377,2024-06-29,Crossbreed,7,Anuradhapura,3,3,Sick,Low,118.66,4.48,8.9,192.12,105.34
F499,C5378,2024-01-07,Crossbreed,2,Anuradhapura,1,0,Healthy,Medium,249.88,4.16,8.24,176.88,260.49
F39,C5379,2024-06-01,Holstein,10,Monaragala,7,0,Healthy,Medium,420.17,4.33,8.93,174.6,366.71
F475,C5380,2024-05-20,Holstein,3,Nuwara Eliya,7,0,Healthy,Low,309.11,3.72,8.64,183.78,269.2
F279,C5381,2024-10-05,Local,2,Polonnaruwa,10,0,Healthy,Medium,54.88,4.36,8.37,175.99,49.79
F344,C5382,2024-08-16,Jersey,2,Polonnaruwa,7,0,Healthy,Medium,294.52,4.36,9.0,189.9,296.83
F93,C5383,2024-06-17,Crossbreed,8,Kandy,4,1,At_Risk,Medium,174.8,3.89,8.99,183.52,161.61
F373,C5384,2024-12-13,Crossbreed,3,Kurunegala,10,2,Sick,Medium,86.12,4.48,8.77,189.88,78.97
F326,C5385,2024-11-09,Jersey,2,Nuwara Eliya,3,2,Sick,High,195.07,3.92,8.86,187.87,179.58
F13,C5386,2024-03-11,Jersey,3,Nuwara Eliya,5,1,At_Risk,Low,318.72,4.24,9.07,172.85,281.71
F106,C5387,2024-05-01,Crossbreed,9,Monaragala,3,0,Healthy,High,171.86,4.65,9.11,177.23,153.08
F64,C5388,2024-07-04,Holstein,5,Polonnaruwa,7,0,Healthy,Medium,336.11,3.8,8.42,174.28,345.91
F465,C5389,2024-07-20,Local,5,Kandy,3,1,At_Risk,Medium,54.16,4.55,8.26,177.63,50.71
F50,C5390,2024-11-11,Jersey,5,Monaragala,8,0,Healthy,Medium,322.08,3.97,8.42,179.44,312.43
F165,C5391,2024-05-30,Crossbreed,8,Nuwara Eliya,3,1,At_Risk,High,158.39,4.03,9.15,186.38,151.91
F474,C5392,2024-01-10,Crossbreed,7,Matale,1,0,Healthy,Low,223.56,4.41,8.79,188.06,210.04
F334,C5393,2024-09-25,Crossbreed,8,Badulla,10,2,Sick,Low,110.91,4.27,8.47,173.26,98.78
F292,C5394,2024-01-04,Crossbreed,6,Kandy,1,2,Sick,Low,90.97,3.78,8.73,184.91,88.75
F259,C5395,2024-10-05,Jersey,8,Kandy,6,0,Healthy,High,267.17,4.57,8.48,187.27,236.41
F444,C5396,2024-05-13,Holstein,7,Matale,6,1,At_Risk,Low,374.22,3.73,8.48,172.22,323.75
F36,C5397,2024-12-08,Jersey,7,Kurunegala,7,0,Healthy,Medium,307.52,4.7,8.59,187.56,309.69
F327,C5398,2024-11-26,Jersey,3,Monaragala,7,0,Healthy,High,301.25,4.3,8.41,177.82,304.73
F90,C5399,2024-01-06,Local,9,Polonnaruwa,1,1,At_Risk,High,89.74,4.0,8.25,184.38,92.08
F126,C5400,2024-02-24,Crossbreed,5,Badulla,1,0,Healthy,Low,192.49,4.7,9.11,194.44,183.83
F11,C5401,2024-03-28,Holstein,7,Kandy,2,2,Sick,Medium,282.75,4.2,8.44,184.06,276.91
F289,C5402,2024-01-22,Holstein,9,Matale,3,1,At_Risk,Low,421.3,4.49,8.62,177.56,421.14
F396,C5403,2024-06-16,Local,9,Polonnaruwa,10,0,Healthy,High,45.63,4.66,8.36,183.48,43.13
F195,C5404,2024-09-21,Local,2,Matale,1,0,Healthy,High,96.65,3.56,8.22,180.25,91.73
F283,C5405,2024-04-23,Holstein,5,Anuradhapura,3,2,Sick,Low,361.95,3.72,8.74,168.87,356.16
F309,C5406,2024-06-07,Holstein,5,Kurunegala,9,0,Healthy,High,338.26,3.76,8.43,187.57,334.68
F336,C5407,2024-10-06,Holstein,4,Kurunegala,2,0,Healthy,Medium,343.49,3.93,8.27,181.51,347.58
F155,C5408,2024-12-09,Jersey,2,Nuwara Eliya,10,0,Healthy,Low,225.88,4.74,8.98,177.47,223.89
F221,C5409,2024-06-29,Jersey,5,Monaragala,7,0,Healthy,Low,305.55,3.5,8.66,185.0,295.6
F9,C5410,2024-06-12,Local,6,Badulla,6,2,Sick,Medium,62.52,4.5,8.38,182.45,63.44
F136,C5411,2024-06-12,Holstein,10,Nuwara Eliya,9,1,At_Risk,Medium,217.48,3.98,8.73,189.47,193.15
F349,C5412,2024-09-28,Local,2,Nuwara Eliya,10,0,Healthy,High,47.39,3.59,8.56,174.7,41.63
F478,C5413,2024-07-06,Crossbreed,3,Badulla,4,0,Healthy,Low,181.12,3.98,8.32,186.08,181.3
F399,C5414,2024-02-20,Holstein,6,Polonnaruwa,1,1,At_Risk,Low,276.22,3.6,8.53,174.34,272.18
F345,C5415,2024-02-04,Crossbreed,6,Badulla,5,0,Healthy,Low,182.32,4.68,8.21,196.63,182.21
F409,C5416,2024-02-18,Jersey,10,Matale,8,3,Sick,Low,111.68,3.87,8.68,182.84,98.57
F265,C5417,2024-11-01,Crossbreed,3,Kandy,1,0,Healthy,Medium,219.92,4.65,8.38,190.77,192.27
F241,C5418,2024-03-29,Crossbreed,2,Nuwara Eliya,10,0,Healthy,High,134.78,3.66,8.88,174.63,128.67
F22,C5419,2024-12-19,Local,9,Polonnaruwa,9,0,Healthy,Low,62.71,4.19,8.96,186.48,58.65
F450,C5420,2024-06-21,Local,6,Polonnaruwa,2,2,Sick,Medium,51.93,4.56,8.67,188.54,51.86
F231,C5421,2024-10-09,Holstein,6,Anuradhapura,7,0,Healthy,High,310.72,4.46,8.57,182.46,325.44
F93,C5422,2024-02-15,Crossbreed,10,Anuradhapura,2,1,At_Risk,High,184.46,4.42,8.8,185.97,167.34
F24,C5423,2024-05-04,Crossbreed,7,Nuwara Eliya,3,0,Healthy,Low,163.56,3.92,8.86,179.14,146.5
F153,C5424,2024-03-20,Jersey,3,Kurunegala,3,1,At_Risk,High,335.52,3.74,8.32,175.14,306.81
F64,C5425,2024-11-03,Jersey,6,Kandy,1,3,Sick,High,123.92,4.37,8.87,174.83,107.51
F493,C5426,2024-08-01,Jersey,6,Kurunegala,9,2,Sick,High,113.99,4.3,8.81,173.01,108.53
F36,C5427,2024-01-18,Jersey,2,Kandy,5,0,Healthy,High,378.24,3.53,9.09,171.97,381.07
F135,C5428,2024-10-27,Local,9,Kurunegala,9,0,Healthy,High,58.87,4.26,8.49,192.45,53.27
F91,C5429,2024-08-06,Crossbreed,8,Badulla,7,0,Healthy,Low,144.73,3.66,8.69,183.25,131.46
F416,C5430,2024-12-10,Local,7,Polonnaruwa,2,0,Healthy,Medium,64.12,3.85,8.22,179.93,57.55
F430,C5431,2024-08-06,Local,10,Kandy,2,0,Healthy,Medium,77.66,4.02,8.83,182.78,68.83
F330,C5432,2024-10-20,Holstein,8,Matale,1,3,Sick,Medium,160.53,3.59,8.46,174.16,163.25
F443,C5433,2024-01-01,Local,4,Badulla,10,0,Healthy,Medium,48.57,3.6,8.95,172.26,48.69
F306,C5434,2024-06-20,Holstein,2,Polonnaruwa,7,2,Sick,Low,196.92,3.91,9.08,173.84,190.07
F220,C5435,2024-07-25,Crossbreed,5,Matale,9,0,Healthy,High,166.79,4.18,8.72,177.36,166.45
F220,C5436,2024-10-04,Local,7,Badulla,3,0,Healthy,High,97.57,4.49,8.3,184.5,85.15
F473,C5437,2024-09-29,Jersey,3,Monaragala,9,1,At_Risk,Medium,162.07,4.12,8.93,179.64,138.75
F482,C5438,2024-12-17,Local,10,Nuwara Eliya,8,0,Healthy,Low,88.83,4.69,8.41,195.04,84.89
F309,C5439,2024-05-27,Local,3,Nuwara Eliya,5,0,Healthy,High,74.34,4.57,8.36,189.27,74.93
F495,C5440,2024-07-24,Jersey,4,Kandy,2,0,Healthy,High,262.21,4.13,8.43,191.16,246.56
F223,C5441,2024-07-23,Local,3,Kandy,10,0,Healthy,High,69.79,4.74,8.47,194.42,61.61
F192,C5442,2024-07-16,Holstein,10,Kurunegala,6,2,Sick,Low,200.23,4.04,8.27,176.28,209.34
F397,C5443,2024-11-24,Crossbreed,5,Polonnaruwa,2,1,At_Risk,Medium,141.09,4.16,8.49,171.99,131.14
F452,C5444,2024-10-03,Local,10,Badulla,7,0,Healthy,High,54.42,3.94,8.28,180.21,56.49
F165,C5445,2024-07-15,Crossbreed,8,Nuwara Eliya,5,0,Healthy,Low,240.4,3.95,8.9,188.72,212.21
F83,C5446,2024-04-15,Holstein,6,Nuwara Eliya,8,0,Healthy,High,297.65,4.15,8.32,188.94,266.96
F107,C5447,2024-03-06,Local,8,Anuradhapura,7,3,Sick,Medium,29.86,3.7,9.06,171.79,27.15
F172,C5448,2024-01-09,Holstein,9,Kandy,7,0,Healthy,High,415.84,4.73,9.02,190.92,390.49
F214,C5449,2024-08-17,Crossbreed,6,Matale,5,0,Healthy,Low,195.7,4.28,9.18,176.2,189.32
F353,C5450,2024-07-06,Crossbreed,10,Anuradhapura,5,1,At_Risk,Medium,172.1,4.73,8.83,184.56,174.08
F204,C5451,2024-08-25,Crossbreed,6,Monaragala,4,0,Healthy,Low,208.78,4.0,8.51,185.05,196.88
F27,C5452,2024-07-01,Local,8,Badulla,5,0,Healthy,High,105.73,4.76,8.71,184.38,95.8
F11,C5453,2024-02-28,Jersey,9,Polonnaruwa,1,0,Healthy,Low,242.19,4.46,8.67,183.5,240.29
F321,C5454,2024-11-06,Local,10,Nuwara Eliya,1,0,Healthy,Medium,72.21,4.17,8.8,180.35,69.82
F147,C5455,2024-05-02,Jersey,9,Anuradhapura,4,2,Sick,High,246.9,3.76,8.82,181.93,249.34
F57,C5456,2024-10-09,Holstein,7,Monaragala,7,2,Sick,High,211.88,4.02,8.57,173.49,197.32
F357,C5457,2024-01-03,Local,5,Kandy,4,0,Healthy,Medium,66.54,3.69,8.84,185.09,66.21
F30,C5458,2024-04-08,Jersey,4,Kurunegala,9,0,Healthy,Medium,244.87,4.71,8.8,185.24,214.34
F201,C5459,2024-10-21,Jersey,4,Badulla,10,0,Healthy,Low,196.25,4.75,8.86,188.37,182.16
F478,C5460,2024-07-02,Crossbreed,8,Monaragala,2,0,Healthy,Low,204.55,4.41,8.57,186.75,192.27
F22,C5461,2024-04-15,Holstein,4,Monaragala,5,0,Healthy,Low,390.62,3.87,9.13,175.85,338.49
F149,C5462,2024-07-11,Jersey,4,Polonnaruwa,8,0,Healthy,Low,275.62,3.95,9.04,187.12,283.25
F233,C5463,2024-12-15,Jersey,8,Kandy,2,0,Healthy,High,232.1,3.71,8.45,182.12,203.35
F49,C5464,2024-11-08,Holstein,3,Kandy,2,0,Healthy,Medium,533.08,4.65,8.82,180.36,486.36
F375,C5465,2024-08-06,Jersey,7,Anuradhapura,5,0,Healthy,Low,387.0,3.81,9.13,175.27,371.75
F444,C5466,2024-10-14,Holstein,10,Kandy,4,3,Sick,High,181.57,4.1,9.11,183.82,158.29
F498,C5467,2024-01-01,Crossbreed,2,Badulla,3,1,At_Risk,Low,213.35,4.08,8.26,183.46,202.53
F303,C5468,2024-09-09,Jersey,5,Kandy,5,0,Healthy,Medium,382.95,4.52,9.16,191.02,360.25
F217,C5469,2024-11-17,Jersey,7,Nuwara Eliya,4,2,Sick,Medium,203.61,4.04,8.95,183.31,209.2
F350,C5470,2024-07-21,Holstein,4,Nuwara Eliya,6,0,Healthy,High,409.48,4.71,9.03,186.47,382.88
F354,C5471,2024-02-05,Crossbreed,8,Matale,6,1,At_Risk,High,126.37,3.79,8.39,175.59,130.82
F312,C5472,2024-11-25,Holstein,5,Nuwara Eliya,4,0,Healthy,Medium,403.57,3.99,9.18,189.1,362.85
F460,C5473,2024-12-26,Holstein,3,Kandy,9,0,Healthy,Medium,236.66,4.59,8.76,183.37,206.57
F323,C5474,2024-04-11,Local,9,Badulla,9,1,At_Risk,Medium,41.65,4.0,8.9,188.1,37.51
F299,C5475,2024-10-22,Crossbreed,9,Matale,4,0,Healthy,Low,194.83,3.93,9.09,183.38,173.22
F403,C5476,2024-09-09,Local,5,Badulla,3,0,Healthy,High,68.17,3.85,9.15,174.08,68.32
F373,C5477,2024-08-24,Jersey,5,Anuradhapura,8,0,Healthy,High,329.7,4.72,8.31,191.26,290.94
F13,C5478,2024-09-26,Crossbreed,3,Kandy,5,0,Healthy,High,237.08,4.6,9.07,176.41,241.98
F152,C5479,2024-10-31,Jersey,10,Nuwara Eliya,9,0,Healthy,Medium,173.32,3.81,8.69,185.4,164.52
F186,C5480,2024-05-13,Jersey,3,Kurunegala,4,2,Sick,High,253.91,4.51,8.38,178.54,238.21
F379,C5481,2024-05-02,Local,2,Badulla,3,0,Healthy,High,102.99,4.05,8.23,181.4,98.42
F239,C5482,2024-02-04,Local,3,Matale,2,2,Sick,Medium,46.23,4.7,9.11,181.01,40.57
F374,C5483,2024-02-22,Holstein,7,Anuradhapura,6,0,Healthy,Low,385.3,4.36,8.97,193.32,354.14
F142,C5484,2024-05-19,Crossbreed,8,Polonnaruwa,4,2,Sick,Low,143.85,4.61,9.19,187.1,142.37
F308,C5485,2024-12-20,Jersey,7,Polonnaruwa,4,0,Healthy,High,349.5,4.71,8.7,183.11,334.92
F191,C5486,2024-04-02,Local,7,Anuradhapura,8,0,Healthy,High,94.0,3.74,8.24,169.4,96.86
F127,C5487,2024-06-08,Crossbreed,2,Polonnaruwa,6,0,Healthy,Low,193.49,4.04,8.27,171.53,195.35
F383,C5488,2024-07-02,Crossbreed,3,Monaragala,9,0,Healthy,Low,177.59,4.67,8.62,189.76,170.67
F405,C5489,2024-01-25,Jersey,3,Polonnaruwa,9,2,Sick,Low,114.13,3.83,9.07,173.42,98.11
F127,C5490,2024-11-16,Local,5,Kandy,1,0,Healthy,Medium,67.45,3.91,8.52,188.21,69.94
F361,C5491,2024-06-03,Holstein,6,Kandy,9,1,At_Risk,High,290.54,3.91,8.67,172.78,266.98
F316,C5492,2024-04-01,Jersey,4,Monaragala,2,0,Healthy,Medium,279.47,4.11,8.37,172.49,268.01
F232,C5493,2024-05-04,Jersey,3,Polonnaruwa,6,0,Healthy,High,289.03,4.66,8.54,186.52,268.68
F384,C5494,2024-08-15,Jersey,8,Anuradhapura,4,1,At_Risk,Medium,240.78,3.77,8.24,176.23,216.05
F499,C5495,2024-08-09,Holstein,10,Kandy,3,0,Healthy,High,517.35,4.33,8.8,191.46,446.79
F65,C5496,2024-01-18,Jersey,9,Matale,7,0,Healthy,High,338.28,3.78,8.38,179.56,310.58
F286,C5497,2024-09-10,Local,3,Badulla,3,0,Healthy,Low,91.88,3.94,8.55,174.36,78.73
F407,C5498,2024-11-03,Jersey,5,Badulla,9,1,At_Risk,Medium,202.54,3.58,8.21,177.81,188.15
F203,C5499,2024-06-20,Local,4,Kandy,5,0,Healthy,Low,105.23,3.78,8.52,181.23,105.58
F459,C5500,2024-09-22,Jersey,2,Nuwara Eliya,7,0,Healthy,Low,287.93,4.03,8.28,183.94,302.02
F262,C5501,2024-10-13,Local,9,Badulla,5,1,At_Risk,Medium,88.91,3.72,9.16,174.0,88.98
F249,C5502,2024-11-13,Holstein,10,Badulla,1,0,Healthy,High,367.71,4.17,8.46,182.64,312.62
F344,C5503,2024-09-09,Jersey,7,Polonnaruwa,7,1,At_Risk,Medium,264.47,3.54,8.46,185.11,260.11
F238,C5504,2024-02-16,Crossbreed,3,Badulla,1,0,Healthy,High,212.59,4.67,8.84,192.47,205.77
F55,C5505,2024-05-26,Crossbreed,4,Anuradhapura,4,0,Healthy,Medium,199.14,4.06,8.61,170.68,189.13
F323,C5506,2024-11-15,Holstein,5,Monaragala,7,1,At_Risk,High,322.39,4.36,8.87,178.56,316.42
F77,C5507,2024-03-08,Holstein,2,Anuradhapura,4,0,Healthy,Low,355.84,3.6,8.43,182.13,366.05
F497,C5508,2024-06-03,Holstein,3,Nuwara Eliya,6,0,Healthy,Low,339.29,3.9,9.03,180.53,307.33
F371,C5509,2024-08-06,Jersey,4,Monaragala,8,0,Healthy,High,244.3,3.72,8.59,178.32,246.91
F370,C5510,2024-01-04,Jersey,2,Kandy,9,1,At_Risk,Medium,214.55,4.01,8.2,182.9,224.25
F152,C5511,2024-03-20,Holstein,8,Polonnaruwa,9,2,Sick,Low,181.85,4.45,8.87,178.53,158.63
F365,C5512,2024-07-14,Local,6,Nuwara Eliya,4,0,Healthy,Low,99.64,4.52,8.5,190.11,103.84
F210,C5513,2024-03-04,Crossbreed,3,Polonnaruwa,7,3,Sick,Medium,102.48,4.36,8.57,187.6,103.42
F124,C5514,2024-02-24,Local,4,Anuradhapura,9,1,At_Risk,High,34.16,3.76,8.77,173.08,29.53
F396,C5515,2024-10-05,Crossbreed,2,Nuwara Eliya,6,0,Healthy,Low,205.93,4.79,8.45,189.04,183.43
F6,C5516,2024-05-11,Local,10,Kurunegala,4,2,Sick,High,60.53,3.83,8.47,174.17,58.65
F277,C5517,2024-07-10,Jersey,3,Anuradhapura,10,1,At_Risk,High,163.54,4.75,9.09,183.08,162.56
F17,C5518,2024-12-07,Jersey,8,Nuwara Eliya,9,0,Healthy,Low,206.02,4.54,8.38,176.57,187.09
F195,C5519,2024-05-20,Crossbreed,7,Monaragala,3,3,Sick,Medium,106.78,4.75,8.93,179.02,95.01
F367,C5520,2024-08-15,Crossbreed,4,Matale,2,1,At_Risk,High,198.15,3.83,9.01,180.51,203.66
F324,C5521,2024-05-23,Jersey,2,Nuwara Eliya,2,1,At_Risk,Low,251.77,4.4,8.67,188.05,216.06
F427,C5522,2024-01-21,Jersey,9,Badulla,5,0,Healthy,High,286.07,3.85,8.68,176.39,290.62
F389,C5523,2024-06-14,Crossbreed,5,Kandy,1,0,Healthy,High,183.51,4.58,8.95,193.15,188.4
F393,C5524,2024-11-06,Jersey,7,Kurunegala,7,0,Healthy,High,259.0,4.05,9.0,171.1,230.72
F84,C5525,2024-12-29,Holstein,7,Kurunegala,3,0,Healthy,Low,371.31,4.61,9.13,184.85,350.97
F72,C5526,2024-08-30,Crossbreed,6,Anuradhapura,4,0,Healthy,Medium,200.31,3.95,8.32,179.07,205.34
F284,C5527,2024-02-28,Crossbreed,2,Matale,10,1,At_Risk,Low,118.61,4.64,8.94,179.63,111.04
F305,C5528,2024-11-14,Jersey,7,Monaragala,10,2,Sick,Medium,131.66,4.51,8.62,176.45,135.24
F369,C5529,2024-07-18,Crossbreed,8,Nuwara Eliya,8,0,Healthy,Low,209.94,3.71,8.44,171.95,190.61
F347,C5530,2024-02-19,Holstein,4,Nuwara Eliya,2,3,Sick,High,203.2,3.81,9.03,168.35,197.27
F233,C5531,2024-08-22,Jersey,3,Nuwara Eliya,1,0,Healthy,Medium,264.74,4.06,8.49,175.03,256.92
F21,C5532,2024-09-10,Jersey,4,Anuradhapura,5,0,Healthy,Low,392.17,4.37,9.06,175.98,377.98
F208,C5533,2024-07-06,Jersey,5,Kandy,10,2,Sick,High,154.24,3.81,8.55,168.18,135.01
F145,C5534,2024-01-05,Local,5,Polonnaruwa,6,2,Sick,Medium,50.06,4.53,8.95,187.04,51.88
F476,C5535,2024-10-26,Crossbreed,4,Matale,2,2,Sick,Low,93.18,4.35,8.31,189.9,88.59
F301,C5536,2024-11-23,Crossbreed,6,Matale,7,3,Sick,Low,79.11,4.66,8.78,185.12,71.92
F250,C5537,2024-09-23,Local,9,Kurunegala,1,0,Healthy,Low,76.76,4.14,8.49,181.23,79.21
F98,C5538,2024-02-14,Local,2,Matale,1,2,Sick,Low,53.71,4.13,9.0,174.22,54.83
F141,C5539,2024-08-01,Local,5,Nuwara Eliya,6,3,Sick,Low,39.22,3.96,8.8,187.37,39.83
F285,C5540,2024-12-17,Local,3,Polonnaruwa,4,1,At_Risk,High,84.52,4.09,8.93,183.58,75.26
F197,C5541,2024-05-29,Jersey,3,Polonnaruwa,10,0,Healthy,High,241.3,4.51,8.45,176.2,224.88
F232,C5542,2024-01-08,Holstein,7,Polonnaruwa,9,0,Healthy,Medium,229.58,4.06,8.54,184.53,204.64
F358,C5543,2024-11-16,Jersey,3,Matale,4,0,Healthy,Low,319.89,4.41,8.55,176.18,322.75
F472,C5544,2024-12-13,Jersey,9,Nuwara Eliya,3,0,Healthy,Medium,281.25,3.99,8.98,174.29,276.97
F165,C5545,2024-05-03,Local,2,Nuwara Eliya,10,1,At_Risk,Medium,52.21,4.5,8.73,181.9,45.19
F246,C5546,2024-05-20,Crossbreed,3,Kurunegala,1,0,Healthy,Low,149.08,3.79,8.32,177.08,137.35
F345,C5547,2024-06-04,Crossbreed,5,Polonnaruwa,8,1,At_Risk,High,161.18,4.72,9.11,178.25,158.8
F43,C5548,2024-04-05,Jersey,6,Matale,9,0,Healthy,High,225.22,3.75,8.75,175.19,233.44
F269,C5549,2024-09-06,Holstein,8,Anuradhapura,3,0,Healthy,Low,495.23,3.92,8.98,178.6,510.96
F197,C5550,2024-08-01,Holstein,10,Nuwara Eliya,9,0,Healthy,High,307.39,3.93,8.9,181.82,281.95
F10,C5551,2024-05-03,Jersey,6,Matale,1,2,Sick,High,193.98,3.85,8.74,173.84,188.59
F94,C5552,2024-02-10,Holstein,6,Matale,5,0,Healthy,High,548.43,3.93,9.16,184.34,544.86
F344,C5553,2024-08-01,Local,5,Polonnaruwa,4,0,Healthy,Medium,96.39,4.03,8.73,176.48,95.58
F183,C5554,2024-04-21,Crossbreed,3,Kandy,1,0,Healthy,High,244.78,3.97,9.11,186.81,241.2
F430,C5555,2024-04-19,Crossbreed,7,Monaragala,8,1,At_Risk,Low,123.47,4.4,8.2,188.2,111.37
F257,C5556,2024-07-22,Local,4,Polonnaruwa,8,0,Healthy,High,75.77,3.54,8.6,168.75,74.3
F409,C5557,2024-03-07,Holstein,8,Kandy,2,0,Healthy,Low,443.49,4.1,9.07,171.75,393.83
F388,C5558,2024-04-19,Local,7,Nuwara Eliya,10,0,Healthy,Low,48.85,4.52,8.77,181.52,49.65
F75,C5559,2024-10-04,Crossbreed,8,Kurunegala,5,0,Healthy,High,171.05,3.55,8.9,185.38,164.85
F287,C5560,2024-08-31,Jersey,9,Kandy,3,1,At_Risk,High,219.66,4.34,8.53,185.65,197.27
F5,C5561,2024-04-10,Crossbreed,3,Badulla,4,1,At_Risk,Low,157.26,4.43,8.71,188.2,138.02
F414,C5562,2024-03-01,Holstein,6,Anuradhapura,5,0,Healthy,Medium,587.37,3.64,9.19,168.92,535.49
F217,C5563,2024-12-03,Local,2,Kandy,3,3,Sick,Low,31.18,3.85,9.19,178.11,29.22
F5,C5564,2024-03-25,Jersey,6,Badulla,2,1,At_Risk,Low,216.29,4.59,8.36,182.5,215.72
F326,C5565,2024-05-12,Local,8,Monaragala,10,3,Sick,Low,29.94,3.78,8.93,181.73,30.94
F227,C5566,2024-09-05,Crossbreed,8,Monaragala,6,0,Healthy,High,214.85,4.4,8.77,181.08,204.66
F219,C5567,2024-12-15,Jersey,5,Kurunegala,2,0,Healthy,Low,330.41,3.94,9.01,171.56,312.36
F225,C5568,2024-11-29,Local,5,Badulla,6,0,Healthy,High,75.33,4.75,8.95,183.5,75.76
F6,C5569,2024-10-03,Crossbreed,9,Kandy,1,0,Healthy,Medium,175.26,4.78,8.82,194.3,181.64
F74,C5570,2024-01-14,Jersey,10,Monaragala,6,1,At_Risk,Medium,265.08,4.7,8.2,189.56,227.96
F347,C5571,2024-01-25,Crossbreed,2,Kandy,8,1,At_Risk,High,153.42,4.02,9.09,188.97,145.79
F278,C5572,2024-03-10,Crossbreed,5,Anuradhapura,3,0,Healthy,Low,157.57,4.6,9.07,194.25,158.21
F330,C5573,2024-04-16,Crossbreed,7,Anuradhapura,10,0,Healthy,Medium,100.0,4.26,8.59,183.03,94.94
F286,C5574,2024-01-30,Holstein,3,Matale,3,0,Healthy,Medium,468.82,3.96,9.1,172.07,455.78
F151,C5575,2024-04-23,Crossbreed,7,Monaragala,7,0,Healthy,Medium,157.98,4.37,8.67,177.05,146.17
F86,C5576,2024-07-19,Jersey,7,Kandy,9,2,Sick,Medium,136.37,4.6,8.56,190.07,132.6
F252,C5577,2024-11-30,Holstein,10,Anuradhapura,5,0,Healthy,Low,542.91,4.1,8.37,187.71,465.84
F201,C5578,2024-06-10,Crossbreed,6,Kandy,7,0,Healthy,Medium,172.81,4.11,8.32,171.45,159.1
F248,C5579,2024-07-17,Holstein,4,Kurunegala,8,3,Sick,Low,221.9,3.64,9.1,184.22,229.21
F182,C5580,2024-04-23,Crossbreed,7,Kandy,10,1,At_Risk,High,141.91,4.4,8.38,179.8,141.11
F219,C5581,2024-03-07,Holstein,7,Badulla,10,0,Healthy,Low,312.89,3.66,9.05,186.43,289.54
F108,C5582,2024-12-23,Local,3,Matale,2,1,At_Risk,Medium,76.53,3.84,8.24,181.71,65.45
F10,C5583,2024-03-06,Holstein,2,Nuwara Eliya,1,3,Sick,High,159.85,4.18,8.9,176.4,163.63
F65,C5584,2024-08-06,Crossbreed,9,Badulla,10,2,Sick,Medium,86.08,3.85,8.37,186.68,88.07
F16,C5585,2024-11-23,Holstein,10,Polonnaruwa,8,0,Healthy,Low,422.88,3.7,8.53,182.86,393.73
F76,C5586,2024-02-13,Crossbreed,8,Anuradhapura,3,1,At_Risk,Medium,206.83,4.78,8.9,182.6,187.13
F13,C5587,2024-12-01,Holstein,10,Polonnaruwa,9,0,Healthy,Medium,289.12,4.13,8.37,187.07,252.89
F322,C5588,2024-12-16,Crossbreed,3,Matale,3,3,Sick,Medium,69.56,3.52,8.38,178.9,72.14
F345,C5589,2024-10-28,Holstein,4,Badulla,6,0,Healthy,Low,443.82,3.92,8.42,173.93,445.35
F358,C5590,2024-02-01,Jersey,4,Kandy,2,0,Healthy,Medium,230.13,3.78,8.49,175.9,228.99
F292,C5591,2024-01-25,Holstein,10,Kandy,10,1,At_Risk,Medium,207.31,4.04,9.06,183.61,211.36
F325,C5592,2024-06-29,Jersey,4,Monaragala,8,0,Healthy,Low,300.74,3.72,8.75,179.56,282.45
F62,C5593,2024-03-11,Local,4,Kurunegala,9,0,Healthy,High,48.93,3.56,8.5,166.14,43.59
F321,C5594,2024-08-13,Holstein,10,Kurunegala,7,0,Healthy,Medium,365.32,3.78,8.59,181.82,345.56
F416,C5595,2024-01-14,Local,5,Anuradhapura,4,0,Healthy,Low,92.38,4.19,8.58,182.53,95.14
F64,C5596,2024-09-30,Jersey,2,Badulla,4,3,Sick,Medium,178.03,4.16,8.74,184.95,174.9
F109,C5597,2024-11-21,Crossbreed,5,Badulla,2,0,Healthy,High,234.77,4.72,8.23,192.99,227.05
F475,C5598,2024-11-11,Holstein,7,Kurunegala,9,1,At_Risk,Low,261.77,4.61,8.88,184.35,226.71
F234,C5599,2024-11-10,Holstein,3,Matale,8,2,Sick,High,295.46,4.72,8.24,194.46,299.3
F327,C5600,2024-07-26,Holstein,4,Nuwara Eliya,8,0,Healthy,Low,331.62,3.76,8.8,180.14,306.69
F248,C5601,2024-09-20,Crossbreed,2,Kurunegala,2,3,Sick,Low,68.63,4.22,8.26,181.37,60.59
F104,C5602,2024-06-02,Crossbreed,7,Badulla,4,3,Sick,Medium,102.56,3.58,8.65,169.39,91.07
F118,C5603,2024-11-09,Holstein,4,Kandy,5,3,Sick,Medium,184.57,3.6,9.13,176.8,185.52
F46,C5604,2024-12-25,Holstein,9,Nuwara Eliya,7,0,Healthy,Low,483.12,4.34,8.94,179.65,499.86
F307,C5605,2024-06-13,Local,7,Kandy,5,1,At_Risk,Medium,87.12,4.37,8.45,182.63,89.51
F37,C5606,2024-08-14,Holstein,4,Nuwara Eliya,8,3,Sick,Low,150.58,3.79,8.66,178.07,140.96
F82,C5607,2024-01-01,Holstein,4,Kurunegala,7,0,Healthy,High,361.7,4.16,8.68,179.61,375.63
F124,C5608,2024-09-24,Crossbreed,9,Kandy,10,1,At_Risk,High,122.13,4.25,8.9,185.09,109.75
F267,C5609,2024-12-04,Holstein,3,Matale,2,0,Healthy,Medium,480.15,3.86,9.12,174.21,450.17
F184,C5610,2024-10-13,Jersey,4,Monaragala,2,2,Sick,Medium,217.0,3.74,9.04,176.51,227.45
F7,C5611,2024-04-12,Crossbreed,9,Kurunegala,6,0,Healthy,High,196.42,3.55,8.76,172.86,201.75
F72,C5612,2024-03-17,Holstein,6,Badulla,7,0,Healthy,Low,366.04,4.76,8.97,191.76,376.36
F149,C5613,2024-04-16,Holstein,4,Anuradhapura,7,0,Healthy,Low,445.19,4.16,8.73,179.93,393.21
F77,C5614,2024-05-03,Holstein,8,Polonnaruwa,2,0,Healthy,High,315.82,4.47,8.39,175.72,290.35
F339,C5615,2024-01-02,Holstein,7,Polonnaruwa,2,0,Healthy,Low,421.96,4.05,8.4,182.24,375.38
F386,C5616,2024-11-30,Holstein,2,Monaragala,7,0,Healthy,Medium,355.15,4.69,8.93,189.13,367.98
F444,C5617,2024-10-21,Crossbreed,7,Nuwara Eliya,1,0,Healthy,Low,214.68,4.14,9.08,188.11,209.0
F498,C5618,2024-10-12,Crossbreed,7,Nuwara Eliya,1,1,At_Risk,Low,187.95,3.95,8.99,182.55,176.87
F479,C5619,2024-04-18,Local,10,Monaragala,9,2,Sick,Medium,30.34,3.97,8.77,175.53,28.54
F138,C5620,2024-04-20,Crossbreed,7,Kandy,4,0,Healthy,Low,219.22,4.22,9.18,184.2,195.71
F19,C5621,2024-01-30,Local,10,Nuwara Eliya,5,1,At_Risk,Medium,95.11,4.26,8.64,184.16,83.54
F412,C5622,2024-04-23,Jersey,8,Kurunegala,4,0,Healthy,High,309.9,4.23,8.44,180.86,297.24
F401,C5623,2024-04-09,Crossbreed,4,Matale,8,2,Sick,High,143.73,4.14,8.4,186.13,139.26
F58,C5624,2024-04-09,Holstein,5,Polonnaruwa,10,0,Healthy,Medium,376.92,4.71,8.82,184.88,367.7
F484,C5625,2024-07-02,Holstein,6,Badulla,6,2,Sick,Medium,277.31,3.91,8.56,183.73,272.78
F162,C5626,2024-07-18,Jersey,9,Badulla,8,2,Sick,High,164.68,4.31,8.31,179.53,168.97
F491,C5627,2024-05-08,Jersey,4,Polonnaruwa,3,1,At_Risk,Medium,255.75,4.08,8.88,184.81,256.73
F24,C5628,2024-08-19,Crossbreed,9,Monaragala,8,1,At_Risk,Medium,136.36,4.05,8.91,186.03,134.76
F287,C5629,2024-11-10,Local,2,Kandy,7,2,Sick,High,53.37,4.51,8.68,179.68,49.43
F238,C5630,2024-12-19,Crossbreed,7,Badulla,5,2,Sick,Medium,104.8,4.65,8.38,196.1,100.4
F404,C5631,2024-02-10,Local,10,Kurunegala,7,3,Sick,Medium,23.93,3.74,8.78,169.01,24.9
F360,C5632,2024-11-03,Crossbreed,4,Monaragala,3,2,Sick,High,141.04,4.67,8.31,195.56,138.73
F39,C5633,2024-02-13,Jersey,9,Anuradhapura,6,2,Sick,High,211.71,4.32,9.03,188.34,186.11
F345,C5634,2024-04-06,Local,8,Kandy,9,0,Healthy,High,47.95,4.15,9.11,175.18,45.27
F93,C5635,2024-02-23,Holstein,3,Kandy,4,0,Healthy,Low,482.21,4.41,9.15,176.15,458.95
F339,C5636,2024-01-19,Jersey,3,Matale,3,0,Healthy,Low,294.54,4.23,9.08,175.52,289.88
F22,C5637,2024-08-16,Crossbreed,4,Matale,3,0,Healthy,High,231.69,4.21,8.44,174.9,203.19
F354,C5638,2024-10-30,Crossbreed,7,Kurunegala,9,1,At_Risk,Low,86.49,3.76,8.4,171.02,81.78
F288,C5639,2024-10-07,Holstein,9,Kurunegala,2,0,Healthy,Low,450.28,3.97,8.43,181.76,384.01
F394,C5640,2024-09-13,Holstein,4,Polonnaruwa,5,0,Healthy,High,478.11,3.96,8.22,174.06,497.1
F298,C5641,2024-11-24,Crossbreed,8,Monaragala,10,1,At_Risk,Low,93.7,4.78,9.17,190.92,87.63
F298,C5642,2024-02-17,Crossbreed,10,Kandy,8,0,Healthy,Medium,187.26,4.59,9.15,184.46,194.22
F83,C5643,2024-02-23,Crossbreed,4,Polonnaruwa,5,1,At_Risk,Medium,225.36,3.58,8.27,179.83,211.09
F2,C5644,2024-10-12,Jersey,8,Polonnaruwa,1,0,Healthy,High,348.11,3.88,8.85,184.54,298.26
F97,C5645,2024-05-27,Crossbreed,6,Matale,4,1,At_Risk,Low,156.32,3.5,8.49,166.8,160.58
F178,C5646,2024-12-06,Crossbreed,7,Matale,8,0,Healthy,Low,200.55,4.28,9.1,174.56,205.17
F255,C5647,2024-06-26,Jersey,4,Kandy,9,0,Healthy,Medium,173.0,4.61,8.38,193.52,159.4
F51,C5648,2024-12-26,Jersey,3,Matale,4,2,Sick,High,202.22,3.59,8.91,168.91,188.78
F302,C5649,2024-11-11,Holstein,4,Matale,3,2,Sick,High,279.68,4.61,8.37,185.46,240.43
F81,C5650,2024-07-15,Local,5,Badulla,8,3,Sick,Medium,36.64,4.43,9.04,184.77,35.83
F212,C5651,2024-08-28,Holstein,7,Nuwara Eliya,5,1,At_Risk,Medium,469.43,4.56,8.27,183.08,478.53
F285,C5652,2024-06-03,Local,6,Kandy,7,1,At_Risk,Low,48.86,4.23,8.75,187.39,50.87
F202,C5653,2024-12-26,Local,3,Polonnaruwa,9,2,Sick,Medium,44.4,3.85,8.9,181.69,39.83
F389,C5654,2024-08-14,Holstein,5,Matale,8,0,Healthy,Low,453.36,4.52,8.63,189.0,451.83
F467,C5655,2024-10-14,Local,3,Kandy,4,0,Healthy,Low,119.66,4.06,8.68,184.08,123.29
F101,C5656,2024-11-11,Holstein,2,Polonnaruwa,5,0,Healthy,Low,505.99,4.12,8.54,185.26,480.74
F192,C5657,2024-10-01,Crossbreed,8,Anuradhapura,10,0,Healthy,Low,106.05,4.09,8.47,185.72,105.43
F139,C5658,2024-08-17,Crossbreed,5,Monaragala,4,0,Healthy,Medium,174.28,4.04,8.26,178.59,160.63
F496,C5659,2024-08-02,Holstein,3,Matale,2,0,Healthy,High,505.45,3.72,8.31,184.8,445.52
F369,C5660,2024-01-31,Jersey,5,Kurunegala,7,0,Healthy,Medium,266.99,4.27,9.16,179.23,234.03
F335,C5661,2024-07-06,Crossbreed,10,Polonnaruwa,8,0,Healthy,Medium,132.41,3.69,8.53,181.41,122.12
F212,C5662,2024-12-18,Local,7,Kandy,8,0,Healthy,High,53.17,3.82,8.29,187.41,46.8
F312,C5663,2024-05-02,Jersey,7,Nuwara Eliya,2,2,Sick,Medium,174.97,4.19,8.21,180.08,162.9
F213,C5664,2024-11-16,Crossbreed,3,Nuwara Eliya,4,0,Healthy,Medium,232.7,3.74,9.06,174.66,232.72
F332,C5665,2024-06-28,Jersey,5,Polonnaruwa,6,2,Sick,Medium,187.93,4.79,8.85,192.4,164.03
F30,C5666,2024-01-10,Holstein,3,Badulla,3,0,Healthy,High,379.12,4.73,8.3,189.25,389.55
F135,C5667,2024-01-18,Crossbreed,9,Badulla,5,3,Sick,Low,86.37,3.91,8.45,179.21,85.92
F229,C5668,2024-07-13,Local,7,Matale,6,0,Healthy,High,61.81,4.11,8.57,177.6,64.01
F337,C5669,2024-11-24,Jersey,5,Monaragala,2,0,Healthy,Medium,249.49,3.59,8.32,177.94,242.6
F129,C5670,2024-11-07,Jersey,6,Anuradhapura,4,0,Healthy,Medium,305.78,4.44,8.66,183.7,279.23
F93,C5671,2024-08-24,Jersey,2,Nuwara Eliya,4,0,Healthy,High,357.92,4.76,8.35,178.69,307.41
F484,C5672,2024-05-16,Holstein,10,Kandy,9,3,Sick,Low,152.93,4.48,8.34,186.7,141.56
F219,C5673,2024-07-01,Local,8,Kandy,2,1,At_Risk,High,49.56,3.63,8.81,179.02,42.92
F98,C5674,2024-10-30,Holstein,7,Anuradhapura,6,0,Healthy,High,317.84,4.65,9.08,195.47,273.05
F31,C5675,2024-05-04,Local,8,Nuwara Eliya,10,1,At_Risk,Medium,66.24,4.68,8.59,177.59,64.84
F146,C5676,2024-07-24,Crossbreed,4,Nuwara Eliya,4,0,Healthy,High,263.66,4.24,8.3,188.37,226.8
F56,C5677,2024-11-12,Crossbreed,4,Monaragala,6,0,Healthy,High,223.83,4.34,9.17,174.2,204.32
F359,C5678,2024-04-27,Jersey,9,Anuradhapura,6,2,Sick,Low,201.06,3.51,8.21,166.65,206.64
F304,C5679,2024-08-27,Local,2,Anuradhapura,9,0,Healthy,Low,72.86,4.7,9.17,193.69,73.82
F100,C5680,2024-09-13,Local,3,Nuwara Eliya,3,0,Healthy,Medium,98.36,4.01,8.67,174.24,90.4
F377,C5681,2024-05-31,Local,6,Kurunegala,4,2,Sick,High,62.11,4.01,8.78,184.2,53.97
F465,C5682,2024-03-21,Holstein,7,Kurunegala,9,1,At_Risk,Low,256.94,4.71,9.13,191.33,255.37
F452,C5683,2024-08-15,Jersey,10,Monaragala,10,0,Healthy,High,189.16,3.58,9.0,168.24,166.35
F492,C5684,2024-06-22,Crossbreed,10,Polonnaruwa,10,3,Sick,Medium,46.46,4.53,8.67,181.09,45.39
F65,C5685,2024-09-08,Local,2,Matale,4,0,Healthy,Low,96.63,4.54,8.8,176.98,96.38
F430,C5686,2024-10-26,Holstein,6,Kurunegala,4,1,At_Risk,High,471.79,3.88,8.87,172.91,474.9
F60,C5687,2024-06-27,Crossbreed,4,Badulla,3,0,Healthy,High,162.09,4.32,8.28,175.07,155.76
F210,C5688,2024-05-06,Local,4,Matale,1,1,At_Risk,High,64.8,3.73,8.85,173.89,67.9
F312,C5689,2024-07-22,Local,6,Anuradhapura,8,0,Healthy,High,86.25,3.73,8.91,180.27,84.86
F204,C5690,2024-11-06,Local,10,Nuwara Eliya,1,1,At_Risk,Low,87.64,4.73,9.01,194.87,84.51
F112,C5691,2024-09-09,Jersey,7,Nuwara Eliya,2,0,Healthy,High,342.12,4.17,8.85,178.96,311.42
F384,C5692,2024-03-26,Local,4,Monaragala,5,0,Healthy,Medium,95.18,4.41,8.49,182.07,88.67
F72,C5693,2024-05-25,Jersey,2,Kandy,4,0,Healthy,Medium,301.2,4.3,8.35,185.11,302.3
F393,C5694,2024-11-18,Holstein,10,Badulla,1,0,Healthy,High,322.3,4.61,8.28,193.33,336.09
F422,C5695,2024-05-26,Crossbreed,4,Polonnaruwa,4,2,Sick,Low,105.06,4.47,8.21,189.32,98.55
F141,C5696,2024-08-29,Crossbreed,9,Matale,7,1,At_Risk,Medium,115.38,4.64,8.52,188.11,115.7
F4,C5697,2024-02-21,Crossbreed,9,Badulla,8,0,Healthy,Medium,140.06,4.19,9.02,187.01,132.83
F387,C5698,2024-09-28,Crossbreed,4,Badulla,1,1,At_Risk,High,120.64,3.92,8.76,172.65,117.86
F303,C5699,2024-03-31,Crossbreed,4,Kandy,9,0,Healthy,Medium,126.9,3.55,9.14,169.41,121.88
F169,C5700,2024-11-18,Holstein,10,Badulla,2,0,Healthy,High,455.22,4.61,8.42,176.65,467.45
F405,C5701,2024-09-01,Jersey,4,Kurunegala,4,0,Healthy,Medium,353.72,4.25,8.25,183.72,346.05
F44,C5702,2024-07-09,Holstein,2,Polonnaruwa,4,3,Sick,Medium,240.04,3.61,8.95,172.71,227.26
F96,C5703,2024-10-06,Jersey,3,Kurunegala,7,0,Healthy,Medium,338.57,3.73,8.55,167.63,311.78
F224,C5704,2024-10-03,Holstein,9,Badulla,5,2,Sick,Medium,384.74,4.66,8.67,191.54,331.94
F240,C5705,2024-12-08,Crossbreed,3,Matale,4,2,Sick,High,110.6,4.25,9.17,174.44,102.28
F388,C5706,2024-01-30,Local,10,Badulla,5,0,Healthy,Medium,101.54,4.12,8.62,179.84,97.27
F166,C5707,2024-02-24,Local,4,Nuwara Eliya,5,0,Healthy,Medium,116.11,4.47,8.91,180.5,101.14
F433,C5708,2024-05-21,Holstein,10,Anuradhapura,5,3,Sick,Medium,191.67,3.92,8.98,177.5,178.31
F196,C5709,2024-09-28,Local,4,Matale,7,0,Healthy,Low,97.7,3.66,8.83,174.62,100.96
F29,C5710,2024-08-22,Local,4,Badulla,4,0,Healthy,High,75.59,4.2,9.19,176.29,76.22
F211,C5711,2024-07-08,Jersey,6,Matale,9,1,At_Risk,High,177.76,4.26,8.44,176.65,155.45
F344,C5712,2024-11-03,Holstein,6,Kurunegala,2,3,Sick,Medium,167.4,3.92,8.83,178.01,175.23
F307,C5713,2024-09-01,Holstein,7,Badulla,8,1,At_Risk,Medium,347.45,4.56,8.37,183.15,308.24
F420,C5714,2024-12-07,Holstein,2,Polonnaruwa,5,0,Healthy,Medium,354.47,4.75,8.38,195.59,344.72
F160,C5715,2024-07-29,Holstein,5,Badulla,7,0,Healthy,High,387.27,4.73,8.77,185.62,374.47
F239,C5716,2024-06-19,Crossbreed,6,Polonnaruwa,5,0,Healthy,High,180.02,4.26,8.57,192.49,168.66
F71,C5717,2024-05-23,Holstein,3,Kurunegala,6,0,Healthy,Medium,311.52,4.61,8.79,181.3,291.31
F282,C5718,2024-04-21,Crossbreed,5,Matale,5,0,Healthy,Medium,247.09,4.43,8.86,192.38,248.47
F113,C5719,2024-06-12,Crossbreed,2,Nuwara Eliya,7,2,Sick,Low,153.93,4.41,8.89,186.37,149.21
F324,C5720,2024-10-04,Jersey,5,Monaragala,8,0,Healthy,Low,237.94,3.73,9.01,170.27,242.2
F433,C5721,2024-03-08,Crossbreed,6,Nuwara Eliya,2,0,Healthy,High,165.83,4.66,8.76,194.88,154.7
F101,C5722,2024-03-21,Holstein,4,Kurunegala,8,2,Sick,High,216.73,4.8,9.01,187.12,208.75
F453,C5723,2024-08-13,Holstein,9,Monaragala,2,3,Sick,High,217.67,3.79,8.5,173.2,213.94
F166,C5724,2024-06-12,Crossbreed,4,Polonnaruwa,9,1,At_Risk,Medium,102.03,4.38,8.92,179.89,102.53
F89,C5725,2024-09-03,Crossbreed,3,Kurunegala,7,0,Healthy,Low,191.86,4.31,8.64,183.25,199.81
F237,C5726,2024-09-17,Jersey,7,Kandy,3,0,Healthy,Medium,382.46,4.05,9.16,180.27,358.3
F93,C5727,2024-03-13,Local,7,Kandy,7,2,Sick,Low,48.75,3.93,8.92,188.05,44.16
F361,C5728,2024-03-24,Local,9,Matale,8,0,Healthy,Low,80.76,3.77,8.71,172.16,73.16
F450,C5729,2024-07-07,Holstein,3,Matale,1,0,Healthy,High,536.59,3.98,8.36,187.08,527.22
F98,C5730,2024-03-17,Holstein,3,Kandy,4,1,At_Risk,Low,386.36,4.01,8.9,189.1,337.58
F490,C5731,2024-10-02,Crossbreed,2,Nuwara Eliya,8,0,Healthy,Medium,234.85,4.4,8.28,175.83,243.93
F224,C5732,2024-03-09,Local,5,Badulla,10,0,Healthy,Low,51.59,4.53,8.69,189.2,53.95
F100,C5733,2024-06-05,Crossbreed,10,Kurunegala,6,1,At_Risk,Medium,112.52,4.55,9.02,181.74,106.22
F150,C5734,2024-08-26,Holstein,10,Nuwara Eliya,9,0,Healthy,Low,364.25,3.53,8.97,178.86,378.23
F387,C5735,2024-10-07,Jersey,9,Polonnaruwa,1,1,At_Risk,High,250.85,3.85,8.36,179.64,221.86
F193,C5736,2024-03-21,Crossbreed,7,Badulla,8,0,Healthy,Low,200.84,4.41,8.73,184.54,180.57
F416,C5737,2024-05-19,Crossbreed,7,Monaragala,1,0,Healthy,High,216.97,4.62,8.79,178.55,188.45
F235,C5738,2024-02-04,Local,10,Nuwara Eliya,8,1,At_Risk,High,61.71,4.44,8.56,177.49,59.19
F101,C5739,2024-08-02,Holstein,4,Monaragala,6,0,Healthy,High,303.86,4.67,8.24,189.0,300.07
F191,C5740,2024-01-22,Crossbreed,7,Nuwara Eliya,3,1,At_Risk,Medium,161.85,4.22,8.97,186.26,161.78
F278,C5741,2024-12-12,Local,10,Anuradhapura,2,1,At_Risk,Medium,78.19,4.63,9.04,183.33,66.91
F138,C5742,2024-07-08,Holstein,5,Badulla,5,0,Healthy,Low,460.11,4.65,8.44,181.0,456.01
F190,C5743,2024-12-27,Crossbreed,9,Matale,10,0,Healthy,High,120.47,4.21,8.35,178.57,123.45
F462,C5744,2024-02-04,Holstein,7,Monaragala,7,0,Healthy,Medium,441.73,4.67,8.7,186.57,431.69
F261,C5745,2024-07-30,Local,7,Kurunegala,3,0,Healthy,Low,85.82,4.09,9.08,185.39,89.08
F164,C5746,2024-10-22,Holstein,5,Anuradhapura,2,1,At_Risk,Medium,301.76,4.15,8.64,184.63,286.58
F348,C5747,2024-12-16,Local,6,Anuradhapura,1,3,Sick,High,24.6,3.87,8.65,175.08,21.46
F48,C5748,2024-12-16,Crossbreed,2,Kurunegala,10,0,Healthy,Medium,138.59,4.6,8.3,189.54,125.48
F194,C5749,2024-05-05,Holstein,2,Monaragala,7,1,At_Risk,Medium,380.72,4.66,8.6,181.47,328.37
F237,C5750,2024-04-05,Holstein,4,Kandy,1,2,Sick,Medium,336.55,3.77,9.06,178.65,347.73
F155,C5751,2024-11-15,Local,4,Matale,9,1,At_Risk,High,62.04,4.0,8.24,177.2,62.74
F102,C5752,2024-09-21,Holstein,4,Nuwara Eliya,10,2,Sick,Low,205.83,4.26,9.01,175.29,177.28
F286,C5753,2024-02-26,Holstein,5,Kandy,8,1,At_Risk,Low,297.12,4.61,9.08,183.22,282.2
F291,C5754,2024-01-19,Crossbreed,10,Kurunegala,6,0,Healthy,Medium,128.29,3.65,8.54,177.24,112.71
F280,C5755,2024-07-20,Holstein,10,Matale,10,0,Healthy,Medium,384.0,3.54,9.11,183.37,355.4
F102,C5756,2024-05-11,Holstein,4,Matale,9,0,Healthy,High,231.83,4.38,8.38,186.59,223.44
F115,C5757,2024-07-26,Local,4,Polonnaruwa,10,2,Sick,Low,29.5,3.64,8.7,178.2,26.87
F222,C5758,2024-08-10,Local,3,Polonnaruwa,3,0,Healthy,Low,98.96,3.82,8.69,177.38,96.63
F91,C5759,2024-01-15,Holstein,6,Kandy,6,0,Healthy,High,314.54,4.24,8.63,188.16,286.43
F24,C5760,2024-10-20,Local,7,Kandy,6,1,At_Risk,Low,60.31,3.87,8.37,173.05,61.95
F452,C5761,2024-03-25,Local,5,Kurunegala,6,2,Sick,High,56.74,4.55,9.0,182.65,50.88
F476,C5762,2024-05-06,Crossbreed,7,Matale,10,1,At_Risk,Low,94.72,4.48,8.38,185.97,81.41
F279,C5763,2024-06-29,Holstein,8,Badulla,5,0,Healthy,Low,434.71,4.5,8.53,184.89,387.32
F453,C5764,2024-04-14,Jersey,4,Kurunegala,8,2,Sick,Low,220.08,4.08,8.57,184.84,188.81
F319,C5765,2024-06-02,Jersey,3,Polonnaruwa,7,1,At_Risk,High,193.25,4.33,8.47,186.33,173.28
F145,C5766,2024-02-10,Crossbreed,7,Monaragala,10,2,Sick,Low,68.71,3.51,8.89,177.05,71.57
F456,C5767,2024-07-17,Holstein,6,Kurunegala,1,3,Sick,Low,212.52,4.75,8.85,193.0,212.92
F403,C5768,2024-03-23,Local,9,Anuradhapura,7,2,Sick,Medium,45.3,4.15,8.83,172.07,40.77
F461,C5769,2024-12-06,Local,2,Polonnaruwa,5,0,Healthy,Low,109.9,3.84,8.32,187.37,97.0
F434,C5770,2024-08-22,Crossbreed,5,Matale,1,0,Healthy,Medium,191.58,4.27,8.99,177.03,199.91
F211,C5771,2024-08-12,Holstein,3,Polonnaruwa,3,0,Healthy,Medium,366.96,3.91,8.81,181.27,361.61
F238,C5772,2024-07-10,Holstein,4,Monaragala,7,0,Healthy,Medium,298.03,4.34,8.88,187.57,284.11
F193,C5773,2024-04-04,Crossbreed,2,Badulla,2,2,Sick,Low,142.71,4.74,9.1,188.56,125.59
F35,C5774,2024-05-05,Crossbreed,9,Matale,9,0,Healthy,Medium,161.32,4.0,8.98,184.86,143.16
F177,C5775,2024-12-29,Crossbreed,4,Kurunegala,8,0,Healthy,High,220.1,4.51,8.32,179.46,225.76
F65,C5776,2024-05-10,Crossbreed,2,Monaragala,7,1,At_Risk,Low,114.47,4.22,8.34,183.71,106.33
F341,C5777,2024-06-21,Holstein,8,Badulla,1,2,Sick,High,328.29,3.79,8.35,179.05,286.31
F491,C5778,2024-01-25,Jersey,5,Kandy,8,3,Sick,Medium,103.45,4.22,8.55,192.18,102.46
F175,C5779,2024-11-22,Crossbreed,6,Matale,1,0,Healthy,Medium,178.9,4.2,9.05,191.45,170.99
F243,C5780,2024-07-05,Jersey,7,Nuwara Eliya,7,0,Healthy,Medium,243.82,4.42,8.86,180.49,233.84
F80,C5781,2024-05-27,Holstein,5,Kurunegala,3,2,Sick,Low,292.88,3.55,8.27,184.93,277.7
F369,C5782,2024-10-26,Crossbreed,10,Monaragala,3,1,At_Risk,High,147.54,3.51,9.18,177.68,153.29
F376,C5783,2024-02-14,Holstein,10,Matale,1,1,At_Risk,Low,395.91,4.38,8.88,174.01,409.6
F335,C5784,2024-04-05,Holstein,5,Polonnaruwa,7,1,At_Risk,High,311.53,4.52,8.94,189.97,278.41
F129,C5785,2024-03-29,Jersey,4,Badulla,8,0,Healthy,Low,285.86,4.02,8.45,170.65,249.0
F432,C5786,2024-09-30,Holstein,7,Badulla,4,2,Sick,Medium,247.45,4.11,8.85,190.32,241.16
F115,C5787,2024-03-12,Local,3,Nuwara Eliya,4,2,Sick,Medium,47.84,4.64,8.57,185.04,47.94
F361,C5788,2024-06-03,Jersey,5,Badulla,6,0,Healthy,Medium,325.69,4.57,8.98,186.88,334.41
F384,C5789,2024-12-05,Jersey,7,Polonnaruwa,10,0,Healthy,Low,258.22,4.62,8.82,176.45,242.84
F187,C5790,2024-07-31,Crossbreed,8,Anuradhapura,6,2,Sick,Medium,122.79,4.35,9.01,187.9,125.85
F336,C5791,2024-06-29,Crossbreed,8,Badulla,4,3,Sick,Low,79.44,4.79,8.9,190.45,69.64
F77,C5792,2024-02-15,Local,5,Kandy,5,0,Healthy,Low,74.13,3.91,8.83,177.86,63.24
F389,C5793,2024-06-30,Local,2,Anuradhapura,1,0,Healthy,High,76.48,4.55,9.06,191.01,78.52
F342,C5794,2024-09-22,Crossbreed,4,Badulla,9,1,At_Risk,High,134.62,4.6,8.31,182.59,122.64
F437,C5795,2024-05-06,Local,4,Badulla,4,1,At_Risk,Medium,97.37,4.54,8.82,194.95,92.98
F417,C5796,2024-06-13,Local,7,Polonnaruwa,5,1,At_Risk,Medium,84.73,4.72,9.11,185.16,77.66
F70,C5797,2024-07-16,Local,7,Monaragala,7,0,Healthy,Medium,90.95,4.23,8.4,189.62,94.61
F230,C5798,2024-05-21,Crossbreed,10,Kurunegala,2,0,Healthy,Medium,218.47,3.76,9.14,186.28,218.58
F239,C5799,2024-02-22,Holstein,8,Anuradhapura,3,0,Healthy,Low,494.8,3.73,9.19,185.89,485.54
F214,C5800,2024-03-24,Crossbreed,2,Polonnaruwa,3,0,Healthy,High,191.98,3.81,8.96,178.2,187.59
F91,C5801,2024-11-21,Jersey,5,Badulla,6,0,Healthy,Medium,339.08,3.85,9.19,187.23,294.45
F330,C5802,2024-08-28,Crossbreed,5,Kurunegala,5,2,Sick,Medium,135.13,3.81,9.0,179.0,115.91
F230,C5803,2024-04-09,Holstein,7,Monaragala,5,1,At_Risk,High,364.91,3.59,9.09,185.86,364.53
F102,C5804,2024-06-01,Crossbreed,9,Nuwara Eliya,6,1,At_Risk,High,183.71,4.09,8.72,176.31,169.42
F319,C5805,2024-06-02,Jersey,2,Anuradhapura,2,0,Healthy,Medium,242.34,4.07,8.27,186.83,218.03
F308,C5806,2024-04-29,Jersey,10,Anuradhapura,6,0,Healthy,Low,338.09,3.59,8.87,172.82,302.05
F422,C5807,2024-04-25,Crossbreed,3,Badulla,3,0,Healthy,High,186.15,4.4,8.85,185.09,162.91
F147,C5808,2024-03-06,Jersey,9,Kandy,6,0,Healthy,Low,328.81,4.64,8.35,194.36,320.93
F188,C5809,2024-08-17,Holstein,10,Matale,2,0,Healthy,Medium,480.43,4.37,8.97,186.9,436.49
F33,C5810,2024-08-25,Jersey,2,Nuwara Eliya,10,0,Healthy,Low,208.55,3.96,8.29,173.22,196.59
F197,C5811,2024-09-10,Crossbreed,3,Polonnaruwa,2,3,Sick,Low,98.04,4.4,8.3,175.84,86.4
F24,C5812,2024-06-19,Crossbreed,4,Badulla,6,1,At_Risk,Low,144.83,3.61,8.94,183.8,147.84
F187,C5813,2024-10-01,Local,3,Monaragala,10,3,Sick,Low,28.2,4.2,9.19,183.59,29.14
F388,C5814,2024-03-26,Jersey,8,Polonnaruwa,8,0,Healthy,Low,268.49,4.62,9.04,188.27,256.38
F189,C5815,2024-08-01,Local,10,Matale,4,1,At_Risk,Medium,97.2,4.63,8.77,186.06,89.42
F391,C5816,2024-10-11,Local,3,Matale,6,0,Healthy,Medium,54.36,4.09,8.51,187.22,47.35
F23,C5817,2024-10-15,Jersey,6,Badulla,8,1,At_Risk,Low,182.56,4.01,8.76,174.4,172.92
F467,C5818,2024-07-03,Jersey,2,Nuwara Eliya,2,0,Healthy,High,257.04,3.79,8.24,171.59,218.64
F114,C5819,2024-01-27,Holstein,10,Kandy,7,1,At_Risk,High,292.64,4.64,9.03,183.15,263.49
F171,C5820,2024-04-04,Jersey,7,Badulla,3,3,Sick,High,140.6,4.64,8.5,176.46,140.24
F153,C5821,2024-11-16,Crossbreed,2,Kandy,5,2,Sick,High,178.43,4.4,8.61,189.93,184.14
F192,C5822,2024-01-10,Local,7,Polonnaruwa,6,1,At_Risk,Medium,81.98,3.6,8.86,175.74,74.88
F369,C5823,2024-09-20,Jersey,6,Anuradhapura,6,2,Sick,High,200.23,4.73,8.37,191.74,181.48
F71,C5824,2024-10-12,Jersey,9,Monaragala,5,2,Sick,Medium,206.17,4.21,8.43,190.57,184.22
F495,C5825,2024-03-01,Jersey,9,Nuwara Eliya,1,0,Healthy,Medium,290.85,4.68,9.0,190.49,260.72
F102,C5826,2024-04-19,Local,7,Polonnaruwa,1,0,Healthy,Low,59.37,4.25,9.01,174.49,51.92
F185,C5827,2024-11-08,Jersey,8,Kurunegala,2,0,Healthy,Medium,312.37,3.58,8.63,175.28,305.34
F54,C5828,2024-02-05,Holstein,2,Anuradhapura,9,0,Healthy,High,326.59,3.96,9.2,188.62,341.19
F135,C5829,2024-07-31,Local,2,Kandy,2,2,Sick,Medium,39.63,4.48,8.93,178.13,39.03
F365,C5830,2024-11-14,Local,3,Kurunegala,9,0,Healthy,Low,76.2,4.32,8.55,173.62,66.59
F242,C5831,2024-07-28,Local,10,Nuwara Eliya,7,0,Healthy,Low,56.75,4.27,8.41,183.54,52.95
F82,C5832,2024-10-15,Crossbreed,2,Kurunegala,7,0,Healthy,Low,142.08,3.76,8.32,172.01,128.06
F241,C5833,2024-04-17,Local,3,Kandy,2,2,Sick,Low,39.95,3.95,8.58,184.94,34.02
F212,C5834,2024-10-10,Holstein,5,Monaragala,1,0,Healthy,Low,373.98,4.31,9.01,174.37,350.9
F107,C5835,2024-01-11,Crossbreed,6,Monaragala,1,0,Healthy,Medium,249.83,3.67,8.68,170.72,231.93
F76,C5836,2024-11-14,Holstein,4,Polonnaruwa,10,0,Healthy,Low,337.59,4.71,8.92,185.41,292.33
F489,C5837,2024-02-08,Local,4,Badulla,1,2,Sick,Medium,69.45,4.02,8.64,171.3,68.98
F463,C5838,2024-11-04,Holstein,10,Matale,7,0,Healthy,Medium,464.9,3.67,9.06,176.37,421.28
F400,C5839,2024-01-02,Holstein,5,Matale,2,2,Sick,Medium,335.01,4.66,8.62,191.59,340.45
F60,C5840,2024-12-10,Local,6,Monaragala,1,0,Healthy,Low,102.14,4.55,9.15,182.77,105.41
F80,C5841,2024-02-13,Jersey,3,Nuwara Eliya,4,0,Healthy,Low,384.96,4.76,8.56,182.01,391.65
F389,C5842,2024-12-01,Jersey,6,Nuwara Eliya,9,0,Healthy,Low,215.39,4.46,8.58,178.63,193.21
F474,C5843,2024-08-01,Crossbreed,9,Nuwara Eliya,8,0,Healthy,Medium,223.38,3.61,8.62,171.24,225.89
F206,C5844,2024-06-04,Holstein,6,Badulla,6,2,Sick,High,210.76,3.7,8.24,176.29,193.83
F79,C5845,2024-01-11,Jersey,5,Matale,1,3,Sick,High,141.24,4.03,9.08,171.58,135.56
F233,C5846,2024-10-19,Crossbreed,6,Monaragala,4,0,Healthy,Low,156.35,3.57,8.47,173.85,150.82
F180,C5847,2024-10-23,Holstein,5,Anuradhapura,7,0,Healthy,Medium,402.08,3.96,8.28,176.67,410.09
F350,C5848,2024-05-18,Holstein,10,Nuwara Eliya,9,3,Sick,Medium,123.89,4.69,9.01,185.16,128.79
F292,C5849,2024-11-28,Jersey,10,Polonnaruwa,8,0,Healthy,Low,280.53,4.33,8.43,175.17,241.12
F360,C5850,2024-07-28,Local,3,Badulla,8,2,Sick,Low,38.76,4.0,8.91,174.14,37.31
F89,C5851,2024-02-20,Crossbreed,8,Polonnaruwa,4,0,Healthy,Low,208.71,4.72,8.93,183.95,197.78
F47,C5852,2024-12-26,Crossbreed,8,Matale,5,0,Healthy,Medium,176.46,4.42,9.11,174.25,157.8
F330,C5853,2024-12-30,Crossbreed,9,Nuwara Eliya,1,3,Sick,High,99.36,4.17,8.94,183.93,97.05
F251,C5854,2024-11-06,Jersey,3,Nuwara Eliya,7,0,Healthy,High,236.62,4.4,9.19,178.88,233.86
F144,C5855,2024-11-21,Crossbreed,5,Kurunegala,5,1,At_Risk,Medium,197.75,4.5,9.07,181.23,178.97
F67,C5856,2024-07-15,Holstein,10,Matale,3,0,Healthy,Medium,458.54,4.28,8.96,184.9,446.2
F24,C5857,2024-07-17,Local,10,Anuradhapura,10,2,Sick,Medium,26.41,4.43,8.34,185.35,27.05
F205,C5858,2024-12-30,Jersey,2,Matale,7,1,At_Risk,Medium,246.01,3.88,9.19,184.51,226.74
F436,C5859,2024-07-17,Local,3,Anuradhapura,2,0,Healthy,High,72.53,4.61,8.99,182.74,74.9
F186,C5860,2024-02-17,Crossbreed,9,Kandy,2,1,At_Risk,High,124.15,3.95,8.39,189.01,122.67
F488,C5861,2024-02-20,Jersey,3,Polonnaruwa,10,2,Sick,Low,130.59,3.9,9.01,173.1,132.82
F475,C5862,2024-03-08,Jersey,7,Monaragala,9,0,Healthy,Low,186.43,3.59,9.06,178.11,190.18
F200,C5863,2024-02-26,Local,9,Matale,6,0,Healthy,High,71.05,3.98,8.73,172.4,65.32
F397,C5864,2024-04-07,Crossbreed,5,Polonnaruwa,10,0,Healthy,Low,128.68,3.52,8.58,167.06,116.34
F82,C5865,2024-06-07,Local,9,Nuwara Eliya,2,0,Healthy,High,67.49,4.58,8.79,187.52,63.74
F469,C5866,2024-05-24,Jersey,5,Kandy,1,1,At_Risk,Medium,291.58,3.74,8.97,168.38,260.61
F286,C5867,2024-04-06,Local,10,Badulla,2,1,At_Risk,Medium,53.46,4.12,8.61,172.03,53.79
F296,C5868,2024-10-18,Crossbreed,10,Matale,10,1,At_Risk,Medium,108.92,4.5,8.89,176.81,96.49
F208,C5869,2024-08-01,Jersey,4,Monaragala,2,0,Healthy,High,241.52,3.94,9.04,172.94,219.12
F48,C5870,2024-04-22,Jersey,5,Matale,6,0,Healthy,Medium,309.35,4.33,8.56,181.94,296.03
F306,C5871,2024-12-10,Holstein,5,Kurunegala,2,3,Sick,High,214.42,4.79,8.8,178.7,220.77
F379,C5872,2024-04-20,Holstein,8,Anuradhapura,1,3,Sick,Low,203.78,4.66,8.49,184.3,189.32
F173,C5873,2024-10-02,Jersey,2,Badulla,4,2,Sick,High,252.42,4.24,8.37,181.13,247.66
F412,C5874,2024-08-15,Jersey,6,Anuradhapura,7,1,At_Risk,Medium,230.53,4.06,8.61,176.82,237.78
F125,C5875,2024-06-29,Jersey,3,Badulla,9,0,Healthy,High,163.51,4.5,9.1,181.44,155.81
F489,C5876,2024-12-02,Jersey,3,Kandy,2,1,At_Risk,High,249.47,3.7,8.24,177.05,220.89
F58,C5877,2024-10-26,Crossbreed,9,Kandy,7,0,Healthy,Medium,200.92,3.75,8.66,178.49,186.75
F250,C5878,2024-07-08,Local,10,Anuradhapura,5,1,At_Risk,Medium,96.48,4.79,8.77,184.87,88.91
F114,C5879,2024-12-29,Crossbreed,8,Kurunegala,4,3,Sick,High,125.47,4.54,8.67,186.34,127.48
F439,C5880,2024-11-01,Holstein,7,Anuradhapura,3,3,Sick,Low,160.36,3.93,8.29,179.53,143.53
F285,C5881,2024-03-07,Local,3,Kurunegala,5,0,Healthy,Medium,88.83,3.84,8.47,187.14,79.58
F452,C5882,2024-01-17,Crossbreed,10,Monaragala,8,2,Sick,Low,120.58,3.64,8.95,168.51,124.6
F401,C5883,2024-05-02,Holstein,10,Anuradhapura,3,0,Healthy,Low,350.35,4.04,8.28,179.38,357.52
F455,C5884,2024-12-29,Jersey,8,Monaragala,4,1,At_Risk,Medium,338.37,4.57,8.4,184.68,292.33
F305,C5885,2024-06-20,Holstein,5,Anuradhapura,8,3,Sick,Medium,159.74,3.76,8.76,171.62,162.53
F430,C5886,2024-02-20,Local,5,Kandy,3,0,Healthy,Medium,93.85,4.5,8.44,191.46,98.41
F51,C5887,2024-03-24,Local,8,Matale,4,2,Sick,Medium,66.28,4.05,8.4,174.5,61.85
F391,C5888,2024-03-04,Jersey,2,Nuwara Eliya,3,0,Healthy,Low,284.51,4.59,9.12,190.01,247.09
F494,C5889,2024-08-21,Jersey,9,Kurunegala,6,1,At_Risk,Low,249.9,4.68,8.85,195.12,255.09
F190,C5890,2024-03-06,Crossbreed,9,Polonnaruwa,10,0,Healthy,Low,111.19,3.88,8.82,170.03,95.93
F378,C5891,2024-12-10,Jersey,5,Anuradhapura,2,1,At_Risk,Low,292.4,4.75,9.08,179.64,274.37
F393,C5892,2024-03-22,Holstein,2,Kandy,9,0,Healthy,Medium,283.69,3.62,9.18,180.72,293.19
F101,C5893,2024-10-04,Holstein,7,Badulla,4,1,At_Risk,Medium,377.48,4.06,8.66,189.58,346.33
F311,C5894,2024-03-03,Crossbreed,10,Kurunegala,1,2,Sick,Medium,95.0,4.41,8.53,176.69,87.05
F476,C5895,2024-11-25,Holstein,5,Monaragala,3,0,Healthy,High,596.48,4.54,8.49,190.21,584.96
F376,C5896,2024-10-20,Crossbreed,3,Monaragala,2,0,Healthy,Low,224.65,4.66,8.49,186.38,193.19
F371,C5897,2024-07-08,Local,7,Nuwara Eliya,2,3,Sick,High,46.31,4.63,8.31,180.97,48.35
F229,C5898,2024-05-19,Holstein,2,Matale,3,2,Sick,High,385.88,4.76,8.35,188.59,343.05
F5,C5899,2024-02-01,Jersey,6,Monaragala,10,0,Healthy,Medium,193.28,3.58,9.16,181.87,188.42
F136,C5900,2024-10-18,Local,3,Nuwara Eliya,5,1,At_Risk,High,98.49,4.7,8.78,184.4,85.26
F410,C5901,2024-09-09,Jersey,9,Monaragala,9,2,Sick,Medium,151.07,3.59,8.91,168.61,130.75
F209,C5902,2024-07-29,Crossbreed,8,Nuwara Eliya,2,0,Healthy,High,203.68,4.25,9.18,190.82,188.74
F464,C5903,2024-06-02,Local,7,Monaragala,1,0,Healthy,High,77.55,4.35,8.83,188.98,70.91
F492,C5904,2024-07-13,Crossbreed,4,Matale,6,3,Sick,Low,59.62,4.19,8.53,174.01,58.32
F319,C5905,2024-06-02,Holstein,4,Kandy,8,0,Healthy,Low,420.56,3.8,8.54,174.24,361.48
F311,C5906,2024-10-23,Local,5,Matale,5,1,At_Risk,High,94.52,4.07,8.72,185.63,88.19
F321,C5907,2024-01-01,Local,5,Anuradhapura,5,1,At_Risk,Low,81.8,3.66,9.16,177.83,76.05
F325,C5908,2024-03-14,Crossbreed,10,Nuwara Eliya,8,1,At_Risk,Medium,202.14,4.15,8.96,177.35,210.89
F194,C5909,2024-05-22,Local,7,Polonnaruwa,3,0,Healthy,High,68.12,4.13,8.88,174.85,69.15
F42,C5910,2024-08-15,Crossbreed,4,Anuradhapura,2,1,At_Risk,Medium,164.52,3.58,8.65,178.46,143.93
F495,C5911,2024-12-20,Crossbreed,5,Anuradhapura,4,1,At_Risk,Medium,144.66,4.32,8.94,185.15,145.05
F283,C5912,2024-08-03,Crossbreed,4,Polonnaruwa,1,0,Healthy,Medium,189.17,4.74,8.46,179.24,184.29
F28,C5913,2024-12-09,Crossbreed,3,Kurunegala,6,3,Sick,High,91.4,3.59,8.4,184.71,85.42
F111,C5914,2024-01-13,Holstein,2,Kandy,8,0,Healthy,Low,489.78,3.72,8.59,185.22,478.1
F382,C5915,2024-06-22,Crossbreed,3,Monaragala,10,0,Healthy,Low,159.51,4.25,8.27,176.13,154.4
F468,C5916,2024-01-04,Holstein,9,Matale,5,2,Sick,Low,255.56,4.44,8.24,181.04,218.66
F479,C5917,2024-12-18,Local,2,Anuradhapura,8,0,Healthy,Medium,101.11,4.51,9.04,188.45,100.29
F132,C5918,2024-08-18,Crossbreed,2,Monaragala,5,1,At_Risk,High,160.46,3.84,8.54,174.65,163.25
F281,C5919,2024-02-08,Holstein,6,Anuradhapura,8,0,Healthy,Medium,425.43,3.55,8.31,172.79,391.68
F124,C5920,2024-08-10,Local,8,Kandy,8,0,Healthy,High,51.04,4.33,8.65,190.19,46.25
F451,C5921,2024-11-01,Holstein,6,Nuwara Eliya,9,0,Healthy,High,286.96,3.94,8.66,186.39,273.97
F19,C5922,2024-03-30,Holstein,3,Nuwara Eliya,1,0,Healthy,Medium,418.37,4.14,9.07,189.24,390.89
F399,C5923,2024-02-03,Crossbreed,5,Matale,6,1,At_Risk,Low,182.27,4.63,8.44,179.45,170.26
F402,C5924,2024-08-20,Crossbreed,10,Kandy,10,2,Sick,High,117.43,3.99,8.6,180.74,115.34
F368,C5925,2024-02-21,Jersey,2,Badulla,10,1,At_Risk,High,176.62,4.49,8.28,185.08,179.92
F327,C5926,2024-08-06,Holstein,2,Anuradhapura,1,0,Healthy,Low,388.22,4.63,8.6,183.79,401.45
F15,C5927,2024-08-25,Crossbreed,3,Nuwara Eliya,9,3,Sick,Low,65.29,4.52,8.81,186.67,61.2
F330,C5928,2024-11-05,Local,2,Polonnaruwa,2,0,Healthy,High,87.36,4.66,8.57,193.17,80.25
F6,C5929,2024-10-07,Crossbreed,5,Monaragala,8,0,Healthy,Medium,199.33,4.74,8.51,179.11,183.19
F272,C5930,2024-07-13,Jersey,3,Nuwara Eliya,6,2,Sick,High,158.84,3.81,8.63,169.13,158.83
F302,C5931,2024-02-09,Jersey,8,Monaragala,7,0,Healthy,Low,287.77,3.6,8.91,176.53,286.26
F75,C5932,2024-05-30,Holstein,2,Polonnaruwa,8,0,Healthy,High,463.8,4.29,8.91,178.13,454.79
F120,C5933,2024-06-19,Jersey,7,Kurunegala,2,1,At_Risk,High,258.4,3.59,8.5,167.23,266.26
F447,C5934,2024-12-02,Local,10,Kandy,6,0,Healthy,High,94.67,4.05,8.56,184.45,80.72
F454,C5935,2024-09-13,Crossbreed,6,Monaragala,10,0,Healthy,Low,147.63,4.65,9.18,196.11,138.74
F248,C5936,2024-02-19,Local,4,Anuradhapura,6,2,Sick,Low,39.87,4.49,8.83,181.69,35.77
F167,C5937,2024-03-25,Crossbreed,2,Kandy,4,0,Healthy,Medium,175.91,3.55,8.61,179.65,177.52
F370,C5938,2024-04-05,Holstein,2,Nuwara Eliya,1,1,At_Risk,Medium,395.6,3.73,8.57,185.57,396.42
F187,C5939,2024-10-20,Jersey,2,Monaragala,9,1,At_Risk,High,173.84,4.76,9.01,193.9,148.64
F357,C5940,2024-08-15,Crossbreed,4,Nuwara Eliya,4,2,Sick,Medium,110.3,3.99,8.38,182.94,113.25
F193,C5941,2024-08-01,Holstein,3,Monaragala,5,0,Healthy,Low,381.42,4.68,9.04,186.01,366.38
F75,C5942,2024-04-17,Jersey,2,Matale,1,0,Healthy,Low,279.51,4.31,8.41,193.08,267.13
F333,C5943,2024-04-11,Local,5,Polonnaruwa,7,0,Healthy,High,79.83,3.62,8.59,170.69,82.63
F120,C5944,2024-01-29,Local,5,Kurunegala,8,3,Sick,Low,27.91,3.81,8.33,182.66,24.05
F154,C5945,2024-05-17,Crossbreed,7,Nuwara Eliya,2,0,Healthy,High,170.22,3.81,8.44,183.74,156.67
F242,C5946,2024-05-27,Crossbreed,5,Kandy,9,1,At_Risk,Low,138.09,3.75,8.69,175.44,122.7
F485,C5947,2024-06-13,Local,9,Monaragala,4,1,At_Risk,High,52.11,3.83,8.7,182.04,44.67
F152,C5948,2024-11-11,Crossbreed,2,Nuwara Eliya,1,0,Healthy,High,242.99,4.58,8.69,179.94,233.16
F211,C5949,2024-01-21,Holstein,9,Matale,2,2,Sick,Low,330.72,4.78,8.72,189.5,289.41
F130,C5950,2024-11-20,Jersey,10,Polonnaruwa,3,1,At_Risk,Medium,242.75,4.52,8.32,185.24,209.01
F475,C5951,2024-06-18,Jersey,5,Kandy,2,2,Sick,Medium,146.38,3.78,8.41,176.06,141.36
F252,C5952,2024-11-08,Holstein,2,Monaragala,4,1,At_Risk,Low,412.63,4.26,9.06,176.6,359.57
F109,C5953,2024-03-27,Local,9,Anuradhapura,1,0,Healthy,High,59.84,3.62,8.57,178.64,59.52
F408,C5954,2024-10-14,Holstein,2,Kurunegala,5,0,Healthy,Low,579.14,4.47,8.78,181.43,509.35
F16,C5955,2024-08-10,Jersey,4,Kurunegala,2,1,At_Risk,Low,248.04,3.53,8.48,183.33,250.42
F111,C5956,2024-12-23,Local,3,Matale,8,2,Sick,High,57.11,4.72,8.98,186.21,55.83
F425,C5957,2024-01-12,Jersey,7,Polonnaruwa,1,0,Healthy,Low,226.77,4.4,8.38,177.08,229.44
F299,C5958,2024-10-06,Crossbreed,4,Anuradhapura,5,0,Healthy,Medium,203.22,4.32,8.3,185.91,181.18
F144,C5959,2024-02-27,Holstein,4,Kurunegala,7,1,At_Risk,Low,368.18,4.52,8.27,175.26,334.31
F499,C5960,2024-03-06,Holstein,7,Badulla,9,1,At_Risk,Medium,208.49,4.02,9.08,182.37,186.64
F415,C5961,2024-12-13,Crossbreed,10,Anuradhapura,4,0,Healthy,Medium,152.07,3.57,9.11,172.87,141.93
F90,C5962,2024-08-20,Jersey,9,Monaragala,6,1,At_Risk,Medium,268.76,4.1,8.92,171.44,264.56
F453,C5963,2024-02-17,Jersey,10,Nuwara Eliya,7,0,Healthy,Medium,254.14,4.18,8.31,188.7,218.21
F216,C5964,2024-12-10,Holstein,9,Kurunegala,5,3,Sick,High,167.34,3.66,8.59,181.31,152.56
F392,C5965,2024-04-18,Holstein,2,Kandy,7,0,Healthy,Medium,506.44,3.75,9.2,169.02,470.56
F45,C5966,2024-09-22,Holstein,7,Monaragala,10,1,At_Risk,Medium,251.87,4.75,8.34,187.01,248.98
F421,C5967,2024-07-18,Holstein,3,Nuwara Eliya,9,3,Sick,High,162.9,4.55,8.27,194.31,160.77
F186,C5968,2024-06-17,Jersey,6,Nuwara Eliya,7,0,Healthy,Medium,249.96,3.62,8.41,181.01,232.64
F109,C5969,2024-12-03,Holstein,9,Polonnaruwa,10,2,Sick,Medium,218.33,3.68,9.11,181.16,206.55
F223,C5970,2024-02-21,Jersey,8,Nuwara Eliya,4,2,Sick,Low,205.78,4.79,8.48,188.48,193.01
F220,C5971,2024-04-23,Holstein,6,Kandy,6,0,Healthy,Medium,357.66,4.76,8.24,187.54,351.27
F447,C5972,2024-08-04,Holstein,5,Nuwara Eliya,10,2,Sick,Low,248.8,4.48,9.02,185.45,235.27
F235,C5973,2024-04-23,Holstein,2,Anuradhapura,9,0,Healthy,Medium,338.23,3.77,8.68,178.73,293.16
F151,C5974,2024-11-22,Holstein,10,Kandy,1,0,Healthy,Medium,400.6,4.47,8.45,185.54,410.96
F40,C5975,2024-01-04,Jersey,7,Polonnaruwa,4,0,Healthy,Low,277.69,3.9,8.29,172.95,241.22
F21,C5976,2024-11-12,Crossbreed,5,Anuradhapura,9,1,At_Risk,High,114.08,4.37,9.17,174.75,111.58
F408,C5977,2024-02-16,Crossbreed,7,Monaragala,9,0,Healthy,High,160.49,3.77,8.21,179.1,150.33
F251,C5978,2024-11-29,Crossbreed,9,Monaragala,5,1,At_Risk,High,130.45,3.88,8.34,173.43,113.73
F367,C5979,2024-08-15,Holstein,6,Badulla,7,0,Healthy,Medium,425.53,3.95,9.05,183.45,430.46
F371,C5980,2024-10-23,Jersey,9,Kurunegala,2,2,Sick,Low,220.17,4.14,8.7,173.36,210.64
F381,C5981,2024-11-03,Jersey,3,Badulla,5,0,Healthy,Low,340.27,3.55,9.12,182.77,329.64
F256,C5982,2024-12-03,Crossbreed,3,Polonnaruwa,2,0,Healthy,Medium,177.77,4.47,8.77,185.06,176.14
F161,C5983,2024-02-02,Holstein,10,Kurunegala,3,2,Sick,High,325.26,4.2,9.0,181.71,286.56
F393,C5984,2024-03-23,Jersey,3,Matale,7,1,At_Risk,Low,223.4,3.7,8.91,178.98,224.1
F326,C5985,2024-04-08,Crossbreed,2,Polonnaruwa,5,0,Healthy,Low,187.63,3.69,8.9,174.32,193.82
F72,C5986,2024-06-29,Jersey,2,Badulla,1,2,Sick,Medium,148.8,3.84,8.75,174.86,146.97
F21,C5987,2024-11-11,Jersey,9,Kurunegala,3,0,Healthy,Medium,366.51,3.59,8.76,167.89,316.11
F46,C5988,2024-03-10,Jersey,2,Polonnaruwa,9,0,Healthy,High,212.85,3.79,8.58,177.77,222.24
F36,C5989,2024-02-03,Crossbreed,9,Polonnaruwa,5,0,Healthy,Low,266.21,4.77,8.63,186.82,251.6
F64,C5990,2024-10-30,Local,7,Anuradhapura,6,3,Sick,Low,27.19,3.99,8.82,176.8,28.41
F49,C5991,2024-12-24,Jersey,9,Badulla,8,0,Healthy,Low,306.41,4.08,8.61,183.98,317.56
F396,C5992,2024-01-13,Jersey,5,Matale,10,1,At_Risk,Low,166.49,4.43,8.34,183.45,152.72
F64,C5993,2024-05-23,Holstein,4,Monaragala,6,0,Healthy,Medium,443.04,4.14,8.29,179.13,464.24
F176,C5994,2024-07-06,Holstein,2,Kurunegala,8,0,Healthy,High,464.98,4.35,8.49,181.33,433.65
F193,C5995,2024-07-06,Holstein,7,Matale,5,0,Healthy,Medium,558.75,3.71,8.84,167.46,504.63
F289,C5996,2024-04-24,Local,9,Badulla,1,3,Sick,Medium,37.12,3.55,8.37,182.58,37.64
F55,C5997,2024-11-10,Jersey,7,Matale,6,0,Healthy,Low,262.88,4.52,8.61,179.93,264.59
F467,C5998,2024-04-08,Holstein,4,Kurunegala,6,0,Healthy,Medium,341.02,4.14,8.73,176.52,314.64
F159,C5999,2024-05-02,Jersey,6,Anuradhapura,2,1,At_Risk,High,191.48,3.7,8.35,180.75,172.9
F48,C6000,2024-08-10,Jersey,9,Polonnaruwa,2,0,Healthy,High,262.02,4.04,8.63,181.84,235.71
F477,C6001,2024-11-12,Jersey,4,Monaragala,2,0,Healthy,Low,320.57,4.02,8.27,178.18,289.22
F268,C6002,2024-07-31,Jersey,10,Monaragala,7,0,Healthy,Low,286.88,4.49,8.86,183.83,245.29
F351,C6003,2024-12-15,Crossbreed,7,Nuwara Eliya,6,0,Healthy,Low,234.19,3.63,8.27,169.93,228.74
F132,C6004,2024-06-09,Jersey,4,Kandy,9,0,Healthy,Medium,189.37,4.55,8.39,183.52,185.1
F310,C6005,2024-12-18,Holstein,9,Polonnaruwa,10,1,At_Risk,Low,305.62,4.03,8.77,190.06,290.89
F367,C6006,2024-04-20,Jersey,10,Anuradhapura,3,1,At_Risk,Medium,246.75,4.37,8.55,188.08,245.97
F405,C6007,2024-01-18,Jersey,4,Matale,4,2,Sick,Low,201.63,4.11,9.13,182.9,188.15
F467,C6008,2024-05-03,Jersey,6,Kandy,1,0,Healthy,High,334.09,4.18,9.19,187.74,323.31
F138,C6009,2024-05-05,Crossbreed,9,Polonnaruwa,7,0,Healthy,Medium,129.54,3.56,9.16,172.06,133.63
F192,C6010,2024-04-06,Crossbreed,7,Nuwara Eliya,2,1,At_Risk,High,174.09,3.57,8.52,176.39,176.32
F191,C6011,2024-03-04,Local,9,Kandy,1,0,Healthy,High,94.61,4.24,9.08,190.51,87.25
F175,C6012,2024-06-10,Holstein,8,Polonnaruwa,1,0,Healthy,Low,328.24,3.94,8.42,175.73,307.05
F40,C6013,2024-12-05,Crossbreed,3,Kandy,7,0,Healthy,Low,150.72,3.65,8.75,175.47,141.07
F273,C6014,2024-02-21,Jersey,5,Kandy,1,0,Healthy,Low,278.85,4.43,8.88,185.55,259.76
F96,C6015,2024-04-30,Holstein,9,Matale,7,0,Healthy,Low,391.5,4.7,8.71,195.78,404.59
F52,C6016,2024-09-04,Crossbreed,10,Kurunegala,1,1,At_Risk,Low,129.66,4.71,8.98,182.86,111.96
F100,C6017,2024-07-03,Holstein,5,Anuradhapura,9,0,Healthy,High,354.16,4.35,8.98,182.01,366.1
F243,C6018,2024-06-14,Local,8,Polonnaruwa,9,0,Healthy,Low,76.3,4.71,9.19,177.43,78.51
F380,C6019,2024-06-10,Crossbreed,5,Nuwara Eliya,9,0,Healthy,Low,158.74,4.08,8.91,186.41,155.79
F318,C6020,2024-08-16,Crossbreed,4,Nuwara Eliya,6,0,Healthy,High,167.01,4.06,8.91,184.62,148.26
F78,C6021,2024-01-27,Jersey,2,Polonnaruwa,6,0,Healthy,Low,223.95,3.76,8.74,171.15,222.37
F485,C6022,2024-03-24,Crossbreed,7,Kurunegala,9,1,At_Risk,Medium,94.28,3.86,9.12,178.77,81.71
F170,C6023,2024-09-24,Local,8,Kandy,8,3,Sick,Medium,42.32,4.07,8.45,172.15,41.06
F18,C6024,2024-11-15,Holstein,3,Matale,4,0,Healthy,Medium,437.6,4.71,9.19,182.86,437.18
F22,C6025,2024-12-09,Crossbreed,7,Polonnaruwa,10,1,At_Risk,Medium,101.38,3.72,9.05,177.25,94.38
F14,C6026,2024-12-04,Jersey,7,Matale,10,2,Sick,Medium,135.77,3.92,8.93,187.31,137.04
F312,C6027,2024-04-11,Local,3,Monaragala,7,0,Healthy,High,52.64,3.79,8.3,168.8,46.87
F411,C6028,2024-04-09,Crossbreed,7,Matale,4,2,Sick,Low,165.45,4.72,8.71,191.25,155.73
F142,C6029,2024-09-15,Local,7,Anuradhapura,6,1,At_Risk,Low,77.63,3.97,8.21,176.69,68.4
F311,C6030,2024-07-05,Holstein,8,Matale,3,3,Sick,Low,230.94,4.17,8.21,173.77,214.3
F234,C6031,2024-01-24,Jersey,7,Kurunegala,10,0,Healthy,High,232.48,4.66,9.06,180.58,200.14
F403,C6032,2024-11-09,Holstein,7,Kurunegala,2,0,Healthy,Medium,437.69,4.1,8.94,184.4,375.35
F15,C6033,2024-06-21,Local,9,Badulla,5,0,Healthy,Medium,79.84,4.3,9.04,182.99,80.54
F134,C6034,2024-01-05,Local,10,Matale,3,0,Healthy,Medium,66.79,4.34,8.28,176.5,65.14
F197,C6035,2024-02-23,Jersey,4,Kurunegala,1,0,Healthy,Low,318.93,4.19,8.81,180.84,311.6
F172,C6036,2024-08-18,Local,2,Polonnaruwa,9,1,At_Risk,High,55.29,4.0,8.62,179.96,52.0
F109,C6037,2024-03-18,Crossbreed,4,Nuwara Eliya,6,0,Healthy,High,184.94,3.6,8.69,184.49,186.14
F123,C6038,2024-05-16,Holstein,4,Nuwara Eliya,9,2,Sick,Low,163.39,4.08,8.8,188.27,138.92
F107,C6039,2024-07-30,Jersey,5,Polonnaruwa,1,0,Healthy,Medium,245.57,4.05,8.7,187.19,256.0
F237,C6040,2024-07-06,Holstein,2,Nuwara Eliya,2,0,Healthy,High,417.52,4.12,9.11,175.31,402.58
F244,C6041,2024-11-04,Holstein,7,Polonnaruwa,8,0,Healthy,Low,360.08,4.49,8.54,194.62,310.66
F299,C6042,2024-03-01,Crossbreed,7,Anuradhapura,7,1,At_Risk,High,109.49,4.55,8.75,186.83,104.79
F276,C6043,2024-01-22,Crossbreed,10,Badulla,5,0,Healthy,High,252.8,3.62,8.51,181.69,254.46
F171,C6044,2024-08-19,Crossbreed,10,Kandy,7,0,Healthy,High,214.02,3.81,8.54,186.13,194.13
F237,C6045,2024-09-14,Holstein,3,Nuwara Eliya,9,0,Healthy,High,247.02,3.95,8.48,171.11,243.64
F157,C6046,2024-06-10,Local,10,Matale,10,1,At_Risk,Low,51.31,4.18,9.19,184.16,52.99
F308,C6047,2024-01-25,Crossbreed,10,Polonnaruwa,10,0,Healthy,Medium,152.69,3.94,8.75,184.45,131.97
F14,C6048,2024-01-24,Holstein,10,Nuwara Eliya,10,2,Sick,Low,175.56,3.97,8.42,183.68,165.25
F318,C6049,2024-09-11,Holstein,10,Kurunegala,2,3,Sick,High,194.37,4.65,8.23,193.72,195.59
F271,C6050,2024-04-15,Crossbreed,4,Kandy,6,2,Sick,High,125.61,3.81,8.55,172.11,115.06
F87,C6051,2024-06-23,Local,6,Anuradhapura,3,0,Healthy,Medium,66.39,4.01,8.34,186.78,64.66
F486,C6052,2024-03-08,Crossbreed,7,Monaragala,6,3,Sick,Low,81.36,4.75,8.23,178.21,80.55
F290,C6053,2024-03-23,Jersey,3,Monaragala,9,0,Healthy,High,212.01,4.41,9.04,175.75,216.25
F62,C6054,2024-10-13,Jersey,3,Matale,9,0,Healthy,Low,182.54,4.11,8.39,171.99,156.07
F69,C6055,2024-10-28,Holstein,4,Kurunegala,5,0,Healthy,High,459.39,4.77,8.21,185.04,471.23
F378,C6056,2024-01-03,Crossbreed,5,Badulla,10,1,At_Risk,High,138.79,3.55,8.29,181.07,136.5
F497,C6057,2024-07-28,Jersey,9,Polonnaruwa,8,2,Sick,Low,180.71,3.71,8.67,186.37,171.33
F315,C6058,2024-01-09,Crossbreed,6,Anuradhapura,4,2,Sick,Low,120.67,3.85,8.78,173.61,124.5
F446,C6059,2024-08-22,Local,3,Matale,2,3,Sick,Medium,29.34,4.06,9.19,173.17,27.48
F445,C6060,2024-10-18,Local,6,Monaragala,2,0,Healthy,Low,65.96,3.73,8.37,172.46,67.06
F224,C6061,2024-02-18,Crossbreed,5,Nuwara Eliya,3,2,Sick,Low,141.88,4.27,8.72,188.49,129.39
F391,C6062,2024-12-24,Crossbreed,2,Polonnaruwa,7,0,Healthy,Medium,221.31,4.08,8.71,185.72,208.21
F148,C6063,2024-03-04,Jersey,6,Monaragala,10,0,Healthy,High,166.95,3.9,8.64,171.03,142.45
F396,C6064,2024-11-14,Jersey,7,Badulla,7,0,Healthy,High,266.12,4.07,8.74,180.33,230.38
F283,C6065,2024-10-12,Crossbreed,8,Polonnaruwa,6,3,Sick,Low,79.52,4.24,8.28,178.08,69.78
F460,C6066,2024-04-16,Holstein,3,Matale,5,2,Sick,Medium,368.89,3.83,8.53,179.69,373.07
F374,C6067,2024-02-07,Local,8,Matale,4,3,Sick,High,30.17,3.67,8.55,170.84,31.35
F189,C6068,2024-12-01,Local,4,Badulla,4,0,Healthy,Medium,115.46,3.54,9.08,180.59,116.31
F401,C6069,2024-11-20,Crossbreed,7,Matale,1,0,Healthy,Low,136.44,3.78,8.24,175.67,118.67
F90,C6070,2024-01-15,Holstein,10,Monaragala,2,0,Healthy,Medium,352.85,3.57,8.56,178.02,308.78
F4,C6071,2024-01-05,Local,10,Badulla,9,1,At_Risk,Medium,63.1,3.85,8.48,181.32,56.37
F435,C6072,2024-08-13,Jersey,9,Kandy,9,0,Healthy,Low,231.11,3.65,8.54,180.18,240.98
F411,C6073,2024-10-29,Holstein,6,Badulla,5,0,Healthy,Medium,435.26,3.86,8.78,177.67,416.59
F63,C6074,2024-10-27,Local,7,Nuwara Eliya,9,0,Healthy,High,43.32,4.36,8.32,188.71,41.97
F198,C6075,2024-06-17,Holstein,6,Kurunegala,9,3,Sick,Low,145.02,3.51,8.46,184.14,126.62
F403,C6076,2024-07-24,Local,3,Kurunegala,4,3,Sick,Medium,35.76,4.41,8.76,180.84,37.04
F20,C6077,2024-07-17,Jersey,7,Kurunegala,7,0,Healthy,Medium,234.36,4.36,9.0,185.23,232.72
F465,C6078,2024-04-08,Holstein,2,Matale,6,0,Healthy,High,410.66,4.77,9.06,182.64,384.84
F30,C6079,2024-09-07,Holstein,2,Nuwara Eliya,4,0,Healthy,Low,443.22,4.75,8.47,191.0,394.2
F344,C6080,2024-12-20,Crossbreed,9,Polonnaruwa,5,1,At_Risk,Medium,224.62,4.14,8.61,185.92,227.77
F235,C6081,2024-05-03,Holstein,2,Nuwara Eliya,1,0,Healthy,Medium,439.08,4.59,8.89,195.69,437.59
F5,C6082,2024-03-26,Jersey,5,Kandy,10,3,Sick,Low,82.52,4.31,8.76,180.93,70.4
F440,C6083,2024-08-30,Holstein,5,Badulla,6,0,Healthy,Low,357.11,4.71,8.47,187.84,374.62
F498,C6084,2024-06-06,Jersey,6,Matale,9,0,Healthy,Medium,210.43,4.14,8.36,188.05,211.28
F152,C6085,2024-06-26,Jersey,10,Matale,3,0,Healthy,Low,284.44,4.74,8.46,187.1,259.93
F393,C6086,2024-09-26,Jersey,9,Nuwara Eliya,4,1,At_Risk,Low,291.11,4.07,8.95,189.92,291.02
F54,C6087,2024-04-23,Local,3,Kandy,3,2,Sick,Medium,42.66,4.65,8.97,192.57,44.61
F93,C6088,2024-03-21,Crossbreed,8,Nuwara Eliya,8,0,Healthy,Low,170.23,4.23,8.49,186.08,171.62
F314,C6089,2024-12-17,Crossbreed,3,Badulla,2,0,Healthy,Medium,229.42,4.51,9.01,181.54,227.83
F119,C6090,2024-02-11,Local,10,Monaragala,1,1,At_Risk,Medium,73.09,4.34,8.72,184.07,68.04
F179,C6091,2024-08-04,Crossbreed,2,Polonnaruwa,4,3,Sick,Medium,91.52,4.39,8.96,189.84,89.8
F331,C6092,2024-01-15,Crossbreed,5,Nuwara Eliya,2,1,At_Risk,Low,143.46,3.71,8.81,168.04,129.03
F208,C6093,2024-08-13,Jersey,2,Kandy,8,2,Sick,Low,202.36,4.65,8.77,180.93,198.04
F107,C6094,2024-07-26,Holstein,2,Anuradhapura,4,2,Sick,Medium,261.73,4.38,8.92,184.85,274.2
F412,C6095,2024-12-07,Holstein,10,Badulla,4,0,Healthy,Low,538.47,4.44,8.67,191.24,516.76
F362,C6096,2024-05-14,Crossbreed,5,Polonnaruwa,10,3,Sick,Low,78.33,4.4,9.06,176.72,80.45
F35,C6097,2024-09-07,Crossbreed,2,Monaragala,2,1,At_Risk,Medium,155.0,3.74,8.51,178.0,153.18
F244,C6098,2024-12-01,Jersey,7,Nuwara Eliya,5,2,Sick,High,252.73,4.69,8.75,178.48,235.18
F364,C6099,2024-05-02,Jersey,9,Kurunegala,2,0,Healthy,Low,238.27,4.64,8.6,194.74,242.34
F1,C6100,2024-12-23,Holstein,4,Anuradhapura,4,0,Healthy,Low,582.83,4.29,8.58,187.33,588.01
F309,C6101,2024-05-22,Holstein,3,Monaragala,2,0,Healthy,Medium,394.67,4.11,8.31,184.33,379.8
F364,C6102,2024-04-25,Crossbreed,3,Kandy,10,2,Sick,Low,117.71,3.81,8.23,176.6,101.53
F311,C6103,2024-06-17,Local,9,Monaragala,3,1,At_Risk,Medium,84.76,4.35,8.77,190.35,85.39
F77,C6104,2024-01-30,Jersey,2,Badulla,6,0,Healthy,High,318.95,4.58,8.22,180.26,274.12
F274,C6105,2024-06-04,Holstein,10,Anuradhapura,6,0,Healthy,High,343.1,4.02,9.01,175.08,347.76
F393,C6106,2024-07-10,Crossbreed,5,Kandy,4,3,Sick,Low,124.35,3.96,9.02,174.07,123.77
F207,C6107,2024-06-29,Jersey,6,Kurunegala,10,0,Healthy,High,195.44,4.48,8.91,176.89,198.74
F322,C6108,2024-07-09,Jersey,3,Matale,2,2,Sick,Low,160.94,3.78,8.5,178.4,146.44
F23,C6109,2024-09-28,Jersey,8,Kandy,2,0,Healthy,High,285.2,4.52,9.02,189.21,248.63
F133,C6110,2024-11-27,Jersey,9,Badulla,10,0,Healthy,Medium,187.05,4.43,9.03,176.59,182.91
F430,C6111,2024-12-11,Jersey,9,Kurunegala,3,2,Sick,Medium,243.3,4.18,9.11,172.21,208.92
F416,C6112,2024-06-06,Jersey,8,Monaragala,2,0,Healthy,Low,319.54,4.5,9.06,185.59,330.65
F185,C6113,2024-08-04,Jersey,6,Kurunegala,1,0,Healthy,Medium,293.29,4.16,8.97,172.95,298.66
F24,C6114,2024-06-08,Local,3,Nuwara Eliya,1,1,At_Risk,Medium,45.98,4.72,9.15,191.41,40.73
F334,C6115,2024-08-14,Jersey,4,Kandy,7,2,Sick,Low,188.29,4.19,9.05,178.16,176.59
F135,C6116,2024-03-23,Crossbreed,8,Polonnaruwa,6,2,Sick,High,117.66,4.09,9.01,188.6,119.38
F357,C6117,2024-09-16,Local,5,Kurunegala,5,0,Healthy,High,90.47,4.59,9.15,189.02,87.85
F182,C6118,2024-07-27,Crossbreed,2,Polonnaruwa,10,1,At_Risk,High,85.48,4.28,8.79,176.59,79.65
F205,C6119,2024-08-18,Crossbreed,5,Matale,8,0,Healthy,Low,217.07,4.0,9.13,173.05,202.07
F104,C6120,2024-08-27,Local,4,Nuwara Eliya,4,1,At_Risk,Medium,80.28,4.18,9.04,175.72,71.38
F454,C6121,2024-08-12,Jersey,7,Kurunegala,3,0,Healthy,Medium,391.42,4.14,8.4,184.12,380.07
F492,C6122,2024-09-28,Local,5,Nuwara Eliya,1,0,Healthy,Medium,78.2,4.38,8.31,183.11,79.73
F425,C6123,2024-05-11,Holstein,4,Anuradhapura,7,0,Healthy,Medium,492.35,4.78,9.1,181.74,475.54
F177,C6124,2024-12-06,Crossbreed,8,Anuradhapura,9,3,Sick,High,60.96,4.22,8.99,188.14,55.33
F91,C6125,2024-11-16,Crossbreed,10,Monaragala,5,2,Sick,Medium,164.58,3.61,8.46,175.1,157.09
F454,C6126,2024-02-08,Jersey,6,Kurunegala,7,2,Sick,Low,165.96,3.93,9.09,181.24,169.13
F102,C6127,2024-05-27,Jersey,8,Monaragala,2,0,Healthy,Medium,330.3,4.63,8.24,188.4,329.46
F430,C6128,2024-05-31,Crossbreed,10,Matale,2,0,Healthy,High,226.5,4.6,8.46,187.71,231.08
F279,C6129,2024-01-12,Jersey,4,Badulla,4,0,Healthy,Medium,303.75,4.4,9.01,181.92,297.24
F432,C6130,2024-02-06,Crossbreed,8,Anuradhapura,8,1,At_Risk,Low,108.99,4.57,8.43,190.12,93.74
F400,C6131,2024-11-03,Jersey,4,Kurunegala,6,0,Healthy,Low,325.56,4.13,9.11,172.25,338.47
F356,C6132,2024-11-11,Jersey,2,Nuwara Eliya,9,3,Sick,High,108.86,4.03,8.38,181.7,108.53
F107,C6133,2024-12-17,Jersey,2,Matale,4,0,Healthy,Low,316.85,3.59,8.68,170.29,270.18
F13,C6134,2024-02-25,Crossbreed,8,Monaragala,4,0,Healthy,High,274.56,4.76,8.73,184.25,242.28
F371,C6135,2024-03-03,Jersey,7,Anuradhapura,3,0,Healthy,Medium,361.43,4.02,8.98,181.49,351.61
F268,C6136,2024-10-30,Holstein,9,Kandy,1,2,Sick,Medium,205.95,4.1,9.06,183.37,177.97
F21,C6137,2024-10-08,Local,5,Kurunegala,5,0,Healthy,Medium,65.28,3.58,8.32,167.04,57.02
F346,C6138,2024-11-17,Crossbreed,5,Anuradhapura,1,1,At_Risk,Medium,159.12,3.57,9.17,177.7,162.39
F58,C6139,2024-07-09,Holstein,2,Matale,2,0,Healthy,High,401.39,3.99,9.08,170.57,384.71
F161,C6140,2024-07-16,Crossbreed,5,Badulla,10,0,Healthy,High,125.48,3.63,9.18,182.48,117.49
F497,C6141,2024-07-03,Local,2,Matale,8,0,Healthy,High,86.4,4.34,8.6,191.37,76.87
F129,C6142,2024-05-26,Holstein,9,Kurunegala,8,2,Sick,Low,237.87,4.17,8.56,181.76,210.89
F364,C6143,2024-01-01,Local,7,Anuradhapura,3,1,At_Risk,Low,55.51,3.91,9.13,186.34,52.13
F476,C6144,2024-04-22,Jersey,8,Kurunegala,5,0,Healthy,Medium,253.4,4.53,9.09,178.56,257.54
F68,C6145,2024-12-30,Jersey,5,Kandy,1,2,Sick,Low,202.24,4.44,9.12,182.74,200.73
F455,C6146,2024-08-25,Local,5,Badulla,4,0,Healthy,Medium,112.88,3.77,8.52,187.19,115.65
F416,C6147,2024-03-23,Local,3,Matale,1,1,At_Risk,Low,64.18,3.79,8.89,187.23,67.2
F319,C6148,2024-11-12,Local,5,Kurunegala,6,0,Healthy,Low,79.26,4.31,8.32,189.67,74.48
F379,C6149,2024-02-01,Holstein,9,Polonnaruwa,4,2,Sick,Low,231.5,4.53,8.81,185.94,237.61
F484,C6150,2024-05-25,Jersey,5,Matale,3,0,Healthy,High,315.52,4.7,9.01,181.06,284.36
F30,C6151,2024-02-10,Jersey,10,Nuwara Eliya,6,2,Sick,Low,205.52,4.32,8.35,179.73,179.89
F214,C6152,2024-05-10,Crossbreed,7,Nuwara Eliya,1,0,Healthy,High,236.33,4.06,8.48,186.98,225.73
F32,C6153,2024-06-20,Jersey,5,Matale,1,0,Healthy,Low,319.51,3.58,8.64,183.79,292.97
F72,C6154,2024-10-29,Holstein,10,Kurunegala,4,3,Sick,High,237.23,3.99,8.52,174.67,213.34
F236,C6155,2024-12-17,Jersey,8,Polonnaruwa,10,1,At_Risk,High,186.11,4.31,8.21,176.24,184.14
F135,C6156,2024-11-03,Crossbreed,3,Monaragala,8,0,Healthy,Medium,141.29,3.81,8.55,183.93,139.03
F144,C6157,2024-05-23,Local,7,Kurunegala,6,1,At_Risk,High,51.2,4.5,8.85,193.67,46.13
F86,C6158,2024-11-17,Holstein,7,Polonnaruwa,1,1,At_Risk,Medium,421.84,3.53,8.54,174.48,441.75
F30,C6159,2024-01-25,Crossbreed,7,Nuwara Eliya,8,0,Healthy,Low,203.9,4.01,8.67,172.79,207.12
F420,C6160,2024-05-13,Jersey,4,Nuwara Eliya,7,1,At_Risk,Medium,279.51,3.72,8.73,174.84,281.9
F273,C6161,2024-10-09,Local,10,Matale,8,0,Healthy,Medium,83.57,3.98,8.51,182.54,73.25
F122,C6162,2024-05-05,Local,7,Monaragala,10,0,Healthy,Low,75.63,4.1,9.13,175.79,78.26
F71,C6163,2024-04-13,Jersey,10,Monaragala,3,0,Healthy,High,378.86,4.14,8.74,187.39,341.47
F49,C6164,2024-12-25,Crossbreed,2,Kandy,3,1,At_Risk,High,151.8,3.72,8.37,186.68,134.14
F35,C6165,2024-11-23,Crossbreed,6,Badulla,1,0,Healthy,Medium,206.99,3.6,8.36,185.53,181.73
F313,C6166,2024-04-27,Crossbreed,2,Matale,4,3,Sick,Medium,90.25,3.69,8.81,169.65,81.33
F251,C6167,2024-01-25,Local,6,Matale,2,0,Healthy,Low,88.9,3.65,8.53,183.32,90.51
F451,C6168,2024-03-15,Jersey,2,Polonnaruwa,6,0,Healthy,Low,233.98,4.36,8.93,186.71,215.81
F124,C6169,2024-07-12,Jersey,8,Monaragala,3,1,At_Risk,High,300.18,3.8,8.37,184.61,314.44
F326,C6170,2024-03-16,Jersey,10,Kurunegala,3,0,Healthy,High,321.38,4.12,8.24,182.7,280.83
F361,C6171,2024-10-17,Holstein,3,Matale,9,1,At_Risk,High,195.48,3.98,9.07,182.8,195.1
F327,C6172,2024-01-06,Jersey,10,Anuradhapura,10,3,Sick,High,83.18,4.46,9.03,191.33,86.23
F302,C6173,2024-04-29,Crossbreed,10,Kurunegala,6,1,At_Risk,High,175.17,3.95,8.42,188.67,163.77
F446,C6174,2024-08-12,Local,5,Kandy,5,1,At_Risk,Low,64.41,3.8,8.44,168.59,67.44
F3,C6175,2024-11-11,Jersey,4,Nuwara Eliya,9,0,Healthy,High,233.06,4.41,8.43,180.75,205.43
F222,C6176,2024-12-24,Local,7,Kurunegala,1,0,Healthy,Low,80.01,4.15,8.67,177.26,79.74
F282,C6177,2024-08-08,Local,5,Kandy,10,0,Healthy,Low,55.77,3.8,9.08,181.88,51.74
F114,C6178,2024-02-27,Local,2,Anuradhapura,4,0,Healthy,Low,85.43,3.6,8.37,181.75,74.13
F278,C6179,2024-09-17,Holstein,7,Anuradhapura,7,0,Healthy,Low,459.87,4.05,8.9,173.2,471.94
F263,C6180,2024-12-01,Local,9,Matale,7,2,Sick,High,62.82,4.1,9.15,190.54,56.85
F55,C6181,2024-12-19,Local,6,Polonnaruwa,6,0,Healthy,High,58.17,4.76,8.94,195.1,53.85
F385,C6182,2024-05-03,Crossbreed,7,Polonnaruwa,5,0,Healthy,Low,221.72,3.77,8.36,169.67,230.58
F383,C6183,2024-10-16,Holstein,6,Anuradhapura,4,1,At_Risk,Medium,402.87,4.69,8.37,177.38,387.2
F184,C6184,2024-10-06,Local,9,Nuwara Eliya,5,0,Healthy,High,60.91,4.59,8.38,177.43,58.11
F123,C6185,2024-12-12,Local,4,Kandy,10,2,Sick,Low,41.82,4.53,8.29,175.59,37.74
F70,C6186,2024-02-18,Jersey,10,Monaragala,2,0,Healthy,Low,332.46,4.57,8.26,192.89,314.92
F476,C6187,2024-09-09,Local,5,Kurunegala,2,2,Sick,High,62.95,3.68,8.75,186.19,54.61
F190,C6188,2024-06-13,Local,4,Matale,7,1,At_Risk,Low,74.1,4.45,8.95,193.11,75.28
F358,C6189,2024-08-04,Local,4,Anuradhapura,4,2,Sick,Low,63.61,4.72,8.62,179.19,62.87
F231,C6190,2024-10-24,Holstein,3,Matale,1,1,At_Risk,High,345.0,4.63,8.43,196.24,328.81
F198,C6191,2024-08-07,Crossbreed,2,Matale,2,0,Healthy,Medium,192.54,3.65,8.77,170.79,195.58
F199,C6192,2024-08-01,Jersey,2,Nuwara Eliya,10,0,Healthy,Medium,190.9,3.7,9.1,167.75,190.16
F202,C6193,2024-09-04,Local,4,Kandy,4,0,Healthy,High,70.13,4.41,8.38,187.95,71.15
F399,C6194,2024-09-08,Holstein,9,Badulla,3,0,Healthy,Low,591.54,4.2,8.81,191.34,516.13
F353,C6195,2024-05-30,Local,10,Polonnaruwa,8,1,At_Risk,High,52.7,4.55,8.76,191.27,48.95
F288,C6196,2024-12-24,Local,2,Matale,6,3,Sick,Medium,32.25,4.69,8.79,194.26,32.33
F84,C6197,2024-08-10,Crossbreed,4,Badulla,7,2,Sick,High,104.72,4.18,8.5,178.66,94.97
F392,C6198,2024-03-11,Crossbreed,5,Kurunegala,7,0,Healthy,Medium,180.85,4.13,8.84,182.48,189.18
F21,C6199,2024-01-05,Holstein,10,Nuwara Eliya,5,0,Healthy,High,407.34,4.17,8.91,173.02,346.83
F449,C6200,2024-07-16,Jersey,7,Kandy,10,0,Healthy,Low,190.98,4.78,8.39,186.97,163.5
F225,C6201,2024-07-01,Jersey,2,Matale,6,2,Sick,Medium,193.69,3.69,8.26,166.96,177.22
F326,C6202,2024-05-19,Holstein,2,Polonnaruwa,7,2,Sick,High,200.25,4.21,8.56,180.64,190.35
F252,C6203,2024-01-07,Holstein,5,Nuwara Eliya,1,1,At_Risk,Low,458.11,4.65,8.98,191.19,397.71
F281,C6204,2024-01-06,Holstein,2,Kurunegala,8,0,Healthy,Medium,491.89,3.67,8.29,169.17,471.54
F385,C6205,2024-01-07,Local,4,Anuradhapura,5,2,Sick,Low,46.81,4.23,8.69,190.41,42.02
F32,C6206,2024-03-17,Jersey,3,Kurunegala,8,3,Sick,Low,114.66,3.6,8.92,176.06,110.66
F150,C6207,2024-07-22,Holstein,9,Badulla,10,0,Healthy,Low,275.9,3.51,8.62,178.34,258.35
F105,C6208,2024-07-29,Holstein,9,Nuwara Eliya,3,1,At_Risk,High,364.72,3.67,9.0,183.87,340.7
F349,C6209,2024-09-11,Jersey,2,Anuradhapura,2,0,Healthy,Low,225.19,3.79,8.76,187.41,194.59
F118,C6210,2024-01-26,Local,7,Nuwara Eliya,5,0,Healthy,Medium,66.29,3.82,8.83,185.43,58.28
F204,C6211,2024-08-15,Holstein,10,Kurunegala,4,1,At_Risk,High,490.18,4.39,9.0,184.06,508.56
F431,C6212,2024-07-06,Local,2,Anuradhapura,3,0,Healthy,Low,80.61,4.2,8.25,179.15,80.51
F413,C6213,2024-01-29,Local,6,Anuradhapura,3,0,Healthy,High,102.36,4.09,8.38,190.54,98.85
F208,C6214,2024-12-12,Holstein,2,Kurunegala,2,0,Healthy,Low,531.5,4.8,8.85,191.37,477.68
F104,C6215,2024-08-24,Local,10,Anuradhapura,3,0,Healthy,Medium,112.39,3.63,9.1,182.86,107.94
F308,C6216,2024-04-14,Holstein,5,Badulla,6,0,Healthy,Medium,459.31,4.08,8.76,184.83,422.87
F127,C6217,2024-10-03,Crossbreed,3,Monaragala,8,0,Healthy,High,213.43,4.34,8.71,175.17,188.05
F421,C6218,2024-04-11,Jersey,10,Kandy,8,0,Healthy,Low,274.82,3.59,8.44,184.71,266.1
F471,C6219,2024-09-24,Local,3,Polonnaruwa,1,2,Sick,Medium,43.46,4.66,8.59,195.04,42.4
F76,C6220,2024-12-30,Jersey,4,Kurunegala,5,2,Sick,High,211.83,4.29,8.61,175.55,213.56
F418,C6221,2024-04-04,Crossbreed,10,Anuradhapura,1,1,At_Risk,High,154.5,3.83,9.08,171.97,155.91
F141,C6222,2024-02-03,Crossbreed,6,Nuwara Eliya,3,1,At_Risk,High,192.67,4.51,8.7,176.21,186.14
F133,C6223,2024-09-15,Jersey,4,Nuwara Eliya,5,0,Healthy,Low,284.6,4.45,8.72,175.46,278.62
F432,C6224,2024-05-10,Local,4,Matale,3,0,Healthy,Low,64.63,4.44,9.03,184.43,63.37
F73,C6225,2024-01-27,Crossbreed,6,Nuwara Eliya,4,0,Healthy,Medium,276.81,3.55,8.83,173.59,253.18
F270,C6226,2024-09-20,Local,2,Kandy,1,1,At_Risk,High,84.68,4.18,8.42,180.25,86.76
F141,C6227,2024-05-15,Local,4,Monaragala,7,0,Healthy,High,67.71,4.28,8.48,190.66,66.75
F65,C6228,2024-08-08,Local,7,Polonnaruwa,2,0,Healthy,Medium,98.02,4.38,8.46,180.17,98.84
F58,C6229,2024-01-26,Holstein,4,Kurunegala,3,1,At_Risk,Low,450.83,3.84,8.94,180.5,428.62
F73,C6230,2024-09-11,Local,7,Matale,2,0,Healthy,Low,73.91,4.06,8.22,170.75,70.39
F262,C6231,2024-04-19,Jersey,4,Polonnaruwa,2,2,Sick,Medium,187.2,4.23,9.12,187.43,165.73
F278,C6232,2024-04-01,Local,9,Kandy,1,1,At_Risk,Medium,57.12,4.01,8.59,181.91,59.78
F272,C6233,2024-03-20,Local,2,Matale,7,0,Healthy,High,62.4,3.84,8.48,169.65,53.27
F58,C6234,2024-07-07,Crossbreed,7,Nuwara Eliya,9,0,Healthy,Medium,162.59,3.75,8.63,181.46,155.93
F226,C6235,2024-08-30,Local,9,Polonnaruwa,10,1,At_Risk,Low,62.15,4.45,8.34,186.89,57.64
F101,C6236,2024-12-17,Crossbreed,8,Kurunegala,1,2,Sick,High,101.47,4.34,8.39,192.37,100.62
F37,C6237,2024-07-25,Local,2,Badulla,2,3,Sick,Low,39.54,4.16,8.73,189.41,34.02
F253,C6238,2024-12-19,Jersey,8,Kurunegala,2,0,Healthy,Medium,252.62,4.29,9.03,182.25,230.19
F266,C6239,2024-06-23,Holstein,9,Monaragala,2,0,Healthy,Medium,537.79,4.65,8.91,179.52,476.5
F86,C6240,2024-12-21,Holstein,8,Badulla,4,0,Healthy,High,565.16,4.53,8.84,177.01,540.81
F226,C6241,2024-02-01,Holstein,3,Polonnaruwa,5,3,Sick,Medium,158.49,4.22,8.99,173.47,154.37
F298,C6242,2024-03-12,Local,3,Kandy,1,1,At_Risk,High,73.69,4.22,8.68,181.67,67.35
F197,C6243,2024-01-01,Crossbreed,3,Kandy,10,0,Healthy,High,165.36,3.82,9.05,182.68,141.01
F318,C6244,2024-05-26,Holstein,8,Anuradhapura,7,1,At_Risk,Medium,362.59,4.12,8.67,177.3,347.95
F106,C6245,2024-10-01,Crossbreed,7,Matale,8,3,Sick,Medium,89.7,4.08,8.26,183.4,88.44
F236,C6246,2024-04-17,Jersey,10,Anuradhapura,8,1,At_Risk,Medium,195.63,3.65,8.45,174.73,169.5
F349,C6247,2024-09-03,Holstein,10,Polonnaruwa,9,1,At_Risk,Low,273.91,4.75,8.64,184.16,255.39
F100,C6248,2024-11-27,Crossbreed,5,Kurunegala,6,3,Sick,Medium,82.2,4.15,8.98,186.62,72.9
F27,C6249,2024-12-07,Holstein,2,Anuradhapura,10,3,Sick,Medium,166.15,3.93,8.51,183.72,149.58
F114,C6250,2024-05-01,Local,2,Kandy,10,1,At_Risk,Medium,58.43,4.43,8.96,192.37,56.03
F336,C6251,2024-01-12,Holstein,3,Polonnaruwa,7,0,Healthy,High,418.7,4.65,8.54,192.37,369.1
F488,C6252,2024-11-22,Crossbreed,2,Nuwara Eliya,10,0,Healthy,High,137.9,4.57,8.32,182.05,118.94
F451,C6253,2024-10-24,Holstein,3,Monaragala,9,1,At_Risk,Medium,208.08,4.58,8.51,193.79,185.99
F121,C6254,2024-06-15,Crossbreed,6,Kandy,8,0,Healthy,High,156.0,4.35,8.36,182.8,151.74
F413,C6255,2024-07-15,Jersey,6,Monaragala,4,2,Sick,High,228.5,4.61,8.21,176.22,220.28
F30,C6256,2024-06-05,Crossbreed,4,Nuwara Eliya,6,2,Sick,Low,116.24,4.79,8.43,190.84,119.09
F260,C6257,2024-12-11,Local,7,Nuwara Eliya,5,0,Healthy,Low,73.57,4.37,8.72,185.68,68.28
F307,C6258,2024-06-02,Local,4,Kurunegala,1,2,Sick,High,62.35,4.06,8.83,171.55,54.21
F37,C6259,2024-04-27,Holstein,9,Badulla,5,0,Healthy,Low,539.48,4.16,8.32,186.66,467.45
F7,C6260,2024-01-03,Crossbreed,9,Anuradhapura,10,0,Healthy,High,109.29,4.32,8.95,191.66,94.35
F17,C6261,2024-11-27,Jersey,10,Anuradhapura,8,3,Sick,High,120.34,4.04,8.54,173.26,102.65
F462,C6262,2024-09-19,Crossbreed,3,Kurunegala,4,3,Sick,High,75.05,4.19,9.01,176.95,72.15
F393,C6263,2024-12-05,Crossbreed,9,Matale,4,2,Sick,High,150.06,4.3,8.7,178.49,134.86
F371,C6264,2024-04-09,Jersey,10,Monaragala,3,0,Healthy,Low,266.55,3.85,8.88,172.18,253.64
F118,C6265,2024-06-12,Crossbreed,2,Nuwara Eliya,5,3,Sick,High,121.34,4.47,9.13,177.5,107.8
F318,C6266,2024-08-24,Holstein,6,Monaragala,1,2,Sick,Medium,339.55,3.78,8.66,176.89,324.72
F50,C6267,2024-10-31,Jersey,3,Matale,1,0,Healthy,Medium,342.92,3.54,8.61,172.26,292.34
F322,C6268,2024-06-11,Holstein,2,Anuradhapura,9,0,Healthy,Low,243.41,4.77,8.41,184.68,239.12
F248,C6269,2024-11-14,Holstein,4,Kandy,1,2,Sick,Low,250.23,4.18,8.86,184.39,256.48
F229,C6270,2024-12-13,Crossbreed,9,Polonnaruwa,7,0,Healthy,Low,225.66,3.7,8.42,183.56,220.39
F357,C6271,2024-05-04,Holstein,7,Polonnaruwa,1,0,Healthy,Low,372.02,4.17,8.99,182.79,342.32
F99,C6272,2024-08-03,Jersey,6,Monaragala,1,2,Sick,Medium,171.67,4.67,8.53,180.58,159.18
F224,C6273,2024-07-03,Local,7,Polonnaruwa,2,3,Sick,High,47.16,3.8,8.36,186.8,42.55
F244,C6274,2024-08-12,Jersey,2,Badulla,1,0,Healthy,Medium,276.56,3.98,8.49,171.38,258.34
F484,C6275,2024-04-01,Holstein,5,Polonnaruwa,6,0,Healthy,Medium,450.71,4.15,9.06,182.93,454.04
F107,C6276,2024-12-25,Jersey,10,Monaragala,2,1,At_Risk,Medium,201.05,3.84,8.41,179.74,176.24
F277,C6277,2024-06-26,Crossbreed,5,Kurunegala,7,0,Healthy,High,228.82,3.51,8.4,169.41,224.47
F81,C6278,2024-06-25,Holstein,8,Anuradhapura,6,0,Healthy,Medium,430.3,4.63,8.5,187.23,442.34
F404,C6279,2024-03-29,Crossbreed,3,Kurunegala,2,0,Healthy,Medium,227.03,4.69,8.77,192.11,228.72
F82,C6280,2024-12-12,Crossbreed,6,Monaragala,1,0,Healthy,Medium,183.52,3.72,9.11,175.5,164.88
F418,C6281,2024-11-07,Jersey,7,Matale,1,0,Healthy,Low,284.16,4.66,8.23,195.73,282.39
F226,C6282,2024-08-13,Crossbreed,8,Monaragala,5,0,Healthy,Medium,241.5,4.11,8.35,175.12,221.31
F88,C6283,2024-01-25,Jersey,10,Polonnaruwa,6,0,Healthy,High,282.87,4.59,8.29,184.27,282.24
F20,C6284,2024-04-09,Jersey,10,Kandy,10,0,Healthy,Medium,169.25,4.08,8.86,174.49,171.16
F392,C6285,2024-11-15,Holstein,6,Anuradhapura,9,0,Healthy,Medium,234.02,4.21,8.29,176.55,232.92
F480,C6286,2024-03-04,Holstein,4,Kurunegala,9,2,Sick,Medium,157.81,4.63,8.98,186.72,151.57
F1,C6287,2024-12-27,Jersey,3,Matale,6,0,Healthy,Low,339.1,3.7,8.68,171.63,331.08
F336,C6288,2024-03-24,Holstein,2,Nuwara Eliya,10,0,Healthy,High,271.79,4.62,8.96,189.63,250.63
F489,C6289,2024-10-13,Local,7,Polonnaruwa,2,1,At_Risk,Low,57.54,4.76,8.25,187.87,54.32
F348,C6290,2024-09-24,Holstein,4,Kandy,10,1,At_Risk,Medium,308.32,3.71,8.77,170.36,279.62
F202,C6291,2024-05-16,Local,5,Badulla,2,2,Sick,High,64.65,3.95,8.7,183.37,64.91
F16,C6292,2024-09-02,Local,7,Nuwara Eliya,8,0,Healthy,High,100.6,4.57,8.46,184.08,102.84
F146,C6293,2024-10-06,Local,8,Polonnaruwa,5,0,Healthy,Low,72.88,3.78,9.15,186.28,61.99
F171,C6294,2024-08-01,Jersey,6,Kandy,4,2,Sick,High,188.69,4.07,8.37,177.25,176.55
F130,C6295,2024-09-07,Jersey,8,Polonnaruwa,8,0,Healthy,High,339.89,4.66,8.62,180.03,299.22
F25,C6296,2024-09-16,Crossbreed,10,Nuwara Eliya,4,0,Healthy,Medium,211.53,3.52,8.38,175.22,201.94
F207,C6297,2024-03-28,Holstein,7,Kurunegala,8,2,Sick,Low,301.63,4.37,8.73,181.5,303.55
F86,C6298,2024-04-13,Local,3,Kurunegala,9,0,Healthy,Low,46.56,3.94,8.21,177.86,46.53
F207,C6299,2024-08-10,Holstein,9,Polonnaruwa,8,1,At_Risk,High,313.42,4.37,8.77,175.92,294.7
F365,C6300,2024-07-19,Holstein,9,Anuradhapura,5,1,At_Risk,Medium,496.13,4.05,8.78,174.64,492.52
F174,C6301,2024-12-12,Crossbreed,4,Polonnaruwa,2,2,Sick,Low,142.95,3.65,9.19,185.35,138.01
F462,C6302,2024-12-25,Jersey,10,Kurunegala,9,1,At_Risk,High,188.12,4.34,8.78,181.52,192.69
F101,C6303,2024-06-17,Local,4,Kurunegala,3,0,Healthy,Low,70.97,4.42,9.01,187.69,68.77
F337,C6304,2024-10-31,Crossbreed,7,Badulla,2,0,Healthy,Medium,141.53,3.83,8.29,171.27,135.32
F267,C6305,2024-05-15,Holstein,6,Kandy,7,0,Healthy,Low,445.33,4.34,8.96,174.89,388.75
F102,C6306,2024-01-19,Crossbreed,3,Kurunegala,7,0,Healthy,Low,204.72,4.17,8.52,172.11,197.62
F333,C6307,2024-01-23,Local,7,Kandy,6,0,Healthy,High,63.19,4.6,8.78,186.83,62.01
F176,C6308,2024-02-08,Crossbreed,3,Badulla,10,0,Healthy,High,147.58,4.59,9.01,179.7,125.52
F173,C6309,2024-06-17,Local,6,Badulla,4,0,Healthy,Low,69.24,3.71,9.18,179.56,62.21
F2,C6310,2024-01-10,Jersey,3,Matale,1,2,Sick,Low,215.3,4.78,8.27,195.58,214.97
F213,C6311,2024-05-04,Holstein,2,Matale,6,1,At_Risk,Medium,287.54,4.77,8.73,184.01,271.1
F177,C6312,2024-05-06,Local,9,Matale,10,0,Healthy,Medium,56.83,3.98,8.75,173.47,59.52
F146,C6313,2024-10-17,Holstein,3,Kurunegala,1,0,Healthy,High,447.39,3.62,9.11,178.62,452.26
F182,C6314,2024-10-16,Crossbreed,6,Badulla,8,0,Healthy,Low,138.14,4.32,8.57,178.66,138.29
F288,C6315,2024-08-13,Local,6,Anuradhapura,2,0,Healthy,Low,105.38,4.78,9.02,182.92,100.8
F188,C6316,2024-11-07,Jersey,8,Polonnaruwa,3,1,At_Risk,High,301.94,4.78,8.54,180.69,260.98
F73,C6317,2024-12-06,Local,2,Nuwara Eliya,3,3,Sick,Low,35.35,4.54,8.29,193.48,36.67
F185,C6318,2024-01-26,Crossbreed,10,Badulla,5,1,At_Risk,Low,155.47,4.79,9.11,183.19,151.61
F477,C6319,2024-06-19,Holstein,10,Matale,8,3,Sick,Medium,191.36,4.27,9.04,186.05,185.32
F215,C6320,2024-06-13,Local,5,Matale,2,0,Healthy,Medium,70.98,4.24,8.93,191.73,71.67
F97,C6321,2024-09-20,Crossbreed,5,Polonnaruwa,4,0,Healthy,Medium,254.85,3.57,8.54,173.72,230.31
F405,C6322,2024-01-10,Jersey,3,Kurunegala,10,1,At_Risk,Low,203.69,3.83,8.92,170.65,210.58
F432,C6323,2024-05-23,Crossbreed,8,Badulla,1,2,Sick,Medium,89.26,3.84,8.61,176.98,85.0
F87,C6324,2024-02-01,Holstein,8,Kandy,8,1,At_Risk,Low,268.02,4.63,9.1,182.81,249.33
F38,C6325,2024-07-27,Crossbreed,9,Nuwara Eliya,2,0,Healthy,Low,203.38,4.45,8.28,192.37,204.13
F282,C6326,2024-11-13,Crossbreed,5,Monaragala,9,0,Healthy,High,117.75,4.06,9.01,172.15,121.82
F273,C6327,2024-04-17,Local,6,Kurunegala,6,0,Healthy,High,51.21,4.13,8.97,190.21,47.85
F315,C6328,2024-01-10,Jersey,6,Kandy,6,0,Healthy,Medium,311.74,4.26,8.88,189.84,298.0
F103,C6329,2024-07-30,Local,8,Kurunegala,4,2,Sick,Medium,44.18,3.94,8.28,186.1,41.82
F251,C6330,2024-07-14,Jersey,10,Matale,1,0,Healthy,Medium,309.29,4.78,9.04,193.76,267.9
F157,C6331,2024-07-02,Holstein,10,Kurunegala,7,0,Healthy,High,366.16,4.22,8.7,186.07,354.47
F92,C6332,2024-02-05,Local,4,Monaragala,5,0,Healthy,Medium,103.18,3.55,8.45,171.92,103.56
F314,C6333,2024-10-08,Jersey,2,Kurunegala,7,0,Healthy,Low,220.7,4.18,8.3,171.94,197.92
F443,C6334,2024-03-26,Jersey,8,Kurunegala,5,1,At_Risk,Low,299.2,3.67,8.69,184.48,312.18
F44,C6335,2024-03-06,Crossbreed,10,Polonnaruwa,2,0,Healthy,High,170.49,4.7,9.11,177.88,151.05
F164,C6336,2024-07-13,Crossbreed,9,Anuradhapura,3,0,Healthy,Medium,245.75,3.71,8.8,167.1,221.16
F62,C6337,2024-05-05,Jersey,10,Badulla,6,0,Healthy,Medium,248.65,3.89,8.91,169.96,238.77
F407,C6338,2024-12-16,Jersey,10,Anuradhapura,3,0,Healthy,Medium,288.7,4.05,8.73,171.23,289.52
F73,C6339,2024-10-28,Holstein,8,Polonnaruwa,6,0,Healthy,Low,393.76,3.98,8.54,177.81,371.61
F302,C6340,2024-09-29,Crossbreed,3,Anuradhapura,5,0,Healthy,High,242.27,4.59,8.67,190.18,251.36
F207,C6341,2024-12-22,Crossbreed,6,Badulla,9,0,Healthy,Low,110.41,4.03,8.66,180.67,98.68
F479,C6342,2024-08-27,Crossbreed,8,Kurunegala,3,0,Healthy,Medium,209.95,3.74,9.02,186.53,193.26
F184,C6343,2024-04-16,Local,2,Matale,2,2,Sick,Medium,64.4,3.62,8.84,170.26,60.25
F284,C6344,2024-08-17,Local,2,Kandy,3,1,At_Risk,Low,93.23,3.71,9.18,180.78,97.87
F137,C6345,2024-06-26,Crossbreed,6,Anuradhapura,10,2,Sick,Low,111.2,3.71,8.22,169.82,115.08
F270,C6346,2024-03-30,Crossbreed,5,Anuradhapura,3,0,Healthy,Medium,213.95,3.53,8.73,166.84,223.6
F306,C6347,2024-08-30,Holstein,2,Nuwara Eliya,1,2,Sick,High,279.38,3.76,8.92,178.7,254.47
F208,C6348,2024-09-11,Holstein,10,Anuradhapura,6,0,Healthy,Medium,492.12,3.52,8.79,180.63,439.27
F76,C6349,2024-11-28,Crossbreed,6,Matale,10,0,Healthy,Low,160.89,4.7,8.33,195.94,156.59
F424,C6350,2024-01-06,Jersey,7,Matale,3,2,Sick,Medium,243.73,4.42,8.86,179.71,246.3
F131,C6351,2024-11-16,Crossbreed,6,Polonnaruwa,6,0,Healthy,Medium,136.96,4.33,8.78,190.38,121.04
F437,C6352,2024-07-17,Local,9,Polonnaruwa,8,3,Sick,Medium,24.6,4.27,8.69,189.4,23.22
F30,C6353,2024-06-20,Crossbreed,7,Anuradhapura,4,3,Sick,High,99.63,4.09,9.03,187.52,101.64
F415,C6354,2024-04-13,Crossbreed,4,Monaragala,6,1,At_Risk,Medium,164.24,4.26,8.39,177.32,152.79
F10,C6355,2024-06-25,Holstein,3,Kandy,9,1,At_Risk,High,278.06,4.65,9.07,179.48,260.78
F487,C6356,2024-02-27,Local,2,Kandy,9,0,Healthy,Low,69.22,3.62,8.5,166.72,71.47
F58,C6357,2024-10-09,Local,10,Kandy,6,0,Healthy,Low,68.94,3.84,8.21,186.97,65.53
F138,C6358,2024-06-12,Holstein,2,Matale,3,0,Healthy,Low,498.46,4.48,9.15,187.94,494.46
F368,C6359,2024-09-10,Local,5,Kurunegala,3,2,Sick,Low,47.06,3.88,9.09,182.02,44.12
F452,C6360,2024-11-18,Local,3,Badulla,4,0,Healthy,High,81.32,4.06,8.94,174.25,80.9
F222,C6361,2024-08-31,Holstein,9,Kurunegala,8,0,Healthy,Low,457.59,4.64,8.93,186.94,459.05
F398,C6362,2024-09-10,Crossbreed,9,Matale,10,2,Sick,Medium,92.8,4.43,8.65,192.95,89.51
F444,C6363,2024-01-06,Jersey,2,Kurunegala,7,0,Healthy,Low,277.11,4.28,9.13,178.75,256.4
F23,C6364,2024-07-23,Jersey,6,Matale,3,0,Healthy,Low,315.15,3.83,8.67,168.71,317.43
F482,C6365,2024-08-02,Jersey,4,Nuwara Eliya,10,0,Healthy,High,240.09,4.54,8.79,185.23,224.27
F217,C6366,2024-05-24,Crossbreed,8,Monaragala,8,1,At_Risk,Low,109.86,3.76,8.64,185.63,109.89
F49,C6367,2024-01-02,Crossbreed,6,Kandy,3,1,At_Risk,Low,153.23,4.46,8.26,182.94,144.4
F191,C6368,2024-10-05,Crossbreed,7,Monaragala,3,0,Healthy,Low,177.48,3.71,8.77,173.47,168.96
F58,C6369,2024-12-12,Jersey,2,Kandy,7,1,At_Risk,Medium,213.98,3.55,9.03,180.28,188.11
F365,C6370,2024-10-08,Local,3,Anuradhapura,7,1,At_Risk,High,78.05,4.01,8.72,182.5,71.63
F3,C6371,2024-07-20,Crossbreed,9,Matale,3,0,Healthy,Medium,228.51,3.79,8.89,168.8,220.89
F80,C6372,2024-10-18,Jersey,4,Anuradhapura,10,0,Healthy,High,179.65,3.65,9.19,177.72,164.11
F464,C6373,2024-05-10,Local,5,Badulla,1,1,At_Risk,High,55.46,3.75,8.92,167.65,51.97
F408,C6374,2024-01-05,Local,6,Polonnaruwa,5,2,Sick,High,61.9,4.47,8.92,190.76,52.64
F346,C6375,2024-05-04,Holstein,4,Nuwara Eliya,3,2,Sick,Medium,247.83,4.19,8.51,188.66,240.93
F331,C6376,2024-06-20,Local,10,Kurunegala,9,3,Sick,Medium,31.75,4.19,8.34,176.41,31.61
F314,C6377,2024-10-15,Holstein,4,Polonnaruwa,3,0,Healthy,High,535.37,3.54,8.64,176.85,512.87
F427,C6378,2024-04-13,Jersey,10,Kurunegala,1,1,At_Risk,High,297.67,4.56,9.13,180.92,284.83
F48,C6379,2024-07-06,Crossbreed,10,Kurunegala,1,1,At_Risk,Medium,138.62,4.09,8.86,180.56,142.23
F489,C6380,2024-01-15,Jersey,8,Kurunegala,2,0,Healthy,Low,238.24,3.97,8.35,188.12,235.49
F307,C6381,2024-09-06,Crossbreed,9,Kandy,5,2,Sick,Low,106.39,4.31,9.01,186.31,101.63
F148,C6382,2024-10-28,Crossbreed,7,Kurunegala,10,0,Healthy,High,118.69,4.44,9.15,185.24,104.22
F287,C6383,2024-02-08,Jersey,7,Anuradhapura,7,0,Healthy,High,303.42,4.12,8.42,190.07,263.83
F57,C6384,2024-06-02,Crossbreed,8,Matale,3,2,Sick,Low,173.07,4.69,8.28,191.13,181.48
F341,C6385,2024-08-05,Holstein,5,Anuradhapura,2,1,At_Risk,High,409.57,4.29,9.19,181.58,364.62
F335,C6386,2024-02-05,Crossbreed,2,Kandy,6,0,Healthy,Low,186.86,3.89,8.63,188.05,195.79
F456,C6387,2024-01-28,Holstein,9,Nuwara Eliya,9,0,Healthy,High,349.72,3.52,8.99,176.74,352.03
F387,C6388,2024-12-10,Local,10,Anuradhapura,3,0,Healthy,Low,83.04,3.6,8.66,171.7,71.04
F136,C6389,2024-05-20,Jersey,3,Anuradhapura,6,0,Healthy,High,285.32,4.55,8.76,183.58,259.93
F52,C6390,2024-02-28,Local,10,Badulla,10,0,Healthy,Medium,39.94,4.39,8.31,177.95,40.47
F127,C6391,2024-01-04,Holstein,8,Matale,6,0,Healthy,Medium,365.03,4.39,8.37,179.51,343.47
F293,C6392,2024-03-13,Local,3,Anuradhapura,3,3,Sick,Low,41.14,4.5,8.87,176.5,36.48
F253,C6393,2024-03-02,Holstein,3,Anuradhapura,4,0,Healthy,High,390.73,4.52,9.04,193.35,403.0
F345,C6394,2024-11-06,Local,3,Kurunegala,3,1,At_Risk,High,64.68,4.79,8.49,189.4,58.72
F127,C6395,2024-05-14,Crossbreed,3,Badulla,1,1,At_Risk,High,155.12,4.73,8.81,181.79,152.2
F357,C6396,2024-05-10,Crossbreed,5,Kandy,7,0,Healthy,High,144.97,3.59,8.43,171.46,151.33
F342,C6397,2024-06-08,Crossbreed,5,Anuradhapura,1,1,At_Risk,High,208.96,3.69,8.53,177.97,203.68
F152,C6398,2024-03-10,Jersey,7,Monaragala,7,0,Healthy,Low,248.96,3.56,8.7,174.72,217.26
F215,C6399,2024-01-11,Holstein,2,Monaragala,7,0,Healthy,Medium,351.07,4.38,8.23,189.3,364.66
F141,C6400,2024-08-12,Jersey,9,Polonnaruwa,9,0,Healthy,High,172.32,4.55,9.18,188.68,178.91
F386,C6401,2024-09-19,Crossbreed,7,Nuwara Eliya,9,0,Healthy,High,116.01,3.58,8.93,168.71,106.9
F386,C6402,2024-04-17,Holstein,2,Anuradhapura,9,2,Sick,High,230.23,4.62,9.07,195.09,230.58
F275,C6403,2024-01-23,Crossbreed,7,Kurunegala,2,1,At_Risk,Medium,147.27,3.56,8.28,174.07,140.08
F122,C6404,2024-06-22,Crossbreed,10,Kandy,1,0,Healthy,Low,236.04,4.76,8.53,197.38,200.69
F333,C6405,2024-07-12,Crossbreed,8,Polonnaruwa,7,2,Sick,Low,121.22,4.21,8.65,180.0,121.63
F226,C6406,2024-11-18,Jersey,3,Anuradhapura,8,0,Healthy,High,220.8,3.93,8.82,182.05,204.43
F461,C6407,2024-04-19,Crossbreed,3,Nuwara Eliya,5,0,Healthy,Medium,210.1,4.57,8.35,186.66,180.05
F257,C6408,2024-04-22,Jersey,4,Nuwara Eliya,9,0,Healthy,Medium,206.43,3.56,9.18,178.68,201.7
F476,C6409,2024-08-27,Local,7,Polonnaruwa,3,0,Healthy,Low,88.24,3.69,8.65,170.12,75.9
F46,C6410,2024-06-20,Local,7,Nuwara Eliya,7,0,Healthy,Low,52.67,3.75,8.89,169.74,44.79
F474,C6411,2024-09-11,Crossbreed,8,Matale,5,1,At_Risk,High,185.28,4.58,8.6,178.66,179.97
F373,C6412,2024-11-03,Jersey,5,Kandy,5,2,Sick,Medium,229.39,4.11,8.22,177.25,201.61
F203,C6413,2024-08-12,Holstein,5,Badulla,7,2,Sick,Low,254.52,3.62,8.65,172.09,262.38
F255,C6414,2024-01-19,Local,2,Anuradhapura,7,0,Healthy,Medium,97.84,4.51,8.86,183.83,98.5
F448,C6415,2024-08-13,Holstein,3,Kurunegala,8,2,Sick,Medium,275.13,4.55,8.55,183.34,257.26
F81,C6416,2024-11-24,Crossbreed,3,Matale,8,2,Sick,Low,106.1,3.93,8.98,177.83,99.15
F30,C6417,2024-10-09,Crossbreed,2,Badulla,4,0,Healthy,Low,168.14,3.51,8.48,168.53,145.47
F126,C6418,2024-05-01,Local,6,Polonnaruwa,5,0,Healthy,Low,84.54,4.51,8.44,177.68,85.29
F176,C6419,2024-04-21,Local,5,Polonnaruwa,1,2,Sick,High,46.76,4.16,8.22,185.84,44.27
F344,C6420,2024-11-24,Crossbreed,7,Monaragala,2,0,Healthy,Medium,190.22,4.47,8.66,184.82,189.52
F148,C6421,2024-07-26,Holstein,6,Monaragala,5,0,Healthy,Medium,413.14,4.4,8.38,192.0,371.82
F59,C6422,2024-03-15,Jersey,6,Nuwara Eliya,2,0,Healthy,Low,234.88,4.8,8.68,196.94,210.21
F283,C6423,2024-04-25,Local,5,Monaragala,4,0,Healthy,Medium,118.7,3.85,8.96,177.49,112.5
F27,C6424,2024-04-04,Local,5,Nuwara Eliya,4,3,Sick,Low,46.95,4.79,8.25,184.53,47.25
F440,C6425,2024-04-11,Crossbreed,9,Polonnaruwa,6,2,Sick,Low,143.76,3.68,8.58,170.56,133.33
F455,C6426,2024-12-09,Holstein,5,Monaragala,6,0,Healthy,Low,467.52,4.37,8.85,189.88,409.08
F433,C6427,2024-12-08,Local,4,Badulla,10,1,At_Risk,Medium,64.07,4.07,8.27,185.51,58.61
F374,C6428,2024-07-17,Crossbreed,3,Matale,3,3,Sick,Medium,86.3,3.55,8.34,169.84,74.43
F144,C6429,2024-08-26,Jersey,8,Polonnaruwa,9,1,At_Risk,High,163.98,4.05,8.96,175.44,147.4
F221,C6430,2024-03-05,Crossbreed,4,Monaragala,7,2,Sick,Medium,141.13,4.36,8.71,173.95,124.43
F347,C6431,2024-08-28,Jersey,4,Badulla,10,2,Sick,High,113.95,3.96,9.18,177.78,112.57
F323,C6432,2024-11-04,Local,9,Kandy,3,2,Sick,High,49.59,4.4,8.32,182.56,49.34
F253,C6433,2024-03-19,Jersey,6,Monaragala,5,2,Sick,High,180.47,4.36,8.33,183.16,180.27
F475,C6434,2024-11-25,Crossbreed,5,Kurunegala,10,1,At_Risk,High,138.37,4.42,8.95,178.89,143.64
F471,C6435,2024-03-02,Local,4,Matale,9,0,Healthy,Medium,42.9,4.02,8.27,184.32,40.93
F64,C6436,2024-11-23,Crossbreed,4,Matale,10,0,Healthy,Low,175.68,4.15,8.3,178.32,177.34
F48,C6437,2024-07-23,Jersey,10,Kurunegala,8,1,At_Risk,High,185.48,4.75,8.56,190.73,167.31
F441,C6438,2024-09-15,Crossbreed,3,Kandy,6,3,Sick,Medium,96.09,4.25,8.43,191.48,84.56
F172,C6439,2024-01-08,Crossbreed,3,Anuradhapura,6,3,Sick,High,96.06,3.78,8.34,186.99,90.52
F462,C6440,2024-04-26,Holstein,10,Monaragala,9,0,Healthy,High,334.23,3.69,8.27,176.29,294.24
F232,C6441,2024-04-15,Jersey,5,Nuwara Eliya,3,0,Healthy,Medium,272.81,4.29,8.42,187.03,250.42
F135,C6442,2024-08-12,Holstein,4,Matale,2,0,Healthy,High,361.51,4.75,8.96,193.64,308.35
F418,C6443,2024-05-13,Holstein,10,Polonnaruwa,5,2,Sick,High,363.08,3.77,8.85,172.35,375.63
F142,C6444,2024-09-04,Crossbreed,9,Polonnaruwa,3,1,At_Risk,Low,234.47,3.6,9.01,177.95,216.38
F137,C6445,2024-06-05,Crossbreed,3,Polonnaruwa,3,0,Healthy,Low,205.04,4.43,8.47,185.91,198.49
F312,C6446,2024-06-19,Jersey,2,Kandy,7,0,Healthy,High,266.11,3.92,9.0,183.58,270.02
F8,C6447,2024-09-25,Local,5,Nuwara Eliya,8,0,Healthy,High,73.86,3.86,8.56,173.1,74.92
F378,C6448,2024-04-27,Local,9,Anuradhapura,7,0,Healthy,High,76.98,4.69,8.44,190.8,66.85
F108,C6449,2024-05-22,Local,8,Matale,10,1,At_Risk,Low,39.5,4.27,8.73,178.54,37.66
F330,C6450,2024-06-02,Jersey,4,Badulla,9,1,At_Risk,Medium,157.36,4.55,8.25,176.19,142.57
F30,C6451,2024-09-01,Jersey,10,Monaragala,1,2,Sick,High,208.1,3.96,8.79,174.27,183.87
F15,C6452,2024-02-22,Holstein,2,Kurunegala,6,2,Sick,High,301.23,4.62,9.09,192.58,286.27
F350,C6453,2024-08-06,Holstein,10,Kurunegala,10,1,At_Risk,Medium,292.73,4.12,8.46,180.83,297.87
F132,C6454,2024-11-25,Crossbreed,9,Monaragala,6,0,Healthy,High,161.67,3.62,8.58,175.62,146.74
F4,C6455,2024-12-06,Crossbreed,6,Polonnaruwa,8,2,Sick,Medium,125.34,4.01,8.38,188.75,112.72
F336,C6456,2024-10-26,Local,8,Kurunegala,1,0,Healthy,High,93.55,4.32,9.17,179.64,81.77
F187,C6457,2024-01-25,Holstein,9,Badulla,2,1,At_Risk,Low,406.48,4.6,8.6,191.19,350.09
F224,C6458,2024-05-01,Holstein,4,Anuradhapura,9,0,Healthy,High,257.27,4.77,9.05,197.35,267.62
F302,C6459,2024-08-24,Jersey,2,Kandy,6,0,Healthy,Medium,243.07,4.33,8.99,183.27,231.29
F454,C6460,2024-05-06,Crossbreed,8,Matale,9,0,Healthy,Low,173.4,4.7,8.33,196.92,169.14
F460,C6461,2024-01-29,Holstein,6,Kandy,1,0,Healthy,Low,409.8,4.11,8.21,173.72,378.06
F75,C6462,2024-04-06,Crossbreed,10,Monaragala,5,1,At_Risk,High,159.45,4.42,8.29,180.87,155.61
F203,C6463,2024-03-11,Crossbreed,8,Monaragala,6,0,Healthy,High,217.94,4.72,9.01,196.23,224.26
F42,C6464,2024-10-26,Holstein,4,Monaragala,2,0,Healthy,High,457.56,3.92,9.06,176.07,433.88
F388,C6465,2024-01-17,Crossbreed,5,Nuwara Eliya,8,0,Healthy,Low,150.3,3.54,8.67,180.25,154.81
F486,C6466,2024-06-01,Crossbreed,7,Badulla,5,0,Healthy,High,258.53,3.77,8.6,167.9,236.22
F472,C6467,2024-11-21,Jersey,6,Matale,3,0,Healthy,Low,359.28,4.06,8.63,183.51,366.24
F404,C6468,2024-07-24,Local,3,Kurunegala,7,0,Healthy,Medium,58.83,4.23,8.94,182.92,51.23
F375,C6469,2024-01-15,Jersey,10,Kurunegala,4,2,Sick,High,167.31,3.87,9.14,177.88,149.63
F171,C6470,2024-03-11,Crossbreed,9,Kurunegala,4,0,Healthy,High,232.95,4.75,8.77,179.42,209.39
F491,C6471,2024-08-25,Crossbreed,8,Monaragala,9,0,Healthy,High,124.26,3.88,9.17,180.48,118.99
F348,C6472,2024-04-29,Local,6,Kurunegala,2,1,At_Risk,Low,70.65,4.28,8.93,183.68,64.42
F327,C6473,2024-03-14,Crossbreed,2,Matale,7,0,Healthy,Low,196.02,3.91,9.16,181.03,195.74
F88,C6474,2024-07-10,Holstein,3,Anuradhapura,7,0,Healthy,Medium,372.95,4.62,8.44,176.79,377.94
F225,C6475,2024-12-09,Jersey,5,Matale,5,3,Sick,Low,177.92,4.79,9.18,180.88,154.55
F283,C6476,2024-11-12,Jersey,4,Matale,9,0,Healthy,High,250.64,4.14,8.94,184.4,230.54
F142,C6477,2024-10-01,Local,8,Polonnaruwa,4,2,Sick,Medium,39.96,3.72,8.33,186.19,34.03
F207,C6478,2024-01-29,Crossbreed,8,Matale,6,0,Healthy,Low,189.36,4.75,8.67,183.28,166.32
F337,C6479,2024-04-04,Crossbreed,7,Polonnaruwa,7,2,Sick,Medium,134.49,3.85,8.38,185.23,140.48
F197,C6480,2024-11-10,Holstein,9,Anuradhapura,2,1,At_Risk,Medium,379.16,4.42,8.34,174.23,351.11
F218,C6481,2024-03-16,Crossbreed,10,Kandy,4,2,Sick,High,104.56,4.08,9.16,180.86,91.21
F442,C6482,2024-05-12,Holstein,4,Nuwara Eliya,1,1,At_Risk,Low,363.18,4.75,8.79,190.74,371.28
F101,C6483,2024-08-15,Crossbreed,10,Kurunegala,7,0,Healthy,Low,128.23,4.64,8.52,183.34,134.38
F177,C6484,2024-04-10,Crossbreed,3,Nuwara Eliya,8,1,At_Risk,Medium,180.88,4.51,8.86,178.58,173.03
F181,C6485,2024-02-26,Crossbreed,2,Matale,6,1,At_Risk,High,172.17,4.26,8.6,188.93,167.88
F162,C6486,2024-08-13,Holstein,7,Anuradhapura,9,1,At_Risk,Low,311.56,4.74,8.33,188.5,319.17
F91,C6487,2024-03-03,Crossbreed,8,Nuwara Eliya,10,0,Healthy,Low,173.28,3.5,8.42,173.18,165.66
F29,C6488,2024-09-14,Crossbreed,2,Badulla,7,0,Healthy,Medium,229.9,4.03,8.46,175.22,240.36
F33,C6489,2024-12-29,Holstein,9,Anuradhapura,10,0,Healthy,Medium,324.12,4.58,8.76,179.1,277.45
F53,C6490,2024-08-24,Holstein,8,Polonnaruwa,1,3,Sick,Low,202.2,4.65,8.28,181.07,203.14
F284,C6491,2024-12-07,Jersey,2,Polonnaruwa,2,2,Sick,Low,226.73,4.64,8.81,179.55,235.45
F313,C6492,2024-10-29,Local,9,Kandy,8,1,At_Risk,Low,73.43,4.72,8.49,180.22,76.35
F326,C6493,2024-05-16,Holstein,9,Matale,10,0,Healthy,Medium,258.85,4.13,9.0,178.94,258.35
F263,C6494,2024-06-19,Jersey,9,Badulla,9,0,Healthy,High,256.5,4.11,8.93,174.27,228.91
F32,C6495,2024-03-27,Local,8,Kandy,1,0,Healthy,Medium,65.36,4.65,8.5,192.9,66.17
F395,C6496,2024-02-05,Holstein,9,Anuradhapura,10,0,Healthy,Medium,312.48,3.73,8.32,181.64,310.73
F104,C6497,2024-03-31,Crossbreed,8,Kurunegala,10,0,Healthy,Low,138.94,4.37,8.37,189.9,120.31
F153,C6498,2024-06-01,Jersey,6,Kandy,8,0,Healthy,High,235.19,3.81,9.2,178.85,207.72
F247,C6499,2024-11-14,Local,9,Nuwara Eliya,3,1,At_Risk,High,51.55,4.53,8.3,184.11,45.07
F190,C6500,2024-11-18,Local,3,Anuradhapura,9,0,Healthy,High,58.13,4.08,8.67,183.66,59.59
F305,C6501,2024-08-08,Jersey,5,Anuradhapura,4,0,Healthy,Low,296.54,3.51,8.21,181.51,296.19
F264,C6502,2024-08-18,Jersey,7,Nuwara Eliya,10,1,At_Risk,Low,159.39,3.9,8.76,182.99,157.13
F3,C6503,2024-11-25,Jersey,9,Anuradhapura,3,0,Healthy,High,284.87,3.96,8.73,188.48,258.02
F475,C6504,2024-11-30,Holstein,9,Nuwara Eliya,4,1,At_Risk,Low,473.81,3.61,8.68,168.9,493.12
F273,C6505,2024-04-07,Holstein,2,Kandy,8,0,Healthy,Low,509.93,3.51,8.34,166.72,510.03
F126,C6506,2024-09-22,Jersey,7,Anuradhapura,9,2,Sick,High,154.61,4.13,8.95,183.25,157.28
F103,C6507,2024-03-26,Local,10,Polonnaruwa,3,0,Healthy,Low,70.46,4.61,8.23,185.77,67.45
F24,C6508,2024-05-27,Holstein,3,Matale,3,2,Sick,Low,339.57,4.6,8.74,192.45,294.17
F43,C6509,2024-02-09,Local,6,Monaragala,6,0,Healthy,Low,99.31,3.81,8.44,186.2,101.9
F108,C6510,2024-11-24,Local,2,Matale,1,0,Healthy,Low,74.68,3.76,8.83,180.88,73.6
F243,C6511,2024-09-23,Jersey,10,Anuradhapura,2,0,Healthy,High,299.97,4.3,8.63,191.03,259.01
F178,C6512,2024-06-07,Crossbreed,5,Anuradhapura,10,3,Sick,Low,52.67,4.01,8.66,187.33,52.9
F87,C6513,2024-02-02,Holstein,10,Matale,4,0,Healthy,Medium,495.5,4.18,8.36,178.59,485.49
F171,C6514,2024-01-11,Local,10,Matale,6,2,Sick,High,63.67,3.55,8.46,173.81,61.86
F66,C6515,2024-08-19,Jersey,5,Matale,5,0,Healthy,Medium,335.44,3.58,9.12,181.52,321.86
F399,C6516,2024-04-30,Local,3,Nuwara Eliya,8,0,Healthy,Medium,70.1,4.56,8.38,179.13,66.84
F2,C6517,2024-01-16,Local,9,Nuwara Eliya,3,0,Healthy,High,105.41,4.11,9.03,179.04,109.4
F55,C6518,2024-10-11,Crossbreed,8,Kandy,7,0,Healthy,Medium,168.17,4.49,8.56,176.69,156.31
F158,C6519,2024-09-26,Holstein,4,Matale,2,2,Sick,Medium,330.67,4.22,8.29,186.13,294.96
F438,C6520,2024-05-19,Jersey,9,Kurunegala,5,0,Healthy,Low,305.96,3.62,9.11,166.91,312.8
F152,C6521,2024-07-22,Holstein,7,Anuradhapura,2,0,Healthy,Medium,343.58,4.03,8.63,184.66,340.27
F476,C6522,2024-03-04,Crossbreed,4,Polonnaruwa,10,1,At_Risk,High,150.38,4.79,8.77,183.37,153.22
F423,C6523,2024-03-18,Local,10,Badulla,5,0,Healthy,High,80.6,3.92,8.72,180.8,72.63
F24,C6524,2024-10-24,Local,6,Kurunegala,9,0,Healthy,Medium,44.2,4.16,8.51,190.25,38.45
F132,C6525,2024-08-06,Jersey,9,Nuwara Eliya,8,3,Sick,Low,105.69,4.56,9.06,182.71,110.71
F96,C6526,2024-08-19,Crossbreed,4,Monaragala,3,0,Healthy,High,222.81,4.31,8.51,185.76,229.65
F374,C6527,2024-07-13,Holstein,7,Kandy,3,2,Sick,High,287.11,4.39,8.25,182.5,297.93
F236,C6528,2024-01-06,Jersey,2,Matale,6,0,Healthy,High,263.74,3.6,8.95,169.83,233.49
F389,C6529,2024-04-17,Crossbreed,4,Monaragala,4,0,Healthy,High,244.95,4.27,9.03,173.87,217.48
F218,C6530,2024-04-18,Crossbreed,4,Polonnaruwa,5,1,At_Risk,Low,190.93,4.32,8.41,185.1,176.98
F333,C6531,2024-04-16,Holstein,3,Polonnaruwa,8,0,Healthy,Low,490.54,3.59,8.4,172.26,445.49
F222,C6532,2024-03-09,Holstein,10,Matale,8,2,Sick,Medium,308.34,4.18,8.91,191.08,306.66
F276,C6533,2024-02-20,Holstein,5,Badulla,4,1,At_Risk,High,332.37,4.41,8.55,175.0,341.11
F56,C6534,2024-03-21,Local,2,Monaragala,7,0,Healthy,Low,85.25,4.3,8.76,180.82,89.03
F60,C6535,2024-01-31,Holstein,10,Polonnaruwa,7,2,Sick,Medium,259.59,3.64,8.25,170.89,252.7
F297,C6536,2024-08-05,Jersey,3,Monaragala,7,0,Healthy,Low,221.75,3.55,9.06,178.67,230.51
F198,C6537,2024-04-23,Jersey,3,Matale,5,0,Healthy,Low,332.72,3.7,8.67,183.48,296.1
F456,C6538,2024-06-15,Local,10,Anuradhapura,2,0,Healthy,Medium,99.92,4.45,8.49,180.22,85.08
F465,C6539,2024-11-30,Local,8,Matale,5,0,Healthy,High,108.59,3.86,8.69,170.82,109.52
F144,C6540,2024-11-01,Holstein,5,Badulla,6,3,Sick,Medium,219.95,4.53,9.03,181.09,197.52
F435,C6541,2024-12-26,Jersey,2,Anuradhapura,8,1,At_Risk,Medium,274.26,4.21,8.9,174.82,265.11
F132,C6542,2024-05-15,Crossbreed,6,Kurunegala,6,3,Sick,Low,78.08,3.66,8.24,173.19,68.61
F189,C6543,2024-02-22,Crossbreed,7,Matale,7,1,At_Risk,Low,190.47,4.09,8.74,178.28,173.89
F452,C6544,2024-05-21,Local,7,Kandy,6,0,Healthy,Medium,65.4,3.63,8.91,182.47,63.54
F37,C6545,2024-08-19,Jersey,6,Kurunegala,6,3,Sick,Medium,144.36,3.83,8.63,179.6,150.4
F478,C6546,2024-02-24,Holstein,7,Monaragala,8,2,Sick,Medium,328.18,4.42,9.17,174.59,317.82
F79,C6547,2024-09-01,Local,9,Polonnaruwa,3,1,At_Risk,Medium,79.7,3.73,8.32,181.18,83.69
F429,C6548,2024-11-18,Holstein,4,Badulla,1,3,Sick,High,184.71,4.08,8.94,180.7,164.02
F192,C6549,2024-12-11,Crossbreed,9,Matale,2,0,Healthy,High,142.99,4.2,8.75,178.61,130.15
F497,C6550,2024-10-15,Crossbreed,3,Kandy,9,0,Healthy,Medium,133.5,4.19,8.96,180.88,129.61
F150,C6551,2024-11-30,Crossbreed,6,Kandy,5,0,Healthy,Medium,268.35,4.2,8.4,185.42,268.8
F475,C6552,2024-12-08,Holstein,5,Badulla,5,0,Healthy,High,515.35,4.0,8.61,187.21,459.61
F63,C6553,2024-06-08,Jersey,8,Kurunegala,10,2,Sick,High,129.22,3.7,8.56,181.52,130.41
F168,C6554,2024-04-25,Local,3,Kandy,4,0,Healthy,High,63.62,4.32,8.26,177.92,59.51
F13,C6555,2024-06-22,Local,5,Kurunegala,7,0,Healthy,High,83.57,4.1,8.82,190.16,75.98
F317,C6556,2024-07-31,Local,4,Nuwara Eliya,3,1,At_Risk,Medium,59.83,4.32,8.24,176.95,57.25
F423,C6557,2024-02-14,Crossbreed,3,Anuradhapura,10,2,Sick,Medium,100.65,4.1,8.86,184.91,91.73
F181,C6558,2024-06-18,Local,10,Anuradhapura,9,1,At_Risk,Low,37.16,4.1,8.43,177.64,38.25
F137,C6559,2024-10-19,Crossbreed,7,Badulla,3,2,Sick,High,139.8,3.77,8.73,171.52,141.41
F417,C6560,2024-12-26,Jersey,4,Kandy,5,0,Healthy,Low,391.7,3.61,8.86,182.32,333.4
F382,C6561,2024-08-09,Local,4,Matale,3,3,Sick,High,38.01,4.64,9.15,181.16,37.93
F471,C6562,2024-03-01,Crossbreed,8,Badulla,5,2,Sick,High,143.39,4.61,8.95,183.07,138.15
F429,C6563,2024-09-07,Jersey,9,Anuradhapura,8,3,Sick,High,117.55,3.57,8.45,166.72,119.88
F148,C6564,2024-02-12,Local,2,Kandy,6,1,At_Risk,Medium,75.07,4.45,8.32,175.44,64.38
F105,C6565,2024-01-29,Holstein,4,Monaragala,1,3,Sick,High,157.54,4.64,8.9,179.75,145.82
F53,C6566,2024-10-24,Local,6,Kandy,10,2,Sick,Low,32.28,3.52,8.38,170.46,29.4
F212,C6567,2024-05-16,Holstein,8,Matale,3,1,At_Risk,High,463.08,3.96,8.75,183.01,465.18
F197,C6568,2024-07-12,Local,8,Monaragala,5,3,Sick,Medium,48.51,4.27,8.81,177.68,50.77
F63,C6569,2024-01-08,Jersey,3,Polonnaruwa,2,1,At_Risk,Medium,250.68,4.61,8.2,178.83,221.24
F204,C6570,2024-02-06,Local,9,Polonnaruwa,6,2,Sick,Medium,41.03,3.87,9.08,177.55,34.9
F72,C6571,2024-06-29,Holstein,2,Kandy,2,0,Healthy,Medium,484.39,3.81,8.6,185.71,441.49
F208,C6572,2024-10-29,Local,4,Kandy,2,1,At_Risk,Medium,47.2,4.03,8.54,170.84,48.91
F398,C6573,2024-10-17,Holstein,5,Kandy,6,0,Healthy,High,320.17,3.88,8.67,174.72,332.91
F26,C6574,2024-12-29,Holstein,5,Kandy,4,1,At_Risk,Medium,297.77,3.5,8.33,174.6,296.11
F494,C6575,2024-12-15,Crossbreed,5,Anuradhapura,7,1,At_Risk,Low,130.69,4.25,8.46,176.78,119.79
F277,C6576,2024-09-06,Jersey,8,Nuwara Eliya,6,0,Healthy,High,256.91,4.45,8.27,193.36,222.91
F296,C6577,2024-12-15,Local,5,Monaragala,9,2,Sick,High,26.65,3.94,8.23,170.39,25.2
F80,C6578,2024-05-07,Crossbreed,9,Polonnaruwa,10,2,Sick,High,84.7,3.96,8.74,188.48,79.54
F126,C6579,2024-09-12,Crossbreed,9,Badulla,5,0,Healthy,High,240.05,3.69,8.46,171.03,208.34
F143,C6580,2024-12-17,Local,4,Polonnaruwa,6,0,Healthy,Medium,55.48,3.51,8.89,177.37,47.7
F314,C6581,2024-11-29,Jersey,2,Monaragala,5,2,Sick,High,165.37,4.31,9.19,184.84,169.59
F40,C6582,2024-03-16,Holstein,10,Kurunegala,7,0,Healthy,Low,318.81,3.65,8.66,178.75,315.95
F135,C6583,2024-08-06,Jersey,10,Nuwara Eliya,2,0,Healthy,Medium,268.01,4.27,8.9,184.07,251.84
F481,C6584,2024-02-02,Crossbreed,10,Badulla,3,0,Healthy,High,247.63,3.72,8.76,185.72,234.7
F162,C6585,2024-02-05,Local,9,Polonnaruwa,1,2,Sick,Low,69.29,4.61,8.27,182.97,64.69
F474,C6586,2024-09-28,Jersey,6,Anuradhapura,6,0,Healthy,High,329.62,4.71,8.56,179.52,297.47
F149,C6587,2024-03-11,Holstein,3,Anuradhapura,4,3,Sick,Medium,223.9,4.62,8.42,194.41,200.43
F301,C6588,2024-04-01,Holstein,3,Nuwara Eliya,2,0,Healthy,High,383.68,4.11,8.65,189.98,375.46
F155,C6589,2024-07-08,Jersey,2,Kurunegala,5,2,Sick,Medium,194.91,4.57,9.17,182.34,190.03
F98,C6590,2024-05-26,Crossbreed,9,Monaragala,7,3,Sick,Low,86.75,3.71,8.43,169.51,74.97
F55,C6591,2024-12-13,Jersey,3,Kandy,3,0,Healthy,Medium,262.17,4.06,8.2,186.95,246.53
F105,C6592,2024-01-02,Local,8,Matale,4,2,Sick,Medium,67.1,4.36,8.9,178.86,65.39
F185,C6593,2024-02-02,Holstein,5,Kurunegala,4,0,Healthy,Low,530.07,4.42,9.1,187.7,478.17
F481,C6594,2024-10-05,Local,9,Kurunegala,6,0,Healthy,Medium,92.59,4.61,8.55,182.98,86.06
F395,C6595,2024-08-10,Holstein,9,Polonnaruwa,9,0,Healthy,High,354.09,4.28,8.23,181.69,314.64
F393,C6596,2024-11-12,Crossbreed,9,Polonnaruwa,5,3,Sick,Low,71.77,4.44,8.75,193.49,70.97
F39,C6597,2024-05-18,Jersey,4,Anuradhapura,5,0,Healthy,Low,306.39,4.6,8.3,194.71,264.77
F224,C6598,2024-06-26,Holstein,2,Polonnaruwa,1,3,Sick,Low,155.84,4.54,8.38,194.88,133.27
F258,C6599,2024-05-15,Local,3,Polonnaruwa,10,0,Healthy,Medium,51.24,4.79,8.82,183.8,45.09
F451,C6600,2024-04-13,Local,9,Monaragala,9,3,Sick,Low,24.27,3.68,8.77,185.68,23.55
F201,C6601,2024-03-23,Holstein,7,Kurunegala,4,1,At_Risk,Medium,485.49,3.99,8.44,179.52,421.97
F398,C6602,2024-08-11,Crossbreed,2,Matale,3,1,At_Risk,Medium,210.29,4.03,8.26,170.52,181.75
F424,C6603,2024-07-31,Jersey,2,Badulla,1,0,Healthy,Medium,254.84,4.29,9.03,176.3,223.96
F419,C6604,2024-08-19,Jersey,4,Kandy,6,0,Healthy,High,221.41,4.15,8.26,187.03,211.66
F199,C6605,2024-05-16,Holstein,2,Badulla,1,3,Sick,High,237.28,4.44,9.11,192.86,248.86
F390,C6606,2024-07-29,Jersey,9,Matale,9,0,Healthy,Low,202.39,3.93,8.34,184.06,194.0
F280,C6607,2024-12-18,Crossbreed,4,Matale,2,2,Sick,Low,154.97,3.72,8.57,181.49,141.15
F464,C6608,2024-02-06,Jersey,9,Monaragala,6,0,Healthy,Medium,232.84,3.61,8.84,181.17,214.41
F10,C6609,2024-06-28,Local,3,Monaragala,6,1,At_Risk,High,74.26,4.34,9.16,188.4,74.51
F479,C6610,2024-02-21,Crossbreed,4,Monaragala,5,2,Sick,Low,166.25,3.9,8.56,185.31,158.42
F279,C6611,2024-06-26,Crossbreed,9,Badulla,5,2,Sick,High,99.32,4.65,9.11,189.77,94.15
F177,C6612,2024-05-08,Crossbreed,4,Kandy,1,0,Healthy,Low,211.49,3.87,8.28,170.28,202.63
F240,C6613,2024-10-26,Jersey,2,Nuwara Eliya,4,1,At_Risk,Medium,326.99,3.7,9.03,177.56,305.84
F425,C6614,2024-12-15,Local,5,Kandy,4,0,Healthy,High,75.14,4.52,8.72,180.25,74.27
F123,C6615,2024-08-07,Holstein,8,Matale,2,0,Healthy,Medium,538.09,3.97,9.02,174.61,481.17
F186,C6616,2024-08-01,Local,8,Monaragala,9,3,Sick,Low,33.33,4.19,8.81,188.95,34.19
F156,C6617,2024-07-07,Local,9,Polonnaruwa,3,3,Sick,Low,27.67,4.78,8.48,185.46,24.77
F28,C6618,2024-11-09,Crossbreed,4,Anuradhapura,1,0,Healthy,High,151.46,3.51,8.44,183.88,144.76
F46,C6619,2024-01-01,Local,2,Kurunegala,2,0,Healthy,High,67.94,4.48,8.66,181.58,62.22
F25,C6620,2024-05-26,Crossbreed,6,Polonnaruwa,5,0,Healthy,High,241.07,3.7,8.6,178.04,225.24
F269,C6621,2024-12-03,Local,5,Kurunegala,8,0,Healthy,Medium,57.24,3.58,8.25,167.51,54.37
F215,C6622,2024-10-31,Holstein,10,Nuwara Eliya,7,2,Sick,Medium,219.09,4.25,8.73,178.23,212.1
F249,C6623,2024-09-10,Crossbreed,8,Monaragala,5,1,At_Risk,High,179.84,4.09,9.05,174.74,167.83
F460,C6624,2024-07-05,Local,6,Anuradhapura,10,0,Healthy,Medium,59.65,4.12,9.17,186.32,56.77
F340,C6625,2024-10-30,Jersey,10,Monaragala,2,0,Healthy,High,273.15,3.99,8.57,170.3,265.55
F42,C6626,2024-12-14,Crossbreed,5,Badulla,6,1,At_Risk,High,117.06,4.64,8.93,187.07,115.76
F131,C6627,2024-04-05,Crossbreed,3,Matale,3,1,At_Risk,High,131.52,4.25,8.65,181.1,115.04
F460,C6628,2024-03-21,Crossbreed,7,Anuradhapura,3,1,At_Risk,Low,136.88,3.6,8.41,170.79,131.03
F53,C6629,2024-07-18,Local,9,Badulla,1,3,Sick,High,44.34,4.32,8.48,191.41,40.52
F159,C6630,2024-11-13,Local,3,Anuradhapura,4,1,At_Risk,Low,100.73,3.57,8.99,173.07,89.97
F181,C6631,2024-08-05,Crossbreed,2,Kandy,5,0,Healthy,Medium,191.11,4.26,8.81,190.1,176.95
F498,C6632,2024-04-04,Holstein,8,Badulla,2,0,Healthy,Low,339.5,3.54,8.62,184.58,323.47
F6,C6633,2024-11-13,Holstein,10,Kandy,10,2,Sick,Low,157.16,4.13,8.36,186.37,146.33
F130,C6634,2024-04-10,Crossbreed,10,Monaragala,5,2,Sick,High,157.78,4.62,8.41,181.94,150.62
F84,C6635,2024-12-02,Holstein,5,Kandy,2,3,Sick,Low,213.79,3.7,8.28,183.24,219.14
F412,C6636,2024-03-31,Crossbreed,10,Matale,3,1,At_Risk,High,226.86,3.84,8.44,175.61,197.87
F70,C6637,2024-12-18,Local,8,Nuwara Eliya,6,1,At_Risk,Low,54.96,4.73,8.97,184.55,53.27
F164,C6638,2024-11-21,Jersey,8,Polonnaruwa,10,0,Healthy,Low,187.22,3.61,8.67,174.22,191.21
F358,C6639,2024-12-15,Jersey,3,Kurunegala,3,2,Sick,Low,163.44,4.38,9.19,181.78,159.45
F356,C6640,2024-12-29,Local,6,Monaragala,2,1,At_Risk,Low,55.22,3.58,9.0,169.33,56.56
F109,C6641,2024-02-25,Jersey,9,Polonnaruwa,2,1,At_Risk,Low,265.41,4.31,8.5,174.01,240.08
F61,C6642,2024-03-08,Local,6,Anuradhapura,8,1,At_Risk,Medium,44.48,4.7,8.92,186.85,42.7
F335,C6643,2024-11-29,Local,2,Kurunegala,4,1,At_Risk,Low,63.69,4.8,8.48,191.66,55.69
F155,C6644,2024-08-15,Holstein,2,Anuradhapura,9,1,At_Risk,Low,295.27,4.01,8.46,171.28,302.71
F65,C6645,2024-10-03,Crossbreed,3,Monaragala,6,3,Sick,Low,98.02,4.15,8.7,171.68,97.95
F392,C6646,2024-04-24,Jersey,8,Kurunegala,9,3,Sick,Low,115.2,4.07,8.81,186.81,117.95
F359,C6647,2024-03-19,Crossbreed,6,Badulla,2,0,Healthy,High,143.57,3.57,8.35,166.86,133.63
F17,C6648,2024-04-06,Crossbreed,4,Matale,4,1,At_Risk,High,146.41,4.47,8.63,186.81,149.38
F11,C6649,2024-08-29,Jersey,6,Monaragala,7,0,Healthy,Medium,249.22,4.23,9.06,183.84,254.65
F132,C6650,2024-05-31,Local,6,Badulla,1,0,Healthy,High,84.34,4.38,8.88,188.28,85.6
F442,C6651,2024-06-14,Local,10,Polonnaruwa,6,0,Healthy,High,89.23,4.77,8.51,189.84,87.25
F422,C6652,2024-02-07,Holstein,4,Anuradhapura,10,0,Healthy,Medium,313.93,3.55,9.1,170.75,279.53
F320,C6653,2024-05-04,Holstein,5,Kandy,1,0,Healthy,Medium,460.77,4.1,8.74,172.5,426.55
F476,C6654,2024-12-02,Jersey,9,Matale,7,0,Healthy,High,252.98,4.01,8.76,175.67,236.87
F277,C6655,2024-07-25,Holstein,4,Polonnaruwa,5,2,Sick,High,305.08,4.7,8.58,187.85,287.52
F110,C6656,2024-05-26,Crossbreed,4,Nuwara Eliya,7,0,Healthy,Low,187.46,4.3,8.86,188.37,177.93
F145,C6657,2024-09-01,Holstein,5,Anuradhapura,1,0,Healthy,High,492.91,3.6,8.81,174.2,499.94
F33,C6658,2024-06-15,Jersey,9,Badulla,2,0,Healthy,Low,237.17,3.88,8.56,181.63,220.7
F389,C6659,2024-04-15,Jersey,7,Kandy,5,0,Healthy,Medium,303.58,4.35,8.91,176.73,264.57
F233,C6660,2024-04-29,Holstein,8,Nuwara Eliya,5,0,Healthy,Medium,497.75,4.19,8.26,191.82,475.28
F418,C6661,2024-02-10,Crossbreed,7,Monaragala,7,0,Healthy,Medium,133.8,4.3,8.68,181.33,137.09
F124,C6662,2024-10-31,Jersey,4,Nuwara Eliya,5,0,Healthy,Medium,390.14,4.16,8.46,185.08,405.8
F113,C6663,2024-11-12,Local,7,Monaragala,1,0,Healthy,Medium,80.48,3.9,8.97,172.89,80.74
F57,C6664,2024-03-04,Local,5,Matale,6,0,Healthy,Low,96.61,4.45,8.76,186.69,91.76
F416,C6665,2024-04-16,Local,3,Matale,6,3,Sick,High,41.5,4.32,8.67,177.69,36.75
F391,C6666,2024-09-05,Holstein,7,Kurunegala,6,0,Healthy,Medium,382.46,3.78,8.68,181.41,378.77
F51,C6667,2024-05-07,Jersey,7,Nuwara Eliya,2,0,Healthy,Medium,267.23,4.62,8.21,190.52,254.27
F484,C6668,2024-03-05,Crossbreed,10,Polonnaruwa,8,0,Healthy,High,173.95,4.73,8.49,188.67,159.34
F405,C6669,2024-05-03,Local,6,Monaragala,1,1,At_Risk,Low,60.32,3.72,8.99,171.72,53.77
F44,C6670,2024-10-15,Jersey,8,Anuradhapura,9,0,Healthy,Low,235.6,4.59,8.32,177.26,229.6
F466,C6671,2024-04-10,Local,5,Polonnaruwa,7,0,Healthy,High,68.17,3.75,8.33,174.78,68.4
F99,C6672,2024-02-10,Local,5,Anuradhapura,6,3,Sick,Medium,31.19,3.68,8.51,182.63,28.9
F445,C6673,2024-10-26,Holstein,7,Kurunegala,5,0,Healthy,Medium,461.64,3.88,8.27,187.43,422.4
F243,C6674,2024-04-24,Jersey,4,Monaragala,1,0,Healthy,High,268.27,4.02,9.1,170.69,275.65
F344,C6675,2024-02-27,Local,5,Badulla,8,3,Sick,Medium,27.31,4.14,8.58,178.36,24.81
F337,C6676,2024-05-07,Local,2,Nuwara Eliya,10,2,Sick,Medium,29.28,3.73,8.31,182.46,29.38
F356,C6677,2024-11-21,Local,2,Kurunegala,10,0,Healthy,Low,69.9,4.53,8.55,186.31,65.22
F10,C6678,2024-12-07,Holstein,7,Matale,8,0,Healthy,High,466.42,3.76,8.9,173.35,452.93
F107,C6679,2024-08-04,Holstein,8,Anuradhapura,4,0,Healthy,Low,366.47,3.69,8.5,185.89,340.84
F424,C6680,2024-04-11,Jersey,6,Monaragala,2,1,At_Risk,High,267.44,4.29,8.33,180.71,278.65
F210,C6681,2024-03-13,Local,7,Matale,7,0,Healthy,High,62.59,3.74,8.48,169.85,64.17
F172,C6682,2024-05-06,Crossbreed,3,Nuwara Eliya,10,2,Sick,High,116.83,3.77,8.32,182.51,112.86
F118,C6683,2024-10-22,Holstein,7,Kandy,2,1,At_Risk,Medium,309.2,4.09,8.52,175.55,300.65
F155,C6684,2024-07-15,Local,5,Kurunegala,5,2,Sick,Medium,52.4,4.04,8.79,183.72,44.56
F160,C6685,2024-03-01,Holstein,10,Nuwara Eliya,8,0,Healthy,Medium,428.96,3.88,8.24,179.43,370.16
F72,C6686,2024-02-26,Local,8,Nuwara Eliya,1,1,At_Risk,Medium,78.18,4.53,8.94,186.22,77.72
F472,C6687,2024-09-21,Jersey,5,Anuradhapura,2,1,At_Risk,High,297.74,3.53,8.41,179.34,281.45
F482,C6688,2024-07-02,Local,3,Monaragala,8,0,Healthy,Low,55.82,3.85,8.5,175.18,56.0
F308,C6689,2024-03-17,Holstein,6,Badulla,8,0,Healthy,Medium,377.85,3.52,9.12,171.03,347.54
F386,C6690,2024-08-20,Local,8,Nuwara Eliya,6,0,Healthy,Low,65.4,4.33,8.56,180.23,64.04
F351,C6691,2024-09-20,Holstein,8,Kandy,6,0,Healthy,Low,475.89,4.04,8.38,180.61,413.24
F388,C6692,2024-12-12,Crossbreed,2,Matale,5,2,Sick,High,127.6,4.49,8.79,180.36,132.6
F270,C6693,2024-05-09,Jersey,2,Kurunegala,6,0,Healthy,High,324.14,4.37,8.32,189.01,339.45
F44,C6694,2024-03-05,Local,8,Matale,3,3,Sick,High,46.17,3.51,8.48,165.45,45.57
F18,C6695,2024-01-05,Local,9,Polonnaruwa,8,2,Sick,Low,63.32,3.98,9.06,184.35,65.91
F240,C6696,2024-05-15,Holstein,3,Kurunegala,5,1,At_Risk,Low,323.05,3.63,8.26,182.5,313.63
F286,C6697,2024-05-30,Crossbreed,7,Kurunegala,4,2,Sick,Low,138.9,4.4,8.96,176.42,129.2
F319,C6698,2024-04-09,Local,10,Kandy,9,2,Sick,Medium,32.84,3.88,8.83,171.25,29.12
F263,C6699,2024-02-07,Local,4,Badulla,4,0,Healthy,Low,98.23,4.14,8.97,186.41,95.12
F43,C6700,2024-07-13,Crossbreed,7,Polonnaruwa,2,1,At_Risk,Medium,181.24,3.62,9.13,171.3,187.51
F480,C6701,2024-09-09,Local,6,Monaragala,3,1,At_Risk,Medium,79.92,3.82,9.18,185.13,74.68
F262,C6702,2024-06-28,Local,4,Monaragala,4,0,Healthy,Low,111.8,4.74,8.66,179.68,114.91
F209,C6703,2024-08-16,Crossbreed,2,Badulla,5,3,Sick,Medium,118.67,4.59,8.61,186.17,100.96
F121,C6704,2024-06-19,Crossbreed,8,Matale,5,0,Healthy,Medium,201.79,4.32,9.11,179.09,182.92
F385,C6705,2024-12-30,Holstein,10,Kandy,7,0,Healthy,High,313.01,4.56,8.65,183.41,304.34
F300,C6706,2024-06-20,Local,9,Badulla,9,0,Healthy,Low,40.39,4.34,9.02,187.95,38.9
F29,C6707,2024-07-31,Holstein,6,Matale,9,0,Healthy,High,353.08,3.95,8.7,185.21,339.33
F423,C6708,2024-03-26,Local,9,Matale,1,1,At_Risk,High,54.58,3.64,9.06,168.7,51.93
F58,C6709,2024-10-09,Crossbreed,2,Polonnaruwa,4,1,At_Risk,High,185.39,4.73,9.11,192.69,165.51
F84,C6710,2024-09-19,Jersey,10,Nuwara Eliya,2,0,Healthy,High,327.49,4.75,8.31,180.78,331.35
F192,C6711,2024-01-18,Local,8,Kandy,3,2,Sick,Low,66.01,4.24,8.94,176.99,68.67
F245,C6712,2024-01-15,Crossbreed,8,Monaragala,4,0,Healthy,High,213.54,3.75,8.96,173.92,213.75
F137,C6713,2024-05-26,Local,2,Polonnaruwa,8,0,Healthy,High,98.0,3.51,8.93,184.01,84.78
F332,C6714,2024-05-19,Jersey,9,Kandy,9,2,Sick,Medium,139.16,3.66,8.73,178.15,127.44
F239,C6715,2024-10-09,Crossbreed,4,Badulla,10,1,At_Risk,High,148.07,4.66,8.53,181.28,127.88
F193,C6716,2024-12-13,Local,10,Polonnaruwa,7,0,Healthy,High,95.67,4.79,9.08,178.83,83.29
F500,C6717,2024-05-09,Jersey,9,Badulla,10,1,At_Risk,Medium,157.6,4.51,8.91,190.05,156.27
F414,C6718,2024-10-16,Crossbreed,6,Kandy,9,1,At_Risk,High,120.67,3.77,8.42,175.81,124.03
F226,C6719,2024-03-19,Crossbreed,8,Anuradhapura,4,0,Healthy,High,205.18,4.56,8.6,180.85,197.97
F391,C6720,2024-11-05,Crossbreed,5,Monaragala,3,1,At_Risk,Medium,128.0,3.5,9.18,170.28,119.93
F202,C6721,2024-02-28,Crossbreed,9,Monaragala,9,0,Healthy,Medium,160.74,4.06,8.45,186.85,138.7
F480,C6722,2024-02-02,Local,4,Anuradhapura,10,0,Healthy,Medium,75.16,4.39,9.09,175.68,73.96
F85,C6723,2024-08-05,Jersey,8,Kandy,5,2,Sick,High,185.39,3.55,8.96,178.02,186.72
F235,C6724,2024-06-18,Local,5,Polonnaruwa,9,2,Sick,High,34.1,4.31,8.39,178.38,29.87
F159,C6725,2024-09-18,Jersey,8,Kandy,3,0,Healthy,Low,276.15,3.54,8.23,172.57,260.4
F122,C6726,2024-01-10,Local,2,Badulla,10,0,Healthy,Low,46.51,3.58,8.95,176.94,43.88
F464,C6727,2024-11-12,Local,4,Kandy,1,2,Sick,High,60.91,4.67,8.34,187.38,61.83
F113,C6728,2024-04-29,Jersey,9,Kurunegala,3,0,Healthy,Low,364.9,3.66,8.76,182.48,378.47
F72,C6729,2024-12-24,Holstein,2,Kurunegala,2,0,Healthy,Low,398.16,3.54,9.02,179.18,370.69
F112,C6730,2024-03-20,Holstein,7,Matale,6,3,Sick,Medium,140.05,4.51,8.92,193.14,146.23
F386,C6731,2024-11-05,Local,4,Anuradhapura,5,0,Healthy,Medium,63.07,4.75,8.92,187.61,60.25
F305,C6732,2024-10-05,Local,4,Kandy,10,0,Healthy,Medium,63.11,4.53,8.64,185.17,55.21
F15,C6733,2024-05-01,Jersey,4,Badulla,6,0,Healthy,Medium,236.41,4.15,8.31,186.77,215.66
F247,C6734,2024-08-26,Jersey,5,Badulla,6,0,Healthy,Medium,313.17,4.33,8.52,175.78,304.63
F65,C6735,2024-04-24,Crossbreed,6,Matale,9,0,Healthy,Low,168.16,3.92,8.94,184.9,156.43
F148,C6736,2024-05-29,Holstein,5,Kurunegala,2,0,Healthy,Low,538.58,4.67,8.48,180.63,475.65
F205,C6737,2024-11-07,Holstein,7,Polonnaruwa,8,0,Healthy,High,345.25,3.52,8.43,166.25,332.84
F278,C6738,2024-11-08,Holstein,3,Kurunegala,5,1,At_Risk,High,313.89,4.27,8.91,174.22,317.28
F327,C6739,2024-05-12,Local,2,Polonnaruwa,4,0,Healthy,High,101.85,4.54,8.6,186.26,92.89
F351,C6740,2024-02-27,Local,6,Kandy,10,1,At_Risk,Low,63.23,4.13,8.65,174.12,62.09
F180,C6741,2024-11-18,Holstein,4,Kurunegala,8,2,Sick,Low,282.23,3.51,9.17,180.78,282.96
F18,C6742,2024-08-15,Holstein,7,Anuradhapura,9,0,Healthy,Medium,317.3,3.72,8.93,179.02,314.48
F449,C6743,2024-04-22,Local,10,Matale,3,3,Sick,Low,36.37,4.49,8.46,189.2,33.06
F401,C6744,2024-11-23,Jersey,8,Anuradhapura,10,0,Healthy,Low,204.92,3.97,9.18,174.58,202.65
F73,C6745,2024-06-03,Jersey,6,Nuwara Eliya,8,0,Healthy,Low,316.15,4.76,8.43,180.17,298.26
F203,C6746,2024-01-06,Holstein,10,Kandy,8,2,Sick,High,326.82,3.99,8.5,178.05,326.27
F113,C6747,2024-05-18,Jersey,7,Nuwara Eliya,4,0,Healthy,High,302.67,4.53,8.97,191.91,266.39
F4,C6748,2024-11-22,Crossbreed,4,Monaragala,8,0,Healthy,Low,168.1,4.2,8.65,179.96,144.71
F244,C6749,2024-04-12,Jersey,8,Monaragala,6,0,Healthy,Medium,223.29,4.1,8.37,176.16,220.35
F484,C6750,2024-09-28,Local,4,Anuradhapura,7,0,Healthy,Low,71.71,3.7,8.36,169.97,70.63
F58,C6751,2024-07-17,Holstein,3,Polonnaruwa,2,3,Sick,High,154.49,4.78,8.67,182.17,145.8
F146,C6752,2024-05-12,Jersey,10,Monaragala,3,0,Healthy,High,315.36,4.64,8.68,186.64,269.68
F489,C6753,2024-07-31,Jersey,6,Kandy,3,0,Healthy,Medium,259.27,4.23,8.71,177.11,264.85
F412,C6754,2024-07-09,Jersey,7,Monaragala,1,0,Healthy,High,284.53,4.52,8.49,181.89,264.56
F433,C6755,2024-05-02,Holstein,5,Kandy,3,0,Healthy,High,443.37,3.83,8.3,178.73,394.29
F9,C6756,2024-12-11,Holstein,9,Kandy,2,3,Sick,Medium,168.78,4.15,8.99,179.19,173.43
F293,C6757,2024-12-15,Crossbreed,7,Kurunegala,10,0,Healthy,Medium,119.33,4.66,8.28,189.45,124.01
F36,C6758,2024-05-11,Local,10,Monaragala,3,3,Sick,Medium,38.39,4.05,8.25,188.31,38.88
F294,C6759,2024-07-11,Holstein,2,Monaragala,3,3,Sick,Medium,160.2,4.08,8.7,187.48,150.39
F469,C6760,2024-03-30,Crossbreed,8,Matale,6,0,Healthy,Low,221.66,3.71,8.67,173.05,192.16
F358,C6761,2024-07-28,Crossbreed,8,Nuwara Eliya,10,1,At_Risk,Low,109.51,4.52,8.75,183.74,97.95
F387,C6762,2024-02-23,Holstein,9,Matale,2,2,Sick,Medium,284.94,4.13,8.52,181.64,276.34
F443,C6763,2024-02-08,Holstein,4,Kandy,3,1,At_Risk,Low,478.83,3.9,8.64,171.13,474.46
F319,C6764,2024-04-24,Holstein,10,Polonnaruwa,7,0,Healthy,High,466.68,4.15,9.16,187.54,465.82
F84,C6765,2024-01-16,Holstein,5,Kandy,7,1,At_Risk,High,404.74,3.99,8.41,186.38,369.24
F9,C6766,2024-05-12,Crossbreed,3,Polonnaruwa,10,3,Sick,High,69.56,4.11,8.61,189.0,59.29
F33,C6767,2024-05-22,Jersey,2,Badulla,8,0,Healthy,High,247.53,4.59,8.59,184.92,253.63
F95,C6768,2024-09-20,Jersey,3,Kandy,3,1,At_Risk,Low,323.89,4.26,8.53,189.63,298.5
F333,C6769,2024-04-08,Local,2,Kurunegala,8,0,Healthy,Low,55.58,3.91,8.67,172.05,47.97
F397,C6770,2024-12-26,Holstein,8,Polonnaruwa,8,0,Healthy,High,478.09,3.99,8.69,178.05,407.94
F438,C6771,2024-10-04,Local,9,Matale,10,0,Healthy,Low,40.72,3.83,8.46,182.62,35.92
F165,C6772,2024-08-09,Jersey,9,Badulla,5,0,Healthy,High,283.57,4.7,8.84,193.15,274.42
F379,C6773,2024-02-25,Crossbreed,10,Badulla,10,2,Sick,Medium,104.68,3.75,8.6,170.35,103.89
F325,C6774,2024-09-28,Jersey,5,Badulla,4,1,At_Risk,Low,305.85,3.86,8.6,180.74,310.93
F216,C6775,2024-09-29,Local,7,Monaragala,9,1,At_Risk,Low,66.15,4.12,8.42,175.53,66.38
F38,C6776,2024-10-24,Crossbreed,6,Monaragala,7,1,At_Risk,Low,191.97,3.66,8.38,173.18,165.98
F182,C6777,2024-04-02,Crossbreed,7,Nuwara Eliya,10,3,Sick,Low,45.65,4.14,8.94,180.93,47.21
F482,C6778,2024-06-23,Local,7,Monaragala,9,1,At_Risk,Low,45.6,3.87,8.45,170.29,43.89
F141,C6779,2024-08-02,Jersey,4,Polonnaruwa,6,1,At_Risk,Low,235.92,4.25,8.86,180.09,203.16
F243,C6780,2024-12-23,Jersey,7,Anuradhapura,7,2,Sick,Low,207.98,4.25,8.54,176.67,190.84
F325,C6781,2024-11-12,Holstein,5,Anuradhapura,6,0,Healthy,High,373.27,3.52,8.2,183.34,377.27
F358,C6782,2024-06-19,Holstein,9,Kandy,9,1,At_Risk,High,282.77,4.25,8.4,180.46,273.29
F443,C6783,2024-10-26,Local,4,Matale,5,0,Healthy,High,99.61,4.17,8.79,179.96,101.97
F177,C6784,2024-09-26,Local,6,Kandy,5,0,Healthy,Medium,75.7,4.14,8.58,187.79,69.59
F199,C6785,2024-08-18,Jersey,5,Badulla,3,0,Healthy,High,380.95,3.65,8.84,173.13,337.86
F89,C6786,2024-11-10,Crossbreed,6,Matale,6,2,Sick,Low,106.24,3.81,9.05,175.73,93.49
F77,C6787,2024-08-10,Holstein,10,Kurunegala,6,0,Healthy,High,333.65,4.2,9.07,179.79,322.08
F379,C6788,2024-12-03,Crossbreed,4,Kurunegala,4,0,Healthy,Medium,276.55,4.55,8.49,175.92,258.21
F69,C6789,2024-03-17,Holstein,7,Anuradhapura,6,0,Healthy,Low,453.89,4.25,9.06,182.06,473.24
F387,C6790,2024-10-03,Crossbreed,10,Monaragala,10,1,At_Risk,Medium,89.88,4.1,8.85,175.59,91.14
F140,C6791,2024-01-19,Local,4,Monaragala,5,0,Healthy,Medium,112.99,3.51,8.46,173.23,118.57
F29,C6792,2024-05-12,Holstein,7,Kurunegala,5,3,Sick,Low,198.76,4.4,8.37,183.21,181.67
F222,C6793,2024-03-16,Holstein,8,Kurunegala,1,0,Healthy,Low,413.9,3.8,9.11,180.03,434.27
F139,C6794,2024-08-18,Holstein,3,Matale,8,2,Sick,Medium,225.23,3.81,8.7,181.34,192.44
F373,C6795,2024-11-05,Crossbreed,7,Kandy,5,1,At_Risk,High,225.82,4.37,8.47,183.86,198.06
F197,C6796,2024-05-27,Jersey,6,Matale,5,0,Healthy,Low,300.5,4.31,8.84,192.53,287.35
F166,C6797,2024-05-15,Jersey,6,Polonnaruwa,2,0,Healthy,High,229.87,3.69,8.37,179.55,232.08
F211,C6798,2024-01-28,Local,8,Kandy,1,0,Healthy,High,85.13,4.12,8.58,184.03,78.1
F185,C6799,2024-02-04,Jersey,3,Polonnaruwa,7,0,Healthy,Medium,297.77,4.4,8.2,180.35,293.69
F166,C6800,2024-10-29,Jersey,3,Anuradhapura,10,0,Healthy,High,170.14,4.13,8.23,188.21,146.71
F87,C6801,2024-06-05,Jersey,7,Nuwara Eliya,4,0,Healthy,High,328.16,3.53,8.73,174.26,339.33
F260,C6802,2024-02-11,Local,3,Matale,7,0,Healthy,Low,79.32,4.5,8.21,185.5,77.53
F253,C6803,2024-09-20,Holstein,3,Monaragala,4,0,Healthy,Medium,585.79,3.99,8.58,180.25,560.88
F178,C6804,2024-08-29,Jersey,6,Matale,7,0,Healthy,Medium,288.51,4.78,8.8,191.56,295.24
F159,C6805,2024-06-03,Jersey,2,Nuwara Eliya,6,1,At_Risk,Low,249.09,4.62,9.01,191.23,231.0
F147,C6806,2024-08-29,Crossbreed,10,Polonnaruwa,8,1,At_Risk,Low,184.54,4.68,8.71,181.49,177.66
F127,C6807,2024-11-14,Local,2,Monaragala,4,0,Healthy,High,108.67,4.67,8.95,191.57,113.5
F283,C6808,2024-08-16,Crossbreed,6,Polonnaruwa,7,2,Sick,Low,119.18,4.22,8.86,186.77,109.79
F460,C6809,2024-03-14,Jersey,3,Nuwara Eliya,7,0,Healthy,Medium,239.78,3.78,9.07,174.28,236.62
F68,C6810,2024-11-11,Crossbreed,6,Anuradhapura,1,0,Healthy,High,161.54,4.12,8.42,176.19,167.45
F341,C6811,2024-07-19,Crossbreed,5,Kandy,3,0,Healthy,Medium,266.2,4.47,8.51,180.8,272.12
F37,C6812,2024-03-03,Holstein,2,Monaragala,6,1,At_Risk,Low,403.6,4.0,8.26,185.18,372.19
F362,C6813,2024-02-05,Local,8,Anuradhapura,9,0,Healthy,Medium,53.01,4.67,8.97,178.31,50.01
F304,C6814,2024-09-15,Local,4,Polonnaruwa,7,0,Healthy,High,59.76,4.12,8.98,189.17,52.54
F221,C6815,2024-09-12,Crossbreed,4,Badulla,2,1,At_Risk,High,119.54,4.04,8.75,182.37,114.83
F290,C6816,2024-05-06,Local,2,Kurunegala,8,1,At_Risk,High,86.49,4.72,9.17,177.6,89.48
F169,C6817,2024-09-29,Jersey,7,Anuradhapura,9,1,At_Risk,Low,169.68,3.76,8.96,182.07,152.84
F364,C6818,2024-09-05,Jersey,7,Polonnaruwa,6,1,At_Risk,Low,201.26,4.32,9.04,184.0,211.06
F49,C6819,2024-10-31,Crossbreed,5,Badulla,6,0,Healthy,Medium,229.01,4.34,8.74,186.15,230.29
F15,C6820,2024-12-08,Crossbreed,7,Matale,1,0,Healthy,High,160.49,4.51,8.96,183.38,137.11
F364,C6821,2024-03-01,Jersey,8,Nuwara Eliya,8,0,Healthy,High,235.09,4.62,8.4,195.53,223.43
F77,C6822,2024-03-30,Local,2,Matale,9,2,Sick,Medium,43.34,3.63,8.2,170.14,40.45
F326,C6823,2024-01-05,Holstein,10,Badulla,3,0,Healthy,Medium,373.16,4.37,8.68,187.03,373.22
F435,C6824,2024-07-16,Crossbreed,9,Kandy,6,0,Healthy,Low,190.48,4.7,8.24,196.3,188.05
F20,C6825,2024-05-26,Jersey,3,Kandy,3,2,Sick,High,257.22,4.7,8.31,191.73,259.19
F500,C6826,2024-03-19,Holstein,9,Monaragala,2,2,Sick,Medium,349.07,3.92,8.36,176.52,336.05
F246,C6827,2024-12-06,Local,6,Matale,2,0,Healthy,Low,84.92,3.73,8.53,185.53,82.97
F370,C6828,2024-08-02,Jersey,3,Kandy,9,1,At_Risk,High,161.26,3.8,8.32,168.94,156.54
F477,C6829,2024-10-07,Crossbreed,8,Anuradhapura,9,0,Healthy,Medium,121.94,3.78,8.63,172.47,106.06
F409,C6830,2024-09-03,Local,2,Kurunegala,7,0,Healthy,High,84.75,4.36,9.13,180.06,86.39
F194,C6831,2024-10-02,Local,7,Nuwara Eliya,1,1,At_Risk,High,60.84,3.99,9.0,185.79,58.83
F153,C6832,2024-11-13,Crossbreed,8,Badulla,4,0,Healthy,Medium,165.45,4.54,8.74,188.88,140.85
F300,C6833,2024-11-03,Local,8,Kandy,5,2,Sick,Medium,71.04,3.57,8.98,171.77,72.83
F73,C6834,2024-09-27,Jersey,5,Badulla,6,0,Healthy,High,302.57,3.59,8.4,174.04,265.93
F56,C6835,2024-01-31,Crossbreed,4,Monaragala,9,1,At_Risk,Medium,148.9,3.72,8.39,179.21,147.95
F124,C6836,2024-03-21,Local,7,Kandy,9,0,Healthy,Low,57.34,4.01,8.87,187.86,55.5
F452,C6837,2024-06-20,Holstein,6,Matale,5,0,Healthy,High,584.99,4.05,8.84,186.68,563.31
F94,C6838,2024-12-28,Crossbreed,3,Monaragala,7,0,Healthy,High,225.17,4.42,8.77,180.69,211.35
F48,C6839,2024-09-22,Jersey,9,Polonnaruwa,1,3,Sick,High,160.34,4.02,8.39,179.48,160.06
F211,C6840,2024-05-14,Holstein,7,Monaragala,8,0,Healthy,Low,503.09,3.88,9.06,175.82,520.8
F419,C6841,2024-06-25,Holstein,9,Polonnaruwa,7,1,At_Risk,High,426.03,3.99,8.71,187.87,385.5
F378,C6842,2024-10-04,Holstein,8,Polonnaruwa,3,0,Healthy,High,434.92,4.5,8.6,182.26,386.42
F356,C6843,2024-09-06,Holstein,9,Anuradhapura,10,0,Healthy,Low,345.72,4.65,8.66,194.68,344.27
F277,C6844,2024-05-06,Jersey,8,Kurunegala,7,0,Healthy,Low,280.33,4.14,8.66,186.89,249.87
F143,C6845,2024-09-13,Holstein,5,Nuwara Eliya,6,0,Healthy,Medium,322.62,4.75,8.68,179.37,319.63
F125,C6846,2024-12-05,Holstein,2,Nuwara Eliya,10,3,Sick,High,133.84,3.61,8.36,172.57,132.6
F350,C6847,2024-03-14,Jersey,2,Kandy,6,0,Healthy,Low,277.58,3.78,9.15,182.01,275.1
F226,C6848,2024-11-28,Holstein,5,Nuwara Eliya,4,1,At_Risk,Medium,300.17,3.95,8.23,171.26,284.22
F69,C6849,2024-09-07,Crossbreed,7,Nuwara Eliya,9,0,Healthy,High,123.22,4.03,8.37,182.49,126.79
F80,C6850,2024-07-06,Jersey,8,Badulla,1,0,Healthy,High,258.93,4.65,9.01,179.68,244.64
F494,C6851,2024-04-25,Holstein,4,Anuradhapura,5,0,Healthy,Low,443.46,3.95,8.89,176.41,405.51
F271,C6852,2024-03-09,Holstein,8,Nuwara Eliya,3,0,Healthy,High,441.38,3.86,9.11,178.16,461.83
F174,C6853,2024-02-20,Jersey,7,Monaragala,10,0,Healthy,High,204.42,4.02,8.52,186.44,200.11
F372,C6854,2024-09-29,Jersey,3,Polonnaruwa,4,0,Healthy,Low,259.77,4.2,8.65,175.47,228.25
F472,C6855,2024-06-06,Jersey,9,Badulla,1,0,Healthy,High,251.1,4.48,8.39,177.28,235.92
F271,C6856,2024-10-14,Crossbreed,9,Nuwara Eliya,8,2,Sick,Medium,99.47,4.7,8.32,193.84,103.22
F25,C6857,2024-11-27,Jersey,5,Kurunegala,6,0,Healthy,Medium,248.27,4.08,8.95,189.29,238.82
F500,C6858,2024-03-31,Jersey,6,Polonnaruwa,9,2,Sick,Low,130.49,4.38,9.15,187.25,116.05
F107,C6859,2024-12-10,Crossbreed,9,Polonnaruwa,1,0,Healthy,High,223.21,4.61,8.63,195.22,223.48
F267,C6860,2024-09-10,Jersey,10,Anuradhapura,6,1,At_Risk,Medium,184.6,3.77,8.38,174.26,190.42
F287,C6861,2024-10-19,Jersey,10,Matale,8,0,Healthy,Low,215.74,4.62,8.4,191.61,200.57
F139,C6862,2024-10-15,Jersey,4,Monaragala,5,2,Sick,High,226.7,3.58,8.37,171.52,207.35
F263,C6863,2024-04-07,Local,2,Anuradhapura,9,0,Healthy,High,72.02,4.3,8.62,173.7,74.25
F448,C6864,2024-05-28,Crossbreed,2,Anuradhapura,4,0,Healthy,Low,211.29,4.33,8.46,179.01,182.91
F248,C6865,2024-10-20,Holstein,4,Polonnaruwa,9,1,At_Risk,High,222.75,3.66,8.82,179.64,223.77
F157,C6866,2024-11-06,Jersey,10,Badulla,3,0,Healthy,High,395.38,3.5,8.87,183.17,380.73
F230,C6867,2024-12-29,Local,7,Polonnaruwa,7,0,Healthy,Medium,67.26,3.97,9.04,173.93,57.76
F169,C6868,2024-08-19,Holstein,3,Monaragala,10,0,Healthy,Medium,389.58,4.63,9.1,188.01,384.73
F251,C6869,2024-07-12,Crossbreed,2,Polonnaruwa,4,1,At_Risk,Medium,213.79,4.33,8.93,182.02,193.56
F408,C6870,2024-12-04,Crossbreed,5,Kurunegala,6,0,Healthy,High,182.95,4.12,8.37,189.14,160.17
F2,C6871,2024-09-01,Local,8,Anuradhapura,5,0,Healthy,High,114.18,3.92,8.37,175.58,117.99
F140,C6872,2024-10-13,Crossbreed,7,Polonnaruwa,8,1,At_Risk,Medium,200.42,4.04,9.07,185.98,184.35
F476,C6873,2024-04-05,Holstein,8,Kandy,7,0,Healthy,Medium,328.83,4.23,8.93,190.39,344.46
F272,C6874,2024-02-11,Jersey,8,Anuradhapura,6,2,Sick,Low,220.99,4.16,8.91,187.87,230.05
F478,C6875,2024-11-07,Holstein,5,Badulla,6,3,Sick,High,197.13,4.77,8.42,194.29,186.28
F495,C6876,2024-06-15,Local,5,Anuradhapura,2,0,Healthy,Low,76.64,3.7,8.55,186.31,77.2
F428,C6877,2024-09-25,Local,10,Anuradhapura,10,0,Healthy,Medium,43.58,4.2,8.8,191.44,45.04
F158,C6878,2024-03-11,Jersey,9,Anuradhapura,5,2,Sick,High,201.4,4.48,8.75,178.78,174.01
F202,C6879,2024-08-15,Jersey,2,Matale,2,0,Healthy,High,331.17,3.76,8.36,171.77,326.14
F69,C6880,2024-03-02,Crossbreed,9,Kandy,10,2,Sick,Medium,78.66,3.91,8.74,171.6,79.78
F411,C6881,2024-09-04,Crossbreed,5,Polonnaruwa,9,0,Healthy,Low,130.79,3.76,9.17,184.1,131.71
F402,C6882,2024-08-31,Crossbreed,3,Kurunegala,3,0,Healthy,High,205.13,4.33,8.37,178.08,200.24
F407,C6883,2024-02-10,Holstein,9,Polonnaruwa,4,0,Healthy,Medium,459.42,3.6,8.75,176.6,440.39
F9,C6884,2024-12-28,Jersey,5,Kandy,2,0,Healthy,High,296.78,4.69,9.1,179.35,296.95
F27,C6885,2024-10-12,Crossbreed,10,Kurunegala,8,1,At_Risk,High,135.19,4.64,8.84,185.76,123.88
F167,C6886,2024-09-07,Jersey,8,Matale,4,0,Healthy,Medium,319.73,4.15,9.1,173.64,280.95
F104,C6887,2024-06-25,Jersey,8,Kurunegala,8,1,At_Risk,High,283.77,4.6,9.08,194.34,281.56
F196,C6888,2024-07-06,Crossbreed,4,Kurunegala,9,0,Healthy,Low,149.37,3.8,9.19,169.3,134.63
F176,C6889,2024-10-07,Local,6,Kandy,10,1,At_Risk,Low,47.36,4.05,8.28,190.34,41.3
F47,C6890,2024-05-25,Jersey,2,Polonnaruwa,3,1,At_Risk,Medium,296.75,3.86,9.14,172.87,275.24
F153,C6891,2024-10-07,Jersey,10,Polonnaruwa,6,0,Healthy,High,239.62,4.13,8.97,174.87,209.39
F188,C6892,2024-10-16,Holstein,10,Monaragala,2,0,Healthy,High,483.69,4.23,8.84,181.75,416.08
F196,C6893,2024-02-02,Local,8,Nuwara Eliya,4,0,Healthy,Medium,70.72,4.24,8.55,182.56,70.83
F33,C6894,2024-06-30,Holstein,10,Badulla,4,0,Healthy,High,431.25,3.64,9.17,180.04,407.57
F246,C6895,2024-07-03,Holstein,4,Matale,2,0,Healthy,Medium,355.2,3.57,8.52,171.61,351.27
F406,C6896,2024-03-28,Holstein,2,Kandy,6,0,Healthy,Medium,470.75,4.39,8.37,191.37,425.16
F156,C6897,2024-01-02,Local,5,Badulla,2,0,Healthy,Low,63.12,4.01,8.38,172.86,54.31
F263,C6898,2024-10-24,Jersey,6,Monaragala,3,0,Healthy,Medium,251.76,4.53,8.9,181.99,232.15
F465,C6899,2024-12-15,Local,4,Matale,5,3,Sick,High,41.3,4.75,8.55,188.63,35.44
F204,C6900,2024-02-14,Holstein,10,Monaragala,5,1,At_Risk,High,340.91,4.19,8.63,177.54,354.68
F57,C6901,2024-09-17,Jersey,10,Matale,3,0,Healthy,Low,363.17,4.19,8.54,179.28,326.84
F113,C6902,2024-04-25,Holstein,4,Badulla,1,0,Healthy,Medium,447.45,3.55,8.28,184.79,387.61
F78,C6903,2024-05-14,Jersey,2,Kandy,8,2,Sick,Low,204.78,4.24,8.55,182.93,184.09
F5,C6904,2024-06-22,Local,10,Anuradhapura,8,0,Healthy,High,94.37,4.73,8.55,179.58,82.31
F498,C6905,2024-06-01,Local,7,Matale,9,3,Sick,Medium,19.79,4.3,8.52,175.47,18.52
F329,C6906,2024-05-28,Local,8,Monaragala,4,2,Sick,Low,71.73,3.69,8.37,175.32,75.27
F272,C6907,2024-09-04,Jersey,10,Monaragala,10,2,Sick,Low,144.11,4.34,8.46,175.34,140.18
F425,C6908,2024-07-05,Holstein,8,Badulla,8,3,Sick,High,169.57,3.71,8.82,172.43,149.21
F281,C6909,2024-06-15,Local,4,Polonnaruwa,10,0,Healthy,High,53.19,4.3,8.42,175.91,45.26
F261,C6910,2024-08-02,Jersey,2,Polonnaruwa,8,0,Healthy,Medium,322.81,4.16,8.34,178.75,288.13
F307,C6911,2024-11-12,Crossbreed,2,Nuwara Eliya,1,2,Sick,Low,135.62,3.89,8.59,176.41,132.36
F327,C6912,2024-10-07,Local,9,Matale,7,3,Sick,Low,35.01,4.44,8.29,191.05,30.99
F235,C6913,2024-05-28,Jersey,5,Monaragala,10,0,Healthy,Low,238.26,4.47,8.69,183.74,204.31
F58,C6914,2024-07-17,Jersey,7,Polonnaruwa,5,0,Healthy,Medium,277.72,4.75,8.46,187.17,259.03
F383,C6915,2024-03-07,Local,6,Nuwara Eliya,3,0,Healthy,Medium,90.37,3.97,8.24,177.72,90.38
F29,C6916,2024-03-15,Local,3,Kandy,7,0,Healthy,High,99.79,4.78,8.79,192.94,89.88
F243,C6917,2024-11-19,Holstein,4,Kandy,8,0,Healthy,High,359.23,3.91,8.55,178.41,363.96
F44,C6918,2024-01-10,Jersey,3,Matale,10,0,Healthy,High,239.62,4.23,8.76,183.77,220.43
F398,C6919,2024-11-27,Crossbreed,5,Monaragala,8,0,Healthy,Low,189.05,4.73,8.45,186.09,167.76
F121,C6920,2024-09-12,Jersey,10,Badulla,6,1,At_Risk,Medium,201.7,4.44,8.92,177.55,175.52
F437,C6921,2024-07-13,Local,2,Anuradhapura,5,1,At_Risk,Medium,100.4,3.83,9.02,175.65,105.34
F55,C6922,2024-01-20,Jersey,8,Kurunegala,10,0,Healthy,Low,220.5,4.26,9.16,178.52,231.14
F353,C6923,2024-01-30,Jersey,4,Matale,4,1,At_Risk,Medium,218.93,4.5,9.07,194.42,228.95
F154,C6924,2024-11-22,Jersey,5,Matale,7,2,Sick,High,185.35,4.18,8.57,173.07,178.7
F175,C6925,2024-11-17,Local,3,Anuradhapura,5,3,Sick,Low,27.15,3.94,8.46,180.6,23.34
F32,C6926,2024-09-13,Holstein,7,Kandy,1,0,Healthy,High,381.19,4.64,8.58,187.53,343.21
F102,C6927,2024-06-01,Crossbreed,7,Kandy,10,0,Healthy,Low,110.85,3.56,8.99,167.48,98.78
F406,C6928,2024-10-24,Holstein,10,Kurunegala,9,0,Healthy,Low,252.58,4.42,9.03,181.99,224.99
F498,C6929,2024-11-21,Local,3,Kandy,10,0,Healthy,Medium,45.07,3.9,9.11,175.51,41.77
F396,C6930,2024-07-16,Jersey,6,Monaragala,10,3,Sick,Low,100.85,3.89,8.83,177.94,92.84
F406,C6931,2024-11-29,Jersey,4,Anuradhapura,9,2,Sick,High,166.39,4.54,9.14,184.68,153.72
F430,C6932,2024-06-12,Crossbreed,3,Anuradhapura,3,0,Healthy,Medium,236.52,3.72,8.4,168.43,222.23
F445,C6933,2024-02-13,Jersey,10,Kandy,3,3,Sick,High,172.0,3.81,8.48,176.24,180.33
F35,C6934,2024-06-15,Local,6,Anuradhapura,2,3,Sick,Low,38.25,3.91,8.44,189.06,34.65
F430,C6935,2024-11-14,Holstein,6,Anuradhapura,1,3,Sick,Medium,188.89,3.8,8.43,183.95,184.5
F142,C6936,2024-10-07,Holstein,9,Anuradhapura,7,3,Sick,Medium,167.82,4.49,9.08,186.87,143.95
F468,C6937,2024-07-05,Holstein,5,Polonnaruwa,4,0,Healthy,Low,580.36,4.76,8.26,184.24,581.23
F422,C6938,2024-06-08,Holstein,5,Matale,5,1,At_Risk,Medium,411.78,3.81,8.95,183.77,359.97
F17,C6939,2024-10-03,Crossbreed,10,Monaragala,4,1,At_Risk,Medium,175.66,3.71,8.36,182.06,173.39
F61,C6940,2024-03-01,Local,5,Badulla,4,1,At_Risk,Low,52.84,4.58,8.35,191.85,52.34
F340,C6941,2024-01-14,Jersey,10,Badulla,8,1,At_Risk,Low,251.67,4.62,8.41,191.17,229.01
F443,C6942,2024-10-29,Crossbreed,6,Polonnaruwa,6,3,Sick,High,106.57,4.07,8.96,182.71,106.19
F284,C6943,2024-03-02,Local,9,Anuradhapura,5,3,Sick,Low,53.44,4.54,8.54,194.14,50.36
F71,C6944,2024-12-22,Holstein,9,Anuradhapura,10,1,At_Risk,Medium,307.99,4.54,8.25,180.78,301.76
F472,C6945,2024-03-30,Jersey,5,Kandy,6,0,Healthy,Medium,291.05,3.92,9.02,173.06,271.93
F382,C6946,2024-12-18,Crossbreed,10,Kurunegala,4,0,Healthy,High,170.32,4.67,8.48,193.05,146.41
F89,C6947,2024-01-25,Crossbreed,2,Matale,6,0,Healthy,Low,173.52,3.62,8.36,167.19,175.81
F411,C6948,2024-12-13,Crossbreed,5,Kandy,2,0,Healthy,High,169.63,4.15,9.02,178.24,155.22
F481,C6949,2024-05-02,Jersey,7,Matale,9,1,At_Risk,High,205.6,4.48,8.83,174.88,199.24
F456,C6950,2024-05-20,Holstein,5,Matale,6,0,Healthy,Low,319.45,4.06,8.33,171.65,312.77
F482,C6951,2024-01-04,Jersey,10,Nuwara Eliya,10,0,Healthy,Medium,193.19,3.98,8.76,170.41,185.8
F317,C6952,2024-02-03,Holstein,7,Polonnaruwa,2,0,Healthy,Low,388.78,4.42,8.91,180.58,378.35
F33,C6953,2024-04-04,Jersey,2,Matale,4,3,Sick,Low,148.1,3.99,9.13,189.33,144.96
F97,C6954,2024-11-10,Jersey,8,Anuradhapura,5,0,Healthy,Low,376.41,4.73,8.5,182.55,373.27
F482,C6955,2024-04-19,Jersey,8,Monaragala,2,0,Healthy,Low,247.33,4.04,8.5,188.47,222.54
F423,C6956,2024-05-03,Jersey,8,Monaragala,6,0,Healthy,Low,257.39,4.37,8.28,190.03,232.22
F359,C6957,2024-11-16,Crossbreed,6,Polonnaruwa,4,3,Sick,Medium,91.54,4.5,8.37,184.41,91.91
F133,C6958,2024-05-12,Jersey,7,Anuradhapura,9,0,Healthy,High,257.36,3.87,8.33,174.71,260.26
F428,C6959,2024-05-16,Local,2,Monaragala,10,0,Healthy,Medium,40.46,4.18,8.26,191.13,38.47
F237,C6960,2024-07-02,Holstein,3,Nuwara Eliya,6,3,Sick,Low,145.57,4.53,8.73,181.01,149.53
F251,C6961,2024-05-06,Local,7,Kurunegala,8,1,At_Risk,High,49.76,3.78,9.2,172.55,43.35
F59,C6962,2024-10-18,Jersey,10,Monaragala,9,1,At_Risk,Medium,205.38,4.57,8.64,180.21,215.09
F96,C6963,2024-10-04,Holstein,3,Badulla,9,0,Healthy,High,267.76,4.74,9.07,189.52,232.39
F66,C6964,2024-09-26,Holstein,7,Matale,7,0,Healthy,High,304.44,4.42,8.51,186.86,311.73
F403,C6965,2024-11-26,Jersey,6,Kurunegala,3,1,At_Risk,Low,238.12,4.18,8.82,190.58,208.87
F214,C6966,2024-09-22,Crossbreed,7,Polonnaruwa,6,0,Healthy,Medium,139.11,3.54,8.67,167.83,140.35
F146,C6967,2024-11-14,Holstein,4,Kandy,6,2,Sick,Medium,254.07,4.75,8.31,183.96,266.58
F355,C6968,2024-03-27,Jersey,7,Anuradhapura,2,2,Sick,High,227.85,4.72,8.76,190.47,221.34
F354,C6969,2024-09-18,Crossbreed,4,Badulla,5,0,Healthy,Low,262.09,3.81,8.82,173.96,235.73
F447,C6970,2024-06-16,Jersey,3,Kandy,8,0,Healthy,High,219.62,3.53,8.41,166.34,203.56
F394,C6971,2024-03-24,Jersey,4,Kurunegala,6,0,Healthy,Medium,288.68,4.63,8.85,185.68,259.77
F339,C6972,2024-03-01,Jersey,2,Anuradhapura,2,2,Sick,Low,147.94,3.58,9.06,166.66,125.8
F366,C6973,2024-11-15,Jersey,7,Anuradhapura,10,3,Sick,Medium,77.32,4.05,8.77,188.82,68.84
F224,C6974,2024-07-01,Local,2,Kandy,2,0,Healthy,High,104.17,4.08,8.99,183.52,104.54
F112,C6975,2024-07-30,Crossbreed,5,Anuradhapura,9,0,Healthy,Low,175.92,4.72,8.84,184.96,165.28
F58,C6976,2024-04-24,Holstein,9,Kandy,5,2,Sick,Low,267.2,4.69,8.81,190.08,255.26
F334,C6977,2024-05-27,Jersey,10,Anuradhapura,7,1,At_Risk,High,240.67,3.58,8.38,166.07,239.7
F103,C6978,2024-01-12,Jersey,8,Monaragala,4,0,Healthy,Low,317.4,4.72,8.53,192.86,276.04
F116,C6979,2024-03-03,Jersey,9,Monaragala,3,0,Healthy,Medium,258.68,4.24,8.69,186.45,235.4
F137,C6980,2024-02-20,Local,3,Kandy,4,1,At_Risk,Low,96.02,4.13,8.39,189.02,96.87
F161,C6981,2024-08-09,Jersey,3,Anuradhapura,1,0,Healthy,High,262.38,4.4,8.38,190.06,264.21
F352,C6982,2024-10-02,Jersey,7,Polonnaruwa,8,1,At_Risk,Medium,212.5,4.19,9.04,178.22,195.28
F475,C6983,2024-05-06,Local,4,Kurunegala,10,0,Healthy,High,42.71,4.74,9.02,192.72,39.9
F463,C6984,2024-09-24,Holstein,7,Badulla,5,0,Healthy,Medium,558.22,4.2,9.03,191.71,511.56
F237,C6985,2024-08-31,Jersey,4,Badulla,6,2,Sick,High,210.51,4.28,8.48,175.81,183.29
F389,C6986,2024-05-12,Local,5,Kandy,1,2,Sick,Low,60.0,4.61,9.08,177.17,62.87
F340,C6987,2024-12-30,Holstein,3,Matale,8,0,Healthy,High,494.58,3.88,8.62,181.05,512.12
F417,C6988,2024-03-06,Local,6,Nuwara Eliya,9,0,Healthy,Medium,64.59,4.39,8.68,191.07,64.7
F428,C6989,2024-10-21,Local,2,Badulla,8,0,Healthy,High,61.28,4.36,8.84,182.52,59.59
F38,C6990,2024-05-12,Crossbreed,4,Kurunegala,7,1,At_Risk,High,109.5,3.69,8.91,184.38,107.06
F466,C6991,2024-01-23,Local,8,Kandy,4,1,At_Risk,Medium,59.81,4.62,8.63,180.38,54.29
F463,C6992,2024-01-20,Holstein,10,Polonnaruwa,4,0,Healthy,Medium,403.47,4.54,8.72,182.5,407.3
F468,C6993,2024-07-25,Holstein,6,Monaragala,3,0,Healthy,Medium,518.79,4.23,9.18,172.57,442.45
F428,C6994,2024-07-31,Holstein,4,Kandy,7,3,Sick,Low,196.84,4.26,8.51,191.92,177.94
F209,C6995,2024-06-14,Crossbreed,3,Monaragala,4,0,Healthy,Medium,205.06,3.55,9.12,171.94,210.0
F28,C6996,2024-05-06,Holstein,4,Anuradhapura,3,1,At_Risk,Medium,338.67,3.98,8.71,176.54,342.52
F127,C6997,2024-07-24,Jersey,9,Polonnaruwa,6,2,Sick,Low,189.72,3.55,8.91,183.64,193.21
F10,C6998,2024-08-31,Holstein,2,Kurunegala,3,1,At_Risk,Low,492.14,4.17,8.39,176.91,440.18
F115,C6999,2024-07-02,Local,10,Nuwara Eliya,4,0,Healthy,Medium,78.11,4.34,9.16,186.01,67.58
F179,C7000,2024-11-05,Local,8,Anuradhapura,10,0,Healthy,Medium,50.5,4.24,9.19,174.21,44.47
F361,C7001,2024-02-07,Crossbreed,8,Monaragala,10,2,Sick,Low,97.79,3.61,8.46,185.98,94.97
F234,C7002,2024-10-30,Holstein,9,Kurunegala,3,1,At_Risk,Medium,457.6,4.24,8.4,184.04,396.95
F459,C7003,2024-06-13,Local,5,Nuwara Eliya,9,1,At_Risk,High,65.92,3.61,8.42,181.32,67.01
F167,C7004,2024-07-11,Jersey,4,Badulla,1,3,Sick,High,153.77,4.2,8.98,173.5,142.06
F190,C7005,2024-03-12,Holstein,5,Matale,4,0,Healthy,High,523.75,3.82,8.39,173.2,534.15
F274,C7006,2024-05-10,Local,10,Matale,9,1,At_Risk,High,36.41,3.92,8.76,171.31,31.63
F33,C7007,2024-10-20,Holstein,5,Monaragala,2,0,Healthy,High,357.79,4.15,8.49,188.7,369.97
F60,C7008,2024-11-10,Crossbreed,4,Kurunegala,8,1,At_Risk,High,178.88,4.21,9.13,186.01,185.48
F360,C7009,2024-03-17,Local,5,Anuradhapura,3,0,Healthy,Medium,119.91,3.93,8.7,178.64,113.78
F310,C7010,2024-04-14,Crossbreed,6,Nuwara Eliya,9,2,Sick,High,87.05,3.5,8.24,174.9,89.48
F258,C7011,2024-06-07,Local,5,Monaragala,9,0,Healthy,Medium,63.6,3.84,8.22,171.02,65.19
F135,C7012,2024-11-28,Jersey,6,Badulla,9,0,Healthy,Medium,232.17,4.74,8.77,184.06,217.32
F304,C7013,2024-10-13,Crossbreed,3,Monaragala,10,0,Healthy,Medium,97.56,4.8,8.62,183.68,97.1
F480,C7014,2024-05-24,Jersey,6,Kurunegala,3,2,Sick,High,201.89,3.89,8.41,186.34,174.71
F42,C7015,2024-05-10,Jersey,4,Nuwara Eliya,9,0,Healthy,High,180.21,4.27,8.66,189.51,187.96
F263,C7016,2024-07-26,Crossbreed,9,Anuradhapura,4,0,Healthy,High,256.51,4.04,8.22,181.79,241.97
F84,C7017,2024-08-16,Crossbreed,3,Badulla,4,0,Healthy,Low,211.6,4.12,8.65,185.09,190.89
F188,C7018,2024-10-02,Jersey,2,Anuradhapura,10,0,Healthy,High,181.59,4.27,8.38,190.59,180.29
F102,C7019,2024-08-01,Crossbreed,3,Polonnaruwa,2,0,Healthy,Medium,249.64,4.66,8.56,193.88,214.0
F240,C7020,2024-02-28,Crossbreed,2,Kandy,6,3,Sick,Low,92.52,3.98,8.58,182.6,92.52
F101,C7021,2024-04-27,Crossbreed,3,Matale,2,2,Sick,Medium,157.26,4.27,8.63,191.2,153.5
F390,C7022,2024-06-03,Local,6,Matale,5,0,Healthy,High,105.43,4.48,9.02,185.26,94.3
F95,C7023,2024-10-10,Holstein,7,Kandy,6,2,Sick,Low,259.54,3.95,8.26,169.7,271.77
F201,C7024,2024-11-07,Crossbreed,4,Monaragala,1,0,Healthy,Low,221.01,4.7,9.11,194.87,210.42
F349,C7025,2024-08-19,Local,5,Anuradhapura,9,1,At_Risk,Medium,62.85,4.59,8.98,189.41,65.02
F429,C7026,2024-09-25,Holstein,10,Nuwara Eliya,9,0,Healthy,High,387.15,4.22,8.68,189.21,369.84
F67,C7027,2024-04-12,Holstein,3,Kandy,2,2,Sick,High,237.68,4.59,8.68,185.3,226.71
F393,C7028,2024-09-11,Jersey,4,Anuradhapura,6,0,Healthy,High,255.04,4.75,8.46,186.11,257.73
F46,C7029,2024-02-29,Crossbreed,5,Badulla,10,0,Healthy,High,180.85,3.98,8.93,186.6,166.64
F19,C7030,2024-05-10,Crossbreed,2,Kurunegala,1,1,At_Risk,Low,150.73,4.47,9.06,179.4,140.24
F282,C7031,2024-08-10,Holstein,9,Badulla,5,2,Sick,Medium,263.6,4.65,9.01,191.19,266.61
F363,C7032,2024-04-06,Local,10,Matale,7,0,Healthy,Low,87.83,4.59,8.39,180.18,89.01
F347,C7033,2024-09-21,Local,8,Nuwara Eliya,2,0,Healthy,Low,59.73,3.98,8.62,169.94,60.94
F225,C7034,2024-08-27,Local,7,Nuwara Eliya,6,3,Sick,Low,45.11,3.7,8.55,173.21,39.13
F122,C7035,2024-12-30,Holstein,2,Polonnaruwa,1,0,Healthy,Medium,460.89,3.6,9.05,185.35,470.77
F17,C7036,2024-04-11,Crossbreed,6,Anuradhapura,2,1,At_Risk,High,116.41,4.37,8.33,189.42,104.11
F483,C7037,2024-12-13,Holstein,9,Monaragala,6,0,Healthy,Low,344.24,4.11,9.06,173.11,338.08
F303,C7038,2024-11-20,Jersey,10,Nuwara Eliya,7,0,Healthy,High,334.16,3.61,8.73,171.2,314.04
F464,C7039,2024-12-30,Crossbreed,6,Kandy,10,1,At_Risk,Low,117.19,4.76,9.08,195.25,109.85
F221,C7040,2024-06-21,Holstein,6,Anuradhapura,2,2,Sick,High,244.42,4.57,8.5,186.14,238.97
F407,C7041,2024-10-30,Holstein,5,Badulla,7,3,Sick,High,177.15,4.15,8.55,172.96,184.35
F190,C7042,2024-05-08,Jersey,7,Monaragala,7,2,Sick,Medium,160.26,4.57,8.54,177.99,164.87
F330,C7043,2024-10-07,Holstein,7,Polonnaruwa,5,2,Sick,High,340.9,4.55,8.26,193.31,341.6
F97,C7044,2024-01-26,Local,4,Nuwara Eliya,3,0,Healthy,Medium,70.94,4.27,9.09,186.83,72.4
F417,C7045,2024-06-18,Holstein,7,Kurunegala,1,3,Sick,Low,235.47,3.78,8.83,171.86,204.77
F314,C7046,2024-12-12,Local,9,Monaragala,9,0,Healthy,Medium,73.39,4.39,8.9,179.4,70.19
F227,C7047,2024-05-07,Holstein,4,Anuradhapura,9,2,Sick,Medium,155.08,4.04,8.34,172.21,158.43
F356,C7048,2024-02-22,Crossbreed,10,Anuradhapura,8,0,Healthy,High,209.05,4.5,9.03,188.03,194.77
F434,C7049,2024-11-23,Holstein,8,Anuradhapura,10,0,Healthy,Low,338.59,4.7,8.46,190.4,346.63
F153,C7050,2024-11-24,Jersey,10,Kandy,6,1,At_Risk,Low,198.8,3.9,8.74,185.82,188.24
F114,C7051,2024-12-26,Jersey,2,Matale,6,1,At_Risk,High,232.69,4.42,8.82,185.55,236.67
F317,C7052,2024-05-29,Holstein,4,Badulla,6,0,Healthy,Medium,451.34,4.55,8.5,188.84,422.49
F366,C7053,2024-06-14,Local,8,Polonnaruwa,1,0,Healthy,High,79.13,4.72,8.33,186.41,80.99
F132,C7054,2024-03-11,Jersey,2,Monaragala,5,0,Healthy,Low,352.63,4.74,8.3,195.38,366.81
F270,C7055,2024-12-27,Local,8,Matale,8,0,Healthy,Low,81.76,3.8,8.25,169.05,84.74
F187,C7056,2024-11-18,Crossbreed,9,Nuwara Eliya,8,0,Healthy,Medium,189.76,4.79,8.67,194.73,163.44
F470,C7057,2024-10-29,Crossbreed,3,Kurunegala,7,0,Healthy,Medium,164.02,4.43,8.65,180.72,139.73
F177,C7058,2024-03-13,Jersey,2,Polonnaruwa,4,0,Healthy,Medium,255.12,3.72,9.18,168.91,262.24
F93,C7059,2024-08-01,Jersey,8,Kurunegala,9,0,Healthy,High,192.74,3.81,8.66,171.49,166.26
F455,C7060,2024-11-22,Holstein,9,Badulla,10,1,At_Risk,Medium,297.89,4.5,8.44,182.81,282.38
F230,C7061,2024-10-11,Crossbreed,4,Anuradhapura,3,0,Healthy,Low,262.72,4.75,8.85,190.27,233.5
F158,C7062,2024-09-04,Crossbreed,6,Polonnaruwa,4,3,Sick,Medium,111.5,4.26,9.11,192.0,111.65
F358,C7063,2024-05-15,Holstein,3,Monaragala,2,0,Healthy,Medium,492.71,4.68,8.59,181.87,467.23
F424,C7064,2024-05-12,Jersey,5,Nuwara Eliya,3,0,Healthy,Low,264.83,3.61,8.44,177.14,236.5
F325,C7065,2024-06-09,Local,10,Monaragala,9,2,Sick,High,40.31,3.61,8.34,170.0,35.11
F464,C7066,2024-03-24,Jersey,6,Kurunegala,3,0,Healthy,High,311.13,4.53,8.9,176.27,317.12
F279,C7067,2024-05-06,Holstein,3,Monaragala,2,1,At_Risk,High,375.73,4.02,8.23,174.05,348.98
F254,C7068,2024-08-16,Crossbreed,5,Monaragala,2,0,Healthy,Low,175.13,4.34,8.57,181.08,170.16
F128,C7069,2024-12-16,Holstein,6,Kurunegala,4,2,Sick,High,266.0,4.03,8.83,170.63,241.26
F131,C7070,2024-06-12,Holstein,7,Kurunegala,3,2,Sick,High,243.15,3.59,8.86,173.19,238.94
F225,C7071,2024-12-01,Jersey,4,Polonnaruwa,9,1,At_Risk,Low,213.34,3.84,8.55,184.3,198.78
F307,C7072,2024-12-21,Holstein,2,Kandy,4,3,Sick,Medium,208.42,3.55,8.71,180.29,181.3
F418,C7073,2024-09-04,Crossbreed,9,Badulla,3,0,Healthy,Low,173.4,4.3,8.87,178.51,158.85
F101,C7074,2024-12-30,Jersey,4,Kandy,6,1,At_Risk,High,283.71,4.17,9.0,177.76,296.96
F260,C7075,2024-05-16,Holstein,6,Matale,9,0,Healthy,Medium,383.21,3.7,8.45,178.6,383.07
F24,C7076,2024-07-15,Jersey,9,Kandy,4,0,Healthy,Medium,345.33,3.74,8.82,186.08,298.21
F79,C7077,2024-01-28,Holstein,10,Nuwara Eliya,2,0,Healthy,High,363.11,4.7,8.23,195.77,375.49
F439,C7078,2024-01-04,Holstein,9,Kurunegala,6,0,Healthy,Low,338.54,4.39,8.3,180.29,331.5
F117,C7079,2024-08-16,Local,8,Nuwara Eliya,10,0,Healthy,Medium,39.84,4.19,8.82,178.05,34.97
F423,C7080,2024-08-29,Local,4,Polonnaruwa,7,0,Healthy,High,87.36,4.16,8.69,174.65,91.01
F11,C7081,2024-02-21,Local,9,Anuradhapura,10,1,At_Risk,Medium,35.08,3.58,8.62,177.88,31.08
F329,C7082,2024-10-26,Jersey,8,Anuradhapura,9,1,At_Risk,High,217.41,4.11,8.4,187.94,198.51
F269,C7083,2024-07-17,Local,6,Monaragala,2,1,At_Risk,High,53.7,4.0,8.79,181.8,53.63
F296,C7084,2024-12-17,Crossbreed,3,Monaragala,8,1,At_Risk,High,109.07,4.21,8.38,184.31,103.66
F177,C7085,2024-04-02,Holstein,6,Matale,4,1,At_Risk,Medium,464.54,3.66,8.91,166.69,456.27
F277,C7086,2024-07-16,Holstein,2,Monaragala,1,2,Sick,High,215.24,4.66,8.97,191.42,210.51
F199,C7087,2024-08-30,Local,10,Badulla,10,0,Healthy,Medium,40.42,3.82,8.85,180.15,37.66
F3,C7088,2024-10-21,Holstein,6,Badulla,2,0,Healthy,Medium,404.15,4.76,8.62,192.88,368.57
F223,C7089,2024-12-15,Crossbreed,3,Matale,6,2,Sick,Medium,153.36,3.69,9.08,177.38,154.72
F497,C7090,2024-08-02,Crossbreed,9,Matale,4,0,Healthy,Medium,242.44,3.89,8.46,169.91,225.06
F443,C7091,2024-11-12,Holstein,8,Kandy,2,3,Sick,Medium,164.68,4.12,8.42,179.57,168.83
F48,C7092,2024-05-15,Holstein,9,Kandy,6,0,Healthy,Low,471.94,4.57,8.88,185.13,477.27
F482,C7093,2024-04-18,Holstein,2,Polonnaruwa,5,0,Healthy,High,491.72,4.58,8.57,186.77,500.26
F298,C7094,2024-11-06,Holstein,4,Matale,10,0,Healthy,Medium,249.57,4.38,8.51,189.29,236.85
F250,C7095,2024-09-24,Crossbreed,9,Polonnaruwa,5,0,Healthy,Medium,242.78,4.16,8.94,185.19,247.93
F80,C7096,2024-11-14,Local,6,Kurunegala,7,0,Healthy,Medium,86.6,4.02,9.12,181.46,73.86
F206,C7097,2024-08-16,Local,7,Kandy,6,0,Healthy,Low,51.73,4.47,8.54,183.28,45.11
F394,C7098,2024-01-08,Holstein,4,Anuradhapura,3,2,Sick,Low,246.71,3.88,9.18,174.56,223.55
F392,C7099,2024-05-06,Jersey,4,Matale,3,0,Healthy,Low,326.33,3.89,9.02,176.7,319.26
F117,C7100,2024-04-17,Crossbreed,9,Monaragala,3,0,Healthy,Low,268.75,3.7,8.28,177.52,239.84
F18,C7101,2024-08-11,Local,9,Polonnaruwa,10,2,Sick,Medium,31.18,3.94,8.72,173.23,28.31
F260,C7102,2024-10-03,Holstein,3,Badulla,10,0,Healthy,Low,329.0,4.73,8.89,193.56,303.69
F358,C7103,2024-10-14,Crossbreed,2,Kurunegala,8,0,Healthy,Medium,211.69,3.8,8.81,184.68,213.94
F258,C7104,2024-09-22,Holstein,4,Anuradhapura,9,0,Healthy,Low,292.59,4.03,8.72,170.77,249.31
F411,C7105,2024-08-14,Local,9,Monaragala,8,0,Healthy,Medium,86.09,4.29,8.92,190.56,78.83
F428,C7106,2024-10-26,Holstein,7,Kurunegala,1,2,Sick,High,223.65,3.52,8.64,171.65,192.41
F478,C7107,2024-05-25,Holstein,9,Nuwara Eliya,10,0,Healthy,Medium,365.35,4.54,8.78,190.42,351.92
F398,C7108,2024-01-29,Crossbreed,9,Anuradhapura,1,0,Healthy,Medium,198.43,4.56,8.96,188.52,205.39
F29,C7109,2024-09-06,Jersey,9,Kurunegala,10,2,Sick,Medium,127.49,3.69,8.39,176.31,128.3
F367,C7110,2024-11-05,Local,9,Badulla,3,0,Healthy,Low,93.9,4.04,8.65,181.93,83.25
F74,C7111,2024-10-13,Crossbreed,4,Anuradhapura,9,3,Sick,High,80.1,4.74,8.23,179.19,80.04
F53,C7112,2024-10-08,Crossbreed,10,Nuwara Eliya,7,1,At_Risk,Medium,141.46,4.5,8.86,191.02,146.24
F152,C7113,2024-04-23,Local,3,Badulla,6,0,Healthy,Medium,76.1,3.65,8.25,167.68,69.58
F484,C7114,2024-03-09,Local,2,Kandy,5,1,At_Risk,Medium,97.26,4.65,8.92,192.87,82.97
F234,C7115,2024-06-15,Jersey,10,Badulla,1,2,Sick,Low,185.5,4.72,9.01,179.26,194.58
F276,C7116,2024-03-04,Holstein,6,Matale,7,0,Healthy,High,359.99,4.13,8.93,172.25,372.06
F194,C7117,2024-12-27,Local,7,Badulla,7,3,Sick,High,25.13,4.09,8.27,187.64,22.86
F301,C7118,2024-12-23,Holstein,5,Kurunegala,6,2,Sick,Low,225.36,4.25,9.0,179.83,230.71
F271,C7119,2024-02-05,Crossbreed,6,Kandy,10,0,Healthy,High,173.67,4.55,9.04,175.59,161.54
F16,C7120,2024-12-28,Holstein,2,Anuradhapura,1,0,Healthy,High,401.07,4.55,8.21,184.52,408.98
F133,C7121,2024-10-09,Jersey,2,Polonnaruwa,6,0,Healthy,Medium,246.67,3.66,8.51,177.39,241.38
F473,C7122,2024-06-17,Local,7,Matale,10,1,At_Risk,Medium,56.13,4.44,8.97,180.7,48.53
F163,C7123,2024-09-22,Crossbreed,6,Nuwara Eliya,8,0,Healthy,High,237.15,3.7,8.84,180.56,243.05
F1,C7124,2024-09-23,Crossbreed,9,Kurunegala,2,0,Healthy,Low,172.65,3.96,8.7,186.5,176.16
F452,C7125,2024-01-22,Crossbreed,8,Monaragala,1,0,Healthy,High,151.16,4.25,9.13,188.72,156.95
F315,C7126,2024-10-05,Jersey,10,Monaragala,7,0,Healthy,Low,247.43,4.39,8.45,185.23,248.42
F151,C7127,2024-05-20,Jersey,4,Kandy,5,0,Healthy,Low,282.81,4.28,8.24,175.98,262.01
F158,C7128,2024-11-08,Jersey,4,Matale,10,0,Healthy,High,258.72,3.95,8.86,183.76,249.43
F85,C7129,2024-04-29,Local,6,Matale,3,1,At_Risk,Low,60.96,4.11,8.63,180.46,59.89
F242,C7130,2024-12-07,Holstein,5,Monaragala,2,0,Healthy,Medium,491.59,4.6,8.92,188.65,430.42
F432,C7131,2024-08-10,Holstein,5,Nuwara Eliya,5,0,Healthy,High,544.47,4.18,9.01,187.78,516.9
F311,C7132,2024-04-20,Holstein,3,Matale,6,0,Healthy,High,480.31,4.07,8.84,187.57,479.06
F63,C7133,2024-02-28,Jersey,8,Badulla,3,1,At_Risk,High,323.65,4.57,9.19,195.03,338.23
F480,C7134,2024-06-17,Local,3,Anuradhapura,7,2,Sick,Medium,64.64,4.66,8.27,181.24,55.86
F61,C7135,2024-01-07,Crossbreed,7,Anuradhapura,7,1,At_Risk,Medium,131.34,4.73,8.62,179.29,135.68
F4,C7136,2024-08-26,Local,6,Matale,9,0,Healthy,Medium,74.9,4.42,8.4,184.86,70.42
F68,C7137,2024-05-26,Holstein,5,Anuradhapura,10,1,At_Risk,Medium,283.89,3.8,8.47,169.99,262.8
F292,C7138,2024-05-18,Local,6,Anuradhapura,9,2,Sick,Medium,28.11,3.85,8.94,185.9,28.97
F411,C7139,2024-06-29,Crossbreed,10,Kandy,5,0,Healthy,High,270.67,3.96,8.85,173.29,270.53
F200,C7140,2024-08-05,Holstein,4,Polonnaruwa,1,3,Sick,Medium,223.73,4.6,9.17,176.81,192.53
F169,C7141,2024-01-05,Local,4,Polonnaruwa,4,2,Sick,Medium,66.72,4.22,9.09,179.12,59.05
F60,C7142,2024-05-07,Crossbreed,6,Monaragala,8,0,Healthy,High,151.17,4.66,8.65,187.21,157.61
F384,C7143,2024-09-09,Holstein,9,Anuradhapura,8,0,Healthy,High,504.48,3.79,8.37,170.3,491.02
F355,C7144,2024-02-11,Jersey,7,Monaragala,7,0,Healthy,Medium,241.92,4.79,8.47,185.47,241.42
F156,C7145,2024-07-19,Holstein,9,Polonnaruwa,1,0,Healthy,Low,539.3,4.57,8.64,177.87,542.86
F90,C7146,2024-05-21,Local,5,Anuradhapura,8,0,Healthy,Medium,67.37,4.64,8.83,195.42,57.71
F272,C7147,2024-12-24,Crossbreed,10,Badulla,10,0,Healthy,Medium,170.78,4.58,8.99,186.87,149.47
F45,C7148,2024-07-05,Jersey,8,Badulla,4,2,Sick,Low,217.65,3.52,8.41,184.46,214.97
F364,C7149,2024-11-25,Crossbreed,9,Badulla,5,0,Healthy,Low,150.53,4.07,8.64,186.94,136.23
F130,C7150,2024-11-05,Holstein,9,Anuradhapura,5,0,Healthy,Low,575.69,3.69,8.49,186.02,496.64
F144,C7151,2024-04-30,Crossbreed,9,Badulla,1,0,Healthy,High,245.49,3.9,8.21,174.06,236.47
F259,C7152,2024-09-15,Crossbreed,7,Badulla,10,2,Sick,Medium,103.61,4.11,8.76,183.28,90.96
F252,C7153,2024-12-17,Holstein,9,Nuwara Eliya,1,0,Healthy,Medium,385.84,4.22,8.74,174.61,390.0
F112,C7154,2024-07-07,Jersey,5,Polonnaruwa,4,0,Healthy,Medium,286.24,3.78,8.6,169.53,266.53
F232,C7155,2024-08-16,Crossbreed,7,Badulla,5,2,Sick,Medium,172.01,3.67,8.56,182.81,166.37
F331,C7156,2024-01-29,Local,9,Badulla,4,0,Healthy,Medium,114.91,3.96,8.8,178.28,119.74
F486,C7157,2024-06-17,Jersey,5,Anuradhapura,9,0,Healthy,Medium,237.87,3.52,8.58,183.11,224.36
F186,C7158,2024-08-06,Holstein,5,Matale,2,1,At_Risk,High,441.83,3.72,8.48,176.96,416.89
F184,C7159,2024-11-23,Local,6,Monaragala,1,0,Healthy,High,69.32,3.86,8.27,173.01,68.96
F26,C7160,2024-07-15,Local,9,Kandy,1,3,Sick,High,38.38,4.67,8.82,186.65,32.97
F55,C7161,2024-11-07,Holstein,2,Badulla,4,0,Healthy,High,380.05,3.78,8.81,181.69,352.84
F467,C7162,2024-04-17,Holstein,2,Anuradhapura,10,1,At_Risk,High,328.77,4.55,8.61,183.01,294.09
F396,C7163,2024-07-08,Crossbreed,7,Anuradhapura,7,0,Healthy,Low,219.21,4.44,8.55,176.53,223.36
F109,C7164,2024-07-29,Holstein,4,Matale,2,1,At_Risk,Medium,431.47,3.61,9.1,182.35,401.64
F337,C7165,2024-01-28,Local,2,Anuradhapura,10,0,Healthy,Low,64.51,4.15,8.33,171.54,56.73
F251,C7166,2024-12-22,Jersey,5,Polonnaruwa,7,0,Healthy,Low,223.11,4.11,8.92,186.58,202.84
F97,C7167,2024-01-19,Crossbreed,9,Kandy,2,0,Healthy,Medium,214.84,4.17,8.56,176.66,196.7
F160,C7168,2024-11-11,Jersey,8,Matale,8,0,Healthy,Low,269.45,4.62,8.52,183.8,242.47
F203,C7169,2024-07-07,Local,4,Anuradhapura,9,0,Healthy,Low,51.25,4.4,8.67,178.94,45.04
F2,C7170,2024-06-23,Crossbreed,3,Kandy,3,0,Healthy,High,217.34,4.46,8.58,185.51,220.31
F122,C7171,2024-11-17,Crossbreed,3,Matale,2,0,Healthy,Medium,177.43,4.49,8.92,178.2,166.52
F292,C7172,2024-11-19,Holstein,2,Anuradhapura,7,1,At_Risk,High,424.56,4.44,8.31,188.76,403.55
F50,C7173,2024-01-20,Local,6,Badulla,1,0,Healthy,Low,101.24,4.36,8.23,176.8,105.44
F225,C7174,2024-07-07,Jersey,7,Matale,1,0,Healthy,Low,300.54,4.14,8.45,190.26,274.36
F446,C7175,2024-06-06,Jersey,10,Polonnaruwa,5,1,At_Risk,High,273.4,3.89,8.74,182.67,261.41
F362,C7176,2024-10-30,Local,9,Nuwara Eliya,8,0,Healthy,Medium,95.36,4.38,8.83,186.83,85.37
F163,C7177,2024-01-13,Jersey,3,Monaragala,9,1,At_Risk,Medium,192.85,4.13,9.0,183.61,175.13
F480,C7178,2024-06-05,Holstein,6,Anuradhapura,8,1,At_Risk,High,275.83,4.15,8.64,186.8,254.91
F489,C7179,2024-01-06,Local,3,Badulla,3,0,Healthy,Low,64.78,4.55,9.18,187.04,60.26
F64,C7180,2024-10-21,Jersey,4,Kandy,3,0,Healthy,Low,322.1,4.1,8.96,186.07,326.71
F133,C7181,2024-07-22,Jersey,10,Anuradhapura,8,0,Healthy,Medium,323.48,4.69,8.92,188.89,330.99
F480,C7182,2024-12-03,Jersey,8,Polonnaruwa,5,1,At_Risk,Low,289.84,4.63,8.34,177.53,255.72
F89,C7183,2024-06-22,Crossbreed,10,Polonnaruwa,10,1,At_Risk,Medium,103.75,3.73,9.0,168.41,104.37
F488,C7184,2024-01-18,Crossbreed,2,Kurunegala,10,0,Healthy,Low,138.0,4.04,8.79,177.52,125.57
F158,C7185,2024-05-22,Holstein,7,Anuradhapura,7,3,Sick,High,155.54,4.53,8.31,183.81,161.61
F119,C7186,2024-03-02,Holstein,10,Polonnaruwa,4,0,Healthy,Medium,352.65,4.78,8.62,196.41,307.07
F236,C7187,2024-04-10,Local,10,Kandy,1,0,Healthy,Low,63.54,3.57,8.52,176.49,66.19
F444,C7188,2024-10-23,Crossbreed,2,Anuradhapura,4,0,Healthy,Low,275.08,4.15,9.09,181.64,239.17
F404,C7189,2024-01-30,Local,5,Monaragala,9,1,At_Risk,High,36.94,4.43,8.52,185.08,33.22
F432,C7190,2024-03-03,Holstein,2,Badulla,3,0,Healthy,Low,461.8,4.03,8.56,184.87,427.52
F64,C7191,2024-09-16,Jersey,10,Polonnaruwa,3,0,Healthy,Medium,395.23,4.35,9.0,180.16,381.54
F16,C7192,2024-02-26,Jersey,5,Matale,3,0,Healthy,High,381.92,4.41,8.87,179.95,344.4
F280,C7193,2024-07-19,Jersey,5,Matale,7,0,Healthy,High,230.87,3.88,8.89,188.3,206.31
F208,C7194,2024-03-14,Holstein,3,Badulla,6,0,Healthy,Medium,480.06,4.57,8.99,186.75,452.06
F377,C7195,2024-02-17,Jersey,6,Polonnaruwa,2,0,Healthy,Low,255.01,3.93,8.25,188.0,252.56
F379,C7196,2024-07-16,Jersey,9,Anuradhapura,4,1,At_Risk,High,225.95,3.82,8.98,177.47,216.73
F178,C7197,2024-09-27,Local,9,Badulla,7,0,Healthy,Low,81.72,4.48,9.15,190.36,72.82
F341,C7198,2024-05-25,Local,5,Badulla,7,1,At_Risk,Low,61.85,4.53,8.31,186.92,54.5
F411,C7199,2024-05-07,Holstein,5,Polonnaruwa,4,3,Sick,High,230.22,4.26,8.57,173.42,234.71
F92,C7200,2024-07-21,Crossbreed,5,Kurunegala,9,0,Healthy,Low,122.26,4.65,8.37,180.89,125.7
F409,C7201,2024-02-22,Jersey,3,Nuwara Eliya,6,2,Sick,High,213.85,4.71,8.69,186.62,195.97
F65,C7202,2024-07-26,Holstein,6,Polonnaruwa,4,0,Healthy,High,549.76,3.7,8.93,169.6,548.27
F302,C7203,2024-12-10,Local,3,Nuwara Eliya,10,0,Healthy,Low,71.27,4.74,8.35,195.17,65.45
F351,C7204,2024-03-02,Holstein,5,Badulla,1,0,Healthy,High,423.28,3.61,9.02,185.02,364.31
F90,C7205,2024-10-06,Jersey,5,Nuwara Eliya,10,0,Healthy,Medium,187.6,3.91,8.62,175.02,163.01
F388,C7206,2024-07-03,Holstein,5,Anuradhapura,5,0,Healthy,Medium,582.25,4.46,8.98,177.89,554.67
F36,C7207,2024-09-13,Jersey,9,Badulla,6,2,Sick,Low,202.58,3.58,9.05,165.89,192.84
F418,C7208,2024-06-08,Crossbreed,2,Nuwara Eliya,7,0,Healthy,Low,212.75,3.74,9.19,184.47,206.01
F184,C7209,2024-05-30,Crossbreed,10,Nuwara Eliya,7,0,Healthy,Low,178.36,4.02,8.87,173.6,176.34
F407,C7210,2024-04-19,Local,4,Kandy,1,0,Healthy,High,64.31,3.74,8.39,179.62,66.9
F62,C7211,2024-11-05,Jersey,4,Badulla,2,2,Sick,Medium,229.97,3.88,9.11,188.75,213.42
F212,C7212,2024-03-09,Crossbreed,10,Monaragala,5,1,At_Risk,Low,196.86,4.02,8.35,171.61,181.76
F184,C7213,2024-07-13,Jersey,7,Monaragala,7,3,Sick,Low,141.69,4.78,8.48,187.06,147.07
F218,C7214,2024-12-11,Jersey,5,Matale,5,1,At_Risk,Medium,304.4,4.53,8.32,187.86,282.42
F362,C7215,2024-07-09,Local,4,Kurunegala,1,0,Healthy,High,70.74,4.16,8.51,180.05,67.94
F306,C7216,2024-12-03,Crossbreed,3,Badulla,10,0,Healthy,High,172.62,4.28,8.95,176.05,156.23
F27,C7217,2024-01-07,Holstein,4,Matale,3,1,At_Risk,Low,419.23,4.49,8.53,179.96,436.89
F240,C7218,2024-05-07,Jersey,6,Polonnaruwa,10,1,At_Risk,Low,142.14,4.12,8.84,173.11,128.11
F393,C7219,2024-07-04,Crossbreed,4,Monaragala,1,0,Healthy,High,179.56,4.6,8.51,189.1,158.11
F371,C7220,2024-08-09,Jersey,9,Anuradhapura,8,2,Sick,Low,183.8,4.58,8.41,192.45,188.7
F138,C7221,2024-11-06,Crossbreed,6,Badulla,10,1,At_Risk,High,107.72,3.76,8.66,180.75,106.78
F93,C7222,2024-07-25,Holstein,9,Badulla,8,0,Healthy,Medium,366.98,3.84,9.17,180.67,316.87
F197,C7223,2024-11-25,Jersey,8,Matale,1,1,At_Risk,Medium,279.97,3.74,9.06,176.38,287.19
F39,C7224,2024-02-25,Holstein,8,Badulla,5,0,Healthy,Medium,429.36,4.24,8.57,177.07,377.69
F269,C7225,2024-02-28,Local,2,Badulla,4,2,Sick,High,54.62,4.05,8.46,174.99,48.57
F368,C7226,2024-05-03,Local,2,Kandy,9,1,At_Risk,Medium,57.64,3.98,9.12,176.37,59.89
F419,C7227,2024-07-12,Local,3,Polonnaruwa,1,0,Healthy,High,94.9,3.64,9.05,169.81,82.52
F247,C7228,2024-09-03,Local,6,Badulla,6,0,Healthy,Medium,100.01,4.61,9.0,192.29,89.03
F419,C7229,2024-09-25,Jersey,10,Matale,6,3,Sick,Medium,126.05,3.52,8.24,174.38,117.37
F48,C7230,2024-04-01,Local,3,Polonnaruwa,1,0,Healthy,High,73.58,4.28,8.58,176.97,71.41
F145,C7231,2024-02-22,Jersey,6,Nuwara Eliya,9,1,At_Risk,High,210.58,4.73,8.63,178.36,200.22
F382,C7232,2024-12-18,Crossbreed,9,Anuradhapura,3,1,At_Risk,High,149.76,4.41,9.09,174.7,137.24
F212,C7233,2024-01-08,Jersey,3,Matale,3,1,At_Risk,Medium,269.6,4.08,8.49,178.48,261.38
F349,C7234,2024-09-20,Crossbreed,6,Polonnaruwa,5,3,Sick,Low,86.61,4.8,8.5,187.03,76.3
F96,C7235,2024-11-08,Local,2,Polonnaruwa,6,1,At_Risk,High,85.59,4.45,9.06,175.25,88.4
F352,C7236,2024-05-25,Holstein,10,Anuradhapura,10,2,Sick,Medium,149.2,4.62,8.25,188.52,140.69
F406,C7237,2024-11-15,Jersey,5,Matale,1,0,Healthy,Medium,303.27,4.47,8.46,179.64,262.11
F231,C7238,2024-11-30,Local,8,Anuradhapura,6,0,Healthy,Low,61.41,4.13,8.48,175.69,59.48
F408,C7239,2024-01-02,Crossbreed,7,Nuwara Eliya,10,1,At_Risk,Low,151.51,4.74,8.73,179.36,142.34
F54,C7240,2024-09-04,Holstein,8,Badulla,9,0,Healthy,High,312.34,3.9,9.18,169.07,325.92
F247,C7241,2024-12-01,Holstein,7,Polonnaruwa,7,0,Healthy,Low,368.19,4.13,8.36,181.5,374.81
F466,C7242,2024-01-11,Holstein,8,Anuradhapura,6,3,Sick,High,191.22,3.74,8.68,180.69,183.68
F156,C7243,2024-04-15,Jersey,7,Matale,1,2,Sick,Medium,226.06,3.91,8.99,170.94,209.62
F331,C7244,2024-02-10,Holstein,2,Matale,1,0,Healthy,Medium,438.83,4.73,8.34,179.72,431.41
F177,C7245,2024-08-03,Crossbreed,7,Anuradhapura,3,1,At_Risk,High,183.34,4.03,8.57,183.3,175.28
F317,C7246,2024-10-22,Holstein,2,Kandy,4,1,At_Risk,Medium,298.43,3.54,8.81,169.04,291.12
F237,C7247,2024-05-19,Local,4,Kandy,2,2,Sick,High,46.61,4.22,8.43,186.83,48.01
F405,C7248,2024-05-27,Jersey,3,Monaragala,6,0,Healthy,Medium,214.16,3.83,9.08,186.89,222.84
F318,C7249,2024-03-19,Jersey,3,Monaragala,4,0,Healthy,Low,298.72,4.08,9.11,176.44,309.79
F354,C7250,2024-06-19,Local,6,Polonnaruwa,8,2,Sick,Medium,48.94,4.69,8.28,183.51,44.47
F408,C7251,2024-04-24,Holstein,6,Monaragala,4,0,Healthy,High,440.27,4.76,8.56,188.72,412.83
F373,C7252,2024-08-01,Jersey,4,Polonnaruwa,6,2,Sick,Low,190.52,4.3,8.43,185.64,177.25
F22,C7253,2024-01-03,Jersey,3,Anuradhapura,2,0,Healthy,Medium,312.19,3.61,9.02,177.58,285.12
F224,C7254,2024-01-25,Local,7,Badulla,1,1,At_Risk,High,78.66,4.26,9.04,189.13,75.91
F163,C7255,2024-08-24,Holstein,5,Anuradhapura,10,0,Healthy,Medium,358.94,4.57,9.02,193.15,372.0
F416,C7256,2024-11-18,Jersey,5,Nuwara Eliya,2,1,At_Risk,Low,210.06,4.46,8.5,179.01,197.08
F478,C7257,2024-08-28,Local,2,Nuwara Eliya,10,3,Sick,Low,25.26,4.6,9.17,176.45,23.23
F460,C7258,2024-07-09,Holstein,9,Kandy,4,2,Sick,High,287.09,3.76,9.0,179.54,290.21
F54,C7259,2024-01-20,Jersey,5,Kandy,3,0,Healthy,Low,372.92,4.26,9.19,190.91,365.71
F470,C7260,2024-03-10,Local,3,Matale,1,0,Healthy,Low,87.06,4.77,8.69,189.69,89.45
F123,C7261,2024-07-21,Crossbreed,6,Kandy,3,2,Sick,Low,130.45,4.25,8.49,188.68,132.0
F6,C7262,2024-07-05,Holstein,10,Badulla,4,0,Healthy,Medium,509.12,4.75,8.85,196.63,518.9
F178,C7263,2024-03-30,Local,6,Polonnaruwa,10,2,Sick,High,43.37,4.12,8.89,189.84,43.49
F286,C7264,2024-03-30,Crossbreed,8,Polonnaruwa,8,0,Healthy,Medium,234.99,4.3,9.05,182.46,239.27
F255,C7265,2024-01-28,Holstein,5,Badulla,7,0,Healthy,Medium,488.48,4.37,9.15,180.06,466.18
F161,C7266,2024-05-17,Holstein,2,Anuradhapura,10,0,Healthy,Medium,337.74,3.88,8.33,176.32,314.98
F57,C7267,2024-03-07,Holstein,10,Monaragala,2,0,Healthy,Low,350.25,4.17,8.25,175.61,300.56
F179,C7268,2024-03-27,Holstein,7,Matale,8,2,Sick,Medium,242.85,3.56,8.9,166.38,213.18
F425,C7269,2024-05-24,Local,10,Anuradhapura,9,0,Healthy,Low,69.05,3.75,8.89,182.27,64.64
F41,C7270,2024-07-22,Holstein,5,Kandy,7,0,Healthy,Medium,457.18,3.69,8.91,166.97,433.55
F275,C7271,2024-09-18,Crossbreed,5,Nuwara Eliya,1,2,Sick,High,154.31,4.39,9.18,175.76,147.36
F368,C7272,2024-11-20,Jersey,7,Matale,7,0,Healthy,Medium,320.67,4.3,8.56,187.91,281.93
F172,C7273,2024-05-04,Jersey,4,Kandy,10,1,At_Risk,High,199.25,4.54,9.17,179.58,172.64
F109,C7274,2024-04-26,Jersey,10,Matale,7,0,Healthy,Low,228.32,3.62,8.74,180.57,219.49
F21,C7275,2024-10-02,Holstein,3,Kurunegala,7,0,Healthy,Low,494.23,3.55,8.35,169.45,476.32
F27,C7276,2024-01-02,Crossbreed,10,Anuradhapura,9,2,Sick,High,92.53,3.59,8.98,184.73,85.36
F432,C7277,2024-05-04,Holstein,6,Anuradhapura,8,1,At_Risk,High,373.18,3.76,9.04,184.58,326.98
F74,C7278,2024-12-21,Crossbreed,4,Polonnaruwa,5,1,At_Risk,Low,162.38,3.84,9.07,180.72,142.09
F364,C7279,2024-11-29,Holstein,2,Polonnaruwa,7,3,Sick,Medium,169.53,4.72,8.49,189.38,177.74
F52,C7280,2024-09-11,Crossbreed,7,Badulla,2,0,Healthy,High,232.49,3.55,9.08,167.71,230.78
F312,C7281,2024-12-06,Crossbreed,10,Polonnaruwa,5,1,At_Risk,Medium,171.16,3.92,8.31,182.01,178.01
F290,C7282,2024-09-13,Crossbreed,9,Anuradhapura,7,2,Sick,High,152.9,4.57,8.22,193.07,138.98
F249,C7283,2024-08-14,Holstein,3,Polonnaruwa,5,0,Healthy,High,435.69,4.24,8.98,178.19,409.53
F146,C7284,2024-04-07,Crossbreed,5,Matale,2,0,Healthy,High,241.85,3.82,8.96,177.56,219.17
F50,C7285,2024-03-03,Local,6,Kandy,10,0,Healthy,Medium,68.5,4.55,8.32,194.74,64.32
F371,C7286,2024-10-06,Local,5,Polonnaruwa,2,3,Sick,Medium,48.09,3.95,8.3,183.57,42.47
F444,C7287,2024-11-14,Jersey,2,Badulla,2,3,Sick,Medium,140.9,4.18,8.76,184.62,121.51
F418,C7288,2024-03-16,Holstein,6,Kurunegala,10,1,At_Risk,High,211.66,4.08,9.0,190.21,183.92
F15,C7289,2024-01-04,Jersey,10,Matale,4,0,Healthy,Medium,394.04,4.01,8.43,186.17,360.31
F25,C7290,2024-11-04,Crossbreed,10,Polonnaruwa,5,0,Healthy,Low,165.98,4.02,8.95,184.92,170.8
F306,C7291,2024-11-05,Local,3,Monaragala,5,0,Healthy,Low,80.28,3.91,8.85,172.67,79.27
F230,C7292,2024-06-05,Jersey,10,Polonnaruwa,6,0,Healthy,High,295.16,4.0,8.86,184.45,266.03
F383,C7293,2024-06-23,Crossbreed,9,Kandy,1,0,Healthy,Low,239.17,4.46,8.82,175.39,230.38
F304,C7294,2024-02-21,Local,9,Polonnaruwa,8,0,Healthy,High,72.76,3.72,8.27,181.92,74.8
F496,C7295,2024-03-16,Holstein,2,Kandy,1,0,Healthy,High,513.79,3.65,8.35,178.31,444.46
F177,C7296,2024-08-23,Holstein,10,Kurunegala,6,0,Healthy,Medium,353.57,3.88,8.21,179.02,325.7
F181,C7297,2024-02-05,Crossbreed,7,Nuwara Eliya,9,0,Healthy,High,111.31,3.93,8.86,172.36,110.42
F169,C7298,2024-12-27,Holstein,4,Badulla,4,0,Healthy,High,583.86,4.47,8.99,185.03,565.33
F254,C7299,2024-02-04,Crossbreed,10,Nuwara Eliya,7,0,Healthy,Medium,196.1,4.28,8.86,191.74,190.7
F367,C7300,2024-02-26,Local,10,Badulla,10,0,Healthy,Low,71.58,3.57,8.93,183.95,72.16
F3,C7301,2024-01-23,Jersey,5,Badulla,1,0,Healthy,Medium,259.64,3.68,8.57,170.26,243.77
F336,C7302,2024-06-14,Holstein,8,Polonnaruwa,2,2,Sick,Medium,261.88,4.09,8.53,189.91,248.07
F93,C7303,2024-01-19,Jersey,6,Kandy,10,0,Healthy,Low,257.96,4.33,8.48,192.24,239.4
F258,C7304,2024-12-03,Jersey,3,Nuwara Eliya,5,1,At_Risk,Low,249.53,4.11,8.53,185.86,216.68
F306,C7305,2024-05-23,Crossbreed,8,Monaragala,3,3,Sick,Medium,102.0,4.51,8.76,194.76,102.97
F75,C7306,2024-10-04,Crossbreed,10,Monaragala,1,1,At_Risk,High,196.94,3.73,8.46,176.18,185.54
F254,C7307,2024-09-19,Crossbreed,9,Monaragala,10,2,Sick,Low,79.76,3.65,8.81,180.64,76.98
F104,C7308,2024-09-27,Local,4,Monaragala,4,0,Healthy,Medium,111.93,3.62,8.36,182.45,112.41
F340,C7309,2024-06-07,Holstein,9,Anuradhapura,8,3,Sick,Medium,160.78,4.05,8.36,183.83,166.93
F389,C7310,2024-11-18,Crossbreed,9,Matale,6,0,Healthy,Medium,169.52,3.84,8.46,173.6,153.66
F291,C7311,2024-07-26,Jersey,2,Polonnaruwa,1,0,Healthy,Medium,358.5,3.87,8.23,172.2,360.0
F278,C7312,2024-11-13,Jersey,7,Badulla,5,3,Sick,Low,156.4,4.72,9.15,192.39,153.9
F210,C7313,2024-12-09,Jersey,10,Polonnaruwa,4,0,Healthy,Low,321.96,4.36,8.42,190.97,337.88
F158,C7314,2024-04-15,Jersey,2,Anuradhapura,1,0,Healthy,Medium,348.0,4.47,8.24,184.51,300.43
F424,C7315,2024-04-05,Jersey,9,Nuwara Eliya,6,1,At_Risk,High,238.05,3.99,8.24,186.63,246.19
F269,C7316,2024-04-28,Holstein,5,Badulla,1,0,Healthy,Medium,329.38,4.46,8.26,184.32,287.71
F140,C7317,2024-10-11,Crossbreed,2,Kandy,10,0,Healthy,High,181.41,4.39,9.17,187.26,169.19
F81,C7318,2024-12-09,Local,9,Kandy,1,0,Healthy,Medium,103.87,3.92,9.19,173.39,103.5
F225,C7319,2024-11-01,Jersey,4,Kandy,3,0,Healthy,Low,257.73,4.27,8.52,191.89,248.03
F344,C7320,2024-02-20,Local,6,Anuradhapura,3,0,Healthy,Low,93.73,4.21,8.28,190.74,96.32
F76,C7321,2024-05-10,Holstein,5,Kurunegala,5,0,Healthy,Low,372.41,4.14,8.79,186.74,356.96
F210,C7322,2024-03-14,Crossbreed,6,Monaragala,10,0,Healthy,Medium,105.63,4.13,8.47,180.72,100.71
F351,C7323,2024-08-05,Holstein,6,Polonnaruwa,9,0,Healthy,Low,278.27,4.76,8.58,177.78,276.49
F467,C7324,2024-09-27,Crossbreed,2,Polonnaruwa,3,0,Healthy,Low,212.86,3.59,9.09,180.9,200.26
F481,C7325,2024-08-07,Holstein,6,Polonnaruwa,7,2,Sick,Medium,281.17,4.22,8.93,179.29,293.91
F237,C7326,2024-06-03,Crossbreed,5,Monaragala,8,1,At_Risk,High,130.48,4.48,8.78,184.42,125.32
F244,C7327,2024-01-05,Holstein,2,Matale,3,2,Sick,High,357.6,3.9,9.18,181.99,307.0
F462,C7328,2024-02-08,Local,3,Nuwara Eliya,8,0,Healthy,Medium,99.52,4.14,8.68,187.29,88.5
F62,C7329,2024-05-19,Holstein,5,Nuwara Eliya,8,1,At_Risk,High,294.03,4.13,8.52,181.09,273.4
F362,C7330,2024-09-16,Holstein,8,Matale,10,1,At_Risk,High,288.25,4.5,8.37,175.86,264.77
F56,C7331,2024-06-28,Jersey,4,Kurunegala,7,0,Healthy,High,331.23,3.58,8.56,173.9,320.16
F460,C7332,2024-06-09,Local,9,Matale,9,0,Healthy,High,76.72,4.57,8.58,188.39,69.66
F253,C7333,2024-01-17,Jersey,9,Monaragala,6,0,Healthy,High,264.43,4.59,8.91,184.34,247.6
F184,C7334,2024-04-01,Holstein,6,Polonnaruwa,4,1,At_Risk,Low,507.58,4.5,8.49,190.46,461.4
F438,C7335,2024-08-03,Holstein,7,Badulla,8,0,Healthy,High,412.76,3.65,9.11,171.1,375.93
F32,C7336,2024-09-13,Crossbreed,6,Monaragala,3,0,Healthy,Low,241.98,4.18,8.31,174.54,222.07
F271,C7337,2024-12-26,Local,8,Monaragala,2,0,Healthy,Medium,55.53,3.63,8.9,183.24,55.36
F438,C7338,2024-08-06,Holstein,4,Polonnaruwa,8,0,Healthy,Low,471.98,3.63,8.47,176.21,438.39
F153,C7339,2024-03-26,Crossbreed,4,Matale,10,0,Healthy,Medium,120.95,4.3,8.94,182.26,111.63
F471,C7340,2024-02-21,Local,5,Nuwara Eliya,8,2,Sick,Low,49.15,3.91,8.38,174.75,47.16
F443,C7341,2024-04-27,Crossbreed,9,Kandy,8,0,Healthy,Low,195.26,3.96,8.46,176.22,197.34
F4,C7342,2024-09-15,Local,6,Kurunegala,7,0,Healthy,Medium,52.54,4.43,8.57,182.66,45.75
F37,C7343,2024-11-09,Holstein,3,Matale,10,2,Sick,Medium,194.21,3.81,8.51,176.46,194.95
F181,C7344,2024-01-27,Holstein,9,Kurunegala,2,1,At_Risk,Low,435.6,3.7,8.85,185.02,382.96
F420,C7345,2024-10-12,Jersey,4,Polonnaruwa,10,0,Healthy,High,194.16,4.59,8.33,195.82,202.28
F157,C7346,2024-05-05,Holstein,5,Nuwara Eliya,6,0,Healthy,Medium,453.09,4.27,8.87,187.04,442.68
F372,C7347,2024-09-11,Holstein,4,Nuwara Eliya,8,0,Healthy,Medium,433.85,4.66,8.73,195.33,387.54
F5,C7348,2024-11-07,Local,9,Matale,2,2,Sick,High,56.63,4.21,9.15,176.67,48.41
F165,C7349,2024-09-19,Crossbreed,3,Matale,3,0,Healthy,Medium,258.52,4.5,8.35,194.25,241.0
F237,C7350,2024-04-01,Jersey,4,Kurunegala,9,0,Healthy,High,180.57,3.63,8.58,182.21,157.34
F441,C7351,2024-07-27,Holstein,2,Polonnaruwa,1,2,Sick,Medium,345.56,4.31,9.1,189.4,309.14
F103,C7352,2024-06-12,Crossbreed,3,Nuwara Eliya,4,0,Healthy,Low,192.11,4.05,8.21,184.92,190.17
F75,C7353,2024-11-16,Crossbreed,6,Nuwara Eliya,1,2,Sick,Low,98.73,4.51,9.12,193.07,94.53
F128,C7354,2024-08-10,Holstein,2,Polonnaruwa,2,0,Healthy,High,387.28,3.84,8.74,177.52,349.38
F247,C7355,2024-08-05,Holstein,9,Badulla,6,1,At_Risk,Low,398.61,4.27,8.96,176.09,353.14
F26,C7356,2024-01-03,Holstein,8,Nuwara Eliya,3,0,Healthy,Medium,540.54,3.66,8.21,172.82,564.71
F254,C7357,2024-03-13,Local,8,Nuwara Eliya,4,0,Healthy,Low,80.82,3.85,8.92,171.69,78.59
F240,C7358,2024-01-08,Crossbreed,3,Kandy,9,0,Healthy,Low,117.53,4.79,9.11,185.72,107.11
F216,C7359,2024-11-06,Holstein,9,Kurunegala,8,0,Healthy,Medium,491.29,3.58,8.98,181.04,458.66
F490,C7360,2024-06-22,Jersey,10,Monaragala,10,1,At_Risk,High,220.06,4.58,8.88,190.93,207.85
F20,C7361,2024-05-21,Holstein,2,Matale,10,1,At_Risk,Medium,212.16,4.51,8.22,192.05,215.59
F388,C7362,2024-09-18,Local,3,Kandy,9,0,Healthy,Medium,56.72,4.31,8.83,179.23,58.28
F403,C7363,2024-01-31,Jersey,2,Nuwara Eliya,2,1,At_Risk,Medium,262.96,4.07,8.36,179.35,247.6
F260,C7364,2024-03-04,Local,9,Anuradhapura,7,1,At_Risk,Medium,54.71,4.14,8.99,175.12,54.46
F22,C7365,2024-10-04,Crossbreed,6,Matale,9,0,Healthy,High,162.87,4.16,9.07,190.57,146.71
F223,C7366,2024-01-20,Jersey,9,Kurunegala,8,2,Sick,High,184.45,3.83,8.75,169.19,180.83
F419,C7367,2024-01-23,Crossbreed,10,Matale,3,2,Sick,Low,176.87,4.73,8.35,191.02,163.43
F403,C7368,2024-11-22,Crossbreed,7,Kurunegala,6,0,Healthy,Low,167.44,3.65,8.84,170.35,148.42
F478,C7369,2024-07-08,Local,8,Nuwara Eliya,8,0,Healthy,Low,100.79,4.49,8.59,186.77,99.86
F162,C7370,2024-03-31,Crossbreed,5,Nuwara Eliya,5,0,Healthy,Medium,273.58,4.54,9.11,181.63,241.59
F312,C7371,2024-11-12,Crossbreed,5,Monaragala,4,1,At_Risk,High,135.34,4.28,8.78,190.27,121.6
F165,C7372,2024-02-14,Holstein,9,Badulla,5,1,At_Risk,Low,326.87,3.95,8.26,184.29,280.82
F434,C7373,2024-01-07,Holstein,7,Kandy,10,0,Healthy,High,358.1,4.59,8.62,195.29,342.0
F179,C7374,2024-07-28,Crossbreed,6,Kurunegala,5,0,Healthy,High,164.11,4.68,8.74,182.97,149.7
F497,C7375,2024-01-26,Crossbreed,10,Monaragala,7,1,At_Risk,Low,135.28,3.56,8.99,183.39,125.6
F358,C7376,2024-12-09,Jersey,8,Kurunegala,8,0,Healthy,Medium,218.8,4.4,8.39,180.66,213.92
F69,C7377,2024-01-10,Jersey,2,Badulla,2,0,Healthy,High,262.04,3.5,8.89,169.72,224.79
F199,C7378,2024-09-06,Crossbreed,10,Monaragala,9,0,Healthy,Medium,127.08,4.73,8.82,189.47,119.78
F144,C7379,2024-08-30,Jersey,4,Matale,10,0,Healthy,High,229.51,4.65,8.5,186.57,218.19
F8,C7380,2024-03-10,Crossbreed,6,Kandy,8,1,At_Risk,Low,192.37,4.31,9.01,179.16,200.46
F67,C7381,2024-10-08,Crossbreed,10,Nuwara Eliya,3,0,Healthy,Low,179.07,3.66,8.55,169.08,177.88
F455,C7382,2024-02-27,Local,6,Kandy,4,3,Sick,Medium,45.3,4.21,9.01,191.97,42.3
F393,C7383,2024-11-22,Holstein,10,Kurunegala,4,1,At_Risk,Low,414.16,4.58,8.6,176.02,406.89
F67,C7384,2024-06-30,Local,4,Badulla,9,0,Healthy,Medium,43.85,4.67,8.48,190.81,43.54
F243,C7385,2024-09-17,Crossbreed,9,Polonnaruwa,10,1,At_Risk,Low,119.68,3.99,9.06,179.07,112.86
F230,C7386,2024-11-20,Local,4,Nuwara Eliya,8,0,Healthy,High,64.15,4.69,9.06,185.53,61.05
F28,C7387,2024-06-09,Jersey,8,Badulla,1,2,Sick,Medium,216.23,3.63,8.28,183.37,196.52
F35,C7388,2024-02-25,Jersey,8,Kandy,7,1,At_Risk,Medium,185.67,4.09,8.38,190.66,188.01
F399,C7389,2024-03-03,Crossbreed,7,Polonnaruwa,4,0,Healthy,Medium,196.8,4.58,8.76,177.78,173.37
F366,C7390,2024-05-02,Holstein,8,Polonnaruwa,6,0,Healthy,Low,351.32,3.84,8.3,185.36,301.65
F38,C7391,2024-06-15,Jersey,5,Anuradhapura,10,0,Healthy,Medium,232.03,4.45,8.84,189.98,220.65
F465,C7392,2024-06-24,Crossbreed,7,Polonnaruwa,9,1,At_Risk,Medium,97.98,4.52,8.63,178.29,85.72
F271,C7393,2024-03-13,Crossbreed,2,Polonnaruwa,7,2,Sick,Medium,149.58,3.6,8.82,170.47,147.48
F129,C7394,2024-03-17,Jersey,6,Kandy,8,0,Healthy,Low,303.83,3.72,8.97,182.93,270.02
F45,C7395,2024-09-14,Local,6,Monaragala,7,2,Sick,Low,50.7,4.1,9.18,181.75,48.19
F237,C7396,2024-07-07,Holstein,9,Polonnaruwa,3,0,Healthy,Low,377.41,4.56,8.71,180.54,360.34
F254,C7397,2024-03-13,Holstein,6,Matale,4,0,Healthy,Low,598.77,4.24,8.53,180.26,529.94
F472,C7398,2024-04-07,Local,10,Monaragala,4,3,Sick,Low,39.03,4.36,8.37,190.59,40.84
F357,C7399,2024-08-25,Holstein,9,Kandy,5,3,Sick,High,232.68,4.36,9.04,187.91,214.45
F454,C7400,2024-05-24,Holstein,3,Badulla,4,1,At_Risk,Medium,386.49,4.36,8.67,174.13,389.43
F155,C7401,2024-09-20,Local,4,Kandy,10,2,Sick,Low,29.95,4.05,8.73,176.78,29.76
F459,C7402,2024-07-24,Crossbreed,6,Matale,5,0,Healthy,Low,160.71,3.52,8.3,170.69,155.69
F312,C7403,2024-10-09,Holstein,10,Polonnaruwa,5,2,Sick,Medium,317.25,3.59,8.26,168.76,325.97
F407,C7404,2024-06-16,Jersey,9,Badulla,7,0,Healthy,Medium,244.18,4.33,9.07,179.63,251.04
F15,C7405,2024-03-10,Holstein,6,Matale,8,2,Sick,Low,231.78,4.4,8.31,186.32,229.53
F452,C7406,2024-01-28,Jersey,3,Nuwara Eliya,7,1,At_Risk,Medium,257.41,4.61,8.89,186.56,233.44
F307,C7407,2024-03-31,Holstein,6,Kurunegala,4,1,At_Risk,Low,380.92,4.79,8.56,179.59,381.37
F268,C7408,2024-02-12,Holstein,3,Kandy,7,0,Healthy,High,462.82,3.59,8.76,166.78,438.97
F239,C7409,2024-06-02,Holstein,7,Kurunegala,8,1,At_Risk,High,342.82,4.67,9.15,194.66,310.89
F313,C7410,2024-12-20,Local,7,Matale,9,2,Sick,Low,35.26,4.75,8.76,186.18,30.17
F57,C7411,2024-11-30,Crossbreed,5,Monaragala,1,0,Healthy,Low,197.1,4.57,8.67,192.29,195.98
F89,C7412,2024-08-09,Holstein,6,Matale,9,0,Healthy,High,366.72,4.14,9.01,186.92,335.87
F466,C7413,2024-06-13,Holstein,2,Monaragala,6,0,Healthy,Medium,481.5,3.57,9.19,181.07,482.55
F260,C7414,2024-04-03,Holstein,6,Anuradhapura,2,1,At_Risk,Low,417.01,4.49,8.5,179.63,429.14
F146,C7415,2024-08-05,Local,4,Badulla,9,3,Sick,Low,24.69,3.65,8.54,186.47,22.67
F465,C7416,2024-05-31,Crossbreed,8,Kandy,8,0,Healthy,High,177.16,4.25,8.57,177.71,169.3
F348,C7417,2024-02-21,Crossbreed,2,Anuradhapura,4,0,Healthy,Low,152.0,3.97,8.64,176.56,135.75
F34,C7418,2024-02-01,Crossbreed,7,Polonnaruwa,6,0,Healthy,High,188.3,3.79,8.24,185.99,194.51
F188,C7419,2024-04-24,Crossbreed,9,Nuwara Eliya,5,0,Healthy,High,179.44,4.09,9.08,183.91,172.67
F346,C7420,2024-12-09,Crossbreed,8,Monaragala,2,0,Healthy,Low,218.24,4.75,8.53,192.39,209.19
F372,C7421,2024-04-16,Local,8,Matale,2,0,Healthy,Medium,87.75,4.59,8.68,185.46,88.7
F63,C7422,2024-11-07,Jersey,2,Nuwara Eliya,9,2,Sick,Low,124.31,3.59,8.99,168.8,123.22
F329,C7423,2024-04-26,Crossbreed,2,Kandy,5,1,At_Risk,Medium,149.7,3.62,8.7,179.53,139.07
F422,C7424,2024-08-03,Holstein,6,Matale,10,0,Healthy,Medium,254.82,4.02,8.54,178.04,250.08
F143,C7425,2024-07-30,Local,3,Anuradhapura,5,0,Healthy,Medium,95.72,3.61,8.89,169.68,100.0
F25,C7426,2024-05-18,Crossbreed,3,Monaragala,7,3,Sick,High,106.07,3.96,8.74,184.19,110.76
F324,C7427,2024-03-18,Holstein,7,Kurunegala,2,1,At_Risk,High,295.85,4.55,8.36,193.31,266.7
F352,C7428,2024-02-05,Holstein,10,Monaragala,5,0,Healthy,High,554.06,4.3,8.26,187.68,510.13
F68,C7429,2024-09-29,Jersey,5,Polonnaruwa,3,0,Healthy,Low,355.36,3.83,9.17,183.24,350.92
F328,C7430,2024-08-15,Local,6,Matale,1,0,Healthy,Low,102.94,3.64,8.96,168.44,102.3
F398,C7431,2024-07-20,Jersey,9,Polonnaruwa,5,1,At_Risk,Low,232.75,4.44,8.78,176.13,218.0
F97,C7432,2024-04-03,Crossbreed,4,Kurunegala,5,0,Healthy,Medium,261.78,4.26,8.87,187.01,266.36
F400,C7433,2024-09-28,Local,4,Polonnaruwa,7,2,Sick,High,60.68,4.35,8.26,179.86,54.6
F370,C7434,2024-04-17,Holstein,6,Kandy,4,1,At_Risk,High,351.63,4.39,9.08,191.46,318.19
F296,C7435,2024-09-02,Local,5,Anuradhapura,10,2,Sick,Medium,36.89,4.7,8.77,182.24,32.28
F447,C7436,2024-05-08,Jersey,4,Monaragala,3,1,At_Risk,High,234.95,3.68,8.65,183.11,240.43
F449,C7437,2024-04-22,Holstein,8,Kurunegala,5,2,Sick,Medium,335.91,3.91,9.05,169.57,327.19
F105,C7438,2024-09-03,Crossbreed,8,Anuradhapura,6,0,Healthy,Medium,185.11,4.05,9.06,186.26,166.98
F123,C7439,2024-08-24,Holstein,5,Kandy,10,0,Healthy,Low,351.29,4.58,8.97,179.33,335.65
F315,C7440,2024-04-27,Local,3,Kurunegala,5,0,Healthy,Medium,94.02,3.91,9.08,179.09,97.29
F50,C7441,2024-10-08,Jersey,4,Kandy,3,2,Sick,Low,233.31,3.64,8.3,182.75,221.42
F190,C7442,2024-12-01,Local,2,Monaragala,10,3,Sick,High,19.53,3.99,9.1,186.3,17.0
F1,C7443,2024-06-25,Local,9,Kandy,7,0,Healthy,Medium,57.79,4.22,8.31,181.73,57.87
F226,C7444,2024-04-13,Local,9,Badulla,7,0,Healthy,Low,82.56,3.63,8.29,185.18,76.39
F10,C7445,2024-08-09,Holstein,4,Anuradhapura,7,3,Sick,Medium,179.89,3.64,8.97,182.02,181.03
F439,C7446,2024-08-30,Holstein,3,Monaragala,5,1,At_Risk,High,423.07,4.44,8.38,183.14,442.62
F195,C7447,2024-10-15,Local,5,Monaragala,8,1,At_Risk,High,47.0,3.53,8.49,172.46,44.74
F158,C7448,2024-04-30,Local,8,Anuradhapura,3,0,Healthy,Medium,106.32,4.64,8.5,183.93,106.52
F368,C7449,2024-06-21,Jersey,8,Polonnaruwa,5,0,Healthy,Low,266.26,3.97,9.18,180.65,277.12
F376,C7450,2024-10-24,Local,10,Polonnaruwa,7,0,Healthy,Medium,81.76,4.65,8.34,194.48,79.41
F150,C7451,2024-09-08,Holstein,10,Matale,3,3,Sick,High,184.44,4.42,8.63,190.76,161.32
F356,C7452,2024-09-19,Local,4,Badulla,2,1,At_Risk,High,68.96,4.53,8.36,183.22,67.87
F392,C7453,2024-09-10,Local,2,Matale,4,0,Healthy,Low,110.17,4.13,8.99,186.92,112.37
F484,C7454,2024-12-12,Local,4,Monaragala,3,1,At_Risk,Medium,87.74,3.98,8.9,186.55,87.48
F457,C7455,2024-05-02,Local,7,Badulla,5,0,Healthy,High,108.43,3.68,8.78,172.22,102.98
F405,C7456,2024-04-17,Jersey,6,Polonnaruwa,10,0,Healthy,Low,247.74,4.24,9.06,180.14,223.28
F339,C7457,2024-11-08,Local,6,Monaragala,1,0,Healthy,High,73.85,4.62,8.52,195.92,76.11
F168,C7458,2024-10-05,Holstein,6,Badulla,9,3,Sick,Medium,133.58,4.5,8.6,187.42,133.81
F107,C7459,2024-04-10,Holstein,8,Anuradhapura,6,0,Healthy,Medium,339.63,4.3,8.5,177.26,295.9
F399,C7460,2024-03-03,Jersey,6,Badulla,4,0,Healthy,Low,373.2,4.56,9.1,190.51,369.65
F261,C7461,2024-02-22,Jersey,2,Badulla,9,0,Healthy,High,165.71,3.7,8.57,175.4,172.25
F176,C7462,2024-01-31,Holstein,10,Kandy,7,1,At_Risk,Medium,289.98,3.64,8.59,178.06,283.29
F474,C7463,2024-01-21,Jersey,10,Polonnaruwa,6,2,Sick,High,204.05,4.2,8.64,177.36,178.35
F251,C7464,2024-07-17,Jersey,7,Monaragala,3,0,Healthy,Medium,374.84,4.16,8.22,189.51,337.71
F160,C7465,2024-11-04,Local,9,Kandy,10,0,Healthy,High,50.22,3.89,8.84,170.78,48.18
F18,C7466,2024-12-27,Crossbreed,5,Monaragala,3,1,At_Risk,High,225.43,4.79,9.14,193.18,193.21
F246,C7467,2024-01-10,Holstein,5,Matale,2,0,Healthy,Medium,401.58,4.21,9.11,177.32,393.8
F377,C7468,2024-06-26,Crossbreed,2,Polonnaruwa,7,1,At_Risk,High,192.45,3.91,8.82,180.44,197.38
F214,C7469,2024-08-24,Local,7,Badulla,6,2,Sick,Medium,38.44,4.7,8.77,193.85,40.0
F193,C7470,2024-06-13,Holstein,8,Kurunegala,4,2,Sick,Medium,274.04,3.85,9.0,172.19,233.76
F267,C7471,2024-09-16,Crossbreed,3,Nuwara Eliya,2,1,At_Risk,Medium,178.18,3.64,8.87,184.45,172.83
F495,C7472,2024-07-19,Jersey,6,Monaragala,3,0,Healthy,Medium,387.89,4.52,8.37,187.39,346.46
F117,C7473,2024-02-10,Holstein,8,Badulla,6,1,At_Risk,Low,427.07,3.67,9.07,168.35,416.66
F300,C7474,2024-11-04,Jersey,5,Anuradhapura,4,0,Healthy,Medium,330.01,4.48,8.97,175.04,280.73
F409,C7475,2024-06-12,Holstein,4,Monaragala,6,0,Healthy,Medium,448.59,4.77,9.02,179.03,406.85
F242,C7476,2024-08-17,Local,10,Polonnaruwa,7,1,At_Risk,Low,48.86,3.65,9.14,172.26,41.88
F13,C7477,2024-03-03,Local,6,Nuwara Eliya,7,0,Healthy,High,58.12,4.51,9.01,189.4,52.71
F118,C7478,2024-03-26,Local,8,Matale,7,1,At_Risk,Low,76.1,4.32,8.99,181.75,65.67
F102,C7479,2024-04-14,Local,3,Monaragala,4,1,At_Risk,High,88.36,4.64,8.79,178.92,81.69
F326,C7480,2024-05-07,Local,2,Kandy,3,0,Healthy,Low,106.12,4.7,8.64,185.18,111.4
F345,C7481,2024-06-12,Jersey,6,Badulla,4,0,Healthy,High,334.44,4.78,8.92,180.37,304.25
F113,C7482,2024-08-26,Crossbreed,3,Monaragala,7,1,At_Risk,High,184.46,3.73,9.11,168.47,157.39
F52,C7483,2024-06-17,Holstein,10,Badulla,10,0,Healthy,High,377.79,4.42,8.61,175.58,358.35
F209,C7484,2024-01-23,Jersey,6,Kandy,1,1,At_Risk,Medium,285.13,4.5,8.97,189.59,281.0
F212,C7485,2024-10-17,Crossbreed,6,Nuwara Eliya,5,1,At_Risk,Medium,185.05,4.41,8.37,189.64,168.26
F320,C7486,2024-02-12,Local,6,Polonnaruwa,6,2,Sick,Medium,51.7,4.38,8.34,189.99,51.03
F498,C7487,2024-11-03,Jersey,10,Matale,6,0,Healthy,Medium,219.12,4.48,8.2,183.3,201.17
F395,C7488,2024-03-06,Jersey,3,Anuradhapura,5,0,Healthy,Medium,276.85,4.45,8.4,175.94,257.48
F130,C7489,2024-06-17,Local,2,Kandy,1,0,Healthy,Medium,63.24,3.59,9.16,184.93,63.75
F350,C7490,2024-01-02,Crossbreed,9,Nuwara Eliya,2,0,Healthy,Medium,169.55,3.51,8.94,173.03,173.0
F274,C7491,2024-11-28,Local,7,Badulla,6,0,Healthy,High,77.7,4.52,8.8,194.4,74.82
F94,C7492,2024-12-21,Holstein,7,Badulla,10,0,Healthy,Medium,228.81,3.79,9.19,169.35,201.76
F408,C7493,2024-11-20,Crossbreed,5,Monaragala,10,0,Healthy,Medium,155.82,4.0,8.34,185.66,149.88
F163,C7494,2024-12-26,Holstein,10,Nuwara Eliya,5,0,Healthy,Medium,479.72,4.72,8.46,179.45,422.36
F411,C7495,2024-10-31,Holstein,5,Anuradhapura,10,1,At_Risk,High,210.09,4.25,8.23,189.4,200.57
F284,C7496,2024-04-05,Jersey,5,Matale,8,2,Sick,Low,147.1,3.54,9.01,170.74,137.71
F257,C7497,2024-05-22,Local,6,Polonnaruwa,5,2,Sick,Medium,42.65,3.74,9.14,173.04,39.88
F199,C7498,2024-10-18,Jersey,6,Kandy,4,0,Healthy,High,267.69,3.6,8.5,169.99,252.37
F327,C7499,2024-09-10,Local,4,Matale,6,0,Healthy,Medium,83.24,4.75,8.86,184.57,73.14
F104,C7500,2024-06-08,Crossbreed,10,Kandy,8,0,Healthy,High,167.28,4.46,8.32,185.26,148.93
F200,C7501,2024-03-14,Local,3,Matale,10,1,At_Risk,Medium,58.76,3.87,8.56,183.5,54.26
F241,C7502,2024-04-14,Jersey,7,Monaragala,3,0,Healthy,Low,342.53,3.75,8.43,180.41,302.24
F223,C7503,2024-06-08,Holstein,9,Matale,6,3,Sick,High,178.37,4.3,9.02,192.28,184.54
F233,C7504,2024-07-09,Holstein,10,Anuradhapura,3,0,Healthy,Medium,441.26,3.62,8.56,175.64,425.93
F147,C7505,2024-07-13,Jersey,4,Kandy,10,0,Healthy,High,205.5,3.99,8.96,172.7,188.29
F189,C7506,2024-10-07,Holstein,2,Badulla,9,0,Healthy,Medium,377.64,4.61,8.66,182.45,335.21
F281,C7507,2024-01-26,Jersey,3,Kandy,8,3,Sick,Medium,138.99,4.1,8.81,189.15,135.25
F159,C7508,2024-04-27,Jersey,4,Kurunegala,2,0,Healthy,Low,272.35,3.7,8.85,180.83,252.24
F267,C7509,2024-09-21,Jersey,7,Kurunegala,4,0,Healthy,Low,330.61,3.69,8.77,179.57,281.41
F34,C7510,2024-08-17,Holstein,4,Nuwara Eliya,8,2,Sick,Low,322.34,3.87,8.69,188.61,313.94
F478,C7511,2024-06-17,Crossbreed,2,Badulla,2,1,At_Risk,Low,167.93,4.36,9.03,189.76,174.7
F326,C7512,2024-09-24,Holstein,5,Badulla,1,3,Sick,High,161.4,4.2,8.64,179.54,166.36
F281,C7513,2024-10-06,Crossbreed,3,Kandy,8,0,Healthy,Medium,142.0,3.65,9.19,181.6,130.23
F197,C7514,2024-11-24,Holstein,6,Badulla,10,0,Healthy,High,333.32,4.55,8.51,188.17,308.24
F493,C7515,2024-08-26,Jersey,4,Anuradhapura,1,1,At_Risk,Medium,209.25,3.95,9.04,173.77,212.45
F236,C7516,2024-07-21,Jersey,5,Polonnaruwa,3,0,Healthy,Low,285.66,3.52,8.92,184.74,280.41
F294,C7517,2024-10-22,Holstein,10,Kurunegala,10,2,Sick,Low,209.55,4.47,9.06,181.07,198.74
F213,C7518,2024-04-29,Jersey,9,Nuwara Eliya,2,0,Healthy,Medium,241.84,4.05,9.13,175.24,247.8
F309,C7519,2024-02-06,Crossbreed,10,Matale,5,0,Healthy,Medium,242.09,3.61,8.74,183.52,215.6
F27,C7520,2024-01-21,Holstein,9,Matale,7,0,Healthy,High,383.88,3.76,9.07,181.21,353.91
F398,C7521,2024-04-17,Holstein,6,Monaragala,10,0,Healthy,High,270.26,4.08,8.71,179.24,243.15
F99,C7522,2024-03-30,Local,6,Polonnaruwa,5,0,Healthy,Low,90.67,4.45,8.71,177.38,84.94
F49,C7523,2024-01-12,Jersey,3,Kurunegala,6,1,At_Risk,High,247.81,3.58,8.53,171.05,247.08
F129,C7524,2024-01-06,Local,9,Monaragala,5,2,Sick,High,57.92,3.84,8.5,173.67,60.1
F38,C7525,2024-10-10,Crossbreed,5,Kandy,4,0,Healthy,High,253.48,4.76,9.03,195.01,250.47
F239,C7526,2024-08-06,Jersey,9,Kandy,8,1,At_Risk,Low,206.76,3.96,8.41,171.82,209.7
F390,C7527,2024-12-15,Crossbreed,9,Matale,2,0,Healthy,Low,176.34,4.02,8.35,177.08,171.7
F18,C7528,2024-04-24,Local,4,Polonnaruwa,2,0,Healthy,Low,94.64,4.12,8.92,184.08,96.24
F173,C7529,2024-12-29,Jersey,4,Badulla,8,2,Sick,High,145.91,4.3,8.49,190.22,125.66
F41,C7530,2024-06-08,Holstein,2,Polonnaruwa,6,0,Healthy,Low,479.72,3.66,8.4,171.63,435.83
F62,C7531,2024-01-07,Local,2,Anuradhapura,7,0,Healthy,Low,78.51,3.65,9.08,170.64,74.88
F374,C7532,2024-04-16,Holstein,4,Nuwara Eliya,4,0,Healthy,Medium,449.82,4.12,8.5,181.04,453.22
F299,C7533,2024-05-17,Holstein,4,Badulla,1,1,At_Risk,High,426.85,3.56,8.2,175.98,414.97
F87,C7534,2024-01-10,Local,9,Badulla,2,0,Healthy,Medium,90.74,4.1,8.79,187.92,90.05
F284,C7535,2024-05-25,Crossbreed,6,Monaragala,6,0,Healthy,High,184.33,4.15,8.67,181.84,174.17
F302,C7536,2024-11-21,Jersey,3,Kandy,9,0,Healthy,Low,237.18,3.76,8.95,175.68,213.91
F16,C7537,2024-08-07,Crossbreed,9,Nuwara Eliya,7,2,Sick,Medium,101.52,4.35,8.41,173.94,98.94
F11,C7538,2024-04-01,Local,10,Badulla,6,2,Sick,Medium,60.86,3.91,8.67,177.26,62.04
F393,C7539,2024-08-28,Jersey,6,Anuradhapura,6,0,Healthy,Low,307.35,4.37,8.71,181.21,294.14
F256,C7540,2024-12-24,Holstein,2,Polonnaruwa,6,0,Healthy,High,440.34,4.68,8.85,184.12,402.97
F170,C7541,2024-05-25,Holstein,7,Anuradhapura,8,1,At_Risk,Medium,281.91,4.24,8.66,188.04,263.84
F433,C7542,2024-01-20,Jersey,6,Matale,7,3,Sick,Low,113.52,3.55,8.86,177.58,99.16
F299,C7543,2024-10-07,Local,6,Kandy,2,0,Healthy,High,78.61,4.54,9.06,192.08,76.78
F15,C7544,2024-04-26,Holstein,9,Badulla,3,0,Healthy,Low,398.68,4.13,8.79,185.19,391.88
F139,C7545,2024-05-31,Holstein,8,Anuradhapura,10,0,Healthy,Low,339.34,4.36,8.84,185.27,343.99
F182,C7546,2024-09-10,Holstein,4,Anuradhapura,5,1,At_Risk,Low,377.73,4.06,9.04,183.86,336.44
F175,C7547,2024-10-24,Crossbreed,4,Polonnaruwa,6,1,At_Risk,Low,142.8,4.57,8.67,185.74,130.25
F39,C7548,2024-12-13,Local,6,Badulla,3,0,Healthy,High,101.37,4.19,8.3,172.26,101.59
F35,C7549,2024-08-17,Local,8,Kurunegala,2,0,Healthy,Low,55.77,4.6,9.14,177.48,55.38
F493,C7550,2024-06-23,Jersey,4,Kandy,10,0,Healthy,High,221.71,4.36,8.83,184.96,218.09
F174,C7551,2024-01-27,Holstein,4,Kandy,2,0,Healthy,Medium,446.12,3.62,8.43,169.54,398.37
F18,C7552,2024-05-10,Local,3,Kandy,1,0,Healthy,High,100.56,4.46,8.7,180.75,87.08
F280,C7553,2024-06-02,Holstein,2,Nuwara Eliya,2,0,Healthy,Medium,517.86,3.81,8.28,174.89,472.89
F229,C7554,2024-07-21,Holstein,7,Anuradhapura,8,2,Sick,Low,249.71,4.69,9.04,180.75,224.43
F208,C7555,2024-11-21,Local,6,Monaragala,1,0,Healthy,Medium,67.67,3.97,8.95,186.02,68.58
F230,C7556,2024-05-31,Local,8,Nuwara Eliya,9,1,At_Risk,Medium,47.61,3.77,8.21,169.51,42.53
F46,C7557,2024-02-20,Jersey,8,Nuwara Eliya,8,0,Healthy,Medium,334.41,3.62,8.89,176.69,284.77
F447,C7558,2024-09-01,Holstein,7,Badulla,7,0,Healthy,Low,327.08,4.5,8.31,178.22,293.69
F56,C7559,2024-05-15,Holstein,4,Polonnaruwa,7,2,Sick,Low,296.21,3.95,8.26,176.23,259.33
F280,C7560,2024-11-28,Jersey,10,Badulla,4,0,Healthy,Medium,329.71,3.95,8.36,185.46,300.45
F49,C7561,2024-01-12,Holstein,3,Badulla,2,2,Sick,Medium,298.49,3.68,8.46,179.55,275.89
F263,C7562,2024-09-14,Local,4,Polonnaruwa,2,0,Healthy,High,54.45,3.89,8.36,175.95,49.64
F17,C7563,2024-03-19,Holstein,4,Kurunegala,5,3,Sick,Low,236.06,4.23,9.07,178.91,235.92
F113,C7564,2024-04-07,Holstein,4,Kurunegala,3,1,At_Risk,High,396.88,3.5,8.97,167.85,364.67
F205,C7565,2024-11-08,Local,9,Badulla,8,2,Sick,High,38.26,4.51,8.24,193.53,38.6
F70,C7566,2024-11-09,Crossbreed,2,Polonnaruwa,9,3,Sick,High,80.8,4.57,9.12,194.18,70.07
F293,C7567,2024-08-14,Local,8,Kurunegala,9,0,Healthy,High,72.02,4.63,8.4,184.63,69.12
F309,C7568,2024-08-06,Holstein,4,Badulla,3,2,Sick,Low,250.61,4.67,9.05,187.55,223.42
F421,C7569,2024-09-15,Crossbreed,2,Matale,1,0,Healthy,Low,211.27,4.54,9.13,191.33,200.68
F337,C7570,2024-01-21,Holstein,8,Monaragala,6,0,Healthy,Low,444.35,3.58,8.99,176.84,411.18
F70,C7571,2024-12-01,Local,7,Monaragala,6,0,Healthy,High,64.28,4.57,9.15,180.55,62.21
F457,C7572,2024-07-19,Local,2,Matale,8,0,Healthy,Medium,101.27,3.61,8.87,183.99,91.82
F57,C7573,2024-02-19,Jersey,7,Anuradhapura,5,0,Healthy,High,356.63,3.76,8.27,178.67,343.81
F204,C7574,2024-06-01,Crossbreed,2,Badulla,9,2,Sick,Medium,107.6,4.2,8.24,177.6,93.65
F470,C7575,2024-02-17,Local,9,Kurunegala,10,1,At_Risk,High,56.24,4.02,8.35,172.84,50.28
F28,C7576,2024-01-27,Crossbreed,8,Badulla,8,0,Healthy,Low,135.6,4.25,8.68,174.63,117.4
F180,C7577,2024-04-15,Jersey,8,Matale,8,3,Sick,High,106.16,3.51,8.4,167.07,103.81
F332,C7578,2024-10-03,Jersey,8,Nuwara Eliya,4,1,At_Risk,High,318.66,3.69,8.25,167.49,295.02
F187,C7579,2024-11-20,Jersey,4,Kandy,1,0,Healthy,Medium,286.14,4.56,9.12,195.03,271.98
F422,C7580,2024-07-29,Crossbreed,6,Polonnaruwa,4,0,Healthy,High,274.27,4.02,8.62,172.77,286.84
F292,C7581,2024-04-08,Local,4,Matale,6,0,Healthy,High,95.2,4.12,9.02,188.2,94.41
F57,C7582,2024-05-22,Local,3,Nuwara Eliya,7,1,At_Risk,High,75.45,4.5,8.44,178.06,74.16
F183,C7583,2024-05-02,Local,5,Anuradhapura,6,3,Sick,Medium,33.47,3.59,8.49,174.5,34.9
F96,C7584,2024-01-28,Crossbreed,5,Anuradhapura,1,1,At_Risk,Medium,177.43,3.53,8.99,168.37,152.15
F315,C7585,2024-12-10,Crossbreed,8,Matale,3,0,Healthy,Medium,212.83,3.98,8.62,179.34,220.71
F167,C7586,2024-07-12,Local,8,Polonnaruwa,4,0,Healthy,Medium,106.72,4.48,9.08,174.88,99.06
F220,C7587,2024-05-24,Local,4,Anuradhapura,3,0,Healthy,High,78.05,3.64,8.85,180.31,80.7
F240,C7588,2024-08-03,Crossbreed,4,Anuradhapura,2,1,At_Risk,High,195.86,3.59,8.41,177.69,184.76
F78,C7589,2024-12-17,Jersey,7,Kandy,6,0,Healthy,High,307.8,4.77,8.28,193.49,279.99
F153,C7590,2024-04-24,Jersey,5,Kandy,5,0,Healthy,High,347.54,4.04,8.42,181.02,346.92
F164,C7591,2024-09-18,Jersey,3,Monaragala,8,0,Healthy,High,269.5,3.65,8.68,168.57,258.45
F114,C7592,2024-01-20,Crossbreed,9,Polonnaruwa,3,0,Healthy,Low,250.88,3.59,9.01,178.16,244.05
F129,C7593,2024-05-07,Crossbreed,7,Matale,7,1,At_Risk,Medium,153.02,4.5,8.25,181.89,148.07
F238,C7594,2024-06-11,Holstein,10,Nuwara Eliya,7,0,Healthy,High,385.27,3.93,8.77,178.29,392.46
F238,C7595,2024-12-01,Holstein,4,Matale,5,2,Sick,Low,252.21,4.02,8.25,172.51,236.65
F38,C7596,2024-06-15,Jersey,4,Polonnaruwa,3,0,Healthy,Medium,253.99,4.42,8.41,188.65,231.76
F226,C7597,2024-04-27,Crossbreed,6,Anuradhapura,9,2,Sick,Low,104.8,4.08,8.92,181.55,108.53
F348,C7598,2024-10-03,Holstein,8,Kandy,5,0,Healthy,Medium,473.44,4.48,8.27,193.62,422.16
F462,C7599,2024-04-28,Holstein,5,Anuradhapura,2,0,Healthy,Medium,381.89,3.84,9.08,186.35,381.24
F261,C7600,2024-02-15,Crossbreed,2,Badulla,8,0,Healthy,High,163.55,3.99,9.16,177.32,144.22
F100,C7601,2024-03-22,Jersey,9,Kurunegala,3,0,Healthy,Low,388.79,4.48,8.58,179.41,371.83
F217,C7602,2024-05-09,Holstein,10,Badulla,2,1,At_Risk,High,282.93,3.6,9.04,182.37,258.07
F374,C7603,2024-03-23,Jersey,7,Kandy,10,0,Healthy,Medium,180.01,4.21,9.14,173.42,164.85
F108,C7604,2024-07-15,Jersey,7,Monaragala,4,3,Sick,Medium,130.63,4.74,9.07,189.54,133.63
F22,C7605,2024-01-27,Holstein,10,Anuradhapura,2,0,Healthy,High,497.84,3.91,9.07,174.21,492.15
F271,C7606,2024-07-13,Crossbreed,7,Anuradhapura,2,2,Sick,Low,158.12,3.74,8.23,179.93,145.2
F270,C7607,2024-12-23,Jersey,5,Kandy,3,2,Sick,Low,234.7,4.51,8.64,188.07,206.04
F138,C7608,2024-09-11,Holstein,6,Badulla,7,0,Healthy,Low,470.09,4.07,8.79,189.58,480.6
F190,C7609,2024-09-10,Holstein,8,Kandy,4,0,Healthy,Low,487.14,3.88,8.41,186.14,510.54
F114,C7610,2024-07-17,Local,7,Polonnaruwa,4,1,At_Risk,Low,55.4,3.62,9.06,173.4,49.12
F273,C7611,2024-09-10,Local,6,Matale,6,0,Healthy,High,78.69,3.92,8.79,178.16,71.26
F224,C7612,2024-10-02,Local,7,Kurunegala,5,3,Sick,Low,38.71,3.93,8.82,186.88,33.44
F67,C7613,2024-02-05,Crossbreed,3,Polonnaruwa,5,0,Healthy,Medium,195.1,3.57,8.9,180.58,186.84
F193,C7614,2024-10-29,Holstein,8,Kurunegala,7,0,Healthy,High,435.0,4.57,8.88,177.39,419.34
F372,C7615,2024-12-18,Crossbreed,10,Kurunegala,8,3,Sick,Low,58.19,4.47,8.24,186.92,56.82
F127,C7616,2024-04-16,Crossbreed,8,Monaragala,1,0,Healthy,Low,210.4,3.68,8.41,182.77,180.08
F65,C7617,2024-07-15,Jersey,5,Polonnaruwa,2,0,Healthy,Low,259.03,4.22,8.76,188.3,248.63
F48,C7618,2024-07-27,Crossbreed,7,Matale,6,3,Sick,Medium,79.25,4.56,8.95,194.54,70.96
F359,C7619,2024-06-28,Holstein,9,Kandy,7,0,Healthy,Low,368.66,4.53,8.21,187.72,369.14
F428,C7620,2024-08-27,Jersey,4,Badulla,7,1,At_Risk,Low,184.82,3.61,8.21,170.48,188.55
F428,C7621,2024-05-14,Local,2,Kandy,8,0,Healthy,Low,81.27,4.07,8.61,187.83,78.76
F80,C7622,2024-07-04,Crossbreed,4,Badulla,1,3,Sick,Low,111.04,4.71,8.47,178.29,97.53
F3,C7623,2024-05-20,Local,5,Monaragala,6,2,Sick,High,34.82,4.66,8.95,187.21,31.44
F461,C7624,2024-07-05,Local,7,Nuwara Eliya,2,0,Healthy,Low,95.91,3.88,8.24,183.22,97.48
F29,C7625,2024-01-19,Crossbreed,5,Matale,5,3,Sick,High,82.79,4.11,8.59,184.87,81.68
F245,C7626,2024-02-25,Local,9,Monaragala,2,3,Sick,High,32.62,4.41,8.37,192.01,33.92
F344,C7627,2024-05-05,Crossbreed,4,Badulla,1,0,Healthy,Medium,154.86,4.17,8.55,175.18,146.99
F383,C7628,2024-11-13,Jersey,5,Monaragala,3,0,Healthy,Medium,380.04,3.69,8.51,185.47,327.16
F73,C7629,2024-06-13,Jersey,10,Monaragala,6,3,Sick,Medium,96.47,3.64,8.85,168.5,91.8
F319,C7630,2024-05-21,Holstein,5,Kandy,1,1,At_Risk,Low,276.32,4.59,8.25,190.13,285.5
F208,C7631,2024-09-17,Local,7,Polonnaruwa,10,1,At_Risk,Medium,51.21,3.55,8.84,170.58,46.0
F263,C7632,2024-05-25,Holstein,8,Anuradhapura,8,0,Healthy,Low,493.15,3.8,8.85,171.15,426.23
F441,C7633,2024-02-22,Jersey,2,Badulla,1,0,Healthy,High,274.45,4.02,8.21,170.72,245.0
F496,C7634,2024-12-10,Local,6,Anuradhapura,3,1,At_Risk,Low,86.6,4.28,8.83,184.43,85.12
F190,C7635,2024-06-30,Holstein,7,Kurunegala,3,0,Healthy,Low,526.44,4.58,9.03,176.49,519.16
F358,C7636,2024-11-27,Crossbreed,7,Badulla,5,2,Sick,High,127.23,3.56,8.37,179.01,111.33
F352,C7637,2024-01-06,Crossbreed,7,Polonnaruwa,5,0,Healthy,Medium,192.87,4.76,8.22,194.21,180.78
F277,C7638,2024-07-27,Jersey,3,Anuradhapura,5,0,Healthy,High,397.34,4.62,9.08,178.81,412.59
F95,C7639,2024-08-30,Crossbreed,9,Nuwara Eliya,1,1,At_Risk,High,213.1,4.78,8.68,183.88,213.69
F340,C7640,2024-06-19,Local,4,Kurunegala,9,0,Healthy,Medium,42.8,3.55,8.68,183.24,38.09
F129,C7641,2024-01-02,Jersey,8,Kandy,7,1,At_Risk,Low,185.11,3.54,8.66,178.93,180.95
F104,C7642,2024-05-12,Local,2,Polonnaruwa,5,0,Healthy,High,112.05,4.1,8.86,189.58,106.33
F220,C7643,2024-05-17,Crossbreed,7,Kurunegala,5,3,Sick,High,109.13,4.33,9.12,190.05,92.82
F459,C7644,2024-03-15,Crossbreed,9,Kurunegala,9,2,Sick,Low,73.34,4.48,8.21,186.3,68.67
F228,C7645,2024-07-09,Local,2,Kurunegala,7,1,At_Risk,Medium,65.75,4.12,9.04,173.05,57.4
F443,C7646,2024-05-09,Crossbreed,7,Anuradhapura,7,0,Healthy,Low,174.13,4.54,8.57,185.81,155.78
F316,C7647,2024-05-02,Holstein,5,Polonnaruwa,7,3,Sick,High,182.01,4.75,8.39,177.71,177.94
F404,C7648,2024-02-18,Local,5,Badulla,1,0,Healthy,High,89.73,4.58,8.89,190.36,76.89
F464,C7649,2024-02-22,Holstein,4,Polonnaruwa,7,2,Sick,High,323.32,4.76,9.17,180.75,331.41
F304,C7650,2024-09-19,Crossbreed,5,Kurunegala,9,3,Sick,High,49.12,3.6,8.72,175.37,42.22
F475,C7651,2024-12-14,Holstein,4,Matale,6,1,At_Risk,Low,362.97,3.63,9.16,176.89,323.87
F97,C7652,2024-05-07,Jersey,6,Badulla,6,1,At_Risk,Medium,218.57,4.55,8.75,177.61,199.11
F301,C7653,2024-09-20,Jersey,5,Kandy,5,2,Sick,Medium,172.88,4.77,8.9,181.55,165.78
F350,C7654,2024-11-15,Crossbreed,4,Nuwara Eliya,2,1,At_Risk,High,190.95,4.58,8.86,195.59,197.09
F243,C7655,2024-10-25,Jersey,9,Nuwara Eliya,7,0,Healthy,Low,268.56,4.75,8.27,187.47,236.7
F232,C7656,2024-05-08,Jersey,5,Badulla,10,0,Healthy,Medium,186.44,3.56,8.8,172.15,161.67
F117,C7657,2024-12-02,Jersey,9,Kandy,3,0,Healthy,High,278.0,4.43,8.38,191.27,288.2
F466,C7658,2024-01-22,Local,7,Kurunegala,9,0,Healthy,Medium,64.02,3.79,9.02,172.86,56.05
F18,C7659,2024-12-02,Jersey,5,Anuradhapura,10,0,Healthy,High,194.47,4.12,8.69,183.11,190.53
F388,C7660,2024-08-07,Local,4,Kandy,5,0,Healthy,Medium,112.6,3.79,8.32,172.69,117.9
F174,C7661,2024-11-07,Jersey,8,Anuradhapura,6,1,At_Risk,Medium,256.06,4.08,8.42,179.56,266.51
F79,C7662,2024-07-03,Holstein,5,Monaragala,8,1,At_Risk,High,279.07,4.0,8.99,178.43,242.57
F225,C7663,2024-11-09,Local,8,Polonnaruwa,8,2,Sick,High,50.84,4.47,8.85,185.18,52.2
F359,C7664,2024-05-20,Local,2,Anuradhapura,6,0,Healthy,Medium,76.43,3.93,8.72,178.36,74.47
F448,C7665,2024-11-29,Holstein,4,Kandy,4,2,Sick,Low,341.92,4.47,9.15,187.97,352.28
F243,C7666,2024-06-29,Holstein,7,Matale,7,1,At_Risk,Medium,302.91,4.18,9.17,184.02,285.24
F477,C7667,2024-06-16,Jersey,6,Monaragala,4,0,Healthy,Medium,372.99,3.72,8.6,175.51,334.81
F466,C7668,2024-08-29,Crossbreed,2,Kurunegala,1,0,Healthy,High,247.43,4.01,8.59,175.43,232.97
F448,C7669,2024-04-20,Holstein,3,Matale,7,0,Healthy,High,352.91,4.45,8.66,186.8,304.81
F197,C7670,2024-08-10,Crossbreed,3,Badulla,6,0,Healthy,High,165.03,4.09,8.37,189.44,161.45
F313,C7671,2024-12-22,Local,2,Kandy,4,0,Healthy,Low,91.17,3.58,8.26,178.07,86.72
F292,C7672,2024-08-09,Jersey,8,Badulla,2,0,Healthy,High,305.16,4.05,8.96,174.53,303.01
F499,C7673,2024-03-20,Crossbreed,2,Kurunegala,3,0,Healthy,Low,278.71,4.27,8.27,181.9,285.22
F37,C7674,2024-02-05,Holstein,4,Kurunegala,1,0,Healthy,High,401.48,3.67,9.02,185.97,418.58
F297,C7675,2024-08-05,Holstein,4,Monaragala,6,0,Healthy,Medium,349.99,4.66,8.63,192.56,349.04
F237,C7676,2024-12-24,Crossbreed,8,Kandy,3,2,Sick,Low,125.01,4.18,8.72,184.78,122.33
F196,C7677,2024-08-24,Holstein,7,Anuradhapura,5,0,Healthy,High,560.07,4.4,8.54,180.55,497.9
F11,C7678,2024-01-06,Crossbreed,3,Kurunegala,10,1,At_Risk,Medium,149.87,4.64,8.75,179.44,142.32
F30,C7679,2024-08-10,Holstein,9,Nuwara Eliya,7,2,Sick,Low,241.11,3.74,8.84,180.28,208.29
F120,C7680,2024-09-16,Holstein,2,Badulla,10,1,At_Risk,High,309.85,4.69,9.1,187.7,277.14
F37,C7681,2024-05-18,Jersey,6,Badulla,4,3,Sick,High,148.3,4.72,8.46,178.93,152.14
F36,C7682,2024-04-16,Crossbreed,3,Nuwara Eliya,2,0,Healthy,High,162.47,4.1,8.69,180.16,160.18
F448,C7683,2024-08-04,Local,8,Matale,4,0,Healthy,Low,90.76,4.68,8.37,178.91,90.63
F106,C7684,2024-06-29,Holstein,6,Matale,5,0,Healthy,High,444.36,4.68,9.06,184.31,429.36
F34,C7685,2024-07-26,Crossbreed,9,Matale,8,1,At_Risk,Low,189.08,4.75,8.55,196.65,172.11
F130,C7686,2024-06-07,Holstein,9,Nuwara Eliya,7,1,At_Risk,Low,294.91,3.77,9.09,184.6,295.55
F99,C7687,2024-11-01,Holstein,9,Badulla,3,0,Healthy,Medium,468.31,4.58,8.34,185.62,459.92
F428,C7688,2024-08-01,Local,10,Matale,5,0,Healthy,High,66.88,3.51,8.29,168.19,65.34
F459,C7689,2024-07-11,Holstein,3,Anuradhapura,5,0,Healthy,High,506.53,4.79,8.5,190.6,521.68
F495,C7690,2024-02-04,Crossbreed,8,Monaragala,8,1,At_Risk,Medium,179.21,3.61,9.01,178.03,173.18
F405,C7691,2024-02-10,Jersey,10,Matale,8,0,Healthy,High,236.45,3.61,9.09,169.72,228.52
F58,C7692,2024-10-02,Crossbreed,10,Nuwara Eliya,1,2,Sick,Low,129.31,4.43,8.58,191.49,120.26
F400,C7693,2024-06-13,Holstein,8,Kurunegala,1,1,At_Risk,Low,339.79,4.54,8.46,182.75,306.51
F125,C7694,2024-02-26,Holstein,6,Anuradhapura,7,0,Healthy,High,397.63,3.56,8.37,167.64,414.46
F72,C7695,2024-01-15,Jersey,2,Polonnaruwa,6,1,At_Risk,Low,274.43,4.07,8.76,175.05,265.05
F84,C7696,2024-08-17,Local,6,Kandy,9,0,Healthy,High,76.88,4.19,8.71,184.36,69.25
F73,C7697,2024-02-14,Crossbreed,8,Monaragala,2,0,Healthy,High,223.81,4.32,9.18,191.67,228.99
F200,C7698,2024-03-28,Crossbreed,5,Monaragala,9,3,Sick,Low,75.89,4.52,9.06,178.7,70.53
F202,C7699,2024-02-20,Local,5,Kandy,3,0,Healthy,Low,116.68,4.49,8.92,190.15,99.69
F181,C7700,2024-09-20,Jersey,4,Anuradhapura,3,0,Healthy,High,364.71,4.3,8.28,175.37,327.48
F407,C7701,2024-02-03,Crossbreed,2,Polonnaruwa,8,2,Sick,Medium,128.18,3.91,9.05,182.28,124.7
F362,C7702,2024-02-05,Crossbreed,7,Badulla,1,1,At_Risk,High,206.21,3.74,9.13,168.84,180.97
F342,C7703,2024-03-10,Local,3,Anuradhapura,8,0,Healthy,Medium,92.1,4.4,8.59,190.74,83.07
F231,C7704,2024-09-29,Local,8,Monaragala,5,2,Sick,Medium,69.48,3.9,8.3,185.42,63.58
F462,C7705,2024-08-02,Local,4,Anuradhapura,8,1,At_Risk,Medium,55.23,4.07,9.1,173.21,53.14
F292,C7706,2024-05-23,Holstein,2,Polonnaruwa,6,0,Healthy,Low,369.66,3.97,8.35,175.93,380.07
F342,C7707,2024-05-30,Local,5,Kandy,1,0,Healthy,High,91.89,3.85,8.47,170.61,88.35
F268,C7708,2024-10-03,Crossbreed,10,Polonnaruwa,3,1,At_Risk,High,203.84,4.17,8.77,182.47,194.95
F148,C7709,2024-11-14,Jersey,6,Badulla,1,0,Healthy,High,307.01,4.04,8.96,171.16,293.13
F276,C7710,2024-04-14,Holstein,4,Polonnaruwa,6,0,Healthy,Medium,364.89,4.11,9.1,173.53,378.76
F119,C7711,2024-12-20,Jersey,8,Kandy,8,0,Healthy,Low,280.93,4.56,8.56,193.71,251.3
F231,C7712,2024-10-12,Jersey,3,Kurunegala,7,0,Healthy,Medium,224.36,4.72,9.05,179.02,201.73
F386,C7713,2024-04-14,Crossbreed,8,Matale,8,0,Healthy,Medium,176.12,3.53,8.52,179.31,166.79
F380,C7714,2024-04-07,Jersey,2,Monaragala,10,0,Healthy,High,239.1,4.0,8.74,174.62,219.65
F249,C7715,2024-09-21,Jersey,2,Matale,10,0,Healthy,High,184.62,3.51,8.35,175.18,189.11
F180,C7716,2024-04-22,Local,3,Matale,4,0,Healthy,Low,119.48,4.47,8.63,190.97,115.96
F71,C7717,2024-01-03,Holstein,9,Polonnaruwa,10,2,Sick,High,175.56,3.73,8.37,176.39,165.13
F234,C7718,2024-12-27,Holstein,2,Anuradhapura,8,0,Healthy,Medium,466.97,4.48,8.59,182.61,413.91
F62,C7719,2024-10-15,Crossbreed,7,Nuwara Eliya,7,1,At_Risk,Low,114.04,3.52,8.22,178.32,97.95
F437,C7720,2024-02-13,Local,2,Polonnaruwa,8,3,Sick,High,30.12,3.94,8.62,185.95,30.77
F87,C7721,2024-10-28,Crossbreed,6,Monaragala,6,0,Healthy,Low,226.84,4.17,8.76,172.79,223.1
F369,C7722,2024-03-18,Crossbreed,7,Nuwara Eliya,7,0,Healthy,Medium,180.65,4.11,9.19,178.19,186.5
F402,C7723,2024-03-15,Holstein,6,Badulla,1,2,Sick,High,302.25,4.18,8.97,188.8,295.42
F310,C7724,2024-08-12,Holstein,5,Matale,2,1,At_Risk,High,272.93,3.98,8.83,173.74,281.95
F476,C7725,2024-11-07,Holstein,2,Kandy,6,1,At_Risk,Medium,394.14,4.41,8.65,181.19,374.57
F353,C7726,2024-09-08,Crossbreed,8,Kandy,7,0,Healthy,Medium,148.07,4.77,8.86,188.09,136.4
F63,C7727,2024-12-05,Holstein,10,Kandy,10,0,Healthy,High,313.68,3.67,9.2,182.14,286.64
F372,C7728,2024-08-18,Holstein,3,Anuradhapura,1,2,Sick,Low,273.62,3.52,9.03,180.32,281.68
F5,C7729,2024-06-07,Jersey,2,Polonnaruwa,7,0,Healthy,Medium,222.72,4.02,9.07,179.85,199.63
F419,C7730,2024-11-30,Local,9,Monaragala,8,3,Sick,Medium,43.11,4.21,9.01,178.43,44.17
F469,C7731,2024-03-18,Crossbreed,5,Nuwara Eliya,7,2,Sick,High,104.74,4.51,9.03,194.86,101.82
F137,C7732,2024-11-30,Holstein,4,Anuradhapura,7,2,Sick,Medium,205.61,4.33,8.43,182.33,178.28
F491,C7733,2024-05-16,Holstein,4,Badulla,2,0,Healthy,Low,488.94,4.73,9.13,179.8,491.58
F398,C7734,2024-07-01,Crossbreed,5,Polonnaruwa,5,0,Healthy,Medium,238.99,3.52,8.83,181.85,206.27
F314,C7735,2024-01-18,Holstein,9,Monaragala,3,0,Healthy,High,371.19,3.72,8.47,183.18,358.84
F344,C7736,2024-12-18,Local,6,Badulla,6,1,At_Risk,Low,71.33,4.27,8.89,175.65,62.78
F308,C7737,2024-08-10,Jersey,4,Badulla,2,2,Sick,Low,199.58,4.76,8.45,196.01,196.38
F109,C7738,2024-03-15,Crossbreed,3,Nuwara Eliya,6,0,Healthy,Medium,139.05,3.83,8.64,178.18,127.12
F471,C7739,2024-11-11,Local,7,Nuwara Eliya,2,3,Sick,Medium,37.3,4.14,8.78,175.69,35.5
F142,C7740,2024-12-04,Local,3,Anuradhapura,8,0,Healthy,Low,83.67,4.61,9.09,179.11,76.33
F135,C7741,2024-05-06,Jersey,2,Monaragala,7,2,Sick,Low,169.89,3.9,8.33,173.76,154.73
F94,C7742,2024-01-23,Local,10,Matale,3,0,Healthy,High,79.28,4.19,8.53,180.69,79.67
F407,C7743,2024-04-15,Crossbreed,6,Polonnaruwa,8,3,Sick,High,90.17,4.78,8.39,192.43,89.12
F236,C7744,2024-11-10,Jersey,6,Anuradhapura,2,0,Healthy,Low,308.65,4.44,8.31,179.42,294.02
F162,C7745,2024-11-29,Holstein,2,Matale,1,0,Healthy,High,459.18,4.07,8.8,181.73,415.56
F383,C7746,2024-07-23,Holstein,10,Kandy,2,0,Healthy,Low,347.2,4.57,8.35,178.62,316.94
F143,C7747,2024-02-29,Jersey,3,Monaragala,8,0,Healthy,High,321.96,3.78,8.77,183.98,318.56
F441,C7748,2024-02-10,Local,5,Badulla,6,2,Sick,Medium,66.17,4.63,8.65,177.88,56.63
F211,C7749,2024-04-25,Jersey,2,Anuradhapura,3,2,Sick,Medium,227.5,4.76,9.09,189.67,233.58
F486,C7750,2024-10-21,Jersey,10,Kurunegala,8,0,Healthy,Low,264.78,3.57,8.5,167.37,248.17
F281,C7751,2024-05-12,Local,8,Kurunegala,9,0,Healthy,High,54.4,3.64,8.85,182.93,46.97
F161,C7752,2024-10-20,Jersey,3,Monaragala,9,0,Healthy,High,187.92,3.77,8.52,187.01,182.33
F46,C7753,2024-03-01,Holstein,6,Monaragala,5,0,Healthy,Medium,513.07,3.81,9.02,174.09,451.0
F21,C7754,2024-05-07,Jersey,3,Kurunegala,1,0,Healthy,Low,248.75,4.41,8.62,179.85,211.73
F487,C7755,2024-10-30,Jersey,10,Polonnaruwa,6,0,Healthy,Medium,219.45,3.6,8.37,176.1,223.3
F299,C7756,2024-12-18,Holstein,4,Matale,7,1,At_Risk,High,290.87,3.56,8.46,182.35,267.28
F469,C7757,2024-05-29,Jersey,8,Kandy,2,0,Healthy,Low,273.03,4.68,8.38,194.53,241.82
F43,C7758,2024-03-08,Holstein,10,Kandy,9,0,Healthy,High,330.16,3.88,8.87,180.33,319.08
F131,C7759,2024-07-04,Local,8,Kandy,9,3,Sick,High,19.29,3.95,8.82,186.67,17.69
F324,C7760,2024-02-26,Crossbreed,4,Badulla,3,0,Healthy,High,227.79,4.32,8.37,182.11,237.36
F94,C7761,2024-07-31,Crossbreed,7,Anuradhapura,2,1,At_Risk,Low,190.85,4.04,8.58,182.22,186.56
F200,C7762,2024-11-28,Holstein,7,Nuwara Eliya,7,0,Healthy,High,436.01,3.97,9.19,176.78,399.24
F321,C7763,2024-01-04,Crossbreed,10,Matale,4,2,Sick,High,133.19,4.79,8.27,184.42,135.58
F411,C7764,2024-01-21,Jersey,5,Monaragala,5,0,Healthy,Low,356.16,3.96,9.07,173.59,371.16
F436,C7765,2024-06-20,Local,7,Monaragala,4,0,Healthy,Medium,81.1,4.58,8.55,182.92,77.39
F369,C7766,2024-01-15,Crossbreed,3,Badulla,8,3,Sick,Low,106.88,4.11,8.97,182.15,108.08
F133,C7767,2024-01-04,Jersey,4,Polonnaruwa,6,2,Sick,Medium,219.72,3.82,9.02,187.75,197.07
F199,C7768,2024-04-13,Local,2,Anuradhapura,4,3,Sick,Medium,45.77,4.16,8.31,190.09,45.78
F293,C7769,2024-08-26,Jersey,10,Kurunegala,10,1,At_Risk,Low,144.1,4.36,8.21,174.55,136.25
F376,C7770,2024-01-06,Holstein,8,Badulla,7,0,Healthy,High,310.84,3.95,8.36,173.89,287.32
F165,C7771,2024-09-07,Jersey,5,Badulla,4,0,Healthy,High,393.17,4.0,8.37,182.45,351.33
F354,C7772,2024-08-06,Local,8,Kurunegala,7,0,Healthy,Medium,79.73,4.48,9.13,186.51,71.63
F116,C7773,2024-01-22,Crossbreed,8,Kurunegala,7,0,Healthy,Low,223.5,4.07,8.44,189.09,193.52
F24,C7774,2024-09-11,Jersey,3,Monaragala,1,0,Healthy,Medium,261.51,4.76,8.23,188.8,238.98
F277,C7775,2024-02-20,Jersey,10,Matale,8,0,Healthy,Low,281.52,4.29,8.97,185.42,272.97
F48,C7776,2024-01-14,Local,5,Kurunegala,10,0,Healthy,High,57.62,3.67,8.77,172.3,54.44
F429,C7777,2024-10-01,Holstein,2,Polonnaruwa,6,0,Healthy,Medium,344.05,4.79,9.01,188.74,326.53
F202,C7778,2024-05-22,Crossbreed,3,Matale,2,1,At_Risk,Medium,119.28,4.6,8.72,176.64,110.5
F70,C7779,2024-08-22,Crossbreed,5,Kurunegala,3,0,Healthy,Medium,211.22,3.97,8.63,184.21,213.69
F303,C7780,2024-09-19,Local,3,Matale,3,2,Sick,Medium,53.49,4.68,8.5,182.46,46.78
F108,C7781,2024-05-19,Local,4,Matale,5,1,At_Risk,Medium,63.07,3.91,8.49,186.02,58.14
F53,C7782,2024-12-25,Crossbreed,3,Monaragala,6,0,Healthy,Medium,216.73,4.32,9.16,187.0,227.55
F431,C7783,2024-05-24,Jersey,3,Kandy,2,0,Healthy,Low,251.75,3.86,9.08,185.13,244.2
F340,C7784,2024-06-23,Crossbreed,6,Anuradhapura,9,0,Healthy,Low,156.49,3.51,8.71,165.17,133.99
F261,C7785,2024-04-25,Local,5,Kandy,6,0,Healthy,High,97.21,4.64,8.48,191.24,90.26
F74,C7786,2024-08-10,Holstein,6,Kurunegala,4,0,Healthy,Medium,503.86,3.56,8.62,176.81,481.69
F333,C7787,2024-06-03,Holstein,5,Kandy,7,0,Healthy,Medium,300.68,4.61,8.51,192.55,308.57
F395,C7788,2024-01-27,Local,3,Anuradhapura,1,0,Healthy,High,96.04,4.51,8.4,194.21,88.66
F291,C7789,2024-05-13,Local,8,Matale,8,1,At_Risk,Low,65.96,4.22,9.09,191.54,60.44
F283,C7790,2024-08-22,Holstein,4,Kurunegala,6,1,At_Risk,Low,327.44,4.2,9.04,191.04,324.34
F265,C7791,2024-11-29,Holstein,5,Anuradhapura,6,3,Sick,Low,150.07,4.29,9.11,176.77,138.51
F40,C7792,2024-06-22,Crossbreed,7,Kandy,8,2,Sick,Low,116.48,4.37,8.69,186.57,107.17
F3,C7793,2024-05-04,Holstein,4,Matale,3,1,At_Risk,Low,437.58,4.19,8.71,178.2,395.42
F101,C7794,2024-04-25,Local,4,Anuradhapura,9,1,At_Risk,Medium,52.28,4.38,8.61,185.69,49.5
F380,C7795,2024-08-14,Local,3,Anuradhapura,6,0,Healthy,Medium,86.75,4.09,8.36,190.35,76.49
F176,C7796,2024-11-12,Holstein,8,Matale,1,0,Healthy,Low,468.98,4.08,9.1,184.87,401.6
F80,C7797,2024-03-29,Holstein,9,Badulla,2,0,Healthy,High,330.1,3.52,8.99,174.77,291.65
F194,C7798,2024-02-12,Crossbreed,4,Anuradhapura,4,0,Healthy,Medium,180.65,3.68,8.83,166.97,155.08
F353,C7799,2024-01-04,Local,9,Kurunegala,9,2,Sick,High,25.49,4.59,8.35,182.56,25.14
F386,C7800,2024-09-06,Crossbreed,9,Monaragala,9,3,Sick,Medium,80.1,3.62,9.12,177.56,82.99
F213,C7801,2024-05-27,Crossbreed,8,Nuwara Eliya,5,0,Healthy,High,238.99,4.73,9.09,188.84,221.77
F84,C7802,2024-09-26,Holstein,9,Monaragala,8,0,Healthy,Low,501.62,4.17,8.44,185.3,446.84
F482,C7803,2024-10-02,Local,7,Anuradhapura,9,0,Healthy,High,39.05,4.72,8.47,190.46,39.59
F76,C7804,2024-10-09,Crossbreed,2,Badulla,6,2,Sick,Medium,135.05,3.93,8.89,185.82,138.26
F119,C7805,2024-06-02,Jersey,3,Kurunegala,9,0,Healthy,High,214.82,3.6,9.0,183.13,224.66
F484,C7806,2024-09-24,Crossbreed,9,Anuradhapura,1,0,Healthy,Low,189.27,4.02,8.39,180.89,167.36
F110,C7807,2024-12-07,Crossbreed,4,Monaragala,2,0,Healthy,Medium,211.76,4.41,8.75,184.16,209.18
F51,C7808,2024-07-10,Crossbreed,8,Matale,5,0,Healthy,Medium,261.46,3.62,8.73,175.92,263.3
F88,C7809,2024-11-08,Holstein,2,Polonnaruwa,10,0,Healthy,Low,365.27,3.73,8.74,180.25,332.83
F217,C7810,2024-04-12,Jersey,8,Anuradhapura,3,1,At_Risk,Low,294.74,4.59,8.52,189.83,263.64
F202,C7811,2024-06-07,Jersey,8,Monaragala,2,2,Sick,Medium,147.68,3.72,8.41,177.59,154.35
F463,C7812,2024-06-22,Local,3,Badulla,2,2,Sick,Medium,54.82,4.69,9.14,194.02,53.95
F137,C7813,2024-05-15,Crossbreed,2,Kurunegala,8,1,At_Risk,Low,186.0,4.04,9.0,177.74,174.3
F347,C7814,2024-09-17,Holstein,8,Polonnaruwa,8,1,At_Risk,High,428.73,3.72,8.84,183.55,433.96
F18,C7815,2024-12-29,Jersey,3,Nuwara Eliya,2,2,Sick,Low,213.37,4.66,9.03,190.96,215.82
F76,C7816,2024-11-26,Jersey,10,Badulla,7,0,Healthy,Medium,281.27,4.39,8.73,189.01,255.85
F347,C7817,2024-05-02,Jersey,4,Nuwara Eliya,7,2,Sick,High,172.66,4.14,8.52,174.35,151.42
F281,C7818,2024-03-06,Crossbreed,2,Anuradhapura,6,0,Healthy,Low,219.88,4.75,8.75,180.55,229.07
F203,C7819,2024-12-06,Jersey,5,Polonnaruwa,7,0,Healthy,High,236.71,4.68,8.79,195.27,224.35
F178,C7820,2024-09-30,Holstein,5,Polonnaruwa,10,0,Healthy,Low,258.72,4.45,8.73,194.32,267.11
F73,C7821,2024-06-10,Local,4,Monaragala,6,0,Healthy,Low,78.9,3.81,8.43,174.23,67.44
F304,C7822,2024-09-30,Holstein,5,Badulla,1,0,Healthy,Medium,340.45,4.53,8.64,184.01,317.57
F111,C7823,2024-01-04,Local,8,Polonnaruwa,7,0,Healthy,High,93.3,4.24,8.97,185.89,94.77
F425,C7824,2024-08-08,Jersey,5,Kandy,5,2,Sick,Medium,222.08,4.72,8.76,187.21,218.31
F73,C7825,2024-01-17,Jersey,3,Polonnaruwa,7,0,Healthy,Medium,334.02,4.36,8.97,189.43,349.17
F221,C7826,2024-01-10,Crossbreed,7,Kurunegala,3,0,Healthy,Low,236.33,4.42,8.39,191.71,213.37
F417,C7827,2024-11-20,Crossbreed,4,Polonnaruwa,6,0,Healthy,Medium,186.46,4.2,8.73,182.89,163.7
F337,C7828,2024-04-04,Holstein,3,Polonnaruwa,8,0,Healthy,High,431.15,4.76,8.93,196.4,405.04
F218,C7829,2024-07-30,Jersey,8,Kandy,9,2,Sick,Medium,106.89,3.76,9.16,168.92,99.14
F16,C7830,2024-12-12,Local,6,Monaragala,3,0,Healthy,Medium,79.9,4.52,8.76,181.77,71.4
F153,C7831,2024-05-08,Local,10,Anuradhapura,1,1,At_Risk,High,72.67,4.4,8.56,182.49,66.52
F202,C7832,2024-06-22,Holstein,6,Badulla,10,0,Healthy,Medium,356.98,3.7,8.42,182.06,360.22
F221,C7833,2024-07-11,Local,8,Nuwara Eliya,4,1,At_Risk,Medium,99.18,3.82,8.95,186.01,92.71
F14,C7834,2024-05-22,Crossbreed,4,Kandy,5,1,At_Risk,Medium,199.59,4.41,8.79,174.15,192.81
F409,C7835,2024-05-10,Jersey,2,Polonnaruwa,3,0,Healthy,Low,330.1,4.4,8.84,186.38,338.4
F321,C7836,2024-12-18,Crossbreed,10,Polonnaruwa,3,0,Healthy,Low,200.22,4.53,8.21,190.38,191.88
F378,C7837,2024-10-26,Local,3,Monaragala,8,0,Healthy,Medium,68.38,4.44,9.09,190.64,58.2
F274,C7838,2024-05-25,Crossbreed,5,Polonnaruwa,6,0,Healthy,Medium,197.8,4.06,8.21,186.6,181.17
F252,C7839,2024-02-26,Local,10,Kurunegala,1,0,Healthy,High,106.92,4.75,8.97,186.93,100.51
F111,C7840,2024-04-08,Local,7,Monaragala,2,0,Healthy,High,98.84,4.1,8.53,174.54,87.9
F459,C7841,2024-05-19,Crossbreed,10,Anuradhapura,5,0,Healthy,Medium,212.97,4.21,8.54,173.63,206.37
F393,C7842,2024-09-09,Local,6,Polonnaruwa,8,0,Healthy,Low,93.16,4.19,9.18,191.46,88.32
F495,C7843,2024-05-30,Local,10,Kurunegala,7,2,Sick,High,34.87,4.63,8.81,177.19,33.9
F104,C7844,2024-10-17,Holstein,5,Kandy,8,1,At_Risk,Low,305.16,3.65,8.25,184.84,266.26
F22,C7845,2024-02-09,Crossbreed,3,Anuradhapura,8,0,Healthy,Medium,234.3,4.44,9.12,190.02,239.73
F146,C7846,2024-05-23,Jersey,8,Kurunegala,7,2,Sick,High,143.67,3.57,8.85,183.89,145.08
F480,C7847,2024-02-19,Crossbreed,9,Kandy,8,1,At_Risk,Low,180.84,4.53,8.78,191.31,187.8
F50,C7848,2024-11-20,Crossbreed,2,Kandy,7,0,Healthy,High,173.84,4.7,8.71,178.83,160.22
F444,C7849,2024-06-17,Local,10,Matale,7,1,At_Risk,Low,79.44,4.64,8.85,195.37,81.9
F26,C7850,2024-10-20,Holstein,2,Nuwara Eliya,2,0,Healthy,Medium,494.06,3.76,8.59,178.94,437.64
F52,C7851,2024-10-25,Jersey,10,Badulla,7,0,Healthy,High,295.58,3.58,8.23,173.96,252.34
F166,C7852,2024-07-10,Crossbreed,8,Kurunegala,2,2,Sick,Low,118.97,4.47,8.35,185.29,119.67
F472,C7853,2024-04-14,Local,3,Badulla,4,0,Healthy,High,66.16,4.77,8.68,192.35,56.82
F259,C7854,2024-04-22,Local,3,Badulla,3,0,Healthy,Medium,89.59,3.8,9.15,180.95,85.67
F402,C7855,2024-05-17,Jersey,10,Nuwara Eliya,7,0,Healthy,High,212.71,3.83,8.52,186.52,213.43
F256,C7856,2024-05-26,Holstein,7,Polonnaruwa,2,0,Healthy,Low,461.92,3.89,8.28,171.44,423.17
F215,C7857,2024-09-16,Local,8,Kurunegala,6,0,Healthy,High,81.58,4.54,9.19,194.12,76.85
F17,C7858,2024-09-16,Holstein,4,Nuwara Eliya,5,1,At_Risk,Medium,475.49,3.57,8.74,178.91,491.89
F128,C7859,2024-10-07,Crossbreed,8,Monaragala,5,0,Healthy,Low,180.54,4.56,9.08,193.36,175.26
F337,C7860,2024-09-24,Jersey,4,Badulla,6,1,At_Risk,Low,211.99,4.19,8.76,187.91,211.26
F469,C7861,2024-04-22,Holstein,2,Monaragala,2,0,Healthy,Medium,326.31,3.8,8.49,182.36,339.07
F361,C7862,2024-12-12,Local,10,Monaragala,10,1,At_Risk,Low,64.99,3.99,8.66,179.81,67.14
F318,C7863,2024-09-25,Crossbreed,3,Monaragala,9,0,Healthy,High,165.79,3.89,8.97,178.99,162.27
F222,C7864,2024-05-02,Local,7,Badulla,4,1,At_Risk,Low,80.03,4.44,8.8,189.57,75.52
F24,C7865,2024-09-18,Crossbreed,7,Polonnaruwa,8,0,Healthy,Low,232.52,4.28,8.3,180.8,220.76
F34,C7866,2024-11-12,Holstein,5,Polonnaruwa,1,0,Healthy,Low,486.54,4.59,8.34,190.91,421.88
F101,C7867,2024-06-11,Crossbreed,8,Monaragala,2,0,Healthy,Medium,179.0,4.74,9.1,184.04,155.7
F286,C7868,2024-01-20,Holstein,6,Kurunegala,6,1,At_Risk,High,300.57,4.72,8.43,193.18,304.99
F269,C7869,2024-02-28,Jersey,10,Anuradhapura,4,0,Healthy,Medium,301.02,3.56,8.35,172.96,268.35
F130,C7870,2024-08-22,Local,5,Monaragala,8,0,Healthy,High,65.66,3.81,8.33,168.84,59.37
F351,C7871,2024-06-07,Local,2,Anuradhapura,1,0,Healthy,Low,85.95,4.49,8.4,190.08,90.05
F332,C7872,2024-08-09,Crossbreed,5,Polonnaruwa,7,0,Healthy,High,202.74,3.67,8.22,167.06,203.58
F335,C7873,2024-03-18,Jersey,2,Matale,7,0,Healthy,Low,282.89,3.65,9.17,173.55,259.62
F341,C7874,2024-10-19,Local,6,Nuwara Eliya,8,0,Healthy,High,77.91,3.94,8.55,186.37,70.76
F197,C7875,2024-11-06,Holstein,10,Monaragala,2,1,At_Risk,Low,427.74,3.66,9.17,181.98,429.98
F174,C7876,2024-02-10,Jersey,2,Monaragala,9,1,At_Risk,High,192.32,4.68,9.04,177.91,181.82
F244,C7877,2024-06-04,Jersey,6,Badulla,4,0,Healthy,Low,293.73,3.53,8.88,183.84,288.42
F216,C7878,2024-04-07,Crossbreed,4,Nuwara Eliya,1,0,Healthy,Low,156.46,4.11,9.07,182.36,135.71
F472,C7879,2024-10-05,Crossbreed,5,Badulla,3,1,At_Risk,High,222.02,4.52,8.92,176.53,209.36
F240,C7880,2024-09-19,Local,6,Polonnaruwa,7,0,Healthy,High,51.55,4.56,8.3,177.89,47.25
F267,C7881,2024-04-24,Crossbreed,3,Kandy,2,0,Healthy,High,237.47,4.78,8.97,193.09,213.48
F50,C7882,2024-09-27,Crossbreed,6,Kandy,5,0,Healthy,Low,157.21,3.76,8.85,179.0,151.31
F260,C7883,2024-01-27,Local,9,Kandy,8,3,Sick,Low,28.88,4.22,8.79,182.18,26.9
F425,C7884,2024-03-29,Holstein,8,Kandy,5,0,Healthy,Medium,391.49,3.68,8.8,179.92,353.29
F261,C7885,2024-04-21,Crossbreed,4,Kurunegala,10,0,Healthy,Medium,170.73,4.76,9.03,180.16,162.86
F283,C7886,2024-12-28,Jersey,7,Kandy,5,0,Healthy,High,375.05,4.46,8.76,189.35,333.8
F331,C7887,2024-03-12,Holstein,8,Matale,2,0,Healthy,High,392.32,3.99,8.38,185.1,350.87
F315,C7888,2024-01-15,Holstein,9,Nuwara Eliya,5,1,At_Risk,High,494.91,4.13,9.1,188.12,448.07
F372,C7889,2024-05-31,Jersey,2,Kandy,8,0,Healthy,High,265.56,4.42,8.54,191.31,267.51
F7,C7890,2024-06-19,Jersey,7,Anuradhapura,3,0,Healthy,Medium,386.0,4.43,8.82,191.58,350.23
F89,C7891,2024-03-18,Local,7,Kurunegala,3,1,At_Risk,High,67.97,4.74,8.57,193.82,58.43
F354,C7892,2024-07-20,Holstein,8,Matale,9,0,Healthy,High,343.83,3.92,8.32,177.29,330.46
F67,C7893,2024-08-06,Local,4,Matale,6,0,Healthy,Low,77.19,3.51,8.29,184.06,67.93
F62,C7894,2024-08-31,Local,2,Kurunegala,1,0,Healthy,Medium,106.93,4.37,8.57,181.32,110.03
F7,C7895,2024-11-12,Holstein,7,Kandy,1,2,Sick,High,275.66,4.32,8.71,185.36,244.55
F165,C7896,2024-08-23,Jersey,4,Matale,7,0,Healthy,High,305.0,4.45,8.82,191.32,276.71
F308,C7897,2024-12-28,Holstein,9,Matale,1,2,Sick,High,276.5,3.92,8.68,175.7,259.8
F176,C7898,2024-12-01,Local,6,Monaragala,5,0,Healthy,Medium,98.41,4.6,8.77,182.93,93.59
F260,C7899,2024-08-24,Jersey,3,Monaragala,5,0,Healthy,High,350.97,4.41,8.77,174.29,306.4
F298,C7900,2024-03-10,Crossbreed,3,Polonnaruwa,3,0,Healthy,Low,165.88,3.59,9.06,167.45,155.49
F190,C7901,2024-02-25,Jersey,9,Matale,5,1,At_Risk,Low,265.49,4.17,9.0,175.19,253.35
F482,C7902,2024-06-15,Crossbreed,3,Matale,1,2,Sick,Medium,115.5,4.57,9.09,185.82,113.07
F307,C7903,2024-07-12,Jersey,2,Badulla,7,0,Healthy,High,215.14,4.25,8.27,183.05,198.93
F298,C7904,2024-03-12,Crossbreed,5,Anuradhapura,5,3,Sick,High,87.83,4.15,9.18,175.06,82.18
F420,C7905,2024-08-03,Local,4,Nuwara Eliya,3,0,Healthy,Medium,73.71,4.39,8.55,175.7,71.02
F496,C7906,2024-09-03,Holstein,3,Kurunegala,4,0,Healthy,Low,354.84,3.56,9.0,173.81,312.14
F438,C7907,2024-12-27,Holstein,9,Badulla,3,0,Healthy,Low,471.57,4.16,8.26,174.11,461.44
F480,C7908,2024-11-13,Jersey,2,Kurunegala,1,0,Healthy,Low,310.1,4.05,9.05,190.17,291.94
F127,C7909,2024-08-24,Local,4,Badulla,10,2,Sick,High,34.4,4.21,8.81,174.33,34.36
F144,C7910,2024-09-14,Local,4,Badulla,1,0,Healthy,High,97.81,4.05,8.41,170.8,97.82
F163,C7911,2024-06-09,Holstein,8,Anuradhapura,9,1,At_Risk,Medium,324.36,4.18,8.68,188.46,276.69
F117,C7912,2024-12-13,Local,2,Kurunegala,5,0,Healthy,Low,104.69,4.32,8.86,184.95,91.37
F200,C7913,2024-09-29,Crossbreed,9,Anuradhapura,4,3,Sick,Low,78.66,4.36,8.4,179.96,67.89
F462,C7914,2024-04-09,Jersey,5,Nuwara Eliya,10,0,Healthy,Low,187.2,4.67,8.54,187.31,181.34
F21,C7915,2024-05-22,Jersey,9,Kandy,3,2,Sick,Medium,197.77,4.78,9.05,184.55,197.98
F175,C7916,2024-09-06,Crossbreed,10,Matale,3,0,Healthy,Low,152.93,4.4,8.48,175.17,155.62
F363,C7917,2024-12-15,Jersey,4,Matale,8,2,Sick,Low,164.92,3.51,8.52,184.23,158.98
F404,C7918,2024-01-11,Crossbreed,9,Badulla,10,1,At_Risk,Low,104.26,4.0,8.47,173.07,102.81
F489,C7919,2024-03-16,Holstein,5,Nuwara Eliya,8,0,Healthy,Medium,392.55,3.99,8.96,176.26,381.72
F307,C7920,2024-01-28,Jersey,7,Nuwara Eliya,3,0,Healthy,Low,328.53,4.28,8.76,186.43,336.83
F323,C7921,2024-04-26,Jersey,5,Anuradhapura,2,2,Sick,High,221.98,4.53,8.24,188.54,207.6
F464,C7922,2024-07-07,Local,5,Kandy,10,2,Sick,High,30.27,3.85,8.21,168.86,31.02
F428,C7923,2024-03-31,Local,7,Kandy,9,0,Healthy,Low,54.21,3.81,8.9,179.54,50.35
F67,C7924,2024-01-14,Holstein,7,Nuwara Eliya,2,1,At_Risk,High,285.91,4.76,9.11,191.59,263.39
F201,C7925,2024-01-10,Local,6,Anuradhapura,9,0,Healthy,High,45.18,3.69,8.37,178.74,41.89
F405,C7926,2024-06-21,Local,3,Matale,4,0,Healthy,Medium,97.25,4.0,8.62,175.45,88.5
F280,C7927,2024-01-07,Local,7,Nuwara Eliya,1,0,Healthy,Low,61.86,4.36,8.48,185.91,58.66
F282,C7928,2024-08-10,Jersey,2,Matale,10,0,Healthy,Medium,190.55,3.8,8.24,176.92,181.13
F359,C7929,2024-09-21,Crossbreed,4,Matale,2,0,Healthy,High,228.41,4.7,8.33,178.95,201.21
F132,C7930,2024-01-10,Holstein,9,Monaragala,3,1,At_Risk,Medium,379.48,4.52,9.15,186.99,365.19
F358,C7931,2024-06-24,Jersey,5,Nuwara Eliya,1,0,Healthy,Low,326.6,4.53,8.41,178.81,287.26
F436,C7932,2024-09-25,Local,7,Badulla,3,0,Healthy,High,95.27,4.44,8.42,190.77,89.44
F202,C7933,2024-12-25,Holstein,7,Monaragala,7,0,Healthy,Medium,442.78,4.63,8.29,186.55,401.13
F402,C7934,2024-08-25,Jersey,10,Kandy,5,0,Healthy,Low,280.84,3.82,8.43,182.16,266.25
F323,C7935,2024-02-13,Crossbreed,2,Nuwara Eliya,7,2,Sick,Medium,117.07,3.89,9.15,187.02,115.97
F331,C7936,2024-05-13,Holstein,9,Kandy,7,0,Healthy,High,312.91,4.68,9.11,181.34,309.88
F283,C7937,2024-01-18,Holstein,9,Matale,8,2,Sick,Low,306.14,4.73,8.7,195.74,313.36
F245,C7938,2024-04-15,Jersey,5,Matale,6,0,Healthy,Low,290.21,4.64,9.12,186.75,270.85
F373,C7939,2024-12-05,Local,6,Matale,9,1,At_Risk,Low,42.52,4.21,8.72,188.46,44.65
F474,C7940,2024-08-29,Local,5,Polonnaruwa,3,3,Sick,Medium,36.18,4.29,9.14,177.18,37.65
F471,C7941,2024-06-23,Crossbreed,10,Monaragala,10,2,Sick,High,77.91,4.03,8.96,172.66,69.5
F140,C7942,2024-12-03,Local,3,Anuradhapura,7,0,Healthy,Medium,80.86,4.33,8.47,175.68,82.33
F140,C7943,2024-04-21,Jersey,2,Monaragala,9,1,At_Risk,High,170.1,4.73,8.28,178.1,171.21
F434,C7944,2024-02-25,Holstein,8,Anuradhapura,10,2,Sick,High,223.7,3.57,8.41,184.41,211.09
F87,C7945,2024-09-11,Crossbreed,9,Polonnaruwa,8,1,At_Risk,High,155.55,4.61,8.93,187.37,161.03
F120,C7946,2024-05-20,Local,10,Anuradhapura,6,0,Healthy,Low,76.9,4.38,9.13,188.82,78.65
F352,C7947,2024-12-09,Crossbreed,2,Badulla,9,0,Healthy,Medium,127.72,4.65,8.72,182.51,126.75
F493,C7948,2024-04-22,Jersey,9,Kandy,4,0,Healthy,Medium,252.9,4.56,8.94,186.32,219.35
F317,C7949,2024-02-16,Local,7,Anuradhapura,8,3,Sick,High,35.23,3.72,8.44,184.49,32.86
F251,C7950,2024-07-09,Holstein,9,Anuradhapura,3,1,At_Risk,Low,482.86,4.76,8.85,197.01,491.55
F54,C7951,2024-07-17,Holstein,2,Polonnaruwa,1,0,Healthy,High,509.65,4.03,8.6,185.93,436.41
F135,C7952,2024-11-10,Jersey,7,Badulla,6,0,Healthy,Low,228.81,4.0,9.13,186.88,217.94
F332,C7953,2024-11-15,Holstein,6,Polonnaruwa,2,1,At_Risk,High,338.46,3.86,8.59,187.62,349.56
F240,C7954,2024-12-01,Holstein,8,Kurunegala,1,0,Healthy,Medium,516.61,3.78,9.04,178.64,480.3
F174,C7955,2024-06-09,Jersey,4,Monaragala,8,0,Healthy,Medium,292.46,4.63,8.46,193.35,260.44
F150,C7956,2024-06-01,Holstein,10,Matale,10,0,Healthy,Medium,301.6,3.54,8.7,178.39,310.58
F245,C7957,2024-12-07,Crossbreed,8,Nuwara Eliya,7,0,Healthy,Low,189.56,3.76,8.69,173.13,198.36
F343,C7958,2024-03-22,Jersey,6,Matale,6,0,Healthy,Low,237.89,4.14,8.84,177.49,243.35
F7,C7959,2024-12-01,Crossbreed,4,Badulla,1,3,Sick,Low,97.42,4.22,8.84,189.31,90.07
F419,C7960,2024-01-29,Local,5,Kandy,1,1,At_Risk,High,88.31,4.49,8.21,188.09,85.75
F33,C7961,2024-10-27,Crossbreed,9,Kandy,10,0,Healthy,Low,101.77,4.29,8.54,187.9,101.93
F17,C7962,2024-08-15,Holstein,9,Badulla,6,1,At_Risk,High,352.18,3.77,8.29,172.33,365.1
F131,C7963,2024-07-30,Local,7,Polonnaruwa,8,0,Healthy,Medium,91.07,3.69,8.54,181.49,81.62
F177,C7964,2024-01-19,Crossbreed,2,Monaragala,9,2,Sick,Low,103.46,4.17,8.28,174.19,88.24
F312,C7965,2024-10-01,Jersey,8,Kandy,4,0,Healthy,Low,307.31,3.95,8.66,179.0,305.88
F93,C7966,2024-02-11,Crossbreed,7,Nuwara Eliya,2,3,Sick,High,73.62,4.52,9.19,175.78,74.68
F373,C7967,2024-06-22,Holstein,7,Kurunegala,8,1,At_Risk,Medium,414.1,3.69,8.32,186.9,409.74
F117,C7968,2024-11-17,Jersey,3,Anuradhapura,1,0,Healthy,Low,260.57,3.88,9.07,185.15,262.29
F343,C7969,2024-04-06,Jersey,10,Anuradhapura,7,0,Healthy,Medium,234.24,3.88,8.6,179.25,221.76
F191,C7970,2024-06-24,Holstein,10,Anuradhapura,10,0,Healthy,High,266.11,3.84,8.49,174.55,256.54
F446,C7971,2024-01-05,Jersey,5,Kurunegala,7,1,At_Risk,High,197.96,4.79,8.34,194.13,185.64
F398,C7972,2024-01-04,Holstein,7,Anuradhapura,5,0,Healthy,Medium,532.15,4.52,8.66,183.98,520.89
F185,C7973,2024-09-12,Crossbreed,4,Monaragala,5,1,At_Risk,Low,212.73,4.59,8.43,183.94,204.6
F265,C7974,2024-12-08,Local,10,Badulla,1,1,At_Risk,Low,63.29,3.87,8.41,177.48,53.91
F251,C7975,2024-01-08,Holstein,9,Nuwara Eliya,8,1,At_Risk,High,379.02,4.24,9.14,191.5,344.38
F450,C7976,2024-09-27,Crossbreed,5,Kurunegala,1,0,Healthy,Medium,245.55,4.54,8.52,191.73,247.58
F414,C7977,2024-08-14,Holstein,6,Anuradhapura,5,0,Healthy,Low,413.61,3.73,8.34,172.54,388.33
F306,C7978,2024-07-07,Local,9,Monaragala,5,0,Healthy,Medium,80.87,4.02,8.73,178.45,80.24
F428,C7979,2024-08-22,Holstein,6,Kandy,3,3,Sick,Medium,268.63,3.74,8.95,187.24,258.69
F57,C7980,2024-11-08,Local,10,Kandy,10,1,At_Risk,Medium,48.33,3.92,8.98,186.29,48.95
F474,C7981,2024-08-07,Local,9,Anuradhapura,1,1,At_Risk,High,50.53,4.27,9.19,187.77,50.56
F207,C7982,2024-04-22,Jersey,2,Polonnaruwa,3,1,At_Risk,Medium,276.56,4.67,9.14,179.39,249.67
F437,C7983,2024-04-20,Jersey,3,Nuwara Eliya,5,0,Healthy,Medium,351.67,4.57,8.54,194.3,303.06
F138,C7984,2024-12-25,Jersey,6,Monaragala,2,1,At_Risk,Low,221.15,3.68,9.0,182.21,207.72
F218,C7985,2024-09-22,Holstein,2,Nuwara Eliya,8,0,Healthy,Medium,493.26,3.86,8.64,172.18,441.33
F362,C7986,2024-04-28,Jersey,3,Matale,10,2,Sick,Medium,123.54,3.77,8.21,173.53,109.58
F465,C7987,2024-01-29,Crossbreed,8,Monaragala,4,0,Healthy,Low,196.13,4.24,8.71,185.72,189.13
F203,C7988,2024-03-29,Local,3,Monaragala,8,0,Healthy,Medium,51.39,4.52,8.58,182.58,52.19
F307,C7989,2024-08-15,Jersey,2,Monaragala,3,1,At_Risk,Low,314.38,3.55,8.48,182.44,312.03
F51,C7990,2024-04-06,Holstein,10,Anuradhapura,9,0,Healthy,Low,303.88,4.74,8.59,195.4,317.73
F385,C7991,2024-07-20,Local,3,Monaragala,6,0,Healthy,Medium,64.41,3.94,8.33,182.98,62.65
F179,C7992,2024-11-06,Local,2,Matale,5,3,Sick,Medium,49.08,4.18,8.45,182.15,47.18
F407,C7993,2024-09-21,Holstein,8,Anuradhapura,4,3,Sick,Medium,223.27,4.24,8.56,173.22,202.1
F61,C7994,2024-10-10,Crossbreed,2,Anuradhapura,3,0,Healthy,Low,157.41,3.51,8.3,179.81,149.98
F352,C7995,2024-02-13,Jersey,2,Monaragala,2,2,Sick,Medium,208.8,4.61,8.34,178.01,203.55
F366,C7996,2024-04-20,Jersey,5,Monaragala,2,1,At_Risk,Low,263.37,3.97,8.35,183.43,252.55
F57,C7997,2024-02-05,Local,5,Nuwara Eliya,4,0,Healthy,Medium,118.09,3.87,8.27,179.99,119.38
F460,C7998,2024-11-28,Crossbreed,9,Monaragala,3,0,Healthy,Medium,191.17,3.53,8.59,181.29,195.06
F255,C7999,2024-04-29,Holstein,9,Monaragala,10,0,Healthy,Medium,236.17,4.65,8.84,178.31,229.76
F457,C8000,2024-06-19,Jersey,9,Anuradhapura,4,0,Healthy,Medium,283.7,4.7,8.44,178.19,254.95
F437,C8001,2024-09-26,Local,6,Polonnaruwa,6,0,Healthy,High,76.33,3.84,8.39,172.95,66.98
F20,C8002,2024-01-28,Crossbreed,7,Badulla,5,0,Healthy,Low,204.86,3.86,8.57,186.65,183.93
F267,C8003,2024-02-01,Local,6,Badulla,7,0,Healthy,Low,66.15,3.76,8.23,187.14,68.5
F86,C8004,2024-03-05,Holstein,4,Kurunegala,2,2,Sick,Low,242.23,4.16,8.4,187.01,231.87
F455,C8005,2024-11-13,Jersey,2,Matale,4,3,Sick,Medium,139.86,4.1,8.82,180.07,128.41
F477,C8006,2024-02-15,Jersey,7,Monaragala,4,0,Healthy,High,341.11,3.77,8.45,174.5,350.55
F114,C8007,2024-08-04,Jersey,6,Badulla,4,0,Healthy,Low,299.26,4.03,8.5,176.35,278.93
F97,C8008,2024-05-17,Jersey,10,Kurunegala,10,3,Sick,High,88.07,4.49,8.96,193.47,88.05
F261,C8009,2024-06-13,Crossbreed,9,Kurunegala,9,0,Healthy,High,108.63,4.73,8.91,189.31,96.3
F133,C8010,2024-01-11,Holstein,7,Kurunegala,7,0,Healthy,Low,417.27,3.98,8.73,183.1,379.6
F329,C8011,2024-10-08,Holstein,2,Monaragala,8,1,At_Risk,Low,418.05,4.37,8.29,179.36,431.62
F269,C8012,2024-02-25,Jersey,4,Kandy,4,0,Healthy,Low,378.22,4.22,9.08,186.09,333.69
F318,C8013,2024-12-26,Jersey,4,Polonnaruwa,9,2,Sick,High,120.45,4.43,8.45,183.57,113.34
F402,C8014,2024-04-06,Crossbreed,6,Badulla,7,1,At_Risk,Low,114.98,4.75,8.72,194.28,106.53
F183,C8015,2024-08-17,Jersey,8,Monaragala,2,1,At_Risk,Medium,226.37,4.52,8.52,183.57,231.14
F123,C8016,2024-05-12,Local,5,Kurunegala,5,0,Healthy,Low,64.68,3.81,8.46,185.96,63.65
F442,C8017,2024-04-21,Holstein,3,Polonnaruwa,10,0,Healthy,Medium,319.05,4.59,8.25,195.57,285.19
F79,C8018,2024-01-12,Crossbreed,5,Nuwara Eliya,8,0,Healthy,Low,139.97,3.89,8.27,178.74,136.99
F405,C8019,2024-07-27,Jersey,5,Anuradhapura,9,0,Healthy,High,199.79,4.71,8.49,189.51,189.04
F92,C8020,2024-08-04,Local,10,Anuradhapura,1,1,At_Risk,Low,70.87,3.99,9.01,180.98,72.64
F309,C8021,2024-10-19,Holstein,9,Nuwara Eliya,4,0,Healthy,Medium,473.16,3.67,8.77,177.16,455.17
F369,C8022,2024-09-16,Crossbreed,6,Kurunegala,10,0,Healthy,Medium,117.23,3.73,9.04,179.52,107.52
F83,C8023,2024-11-16,Holstein,7,Badulla,7,0,Healthy,High,349.23,4.78,9.04,193.91,309.61
F102,C8024,2024-04-24,Crossbreed,7,Monaragala,3,0,Healthy,Medium,233.42,3.72,8.54,170.74,206.5
F247,C8025,2024-09-06,Holstein,5,Matale,3,0,Healthy,Medium,509.4,3.5,8.95,182.38,476.92
F484,C8026,2024-08-04,Holstein,4,Polonnaruwa,7,0,Healthy,Medium,468.98,4.32,8.52,181.31,482.15
F377,C8027,2024-09-23,Holstein,4,Polonnaruwa,6,2,Sick,Medium,263.36,4.09,8.67,178.16,268.43
F174,C8028,2024-05-13,Holstein,9,Nuwara Eliya,8,0,Healthy,High,388.51,4.49,9.0,192.35,387.92
F222,C8029,2024-11-24,Local,3,Monaragala,2,1,At_Risk,High,70.76,4.38,9.11,182.22,73.14
F32,C8030,2024-11-20,Jersey,4,Kandy,6,0,Healthy,Low,278.09,4.51,9.01,191.95,283.92
F71,C8031,2024-08-19,Holstein,6,Kandy,7,1,At_Risk,Low,427.67,4.63,8.98,190.01,434.17
F410,C8032,2024-08-18,Crossbreed,10,Matale,7,3,Sick,Medium,59.41,4.68,8.36,188.42,57.29
F364,C8033,2024-03-23,Holstein,10,Polonnaruwa,6,2,Sick,Medium,250.85,4.69,8.57,178.73,244.68
F299,C8034,2024-10-07,Crossbreed,5,Badulla,7,0,Healthy,High,149.86,3.74,8.81,185.52,131.02
F445,C8035,2024-11-05,Local,2,Kandy,10,0,Healthy,High,57.19,4.66,8.71,186.21,54.46
F204,C8036,2024-02-06,Local,8,Monaragala,2,3,Sick,Low,47.72,4.51,8.7,192.73,41.14
F292,C8037,2024-05-29,Local,3,Monaragala,4,1,At_Risk,High,90.52,4.48,8.29,187.12,82.62
F229,C8038,2024-10-10,Jersey,6,Nuwara Eliya,2,0,Healthy,High,352.56,4.56,9.17,192.81,312.31
F120,C8039,2024-11-02,Holstein,5,Nuwara Eliya,7,0,Healthy,Low,455.48,3.77,9.1,168.53,388.32
F18,C8040,2024-11-13,Holstein,9,Nuwara Eliya,8,0,Healthy,High,336.1,3.6,8.68,178.62,294.95
F318,C8041,2024-02-16,Jersey,7,Nuwara Eliya,2,0,Healthy,Medium,327.6,4.47,8.52,178.78,315.54
F101,C8042,2024-06-08,Local,7,Polonnaruwa,3,0,Healthy,Low,90.4,4.21,8.45,179.58,77.38
F408,C8043,2024-10-02,Crossbreed,5,Kandy,1,0,Healthy,Medium,158.59,3.98,8.39,186.77,139.66
F496,C8044,2024-04-13,Holstein,6,Polonnaruwa,3,1,At_Risk,Low,407.62,4.15,8.2,191.07,425.35
F244,C8045,2024-09-18,Crossbreed,7,Nuwara Eliya,2,1,At_Risk,Medium,189.01,4.54,8.98,186.85,198.24
F118,C8046,2024-08-21,Crossbreed,7,Monaragala,6,2,Sick,Medium,90.1,3.78,8.22,170.93,79.02
F23,C8047,2024-01-07,Crossbreed,9,Polonnaruwa,9,0,Healthy,Low,101.44,4.17,8.68,180.56,87.73
F376,C8048,2024-02-11,Jersey,5,Anuradhapura,6,0,Healthy,Medium,285.49,4.63,8.82,176.49,284.02
F229,C8049,2024-05-08,Jersey,4,Anuradhapura,5,0,Healthy,Low,394.16,4.1,8.34,189.23,362.18
F460,C8050,2024-10-15,Local,3,Badulla,5,0,Healthy,Medium,106.18,4.43,8.7,188.69,105.87
F207,C8051,2024-03-19,Jersey,2,Nuwara Eliya,6,0,Healthy,Low,324.41,3.88,8.41,170.58,280.09
F332,C8052,2024-03-05,Jersey,9,Polonnaruwa,1,2,Sick,Medium,149.82,3.89,8.39,170.24,138.77
F216,C8053,2024-03-31,Holstein,2,Nuwara Eliya,8,0,Healthy,High,304.68,3.6,8.33,179.01,286.55
F33,C8054,2024-02-02,Holstein,4,Monaragala,3,1,At_Risk,High,458.1,4.42,8.89,188.7,471.42
F297,C8055,2024-12-28,Local,6,Badulla,5,1,At_Risk,Medium,99.0,4.49,8.28,189.63,87.8
F356,C8056,2024-02-28,Holstein,8,Anuradhapura,5,1,At_Risk,Low,505.29,4.6,9.12,187.1,504.14
F48,C8057,2024-12-03,Crossbreed,8,Badulla,4,0,Healthy,High,258.29,4.06,8.51,173.21,269.15
F21,C8058,2024-02-19,Holstein,10,Monaragala,7,2,Sick,Medium,308.61,3.89,8.79,188.04,303.21
F142,C8059,2024-04-22,Crossbreed,9,Polonnaruwa,1,0,Healthy,High,195.97,3.69,8.99,180.12,176.2
F84,C8060,2024-06-13,Holstein,7,Matale,8,0,Healthy,Medium,509.6,4.3,9.1,174.82,534.35
F404,C8061,2024-02-11,Crossbreed,3,Nuwara Eliya,7,0,Healthy,High,200.92,4.47,8.49,190.45,210.43
F1,C8062,2024-12-14,Local,9,Anuradhapura,3,0,Healthy,Medium,108.73,4.26,9.15,185.55,110.61
F28,C8063,2024-09-20,Crossbreed,8,Monaragala,1,0,Healthy,High,174.89,4.46,9.0,190.22,156.22
F107,C8064,2024-02-12,Holstein,8,Badulla,3,3,Sick,Low,160.44,4.68,8.75,191.0,166.77
F102,C8065,2024-12-21,Crossbreed,8,Nuwara Eliya,7,1,At_Risk,Medium,125.77,4.18,8.2,187.16,127.22
F413,C8066,2024-01-19,Crossbreed,9,Badulla,2,0,Healthy,High,193.6,3.6,8.76,169.38,185.06
F297,C8067,2024-05-09,Crossbreed,4,Polonnaruwa,4,0,Healthy,Low,248.71,4.13,8.58,176.82,240.04
F227,C8068,2024-08-11,Jersey,6,Monaragala,1,0,Healthy,Low,311.98,3.77,8.74,175.57,286.52
F198,C8069,2024-05-29,Jersey,9,Matale,1,0,Healthy,Low,335.06,4.39,8.8,182.31,286.24
F255,C8070,2024-11-09,Holstein,6,Monaragala,7,0,Healthy,High,491.82,4.43,8.76,183.2,469.39
F43,C8071,2024-02-18,Local,3,Kandy,10,0,Healthy,Low,57.8,4.11,8.46,188.05,56.04
F84,C8072,2024-10-13,Jersey,8,Kandy,10,0,Healthy,High,239.77,3.83,8.46,173.92,248.13
F350,C8073,2024-08-19,Crossbreed,5,Kandy,8,0,Healthy,High,227.55,3.85,8.86,185.01,194.65
F155,C8074,2024-10-02,Local,6,Matale,3,0,Healthy,Medium,65.22,3.79,8.7,168.57,60.75
F423,C8075,2024-01-05,Holstein,2,Badulla,5,1,At_Risk,Low,437.9,4.78,8.43,178.4,387.31
F60,C8076,2024-10-19,Jersey,2,Matale,7,0,Healthy,Medium,310.65,3.57,8.42,172.43,273.12
F468,C8077,2024-02-12,Holstein,5,Nuwara Eliya,10,1,At_Risk,Low,330.39,4.18,8.25,175.02,303.81
F254,C8078,2024-12-07,Holstein,8,Nuwara Eliya,2,0,Healthy,Medium,421.78,4.17,9.13,173.51,401.2
F301,C8079,2024-02-29,Jersey,6,Badulla,7,2,Sick,High,160.73,4.26,8.2,190.94,153.46
F478,C8080,2024-01-03,Holstein,9,Badulla,3,0,Healthy,Medium,381.19,3.53,8.39,170.25,342.38
F203,C8081,2024-07-05,Local,6,Badulla,2,0,Healthy,High,62.64,3.54,8.54,173.04,61.58
F316,C8082,2024-01-11,Jersey,4,Matale,8,0,Healthy,High,331.73,4.79,8.4,185.51,324.0
F221,C8083,2024-06-14,Crossbreed,2,Polonnaruwa,3,2,Sick,High,98.43,4.38,8.22,189.3,93.64
F462,C8084,2024-08-01,Jersey,8,Nuwara Eliya,1,0,Healthy,High,244.93,4.48,8.87,190.41,256.86
F252,C8085,2024-04-27,Crossbreed,10,Kurunegala,4,0,Healthy,Medium,188.85,4.31,8.29,188.9,168.31
F66,C8086,2024-05-10,Local,5,Matale,8,0,Healthy,Medium,82.45,4.37,8.61,180.49,79.58
F63,C8087,2024-08-26,Jersey,3,Polonnaruwa,1,0,Healthy,High,321.3,4.08,8.57,189.39,289.03
F135,C8088,2024-08-20,Crossbreed,6,Nuwara Eliya,3,0,Healthy,Low,233.88,4.13,8.55,183.38,224.25
F97,C8089,2024-11-05,Holstein,7,Kurunegala,4,1,At_Risk,High,393.9,4.72,8.79,177.9,376.76
F313,C8090,2024-11-21,Jersey,5,Matale,8,3,Sick,Low,148.26,3.84,8.29,168.42,142.88
F13,C8091,2024-03-15,Crossbreed,5,Kandy,4,0,Healthy,Medium,196.38,3.84,9.06,181.26,200.72
F242,C8092,2024-04-10,Crossbreed,3,Badulla,8,3,Sick,Medium,97.99,4.54,8.78,184.62,99.06
F393,C8093,2024-03-17,Crossbreed,2,Monaragala,1,2,Sick,Medium,162.3,4.09,8.88,181.28,142.56
F52,C8094,2024-02-06,Local,7,Monaragala,4,1,At_Risk,Low,87.76,4.09,8.58,174.44,84.87
F354,C8095,2024-09-16,Crossbreed,8,Monaragala,8,3,Sick,Low,79.13,3.57,8.98,181.45,80.29
F92,C8096,2024-07-27,Holstein,2,Kandy,5,0,Healthy,Low,590.47,4.13,8.57,190.84,572.7
F202,C8097,2024-01-26,Local,4,Nuwara Eliya,9,1,At_Risk,Low,39.12,4.0,8.78,182.39,40.88
F83,C8098,2024-03-14,Crossbreed,10,Badulla,6,0,Healthy,Low,152.82,4.48,8.24,194.56,132.0
F483,C8099,2024-02-26,Local,4,Anuradhapura,9,0,Healthy,Medium,59.78,4.57,8.24,195.44,61.28
F215,C8100,2024-12-11,Jersey,7,Kurunegala,1,0,Healthy,Medium,347.06,4.69,8.31,193.68,322.33
F301,C8101,2024-12-10,Holstein,3,Badulla,7,0,Healthy,High,484.08,4.39,8.92,186.27,417.21
F60,C8102,2024-11-01,Jersey,7,Matale,3,3,Sick,High,147.92,4.64,8.3,190.89,141.25
F114,C8103,2024-04-06,Local,7,Badulla,1,1,At_Risk,High,64.3,4.1,8.45,176.63,61.78
F184,C8104,2024-06-08,Jersey,9,Kandy,1,0,Healthy,Low,262.1,4.27,8.21,192.16,249.2
F474,C8105,2024-12-15,Local,6,Badulla,3,0,Healthy,High,95.55,4.29,9.07,182.25,83.65
F355,C8106,2024-02-28,Crossbreed,7,Badulla,5,1,At_Risk,Medium,219.78,3.83,8.87,170.76,199.28
F342,C8107,2024-02-11,Crossbreed,7,Kurunegala,3,0,Healthy,High,254.39,3.94,8.49,182.42,219.42
F87,C8108,2024-10-16,Crossbreed,7,Polonnaruwa,7,0,Healthy,Low,173.55,4.43,9.13,176.34,149.87
F227,C8109,2024-05-07,Jersey,3,Badulla,5,0,Healthy,Medium,314.07,3.76,8.64,185.62,298.92
F161,C8110,2024-05-16,Crossbreed,2,Kandy,2,0,Healthy,High,239.35,3.54,8.93,173.86,228.57
F362,C8111,2024-06-04,Local,2,Polonnaruwa,3,1,At_Risk,High,83.19,4.36,8.77,187.88,83.82
F368,C8112,2024-05-19,Crossbreed,9,Kandy,4,1,At_Risk,Low,232.11,3.98,8.98,175.63,218.01
F137,C8113,2024-04-18,Jersey,4,Polonnaruwa,9,0,Healthy,Medium,189.57,3.78,8.81,172.67,174.25
F162,C8114,2024-05-21,Holstein,9,Polonnaruwa,10,2,Sick,High,204.86,4.32,8.33,182.36,197.78
F480,C8115,2024-07-17,Holstein,6,Monaragala,1,0,Healthy,Medium,419.06,4.3,9.17,185.04,358.09
F89,C8116,2024-03-20,Jersey,2,Matale,1,0,Healthy,Low,353.57,4.56,8.41,183.36,339.43
F136,C8117,2024-12-07,Crossbreed,8,Polonnaruwa,4,0,Healthy,Medium,201.51,3.59,8.67,176.39,210.05
F116,C8118,2024-07-30,Jersey,3,Kurunegala,9,2,Sick,High,123.01,4.32,8.65,180.63,105.15
F343,C8119,2024-07-10,Local,6,Badulla,7,1,At_Risk,Low,83.78,4.6,9.18,176.68,81.86
F390,C8120,2024-10-15,Jersey,8,Kurunegala,8,1,At_Risk,Medium,269.29,3.5,8.57,170.5,239.0
F341,C8121,2024-03-11,Local,4,Badulla,1,1,At_Risk,High,77.38,4.1,8.7,176.4,70.72
F332,C8122,2024-01-13,Jersey,8,Monaragala,6,1,At_Risk,High,259.68,4.27,8.75,179.11,229.98
F256,C8123,2024-06-29,Crossbreed,6,Polonnaruwa,5,1,At_Risk,High,203.82,3.62,8.5,173.62,213.22
F371,C8124,2024-06-04,Local,5,Anuradhapura,5,0,Healthy,High,64.47,4.44,8.38,189.56,65.76
F442,C8125,2024-10-04,Holstein,4,Anuradhapura,8,3,Sick,High,157.27,4.54,8.34,187.13,146.57
F364,C8126,2024-10-26,Holstein,9,Badulla,5,1,At_Risk,High,341.63,4.55,8.85,194.05,306.73
F435,C8127,2024-04-08,Jersey,6,Monaragala,2,3,Sick,Medium,120.91,4.3,9.16,182.99,115.53
F14,C8128,2024-02-13,Crossbreed,5,Polonnaruwa,10,1,At_Risk,Low,152.31,4.24,8.39,180.94,134.1
F306,C8129,2024-02-22,Holstein,5,Kurunegala,7,0,Healthy,Low,353.15,3.96,8.48,181.86,339.15
F318,C8130,2024-02-17,Crossbreed,2,Kurunegala,7,0,Healthy,Medium,139.75,3.58,8.45,169.69,124.41
F10,C8131,2024-07-11,Local,4,Monaragala,4,3,Sick,Medium,29.19,3.65,8.22,176.62,28.12
F164,C8132,2024-01-09,Crossbreed,8,Monaragala,7,0,Healthy,Low,210.59,3.55,8.92,166.33,218.94
F37,C8133,2024-04-13,Holstein,5,Monaragala,9,3,Sick,Medium,138.63,4.29,8.72,182.48,118.92
F384,C8134,2024-02-16,Holstein,3,Anuradhapura,9,0,Healthy,Low,289.71,4.06,8.94,173.91,262.03
F292,C8135,2024-02-25,Jersey,6,Nuwara Eliya,1,0,Healthy,Medium,263.61,3.97,8.37,185.83,262.04
F2,C8136,2024-07-30,Crossbreed,8,Matale,4,3,Sick,High,120.49,4.45,8.63,177.11,118.09
F355,C8137,2024-09-06,Jersey,6,Badulla,10,0,Healthy,Medium,184.69,3.5,8.51,172.76,170.76
F454,C8138,2024-10-22,Local,5,Kandy,9,1,At_Risk,Medium,50.09,3.8,8.95,177.06,50.35
F214,C8139,2024-04-10,Jersey,5,Anuradhapura,3,3,Sick,High,146.93,4.41,8.96,181.38,133.01
F404,C8140,2024-12-27,Crossbreed,5,Matale,8,0,Healthy,High,130.23,4.57,8.21,185.25,114.28
F18,C8141,2024-07-04,Holstein,10,Anuradhapura,2,1,At_Risk,High,447.57,4.04,9.06,174.08,381.23
F385,C8142,2024-12-17,Holstein,4,Monaragala,1,0,Healthy,Low,534.08,3.8,9.05,181.2,455.22
F37,C8143,2024-07-10,Jersey,10,Anuradhapura,10,0,Healthy,Low,215.33,3.64,8.54,178.65,199.78
F260,C8144,2024-08-03,Jersey,8,Matale,7,0,Healthy,Medium,338.04,4.6,9.07,192.85,342.45
F481,C8145,2024-08-17,Holstein,3,Monaragala,2,0,Healthy,High,526.34,4.0,8.93,184.21,525.12
F477,C8146,2024-11-11,Jersey,7,Nuwara Eliya,9,2,Sick,Medium,109.32,4.76,9.09,182.93,110.05
F487,C8147,2024-03-31,Jersey,10,Anuradhapura,8,0,Healthy,Low,295.58,3.84,9.04,175.94,259.85
F77,C8148,2024-06-29,Local,9,Anuradhapura,2,0,Healthy,High,94.41,4.37,9.0,174.4,95.91
F489,C8149,2024-09-10,Local,7,Kandy,1,3,Sick,Medium,40.56,4.76,8.28,178.51,41.45
F5,C8150,2024-08-28,Jersey,9,Badulla,10,3,Sick,Low,109.93,3.83,8.67,176.97,94.54
F302,C8151,2024-12-06,Holstein,7,Matale,6,0,Healthy,Medium,428.67,4.04,8.52,179.28,429.31
F231,C8152,2024-02-19,Jersey,10,Matale,6,0,Healthy,High,294.53,3.58,8.45,168.88,269.72
F26,C8153,2024-03-21,Holstein,2,Matale,2,0,Healthy,Medium,360.59,3.84,8.65,170.74,347.31
F30,C8154,2024-03-01,Local,4,Anuradhapura,2,0,Healthy,Low,60.34,4.66,8.63,195.65,58.68
F230,C8155,2024-03-10,Local,8,Badulla,4,0,Healthy,High,89.08,4.16,8.5,176.46,92.16
F8,C8156,2024-10-07,Crossbreed,5,Polonnaruwa,2,0,Healthy,Low,157.87,4.7,8.86,196.77,139.35
F36,C8157,2024-07-21,Holstein,3,Kurunegala,9,2,Sick,Medium,235.67,4.57,8.41,176.87,241.32
F484,C8158,2024-10-28,Jersey,10,Badulla,9,2,Sick,Medium,148.72,4.11,8.7,179.22,154.76
F344,C8159,2024-07-19,Local,10,Kurunegala,9,0,Healthy,Low,43.72,3.5,8.22,184.95,43.54
F282,C8160,2024-07-12,Crossbreed,2,Polonnaruwa,5,0,Healthy,Medium,218.34,3.92,8.75,175.84,187.26
F198,C8161,2024-10-17,Crossbreed,2,Polonnaruwa,6,1,At_Risk,Low,153.54,3.59,8.83,179.27,133.27
F428,C8162,2024-09-27,Local,7,Badulla,3,0,Healthy,Low,84.37,3.94,8.97,185.8,79.86
F167,C8163,2024-01-06,Holstein,10,Kandy,8,0,Healthy,Low,468.71,4.54,8.79,190.32,482.64
F463,C8164,2024-03-12,Jersey,6,Kurunegala,3,0,Healthy,Low,360.39,4.15,8.84,179.35,322.92
F128,C8165,2024-10-15,Local,8,Anuradhapura,9,0,Healthy,Low,59.48,4.11,9.05,181.09,50.79
F281,C8166,2024-07-31,Crossbreed,5,Badulla,10,2,Sick,Low,104.65,3.64,8.3,172.26,104.45
F297,C8167,2024-02-20,Local,7,Kurunegala,1,0,Healthy,High,84.47,4.55,9.16,175.6,79.46
F226,C8168,2024-05-05,Holstein,2,Kandy,5,0,Healthy,High,436.0,3.65,8.7,182.92,435.0
F341,C8169,2024-09-03,Local,2,Nuwara Eliya,10,1,At_Risk,Medium,62.51,3.62,8.93,182.62,65.56
F221,C8170,2024-06-23,Local,3,Nuwara Eliya,10,0,Healthy,Medium,61.13,4.56,8.66,186.52,61.65
F392,C8171,2024-06-14,Crossbreed,9,Kurunegala,9,0,Healthy,Low,149.54,4.67,8.33,192.61,145.6
F445,C8172,2024-05-23,Crossbreed,9,Kandy,3,2,Sick,Medium,171.61,4.19,8.4,181.86,166.82
F365,C8173,2024-09-02,Local,3,Badulla,10,1,At_Risk,Medium,59.74,3.8,8.22,170.54,51.26
F432,C8174,2024-12-25,Local,8,Badulla,5,2,Sick,High,66.72,3.75,8.81,177.91,69.95
F184,C8175,2024-03-08,Local,7,Kurunegala,6,2,Sick,High,37.75,3.51,8.23,182.94,36.72
F10,C8176,2024-01-03,Jersey,3,Monaragala,1,0,Healthy,Low,272.69,3.96,8.37,173.76,239.74
F193,C8177,2024-09-19,Crossbreed,4,Nuwara Eliya,10,1,At_Risk,High,131.47,3.95,8.93,174.97,127.44
F365,C8178,2024-09-29,Crossbreed,6,Kurunegala,3,2,Sick,Low,106.07,4.37,8.43,174.63,98.72
F71,C8179,2024-06-10,Jersey,7,Kandy,8,3,Sick,High,99.15,4.12,8.45,178.83,93.27
F229,C8180,2024-10-27,Local,6,Monaragala,1,0,Healthy,High,94.91,3.57,8.63,169.74,94.39
F65,C8181,2024-07-17,Jersey,5,Anuradhapura,8,3,Sick,High,137.01,4.74,8.9,178.95,119.13
F132,C8182,2024-06-19,Crossbreed,2,Monaragala,1,0,Healthy,High,155.43,4.05,8.48,176.65,142.07
F30,C8183,2024-04-04,Jersey,6,Kandy,6,3,Sick,High,103.17,4.67,8.49,189.29,89.61
F362,C8184,2024-11-21,Holstein,4,Polonnaruwa,3,1,At_Risk,High,371.19,4.35,8.31,192.95,365.62
F256,C8185,2024-03-06,Jersey,8,Kandy,3,0,Healthy,Medium,262.73,4.17,9.07,178.73,225.03
F187,C8186,2024-12-24,Crossbreed,4,Badulla,10,0,Healthy,Medium,173.07,3.99,8.8,187.86,159.77
F288,C8187,2024-08-02,Local,6,Anuradhapura,9,0,Healthy,Low,77.6,3.77,8.28,175.21,81.12
F29,C8188,2024-06-08,Holstein,4,Anuradhapura,10,0,Healthy,Low,370.02,3.63,8.35,178.23,331.36
F347,C8189,2024-01-20,Jersey,10,Anuradhapura,2,3,Sick,Low,127.89,3.81,8.37,175.74,127.72
F138,C8190,2024-12-13,Holstein,2,Badulla,7,2,Sick,High,320.4,4.65,8.57,195.51,298.72
F76,C8191,2024-10-15,Jersey,8,Matale,10,0,Healthy,Medium,253.86,3.61,8.69,180.53,250.24
F267,C8192,2024-10-09,Crossbreed,4,Nuwara Eliya,6,1,At_Risk,High,201.98,3.8,9.18,187.96,209.09
F266,C8193,2024-11-27,Crossbreed,2,Kandy,7,1,At_Risk,High,148.94,4.78,9.2,182.8,143.77
F450,C8194,2024-12-02,Crossbreed,3,Nuwara Eliya,7,3,Sick,Medium,87.83,3.65,9.13,182.6,84.83
F386,C8195,2024-08-22,Crossbreed,3,Badulla,7,0,Healthy,Medium,174.64,4.35,8.64,179.21,164.06
F280,C8196,2024-04-21,Crossbreed,2,Kandy,5,0,Healthy,High,201.34,3.94,8.42,180.32,171.55
F406,C8197,2024-07-30,Crossbreed,5,Badulla,10,0,Healthy,Low,175.5,4.47,8.71,193.73,177.31
F237,C8198,2024-09-16,Local,10,Kurunegala,3,0,Healthy,High,61.31,4.7,8.55,184.34,58.57
F232,C8199,2024-07-28,Jersey,7,Polonnaruwa,9,2,Sick,Medium,167.53,4.33,8.89,179.79,164.04
F250,C8200,2024-02-16,Holstein,2,Kurunegala,3,2,Sick,High,319.66,4.41,8.97,179.93,316.97
F147,C8201,2024-05-08,Jersey,5,Anuradhapura,7,2,Sick,Medium,207.36,3.7,8.88,186.2,205.98
F385,C8202,2024-02-02,Holstein,5,Nuwara Eliya,9,1,At_Risk,High,247.94,4.2,8.47,189.23,254.26
F210,C8203,2024-07-31,Holstein,9,Monaragala,5,0,Healthy,High,487.06,3.57,8.32,179.51,418.05
F243,C8204,2024-09-01,Holstein,4,Badulla,6,0,Healthy,High,461.08,4.31,8.94,180.5,466.18
F433,C8205,2024-10-07,Crossbreed,8,Badulla,1,0,Healthy,High,216.88,3.93,8.92,178.92,215.42
F404,C8206,2024-11-02,Jersey,3,Kurunegala,9,0,Healthy,High,211.33,3.91,8.45,176.61,190.31
F192,C8207,2024-01-04,Crossbreed,10,Nuwara Eliya,2,0,Healthy,Medium,205.56,4.76,9.15,186.29,211.83
F449,C8208,2024-09-18,Local,6,Badulla,10,0,Healthy,Low,47.25,4.2,8.79,189.37,45.95
F311,C8209,2024-08-07,Jersey,4,Matale,10,1,At_Risk,High,198.27,3.87,9.19,174.31,199.39
F56,C8210,2024-10-24,Holstein,5,Kandy,6,0,Healthy,Low,359.96,4.56,8.96,185.31,362.18
F441,C8211,2024-02-05,Jersey,3,Nuwara Eliya,1,3,Sick,High,102.07,4.14,8.45,186.64,104.62
F67,C8212,2024-12-21,Crossbreed,5,Kurunegala,8,0,Healthy,Low,131.34,4.4,9.13,193.4,121.87
F219,C8213,2024-05-31,Jersey,4,Kandy,1,2,Sick,Medium,228.31,4.72,8.54,183.44,223.93
F66,C8214,2024-09-26,Jersey,4,Anuradhapura,9,0,Healthy,Low,222.8,4.06,8.33,183.38,227.57
F344,C8215,2024-04-09,Jersey,3,Badulla,8,2,Sick,High,217.95,3.66,8.68,171.22,194.91
F333,C8216,2024-08-31,Holstein,7,Badulla,4,1,At_Risk,Low,389.79,4.15,8.3,176.9,365.78
F234,C8217,2024-06-06,Holstein,6,Polonnaruwa,10,2,Sick,Medium,227.45,3.62,8.35,168.67,200.56
F410,C8218,2024-10-13,Jersey,7,Polonnaruwa,4,1,At_Risk,High,323.44,4.45,8.22,182.92,336.52
F125,C8219,2024-07-08,Jersey,9,Badulla,5,1,At_Risk,High,264.65,4.77,9.12,197.43,272.35
F96,C8220,2024-07-30,Crossbreed,9,Monaragala,8,1,At_Risk,Medium,191.49,4.45,9.12,193.65,170.35
F499,C8221,2024-02-18,Crossbreed,8,Anuradhapura,9,0,Healthy,Medium,145.99,4.01,9.0,188.28,142.48
F374,C8222,2024-11-16,Holstein,2,Kurunegala,1,2,Sick,Low,255.73,3.7,9.06,171.29,263.93
F286,C8223,2024-04-04,Crossbreed,5,Anuradhapura,10,0,Healthy,High,178.08,3.94,8.95,174.01,159.64
F328,C8224,2024-09-27,Local,9,Polonnaruwa,4,0,Healthy,Medium,107.92,4.45,9.14,182.03,112.65
F328,C8225,2024-08-25,Holstein,6,Nuwara Eliya,7,0,Healthy,Low,460.92,4.08,8.6,181.71,399.51
F9,C8226,2024-03-19,Jersey,4,Monaragala,5,2,Sick,Medium,175.83,3.62,9.16,177.47,165.99
F253,C8227,2024-09-28,Jersey,10,Monaragala,4,0,Healthy,Medium,363.7,4.75,8.85,182.28,373.51
F59,C8228,2024-06-07,Local,8,Anuradhapura,10,0,Healthy,Low,56.73,3.72,9.04,169.13,54.28
F451,C8229,2024-06-05,Crossbreed,8,Nuwara Eliya,2,0,Healthy,Low,230.37,4.15,9.1,182.82,209.03
F88,C8230,2024-11-18,Local,5,Badulla,9,0,Healthy,High,61.16,4.62,8.66,182.49,60.97
F498,C8231,2024-02-17,Crossbreed,3,Anuradhapura,8,3,Sick,Medium,87.79,4.62,9.02,179.26,91.69
F202,C8232,2024-01-20,Crossbreed,6,Matale,2,0,Healthy,High,194.78,3.57,8.63,170.77,175.84
F223,C8233,2024-07-19,Jersey,10,Anuradhapura,6,0,Healthy,High,288.47,4.73,9.0,193.98,300.35
F82,C8234,2024-04-07,Holstein,6,Monaragala,2,0,Healthy,High,359.25,3.65,8.28,176.01,314.61
F163,C8235,2024-11-26,Holstein,6,Matale,2,0,Healthy,Medium,435.41,4.21,9.07,176.09,415.71
F136,C8236,2024-02-01,Local,3,Badulla,9,0,Healthy,High,75.35,4.75,8.71,188.7,76.09
F105,C8237,2024-06-13,Holstein,8,Kandy,5,1,At_Risk,Medium,505.66,4.45,8.45,194.19,474.79
F383,C8238,2024-01-16,Holstein,6,Kurunegala,10,2,Sick,Medium,243.88,4.14,8.56,189.4,239.0
F361,C8239,2024-05-18,Crossbreed,10,Kurunegala,1,0,Healthy,Medium,204.55,4.67,8.62,188.2,208.28
F205,C8240,2024-10-30,Holstein,8,Kandy,6,0,Healthy,Low,457.34,3.89,8.32,169.92,431.88
F289,C8241,2024-12-16,Local,4,Badulla,10,0,Healthy,Low,64.19,3.66,9.1,182.27,62.35
F58,C8242,2024-10-11,Jersey,6,Anuradhapura,6,0,Healthy,Low,281.14,4.12,8.35,181.81,285.77
F334,C8243,2024-12-15,Jersey,7,Kurunegala,3,1,At_Risk,Low,241.25,4.57,8.97,179.2,239.88
F69,C8244,2024-09-02,Local,9,Anuradhapura,2,0,Healthy,Medium,74.29,4.69,8.27,184.08,68.26
F234,C8245,2024-11-28,Jersey,7,Anuradhapura,6,1,At_Risk,Medium,268.89,3.52,8.86,168.22,259.21
F74,C8246,2024-09-08,Crossbreed,4,Kurunegala,7,1,At_Risk,Low,171.88,4.67,9.09,195.43,178.53
F334,C8247,2024-10-01,Local,2,Badulla,4,1,At_Risk,High,58.88,3.73,8.38,171.48,55.7
F337,C8248,2024-06-25,Jersey,8,Matale,7,0,Healthy,Low,222.44,4.53,8.22,186.5,195.36
F361,C8249,2024-07-21,Jersey,6,Kurunegala,6,2,Sick,High,147.6,4.76,8.59,196.09,144.47
F332,C8250,2024-12-24,Jersey,10,Kandy,4,2,Sick,High,171.03,4.78,8.59,181.09,174.99
F408,C8251,2024-03-16,Holstein,8,Anuradhapura,3,1,At_Risk,Low,428.18,4.61,8.72,190.67,424.4
F238,C8252,2024-02-10,Holstein,6,Monaragala,3,1,At_Risk,High,329.57,3.69,8.51,184.62,312.57
F177,C8253,2024-11-21,Local,8,Kandy,6,1,At_Risk,High,69.71,3.96,8.48,189.22,70.47
F248,C8254,2024-01-09,Local,6,Matale,4,0,Healthy,Low,90.48,4.51,8.84,179.41,78.23
F121,C8255,2024-08-19,Local,7,Matale,1,0,Healthy,Low,60.33,3.89,8.6,182.56,62.11
F137,C8256,2024-01-21,Holstein,4,Anuradhapura,10,2,Sick,Medium,210.83,3.83,8.67,171.15,204.09
F200,C8257,2024-03-05,Holstein,10,Anuradhapura,9,0,Healthy,Low,295.74,4.58,8.24,176.25,256.33
F279,C8258,2024-06-10,Local,8,Badulla,5,0,Healthy,Low,77.01,3.8,8.77,185.13,69.35
F426,C8259,2024-04-09,Jersey,4,Anuradhapura,1,3,Sick,Low,121.57,4.35,8.53,187.0,117.89
F201,C8260,2024-03-18,Jersey,2,Matale,4,1,At_Risk,High,318.3,3.51,8.46,169.42,330.26
F407,C8261,2024-06-29,Crossbreed,5,Nuwara Eliya,5,0,Healthy,Medium,193.57,4.31,8.97,185.19,167.37
F66,C8262,2024-01-18,Crossbreed,5,Kandy,4,3,Sick,High,93.7,3.63,8.84,182.17,94.16
F1,C8263,2024-03-18,Crossbreed,7,Badulla,6,1,At_Risk,Medium,155.91,4.5,8.38,191.95,138.86
F408,C8264,2024-07-15,Holstein,8,Polonnaruwa,3,1,At_Risk,High,349.88,4.71,9.04,182.49,310.33
F217,C8265,2024-01-16,Jersey,7,Nuwara Eliya,2,3,Sick,Low,138.43,4.34,8.57,173.61,136.92
F13,C8266,2024-03-04,Jersey,7,Badulla,3,2,Sick,High,203.97,3.77,8.77,187.15,173.52
F407,C8267,2024-03-30,Crossbreed,5,Nuwara Eliya,9,2,Sick,Low,112.31,4.3,8.84,174.01,115.67
F475,C8268,2024-06-01,Local,9,Kandy,10,1,At_Risk,Medium,49.61,4.05,8.69,175.94,48.38
F368,C8269,2024-08-30,Local,10,Badulla,2,0,Healthy,Low,62.72,3.71,9.09,185.13,55.51
F440,C8270,2024-12-06,Jersey,10,Polonnaruwa,4,0,Healthy,Medium,251.66,4.79,8.21,181.33,233.23
F302,C8271,2024-05-06,Local,5,Matale,8,0,Healthy,High,66.38,4.68,9.16,192.84,68.17
F416,C8272,2024-11-30,Holstein,4,Anuradhapura,4,0,Healthy,High,531.48,4.48,9.13,191.28,471.99
F128,C8273,2024-11-29,Jersey,10,Polonnaruwa,4,0,Healthy,High,284.82,4.54,8.35,188.01,259.39
F428,C8274,2024-01-30,Local,2,Badulla,2,0,Healthy,High,55.38,3.52,8.37,182.54,48.37
F163,C8275,2024-03-25,Jersey,7,Monaragala,3,0,Healthy,Low,364.41,4.12,8.73,183.46,328.36
F365,C8276,2024-03-24,Jersey,6,Kurunegala,6,2,Sick,Low,165.63,4.32,9.19,190.24,171.02
F87,C8277,2024-05-22,Jersey,8,Monaragala,3,0,Healthy,Medium,283.99,4.35,8.45,178.19,255.71
F325,C8278,2024-10-15,Holstein,10,Polonnaruwa,10,0,Healthy,High,271.21,3.99,8.71,179.43,247.24
F376,C8279,2024-06-26,Holstein,3,Badulla,8,0,Healthy,Medium,321.26,4.54,8.69,176.73,298.66
F163,C8280,2024-05-20,Holstein,6,Nuwara Eliya,7,0,Healthy,High,337.53,4.08,8.61,182.95,332.74
F195,C8281,2024-11-20,Jersey,10,Monaragala,3,0,Healthy,Low,349.2,3.85,8.83,172.52,354.9
F480,C8282,2024-09-09,Holstein,2,Anuradhapura,8,0,Healthy,Low,379.2,3.65,8.6,170.77,371.79
F190,C8283,2024-09-08,Crossbreed,8,Kandy,4,2,Sick,High,128.33,4.57,9.15,181.25,110.56
F403,C8284,2024-04-29,Jersey,9,Anuradhapura,9,2,Sick,Low,131.88,4.29,8.78,174.99,114.42
F277,C8285,2024-11-22,Local,2,Badulla,1,0,Healthy,High,101.65,4.35,8.72,181.43,93.22
F74,C8286,2024-08-23,Crossbreed,9,Monaragala,8,0,Healthy,Medium,161.63,4.37,8.49,189.95,157.79
F30,C8287,2024-10-27,Crossbreed,2,Polonnaruwa,4,0,Healthy,High,216.8,3.64,8.59,175.37,192.6
F423,C8288,2024-11-27,Holstein,2,Polonnaruwa,6,1,At_Risk,Low,260.55,4.55,8.4,190.77,270.57
F239,C8289,2024-03-13,Crossbreed,5,Nuwara Eliya,7,1,At_Risk,High,159.53,4.24,9.07,187.13,138.48
F328,C8290,2024-09-27,Crossbreed,8,Matale,8,1,At_Risk,Low,159.14,4.51,8.29,186.43,162.47
F178,C8291,2024-12-07,Jersey,2,Nuwara Eliya,4,0,Healthy,Low,382.21,4.37,8.94,175.57,388.9
F476,C8292,2024-09-04,Crossbreed,3,Badulla,7,3,Sick,High,83.18,3.62,8.84,178.3,74.69
F367,C8293,2024-04-29,Jersey,6,Matale,9,0,Healthy,Medium,255.45,4.08,8.23,173.81,253.09
F304,C8294,2024-08-23,Jersey,6,Anuradhapura,1,2,Sick,High,227.27,3.6,9.13,170.93,230.82
F387,C8295,2024-01-07,Local,6,Polonnaruwa,7,0,Healthy,Low,89.75,3.84,8.51,184.74,81.69
F5,C8296,2024-01-26,Crossbreed,5,Monaragala,10,1,At_Risk,Medium,98.58,4.25,8.79,185.12,103.13
F500,C8297,2024-09-06,Crossbreed,8,Anuradhapura,9,0,Healthy,High,167.07,3.69,8.46,181.55,169.67
F370,C8298,2024-10-05,Jersey,7,Anuradhapura,1,0,Healthy,High,243.26,4.38,9.08,187.64,240.77
F410,C8299,2024-10-15,Holstein,10,Monaragala,5,0,Healthy,Medium,546.28,4.78,8.39,180.08,470.78
F396,C8300,2024-02-02,Local,4,Monaragala,6,0,Healthy,Medium,74.16,4.5,9.16,180.25,66.42
F96,C8301,2024-05-11,Holstein,4,Kurunegala,10,1,At_Risk,Medium,227.46,3.99,8.53,173.98,196.6
F396,C8302,2024-04-04,Crossbreed,6,Nuwara Eliya,7,0,Healthy,High,186.21,4.0,8.86,178.91,184.86
F399,C8303,2024-01-29,Crossbreed,8,Kurunegala,8,2,Sick,Low,142.79,4.51,8.27,187.56,142.61
F181,C8304,2024-01-03,Holstein,4,Nuwara Eliya,9,3,Sick,High,147.28,3.74,8.67,183.93,141.0
F480,C8305,2024-06-04,Local,9,Kandy,6,2,Sick,High,35.74,3.78,8.98,176.97,32.04
F304,C8306,2024-06-08,Crossbreed,2,Anuradhapura,3,2,Sick,Low,174.62,4.06,8.56,189.19,174.64
F385,C8307,2024-02-24,Holstein,3,Nuwara Eliya,5,0,Healthy,Low,372.52,3.99,8.61,172.18,369.26
F148,C8308,2024-11-08,Crossbreed,9,Matale,6,0,Healthy,Medium,183.5,4.23,8.7,191.88,175.98
F464,C8309,2024-06-15,Holstein,2,Polonnaruwa,2,0,Healthy,Low,472.84,4.36,8.41,190.52,418.76
F495,C8310,2024-07-08,Local,3,Matale,6,0,Healthy,Low,64.33,4.4,8.47,181.36,67.12
F440,C8311,2024-09-13,Local,8,Anuradhapura,1,0,Healthy,Medium,60.6,3.9,8.6,174.78,62.08
F206,C8312,2024-12-05,Local,3,Matale,4,0,Healthy,Medium,113.82,4.02,8.38,175.17,107.45
F450,C8313,2024-08-01,Jersey,9,Kurunegala,1,0,Healthy,High,301.38,4.03,8.55,172.67,265.02
F482,C8314,2024-02-01,Jersey,4,Monaragala,3,1,At_Risk,Medium,298.57,4.39,9.17,178.16,307.9
F15,C8315,2024-06-18,Jersey,3,Polonnaruwa,8,3,Sick,Medium,107.2,3.94,8.96,188.3,105.54
F187,C8316,2024-11-16,Jersey,3,Badulla,10,3,Sick,Low,89.35,4.59,8.97,187.69,83.37
F478,C8317,2024-04-03,Local,9,Nuwara Eliya,4,0,Healthy,Medium,119.38,3.97,8.87,176.09,103.47
F259,C8318,2024-05-21,Crossbreed,3,Kurunegala,3,1,At_Risk,Low,165.9,4.18,9.07,172.69,173.77
F230,C8319,2024-07-19,Crossbreed,5,Nuwara Eliya,1,2,Sick,High,118.03,4.35,8.69,188.36,113.29
F179,C8320,2024-12-15,Local,4,Nuwara Eliya,6,2,Sick,Medium,40.78,3.9,8.89,171.98,40.97
F447,C8321,2024-06-24,Jersey,3,Anuradhapura,5,2,Sick,Low,162.88,3.56,9.07,181.88,154.72
F309,C8322,2024-06-15,Holstein,5,Badulla,10,1,At_Risk,High,222.88,3.51,8.32,184.2,197.13
F397,C8323,2024-12-29,Local,5,Nuwara Eliya,4,3,Sick,Medium,51.73,4.23,8.92,180.18,49.44
F336,C8324,2024-10-12,Local,9,Matale,9,0,Healthy,High,50.0,4.69,8.5,179.94,42.97
F121,C8325,2024-07-21,Jersey,3,Nuwara Eliya,9,2,Sick,High,166.09,3.82,8.5,179.55,170.88
F252,C8326,2024-12-16,Jersey,8,Anuradhapura,1,2,Sick,High,176.22,4.49,8.38,185.48,165.64
F216,C8327,2024-02-03,Crossbreed,3,Nuwara Eliya,7,0,Healthy,Low,143.69,4.67,8.88,190.14,137.07
F276,C8328,2024-07-10,Holstein,6,Kurunegala,7,1,At_Risk,Low,310.7,4.41,8.65,189.43,304.93
F439,C8329,2024-08-19,Holstein,5,Matale,7,1,At_Risk,Medium,255.31,3.69,8.47,175.51,240.57
F198,C8330,2024-02-04,Holstein,6,Kandy,2,2,Sick,High,255.02,3.68,9.03,182.23,240.6
F377,C8331,2024-01-29,Holstein,2,Kurunegala,4,3,Sick,Medium,231.4,4.6,8.5,194.35,220.28
F361,C8332,2024-08-29,Jersey,8,Kurunegala,8,1,At_Risk,Medium,183.34,4.28,9.02,183.71,159.24
F384,C8333,2024-07-19,Holstein,4,Polonnaruwa,9,0,Healthy,Low,328.34,4.15,8.66,175.15,326.94
F300,C8334,2024-05-16,Local,5,Anuradhapura,4,0,Healthy,Low,80.54,4.48,8.39,188.15,81.96
F239,C8335,2024-05-25,Crossbreed,10,Anuradhapura,6,0,Healthy,Low,171.08,4.2,8.25,182.22,177.65
F29,C8336,2024-03-12,Local,10,Matale,10,0,Healthy,Low,45.83,4.12,9.18,183.22,42.96
F129,C8337,2024-01-02,Crossbreed,5,Anuradhapura,2,3,Sick,Medium,102.79,4.48,8.76,181.57,88.28
F232,C8338,2024-10-25,Local,7,Matale,6,2,Sick,High,64.17,3.68,8.95,169.89,63.88
F385,C8339,2024-10-11,Crossbreed,10,Matale,8,0,Healthy,Medium,158.81,4.5,8.29,179.63,157.28
F458,C8340,2024-12-09,Holstein,8,Nuwara Eliya,10,0,Healthy,Medium,250.57,3.91,8.39,174.89,214.04
F287,C8341,2024-08-03,Local,10,Anuradhapura,8,2,Sick,Medium,50.46,4.72,8.2,177.2,43.88
F177,C8342,2024-05-30,Holstein,3,Kurunegala,4,0,Healthy,High,555.55,3.85,8.34,179.52,511.92
F421,C8343,2024-03-03,Local,9,Anuradhapura,9,0,Healthy,Medium,55.14,3.9,8.35,181.68,53.03
F394,C8344,2024-04-29,Crossbreed,7,Kurunegala,1,3,Sick,Medium,90.89,4.46,9.0,176.8,77.35
F302,C8345,2024-03-18,Local,4,Anuradhapura,7,0,Healthy,High,91.44,4.7,8.6,189.62,82.84
F90,C8346,2024-05-09,Jersey,3,Kandy,7,1,At_Risk,Medium,255.33,4.3,8.28,189.59,245.62
F392,C8347,2024-10-20,Holstein,7,Monaragala,3,3,Sick,Low,206.15,4.53,9.0,177.73,216.43
F224,C8348,2024-08-28,Jersey,4,Monaragala,7,0,Healthy,Low,309.96,4.27,8.91,183.34,299.77
F65,C8349,2024-02-18,Jersey,2,Kandy,5,0,Healthy,Medium,273.76,3.6,8.38,172.55,241.87
F340,C8350,2024-07-11,Jersey,7,Kurunegala,4,0,Healthy,Medium,368.73,4.16,8.96,180.61,333.81
F271,C8351,2024-03-10,Local,4,Matale,9,0,Healthy,High,73.42,3.54,8.66,173.83,68.88
F189,C8352,2024-09-24,Jersey,7,Nuwara Eliya,2,2,Sick,Low,158.71,3.82,9.0,172.76,152.07
F283,C8353,2024-05-18,Crossbreed,7,Matale,4,0,Healthy,High,249.18,4.61,8.44,180.92,244.5
F122,C8354,2024-02-14,Local,4,Polonnaruwa,9,3,Sick,Low,20.89,4.68,8.43,178.21,19.26
F378,C8355,2024-12-23,Jersey,4,Kandy,5,0,Healthy,Low,375.44,4.4,8.9,185.81,378.53
F14,C8356,2024-05-24,Holstein,3,Matale,3,0,Healthy,High,392.22,3.79,8.36,176.76,392.95
F177,C8357,2024-07-09,Crossbreed,10,Anuradhapura,7,0,Healthy,High,180.7,4.07,8.5,180.22,175.27
F389,C8358,2024-04-23,Holstein,7,Matale,10,0,Healthy,Low,258.7,4.73,9.05,181.21,255.05
F409,C8359,2024-10-08,Holstein,6,Polonnaruwa,6,3,Sick,Medium,226.19,3.89,8.81,169.84,218.67
F36,C8360,2024-03-10,Crossbreed,4,Monaragala,4,0,Healthy,Low,241.61,4.53,8.37,188.49,211.05
F407,C8361,2024-04-27,Local,5,Anuradhapura,4,2,Sick,High,48.06,3.97,9.11,185.41,41.75
F166,C8362,2024-04-28,Crossbreed,6,Polonnaruwa,10,1,At_Risk,High,85.4,4.73,8.27,189.36,89.34
F160,C8363,2024-01-02,Local,4,Matale,7,1,At_Risk,Medium,73.75,4.57,9.02,187.68,67.3
F316,C8364,2024-01-17,Crossbreed,3,Nuwara Eliya,4,2,Sick,High,131.31,4.41,8.41,181.16,122.79
F82,C8365,2024-02-06,Jersey,4,Matale,6,0,Healthy,Low,339.08,3.93,8.32,175.75,309.51
F129,C8366,2024-09-16,Jersey,4,Kandy,1,3,Sick,Medium,117.04,3.67,8.3,175.51,110.11
F281,C8367,2024-04-11,Holstein,8,Polonnaruwa,6,1,At_Risk,Low,406.48,3.63,8.81,168.61,370.26
F483,C8368,2024-06-26,Holstein,3,Matale,10,2,Sick,Medium,235.17,3.54,8.28,183.81,245.06
F223,C8369,2024-12-06,Crossbreed,3,Nuwara Eliya,1,0,Healthy,Low,200.45,3.9,8.32,169.37,205.91
F51,C8370,2024-09-04,Jersey,2,Matale,6,0,Healthy,Medium,325.35,4.08,9.13,180.16,338.47
F127,C8371,2024-07-16,Jersey,9,Nuwara Eliya,4,1,At_Risk,Low,314.15,4.59,8.56,195.28,276.67
F315,C8372,2024-08-24,Local,6,Nuwara Eliya,1,0,Healthy,Medium,94.02,3.52,8.22,176.77,93.78
F476,C8373,2024-09-20,Local,3,Anuradhapura,1,0,Healthy,High,97.97,4.55,8.66,176.21,91.35
F355,C8374,2024-12-05,Holstein,8,Badulla,2,2,Sick,High,258.53,4.25,8.42,186.07,232.21
F196,C8375,2024-06-19,Crossbreed,10,Matale,2,3,Sick,Low,74.31,3.63,8.41,177.73,65.6
F69,C8376,2024-04-13,Holstein,3,Polonnaruwa,2,1,At_Risk,Low,394.89,3.52,8.96,170.02,346.59
F106,C8377,2024-05-09,Crossbreed,3,Kurunegala,5,0,Healthy,Low,231.13,4.32,8.47,186.86,220.83
F274,C8378,2024-06-25,Local,6,Anuradhapura,10,3,Sick,Low,30.49,3.82,8.44,183.68,26.48
F487,C8379,2024-07-29,Local,3,Anuradhapura,7,0,Healthy,High,72.15,4.42,8.77,189.6,70.34
F276,C8380,2024-09-28,Local,6,Kandy,6,0,Healthy,Low,65.37,4.17,9.19,174.97,58.11
F323,C8381,2024-08-28,Crossbreed,10,Anuradhapura,10,2,Sick,Medium,107.03,4.08,9.19,187.62,97.61
F92,C8382,2024-09-02,Jersey,7,Matale,6,0,Healthy,Medium,258.4,4.42,8.22,190.83,243.92
F161,C8383,2024-01-08,Jersey,5,Polonnaruwa,4,1,At_Risk,Medium,296.46,4.37,8.75,182.99,292.32
F118,C8384,2024-06-10,Crossbreed,4,Monaragala,4,0,Healthy,Medium,186.89,4.06,8.35,175.84,164.27
F242,C8385,2024-10-30,Holstein,9,Kurunegala,7,0,Healthy,High,467.77,3.74,8.86,180.57,479.78
F300,C8386,2024-11-15,Crossbreed,8,Polonnaruwa,2,0,Healthy,Medium,166.62,3.62,8.42,176.61,162.31
F437,C8387,2024-05-23,Jersey,2,Kandy,10,0,Healthy,Low,208.53,4.49,8.89,176.29,180.67
F275,C8388,2024-01-06,Holstein,10,Monaragala,10,2,Sick,Medium,180.34,4.51,8.78,176.99,167.77
F399,C8389,2024-03-07,Crossbreed,2,Matale,4,0,Healthy,Medium,256.6,4.64,8.94,185.74,253.13
F112,C8390,2024-08-22,Jersey,4,Polonnaruwa,8,3,Sick,Medium,97.4,4.0,8.51,188.72,95.02
F438,C8391,2024-12-19,Jersey,7,Matale,1,0,Healthy,Low,231.46,3.71,9.01,185.98,229.86
F451,C8392,2024-06-05,Holstein,8,Monaragala,2,0,Healthy,High,383.36,3.54,8.84,171.71,335.22
F439,C8393,2024-02-19,Holstein,8,Badulla,7,2,Sick,Medium,210.36,3.68,8.77,181.42,200.67
F256,C8394,2024-05-12,Crossbreed,5,Polonnaruwa,5,0,Healthy,High,268.94,4.46,8.33,176.19,246.97
F270,C8395,2024-08-05,Jersey,6,Nuwara Eliya,10,2,Sick,Medium,110.03,4.38,8.9,186.39,110.0
F406,C8396,2024-12-08,Local,10,Matale,9,0,Healthy,Low,54.4,4.36,8.34,180.69,53.97
F92,C8397,2024-10-19,Crossbreed,4,Polonnaruwa,6,1,At_Risk,Medium,147.04,4.13,8.9,185.92,132.74
F37,C8398,2024-02-23,Jersey,3,Matale,4,1,At_Risk,Medium,269.92,4.49,8.68,186.24,267.15
F110,C8399,2024-06-01,Crossbreed,4,Kandy,9,0,Healthy,High,108.21,3.57,9.15,169.43,110.42
F163,C8400,2024-09-28,Holstein,6,Badulla,4,0,Healthy,Medium,390.95,3.99,8.91,181.57,333.69
F444,C8401,2024-11-25,Jersey,7,Nuwara Eliya,5,0,Healthy,Medium,389.45,3.51,8.28,174.64,348.6
F449,C8402,2024-11-02,Crossbreed,7,Nuwara Eliya,5,2,Sick,High,176.94,4.59,8.59,187.08,152.18
F435,C8403,2024-01-13,Holstein,6,Monaragala,3,0,Healthy,Low,437.52,4.33,8.62,179.74,404.54
F493,C8404,2024-12-17,Local,3,Matale,1,0,Healthy,Low,64.59,3.63,9.07,180.14,67.63
F467,C8405,2024-05-02,Crossbreed,8,Polonnaruwa,3,3,Sick,Low,106.34,4.45,8.37,175.3,97.42
F104,C8406,2024-05-28,Jersey,9,Kandy,4,0,Healthy,Low,294.88,4.15,8.65,178.7,268.19
F271,C8407,2024-11-13,Crossbreed,3,Badulla,7,0,Healthy,Low,230.58,4.41,8.74,177.59,204.92
F28,C8408,2024-10-31,Holstein,5,Kurunegala,4,0,Healthy,Medium,429.99,3.81,9.13,181.76,382.19
F428,C8409,2024-02-16,Local,10,Monaragala,10,2,Sick,Low,34.03,3.71,8.9,179.32,30.17
F173,C8410,2024-02-06,Jersey,5,Badulla,6,2,Sick,Low,215.1,3.99,8.69,173.93,191.21
F153,C8411,2024-07-20,Local,6,Monaragala,9,0,Healthy,High,44.1,4.09,8.99,180.92,45.41
F462,C8412,2024-01-10,Crossbreed,9,Kurunegala,2,0,Healthy,Low,226.93,3.9,8.53,179.85,200.59
F278,C8413,2024-08-08,Jersey,2,Polonnaruwa,6,0,Healthy,High,215.82,4.69,8.9,193.04,183.58
F455,C8414,2024-03-10,Local,6,Kandy,4,3,Sick,Low,51.5,3.59,8.39,172.12,52.27
F423,C8415,2024-05-17,Jersey,10,Monaragala,6,2,Sick,High,206.09,4.67,9.18,178.96,201.17
F193,C8416,2024-03-10,Jersey,9,Nuwara Eliya,1,0,Healthy,High,357.14,3.93,8.69,183.18,354.82
F419,C8417,2024-06-20,Local,2,Anuradhapura,7,2,Sick,Medium,41.53,4.19,8.57,179.46,38.68
F208,C8418,2024-04-06,Local,3,Badulla,10,0,Healthy,High,53.06,4.56,8.41,192.16,50.53
F227,C8419,2024-07-03,Jersey,8,Badulla,3,1,At_Risk,Low,283.69,4.41,8.56,190.31,286.77
F293,C8420,2024-08-29,Holstein,7,Polonnaruwa,3,0,Healthy,Medium,590.78,4.24,8.7,177.35,611.69
F31,C8421,2024-07-24,Local,4,Matale,5,1,At_Risk,Medium,71.44,3.87,8.36,170.72,64.09
F255,C8422,2024-01-11,Holstein,10,Nuwara Eliya,9,0,Healthy,Medium,231.33,4.74,8.7,191.51,202.51
F415,C8423,2024-11-07,Crossbreed,10,Matale,4,1,At_Risk,Low,141.97,4.45,9.14,189.67,147.08
F308,C8424,2024-10-18,Holstein,4,Kandy,1,2,Sick,Low,288.52,3.75,8.25,178.6,294.87
F413,C8425,2024-11-11,Local,9,Monaragala,7,2,Sick,Medium,46.6,4.19,8.73,179.55,44.01
F308,C8426,2024-12-09,Crossbreed,3,Anuradhapura,9,1,At_Risk,Medium,134.49,4.69,8.27,181.99,135.17
F76,C8427,2024-12-22,Jersey,6,Kurunegala,10,0,Healthy,High,235.06,3.97,8.45,175.26,221.09
F498,C8428,2024-10-27,Crossbreed,8,Badulla,10,0,Healthy,High,120.33,4.65,8.7,184.83,109.34
F189,C8429,2024-07-12,Jersey,3,Anuradhapura,10,0,Healthy,Medium,195.53,3.59,8.98,178.34,179.04
F311,C8430,2024-07-21,Crossbreed,4,Badulla,2,1,At_Risk,High,170.88,4.53,8.45,193.62,152.22
F23,C8431,2024-04-12,Jersey,8,Polonnaruwa,9,0,Healthy,High,247.78,3.71,9.11,175.71,218.14
F77,C8432,2024-10-07,Crossbreed,3,Monaragala,7,1,At_Risk,Medium,159.99,3.93,8.71,187.88,136.93
F297,C8433,2024-11-11,Holstein,9,Kandy,8,3,Sick,Medium,189.88,4.22,9.1,172.33,194.82
F326,C8434,2024-04-07,Holstein,5,Kandy,2,0,Healthy,Medium,421.25,4.76,8.83,195.17,433.63
F68,C8435,2024-10-13,Jersey,4,Kandy,8,0,Healthy,High,329.17,4.18,8.29,179.75,283.14
F436,C8436,2024-10-21,Crossbreed,5,Badulla,1,0,Healthy,High,151.54,3.9,8.5,182.9,156.04
F267,C8437,2024-07-24,Jersey,3,Badulla,5,0,Healthy,Medium,309.65,3.89,8.55,174.21,271.96
F447,C8438,2024-05-26,Jersey,5,Anuradhapura,8,3,Sick,High,136.82,4.11,9.18,172.08,139.23
F287,C8439,2024-06-24,Jersey,8,Kandy,3,0,Healthy,Medium,318.51,3.53,8.77,177.95,280.23
F413,C8440,2024-03-01,Crossbreed,9,Nuwara Eliya,8,0,Healthy,Low,128.86,4.4,8.46,181.89,111.2
F331,C8441,2024-10-05,Crossbreed,10,Monaragala,8,2,Sick,Low,118.41,4.53,9.06,185.27,109.43
F455,C8442,2024-09-30,Holstein,2,Nuwara Eliya,1,1,At_Risk,Medium,385.21,4.02,8.94,171.83,383.73
F221,C8443,2024-05-17,Jersey,5,Kurunegala,4,0,Healthy,Medium,313.19,4.38,8.39,176.96,308.78
F437,C8444,2024-05-17,Crossbreed,6,Kandy,1,0,Healthy,Medium,220.48,4.48,9.16,178.91,206.76
F49,C8445,2024-05-23,Jersey,2,Kurunegala,2,0,Healthy,Low,286.22,3.88,8.75,180.93,264.66
F298,C8446,2024-09-30,Crossbreed,5,Nuwara Eliya,4,3,Sick,Low,100.12,3.95,8.51,176.31,92.97
F342,C8447,2024-02-04,Crossbreed,5,Kandy,9,1,At_Risk,Medium,123.67,4.1,8.28,172.86,106.03
F85,C8448,2024-08-27,Local,4,Anuradhapura,3,0,Healthy,Low,99.63,4.65,8.84,190.57,98.9
F141,C8449,2024-05-31,Local,2,Monaragala,4,1,At_Risk,Low,75.71,4.1,8.59,176.32,74.52
F386,C8450,2024-08-23,Crossbreed,8,Matale,8,3,Sick,High,86.24,3.62,9.08,181.15,87.17
F59,C8451,2024-10-30,Crossbreed,3,Polonnaruwa,8,2,Sick,High,142.03,3.51,8.32,172.08,123.38
F347,C8452,2024-07-21,Crossbreed,7,Kandy,2,1,At_Risk,High,139.43,3.97,8.69,170.61,136.55
F474,C8453,2024-11-16,Crossbreed,2,Matale,1,2,Sick,Medium,161.38,4.27,8.2,174.58,153.8
F67,C8454,2024-05-04,Holstein,7,Polonnaruwa,10,0,Healthy,Medium,362.0,4.09,9.02,190.07,356.54
F183,C8455,2024-07-25,Crossbreed,4,Badulla,10,0,Healthy,High,150.57,3.64,8.67,179.12,152.12
F410,C8456,2024-04-18,Crossbreed,3,Kurunegala,1,0,Healthy,High,194.63,4.0,8.43,180.58,189.01
F114,C8457,2024-12-27,Local,2,Kandy,7,1,At_Risk,High,58.95,3.75,8.5,173.09,60.65
F63,C8458,2024-01-29,Jersey,3,Anuradhapura,1,2,Sick,High,229.47,4.1,8.69,183.72,209.95
F51,C8459,2024-07-16,Jersey,2,Matale,2,0,Healthy,Low,238.61,3.59,8.71,178.29,245.52
F143,C8460,2024-03-20,Crossbreed,5,Matale,9,2,Sick,High,100.52,4.58,9.04,182.71,96.55
F203,C8461,2024-05-09,Local,2,Matale,4,2,Sick,High,72.11,4.56,8.37,188.53,62.65
F177,C8462,2024-03-21,Crossbreed,9,Badulla,8,0,Healthy,Low,222.7,3.94,8.31,175.28,201.73
F123,C8463,2024-03-23,Jersey,10,Monaragala,4,0,Healthy,High,274.96,4.0,9.11,172.77,236.31
F473,C8464,2024-12-09,Holstein,7,Kurunegala,7,0,Healthy,Medium,446.82,3.63,8.88,182.68,419.02
F68,C8465,2024-07-28,Holstein,3,Matale,5,0,Healthy,High,353.28,4.11,8.85,190.34,314.7
F393,C8466,2024-07-11,Jersey,8,Polonnaruwa,7,0,Healthy,Low,287.87,3.63,8.97,182.29,293.54
F94,C8467,2024-07-04,Jersey,9,Monaragala,7,3,Sick,Low,137.43,4.52,8.23,182.84,120.93
F423,C8468,2024-05-29,Local,8,Polonnaruwa,9,0,Healthy,Medium,63.82,4.22,9.05,178.44,57.08
F352,C8469,2024-04-09,Crossbreed,8,Badulla,4,2,Sick,High,168.4,4.52,8.69,175.88,158.5
F275,C8470,2024-10-05,Crossbreed,4,Polonnaruwa,7,0,Healthy,Medium,156.32,4.47,8.25,194.37,142.89
F50,C8471,2024-05-18,Local,8,Nuwara Eliya,2,0,Healthy,Medium,59.33,4.36,8.53,182.35,55.53
F355,C8472,2024-10-11,Crossbreed,4,Nuwara Eliya,5,0,Healthy,High,203.32,4.37,8.44,191.22,210.8
F165,C8473,2024-09-19,Local,7,Anuradhapura,3,1,At_Risk,Medium,94.3,4.19,9.05,179.46,82.51
F446,C8474,2024-11-08,Crossbreed,2,Kurunegala,3,3,Sick,Medium,82.33,3.76,8.65,180.88,83.44
F429,C8475,2024-09-13,Crossbreed,6,Monaragala,2,0,Healthy,High,218.69,3.87,8.71,173.77,200.96
F363,C8476,2024-05-27,Jersey,7,Nuwara Eliya,1,1,At_Risk,High,270.38,3.52,9.08,172.49,236.44
F385,C8477,2024-03-12,Holstein,5,Monaragala,7,1,At_Risk,Medium,398.25,3.95,8.39,176.6,360.04
F349,C8478,2024-10-24,Holstein,7,Polonnaruwa,3,2,Sick,High,378.68,4.44,9.09,180.23,377.81
F232,C8479,2024-01-13,Jersey,8,Kurunegala,3,0,Healthy,High,355.43,4.44,8.98,183.75,332.11
F141,C8480,2024-07-22,Jersey,5,Kandy,7,2,Sick,High,144.85,3.82,9.16,176.84,129.02
F259,C8481,2024-12-08,Crossbreed,5,Nuwara Eliya,5,0,Healthy,High,204.94,4.34,8.37,189.96,178.21
F175,C8482,2024-01-12,Jersey,3,Kandy,9,0,Healthy,Low,180.14,4.51,8.8,181.4,161.19
F179,C8483,2024-09-28,Crossbreed,4,Monaragala,8,2,Sick,High,113.64,4.0,8.45,176.47,103.71
F231,C8484,2024-01-29,Holstein,3,Monaragala,10,1,At_Risk,High,287.91,3.58,8.88,168.99,287.26
F232,C8485,2024-08-23,Jersey,9,Badulla,1,0,Healthy,High,304.54,3.71,8.47,179.23,299.06
F285,C8486,2024-01-03,Local,5,Monaragala,5,0,Healthy,High,75.99,4.02,8.39,171.38,73.25
F127,C8487,2024-07-24,Crossbreed,9,Anuradhapura,1,0,Healthy,Low,194.22,3.62,9.12,181.48,187.69
F208,C8488,2024-05-16,Jersey,5,Matale,10,0,Healthy,Medium,197.74,4.04,8.96,173.36,185.59
F442,C8489,2024-12-15,Jersey,4,Matale,4,0,Healthy,High,334.06,4.63,8.28,181.52,312.99
F160,C8490,2024-08-06,Local,9,Matale,9,0,Healthy,Medium,76.68,3.53,8.35,165.67,65.21
F302,C8491,2024-07-16,Holstein,5,Nuwara Eliya,1,0,Healthy,High,509.55,3.57,8.36,170.85,469.2
F300,C8492,2024-03-11,Local,4,Monaragala,10,0,Healthy,High,73.6,4.0,8.89,177.78,66.07
F149,C8493,2024-01-24,Holstein,10,Monaragala,10,0,Healthy,Low,309.07,4.72,8.9,190.35,312.97
F20,C8494,2024-09-04,Local,2,Anuradhapura,5,0,Healthy,High,112.7,3.59,8.95,174.69,110.58
F159,C8495,2024-12-06,Local,2,Polonnaruwa,6,1,At_Risk,Medium,62.39,4.57,8.48,194.55,65.47
F158,C8496,2024-06-22,Crossbreed,2,Kurunegala,1,2,Sick,Low,96.98,3.52,8.29,173.95,84.29
F112,C8497,2024-12-05,Holstein,2,Monaragala,7,0,Healthy,High,505.44,3.63,8.56,175.88,442.21
F473,C8498,2024-06-15,Holstein,5,Nuwara Eliya,3,1,At_Risk,Low,498.01,4.31,9.08,192.47,518.74
F295,C8499,2024-04-08,Jersey,6,Matale,9,0,Healthy,High,196.18,4.8,8.3,197.16,167.63
F361,C8500,2024-08-29,Local,4,Anuradhapura,4,0,Healthy,High,72.47,4.6,8.41,189.81,70.21
F297,C8501,2024-04-30,Crossbreed,2,Matale,5,0,Healthy,Low,272.06,4.78,8.98,192.16,248.32
F148,C8502,2024-02-26,Local,3,Kandy,6,0,Healthy,High,68.06,4.2,8.65,189.18,66.82
F69,C8503,2024-12-28,Crossbreed,8,Nuwara Eliya,6,2,Sick,Low,112.74,3.88,8.83,183.3,99.39
F449,C8504,2024-11-19,Jersey,4,Kandy,2,0,Healthy,Low,323.24,4.65,8.96,182.7,334.17
F497,C8505,2024-04-19,Local,6,Kandy,7,1,At_Risk,Low,66.54,4.38,8.88,176.89,56.8
F440,C8506,2024-03-16,Jersey,6,Polonnaruwa,9,3,Sick,Low,75.06,4.15,8.95,173.57,78.59
F424,C8507,2024-02-11,Holstein,2,Kandy,8,3,Sick,High,154.58,3.69,8.75,185.45,147.72
F231,C8508,2024-10-28,Holstein,4,Kurunegala,7,1,At_Risk,Medium,343.9,4.25,8.65,186.97,324.41
F194,C8509,2024-10-27,Local,10,Anuradhapura,1,0,Healthy,Low,93.35,4.07,8.71,182.28,81.14
F444,C8510,2024-08-23,Crossbreed,10,Anuradhapura,8,0,Healthy,High,157.21,4.32,8.92,183.27,134.34
F371,C8511,2024-07-21,Jersey,3,Badulla,9,0,Healthy,Low,202.51,3.64,8.86,172.91,173.97
F272,C8512,2024-03-24,Holstein,3,Polonnaruwa,7,1,At_Risk,High,371.1,3.84,8.4,169.51,323.21
F384,C8513,2024-10-31,Local,3,Nuwara Eliya,10,2,Sick,Medium,50.18,3.91,8.37,180.42,52.18
F87,C8514,2024-11-27,Crossbreed,10,Kandy,1,0,Healthy,Medium,224.06,4.52,8.27,187.47,203.12
F233,C8515,2024-06-04,Local,7,Badulla,10,0,Healthy,High,73.72,3.98,8.45,178.59,74.82
F208,C8516,2024-11-28,Crossbreed,8,Kandy,8,2,Sick,High,128.88,4.54,8.77,183.97,117.04
F496,C8517,2024-03-07,Local,8,Nuwara Eliya,7,3,Sick,Medium,30.02,4.66,8.25,180.89,27.66
F286,C8518,2024-03-30,Local,2,Badulla,5,1,At_Risk,High,97.04,3.71,8.78,178.19,95.97
F342,C8519,2024-05-14,Local,4,Kandy,1,3,Sick,Low,45.2,4.25,8.36,191.67,45.72
F61,C8520,2024-10-07,Local,4,Badulla,7,1,At_Risk,Medium,73.06,3.64,8.91,167.93,66.86
F367,C8521,2024-05-08,Holstein,9,Nuwara Eliya,2,1,At_Risk,Medium,427.43,3.73,9.02,176.91,375.22
F6,C8522,2024-03-24,Holstein,2,Anuradhapura,3,0,Healthy,High,476.75,4.36,8.65,182.25,482.69
F377,C8523,2024-05-12,Jersey,2,Badulla,8,0,Healthy,Low,275.33,4.44,8.72,186.82,249.95
F238,C8524,2024-11-03,Crossbreed,9,Kandy,10,2,Sick,High,97.84,4.18,8.41,189.17,90.66
F79,C8525,2024-07-04,Jersey,7,Anuradhapura,7,0,Healthy,Low,222.04,4.42,9.04,179.17,191.13
F129,C8526,2024-04-18,Jersey,6,Anuradhapura,1,0,Healthy,Medium,280.46,3.51,8.46,173.67,263.01
F332,C8527,2024-04-14,Holstein,7,Nuwara Eliya,2,3,Sick,Medium,150.99,3.88,8.49,188.29,145.46
F209,C8528,2024-11-11,Holstein,7,Nuwara Eliya,4,0,Healthy,Low,509.76,4.4,8.95,191.21,441.74
F148,C8529,2024-09-26,Holstein,5,Nuwara Eliya,8,0,Healthy,High,498.76,4.73,8.34,191.12,516.77
F63,C8530,2024-07-29,Jersey,5,Matale,5,2,Sick,Medium,225.46,4.19,8.84,179.1,223.77
F466,C8531,2024-02-04,Jersey,7,Kurunegala,7,0,Healthy,Medium,219.76,4.72,8.32,180.76,200.74
F267,C8532,2024-05-06,Holstein,7,Kurunegala,2,0,Healthy,Low,464.85,4.76,9.09,181.2,464.95
F327,C8533,2024-11-27,Holstein,9,Kurunegala,3,2,Sick,Medium,305.19,4.65,8.26,193.37,315.18
F398,C8534,2024-06-23,Crossbreed,2,Badulla,4,0,Healthy,Low,152.53,3.79,9.09,183.76,140.94
F173,C8535,2024-08-20,Crossbreed,7,Monaragala,8,0,Healthy,Medium,183.04,3.63,9.13,171.31,156.88
F277,C8536,2024-09-16,Holstein,6,Monaragala,9,0,Healthy,Medium,346.15,3.7,9.19,175.91,312.06
F379,C8537,2024-05-15,Crossbreed,9,Nuwara Eliya,10,1,At_Risk,Low,107.42,4.43,8.49,189.61,95.86
F307,C8538,2024-12-13,Holstein,3,Matale,1,0,Healthy,Medium,444.87,3.89,8.86,182.93,459.65
F306,C8539,2024-07-03,Holstein,3,Matale,7,2,Sick,Low,270.07,4.71,8.71,181.2,277.18
F447,C8540,2024-07-30,Holstein,5,Polonnaruwa,9,0,Healthy,High,357.46,4.39,8.58,189.73,318.38
F406,C8541,2024-05-04,Crossbreed,7,Polonnaruwa,6,1,At_Risk,Low,167.36,4.72,8.68,194.8,166.94
F429,C8542,2024-12-20,Jersey,10,Nuwara Eliya,6,3,Sick,Low,132.53,3.59,8.44,167.85,137.55
F160,C8543,2024-10-04,Crossbreed,6,Monaragala,7,0,Healthy,High,231.01,4.57,8.95,180.52,238.22
F40,C8544,2024-08-25,Crossbreed,6,Nuwara Eliya,4,0,Healthy,High,273.05,4.11,8.69,186.56,238.73
F38,C8545,2024-02-07,Jersey,9,Polonnaruwa,2,2,Sick,Medium,191.95,4.52,9.2,188.08,172.26
F391,C8546,2024-04-15,Holstein,6,Anuradhapura,5,2,Sick,High,264.99,3.64,8.55,180.67,274.53
F161,C8547,2024-12-22,Holstein,8,Monaragala,7,3,Sick,Low,210.31,3.59,8.85,175.12,182.91
F195,C8548,2024-03-21,Jersey,4,Badulla,1,2,Sick,Medium,220.77,4.19,8.22,189.77,189.4
F48,C8549,2024-02-19,Jersey,5,Matale,8,0,Healthy,Medium,314.7,4.1,8.81,187.46,274.45
F358,C8550,2024-07-15,Local,5,Anuradhapura,8,3,Sick,High,23.09,4.13,8.9,189.43,20.81
F10,C8551,2024-06-08,Crossbreed,4,Kandy,6,0,Healthy,Low,192.9,4.44,8.4,177.73,170.42
F381,C8552,2024-11-06,Jersey,5,Nuwara Eliya,2,2,Sick,Low,207.53,4.42,9.15,192.19,178.2
F107,C8553,2024-09-13,Jersey,8,Anuradhapura,5,0,Healthy,High,342.64,4.39,8.91,191.29,332.83
F225,C8554,2024-02-13,Jersey,5,Kurunegala,7,0,Healthy,Low,315.27,4.34,8.96,187.5,316.43
F286,C8555,2024-06-22,Crossbreed,4,Monaragala,7,0,Healthy,Low,159.77,3.91,8.39,176.96,160.66
F360,C8556,2024-06-08,Crossbreed,2,Kurunegala,1,0,Healthy,Medium,197.11,4.39,8.69,187.79,195.65
F263,C8557,2024-04-24,Local,8,Monaragala,6,2,Sick,High,51.4,4.1,8.78,180.66,45.01
F344,C8558,2024-03-13,Crossbreed,8,Anuradhapura,1,1,At_Risk,Medium,211.11,4.3,8.32,191.05,212.82
F468,C8559,2024-05-12,Crossbreed,6,Kurunegala,5,0,Healthy,High,221.09,3.68,8.7,173.76,229.84
F31,C8560,2024-04-21,Holstein,7,Monaragala,1,1,At_Risk,Low,303.71,4.26,9.13,180.16,300.29
F76,C8561,2024-08-27,Crossbreed,8,Kurunegala,10,1,At_Risk,Low,127.95,3.92,8.83,186.3,122.62
F35,C8562,2024-07-30,Jersey,4,Badulla,7,0,Healthy,Medium,289.14,4.12,8.62,179.35,297.67
F120,C8563,2024-08-31,Local,9,Kurunegala,8,0,Healthy,Low,63.11,4.27,8.89,186.48,62.5
F63,C8564,2024-02-05,Local,3,Kandy,5,0,Healthy,Medium,82.42,4.14,8.6,174.77,75.51
F86,C8565,2024-01-04,Holstein,8,Matale,9,0,Healthy,High,360.93,4.11,8.39,185.0,318.41
F417,C8566,2024-01-25,Crossbreed,3,Anuradhapura,4,1,At_Risk,Medium,141.79,3.51,8.93,177.93,135.9
F114,C8567,2024-01-28,Crossbreed,7,Polonnaruwa,2,3,Sick,High,83.8,3.62,8.92,184.15,79.56
F351,C8568,2024-06-20,Crossbreed,2,Kurunegala,5,0,Healthy,Medium,204.89,4.75,8.24,184.79,214.4
F80,C8569,2024-03-28,Crossbreed,3,Anuradhapura,1,3,Sick,Medium,69.13,4.53,8.76,193.42,66.73
F94,C8570,2024-07-12,Holstein,9,Anuradhapura,10,0,Healthy,Low,237.32,4.45,8.81,190.41,244.66
F412,C8571,2024-08-17,Local,9,Matale,8,0,Healthy,Medium,86.42,4.67,8.49,179.42,77.31
F338,C8572,2024-05-26,Jersey,4,Kurunegala,1,0,Healthy,Medium,352.82,3.82,8.29,179.34,335.43
F214,C8573,2024-12-16,Holstein,7,Anuradhapura,10,3,Sick,High,118.36,4.58,9.01,195.05,113.13
F37,C8574,2024-11-28,Jersey,9,Polonnaruwa,1,3,Sick,High,120.03,4.39,8.87,191.05,113.03
F453,C8575,2024-05-21,Holstein,10,Nuwara Eliya,1,3,Sick,Medium,175.74,3.83,8.99,178.25,162.0
F240,C8576,2024-12-18,Jersey,9,Badulla,2,0,Healthy,Medium,312.1,3.98,8.26,182.82,275.4
F383,C8577,2024-11-26,Holstein,6,Polonnaruwa,7,0,Healthy,High,379.67,4.3,9.19,174.65,389.6
F382,C8578,2024-08-02,Local,5,Matale,10,3,Sick,Medium,20.07,3.69,9.01,183.47,17.74
F307,C8579,2024-02-05,Jersey,7,Anuradhapura,6,1,At_Risk,Low,220.89,3.96,8.23,179.39,220.47
F41,C8580,2024-11-02,Crossbreed,4,Polonnaruwa,6,0,Healthy,Medium,155.96,3.77,8.45,174.91,146.15
F234,C8581,2024-02-09,Jersey,2,Nuwara Eliya,3,0,Healthy,Low,266.6,3.5,8.92,171.13,260.41
F211,C8582,2024-09-20,Holstein,7,Nuwara Eliya,10,0,Healthy,Low,269.45,3.58,8.64,167.78,238.5
F12,C8583,2024-03-14,Jersey,10,Anuradhapura,2,0,Healthy,Low,325.64,3.66,8.73,182.85,277.69
F444,C8584,2024-10-18,Crossbreed,6,Kandy,1,0,Healthy,Medium,176.58,3.65,8.42,178.25,154.32
F337,C8585,2024-03-22,Crossbreed,9,Nuwara Eliya,3,1,At_Risk,Medium,222.7,4.51,9.12,181.86,224.47
F278,C8586,2024-11-02,Jersey,8,Anuradhapura,1,0,Healthy,High,314.43,4.47,8.33,187.02,296.97
F348,C8587,2024-03-26,Holstein,7,Kurunegala,6,0,Healthy,Medium,320.61,3.78,8.71,179.21,334.6
F328,C8588,2024-01-23,Holstein,9,Badulla,5,0,Healthy,Medium,387.44,4.44,8.36,176.33,336.66
F314,C8589,2024-01-29,Local,5,Monaragala,9,2,Sick,High,38.32,4.24,8.33,177.93,34.22
F218,C8590,2024-09-30,Crossbreed,4,Monaragala,5,1,At_Risk,High,207.94,4.08,8.49,186.99,200.06
F71,C8591,2024-02-23,Holstein,10,Badulla,9,0,Healthy,High,343.38,3.86,8.33,181.44,293.47
F126,C8592,2024-03-20,Local,10,Kurunegala,6,3,Sick,Low,44.24,3.56,8.75,178.27,44.04
F461,C8593,2024-06-13,Holstein,3,Badulla,1,0,Healthy,High,416.12,4.36,8.94,189.4,420.34
F186,C8594,2024-06-07,Crossbreed,4,Monaragala,3,3,Sick,High,99.02,3.89,8.71,171.45,90.67
F221,C8595,2024-04-29,Holstein,10,Badulla,4,1,At_Risk,Medium,411.74,3.51,9.04,169.12,403.34
F130,C8596,2024-08-14,Local,2,Kandy,4,0,Healthy,High,85.07,4.13,8.34,190.69,77.19
F77,C8597,2024-01-11,Holstein,10,Kandy,5,0,Healthy,High,431.13,4.07,8.42,186.9,371.38
F214,C8598,2024-04-16,Local,3,Anuradhapura,7,2,Sick,Low,49.78,4.26,8.65,181.06,43.3
F10,C8599,2024-07-18,Crossbreed,4,Kurunegala,6,2,Sick,Low,153.75,4.8,8.59,193.86,135.08
F405,C8600,2024-08-04,Local,5,Kurunegala,3,0,Healthy,Low,117.12,4.38,9.12,177.81,107.93
F385,C8601,2024-05-08,Jersey,7,Matale,1,0,Healthy,Medium,322.69,3.9,8.89,171.86,300.51
F110,C8602,2024-01-18,Local,10,Nuwara Eliya,7,0,Healthy,High,88.94,3.77,8.61,178.28,89.46
F227,C8603,2024-12-11,Local,7,Anuradhapura,1,0,Healthy,Medium,100.85,4.13,8.34,183.46,105.03
F241,C8604,2024-11-29,Jersey,4,Polonnaruwa,4,0,Healthy,High,278.0,4.28,8.81,175.02,270.08
F497,C8605,2024-04-07,Local,7,Kandy,8,0,Healthy,Low,73.76,4.46,8.83,184.23,72.55
F58,C8606,2024-02-17,Holstein,6,Anuradhapura,9,0,Healthy,Low,266.26,3.73,8.54,185.47,273.77
F272,C8607,2024-01-28,Holstein,3,Polonnaruwa,10,1,At_Risk,High,194.4,3.98,9.14,174.96,187.03
F166,C8608,2024-07-11,Local,10,Monaragala,5,2,Sick,Low,63.16,3.55,8.5,179.95,62.99
F358,C8609,2024-10-09,Local,5,Kurunegala,9,0,Healthy,Medium,65.61,4.74,8.93,185.78,67.29
F224,C8610,2024-04-29,Crossbreed,5,Kurunegala,9,2,Sick,Medium,117.8,4.79,9.0,187.21,114.46
F406,C8611,2024-11-19,Crossbreed,10,Badulla,6,1,At_Risk,Medium,192.6,4.11,8.96,183.81,168.41
F18,C8612,2024-10-07,Local,5,Kandy,4,0,Healthy,High,78.62,4.3,8.81,174.78,76.84
F418,C8613,2024-02-28,Local,4,Monaragala,4,0,Healthy,High,102.12,4.63,8.32,185.08,102.03
F175,C8614,2024-07-27,Local,2,Matale,2,0,Healthy,Medium,69.58,4.34,8.31,186.06,71.07
F412,C8615,2024-07-12,Local,3,Anuradhapura,7,0,Healthy,Low,54.61,3.6,9.07,180.57,47.15
F12,C8616,2024-04-30,Jersey,8,Polonnaruwa,8,0,Healthy,High,293.99,4.17,8.88,189.84,302.6
F120,C8617,2024-10-02,Crossbreed,4,Kandy,5,2,Sick,Medium,153.21,4.17,8.27,188.4,131.35
F420,C8618,2024-01-07,Holstein,6,Matale,5,1,At_Risk,Low,300.74,4.38,8.6,175.7,281.29
F348,C8619,2024-06-14,Jersey,7,Kurunegala,1,1,At_Risk,Medium,215.37,4.62,8.92,191.52,210.33
F317,C8620,2024-02-29,Holstein,4,Polonnaruwa,3,0,Healthy,Low,397.7,3.9,8.43,175.25,393.24
F234,C8621,2024-06-10,Crossbreed,5,Anuradhapura,5,0,Healthy,Low,150.28,3.79,8.62,177.13,132.26
F78,C8622,2024-08-10,Holstein,9,Matale,1,0,Healthy,High,410.91,4.66,8.76,184.37,384.5
F168,C8623,2024-06-05,Holstein,10,Badulla,4,3,Sick,Low,199.94,3.77,9.11,170.59,178.11
F265,C8624,2024-07-20,Jersey,9,Badulla,1,0,Healthy,Medium,328.67,4.36,9.2,179.84,299.25
F194,C8625,2024-01-20,Holstein,5,Nuwara Eliya,10,1,At_Risk,Medium,294.25,3.85,9.13,172.49,303.43
F31,C8626,2024-09-05,Holstein,5,Matale,9,2,Sick,High,179.32,3.88,9.16,188.11,157.34
F139,C8627,2024-02-19,Holstein,8,Kurunegala,2,1,At_Risk,Medium,396.1,4.79,9.08,182.26,374.37
F407,C8628,2024-04-04,Jersey,6,Matale,1,0,Healthy,High,328.26,4.01,8.23,175.51,308.77
F334,C8629,2024-12-22,Jersey,3,Kurunegala,8,2,Sick,Medium,219.82,4.61,8.66,178.21,205.42
F86,C8630,2024-02-07,Jersey,9,Matale,6,0,Healthy,High,239.74,3.66,8.46,177.28,230.45
F45,C8631,2024-04-21,Holstein,7,Kurunegala,7,0,Healthy,Medium,333.49,4.43,8.48,176.44,303.88
F205,C8632,2024-04-13,Jersey,4,Anuradhapura,7,0,Healthy,Low,285.53,3.67,9.0,177.3,248.96
F15,C8633,2024-03-06,Holstein,9,Badulla,8,0,Healthy,High,448.79,4.36,8.34,182.5,411.74
F490,C8634,2024-05-22,Holstein,3,Polonnaruwa,1,2,Sick,High,335.98,4.04,8.59,180.76,289.74
F392,C8635,2024-09-18,Local,10,Badulla,2,0,Healthy,Medium,99.01,3.92,8.78,178.21,89.66
F311,C8636,2024-11-26,Holstein,2,Matale,4,2,Sick,High,379.38,4.47,8.25,191.28,333.57
F38,C8637,2024-05-21,Local,6,Kurunegala,7,0,Healthy,Medium,96.32,3.81,8.35,174.0,97.16
F155,C8638,2024-01-13,Jersey,4,Matale,3,1,At_Risk,Medium,239.03,3.76,8.8,180.89,239.67
F222,C8639,2024-08-11,Jersey,2,Nuwara Eliya,1,3,Sick,Medium,139.28,3.79,8.95,170.06,141.59
F332,C8640,2024-05-21,Crossbreed,9,Monaragala,3,0,Healthy,High,231.79,4.72,8.77,193.62,240.01
F20,C8641,2024-04-20,Crossbreed,2,Polonnaruwa,2,3,Sick,Low,74.99,3.94,8.88,171.64,75.98
F363,C8642,2024-06-18,Jersey,8,Matale,8,0,Healthy,High,321.04,3.74,8.74,181.82,283.22
F29,C8643,2024-04-23,Jersey,4,Polonnaruwa,7,0,Healthy,High,279.33,3.72,9.17,181.18,275.5
F440,C8644,2024-11-08,Holstein,8,Polonnaruwa,7,3,Sick,Medium,171.57,3.82,8.24,174.35,147.46
F356,C8645,2024-03-23,Holstein,2,Anuradhapura,1,3,Sick,Medium,192.4,3.51,8.9,176.76,190.8
F472,C8646,2024-12-26,Local,5,Badulla,1,0,Healthy,High,90.46,4.62,8.95,188.45,92.35
F203,C8647,2024-05-10,Jersey,5,Polonnaruwa,10,1,At_Risk,Low,208.4,4.14,8.27,190.91,218.07
F425,C8648,2024-05-03,Crossbreed,2,Nuwara Eliya,6,0,Healthy,High,150.76,3.64,8.47,178.01,131.05
F34,C8649,2024-12-19,Jersey,8,Anuradhapura,3,0,Healthy,Medium,357.45,4.8,8.63,194.94,342.72
F58,C8650,2024-03-17,Crossbreed,2,Polonnaruwa,8,0,Healthy,Low,140.11,3.98,8.28,178.86,119.12
F464,C8651,2024-03-10,Crossbreed,2,Kandy,1,1,At_Risk,High,206.44,3.52,8.66,175.53,204.25
F454,C8652,2024-12-04,Crossbreed,3,Anuradhapura,7,1,At_Risk,Medium,122.84,4.44,8.56,187.62,123.86
F104,C8653,2024-10-22,Crossbreed,4,Badulla,6,0,Healthy,Medium,173.44,4.39,8.6,191.4,158.96
F497,C8654,2024-05-16,Holstein,7,Polonnaruwa,4,0,Healthy,High,384.86,3.54,8.25,175.59,397.8
F87,C8655,2024-04-22,Jersey,6,Badulla,5,0,Healthy,Medium,380.55,4.71,8.56,196.23,367.95
F420,C8656,2024-01-30,Holstein,10,Badulla,5,0,Healthy,High,423.67,4.21,8.41,183.7,434.63
F173,C8657,2024-10-13,Holstein,3,Polonnaruwa,5,1,At_Risk,High,439.85,4.67,8.29,184.23,444.04
F400,C8658,2024-06-27,Local,4,Badulla,10,1,At_Risk,Low,35.95,4.26,9.09,173.35,31.77
F190,C8659,2024-08-04,Local,5,Badulla,1,2,Sick,Medium,37.02,4.29,8.96,188.51,31.74
F86,C8660,2024-11-23,Crossbreed,6,Anuradhapura,2,0,Healthy,Low,151.15,3.78,8.28,172.54,154.25
F444,C8661,2024-05-11,Crossbreed,7,Nuwara Eliya,8,0,Healthy,Medium,187.49,3.97,8.41,182.66,188.14
F40,C8662,2024-11-18,Local,8,Kurunegala,2,0,Healthy,High,68.57,3.69,9.0,174.47,70.38
F373,C8663,2024-05-28,Holstein,4,Anuradhapura,5,0,Healthy,Low,547.67,4.07,8.76,188.74,502.18
F283,C8664,2024-02-13,Holstein,8,Kurunegala,8,1,At_Risk,Low,371.3,4.19,8.51,189.69,337.75
F8,C8665,2024-07-02,Crossbreed,10,Kurunegala,3,1,At_Risk,High,228.19,4.32,8.67,182.05,236.82
F444,C8666,2024-07-14,Jersey,3,Anuradhapura,7,1,At_Risk,Medium,201.1,4.01,8.76,170.26,188.58
F5,C8667,2024-10-22,Crossbreed,10,Nuwara Eliya,9,0,Healthy,Medium,156.75,3.9,8.72,175.46,159.89
F56,C8668,2024-07-11,Holstein,3,Kurunegala,6,0,Healthy,Low,408.58,3.85,8.4,169.43,393.45
F89,C8669,2024-10-05,Jersey,3,Anuradhapura,7,1,At_Risk,Medium,210.04,4.68,8.39,181.68,202.58
F201,C8670,2024-03-24,Crossbreed,2,Monaragala,2,0,Healthy,Medium,221.22,3.6,9.12,175.56,219.22
F9,C8671,2024-10-07,Jersey,3,Kandy,9,2,Sick,High,120.37,3.75,8.72,187.19,125.54
F303,C8672,2024-03-01,Holstein,4,Badulla,9,2,Sick,Medium,203.85,3.77,9.08,169.14,183.87
F435,C8673,2024-10-23,Jersey,3,Polonnaruwa,9,0,Healthy,High,178.38,4.71,9.16,190.86,163.5
F73,C8674,2024-08-27,Local,5,Badulla,1,0,Healthy,Medium,77.92,4.06,8.82,177.54,71.04
F462,C8675,2024-09-06,Crossbreed,2,Kurunegala,6,2,Sick,Low,101.67,4.62,8.72,185.32,92.63
F415,C8676,2024-10-06,Holstein,4,Monaragala,9,1,At_Risk,Medium,229.7,4.33,8.26,184.55,198.7
F219,C8677,2024-03-27,Jersey,8,Badulla,8,0,Healthy,Low,258.77,4.21,8.76,188.85,257.8
F335,C8678,2024-06-17,Holstein,6,Nuwara Eliya,4,0,Healthy,High,560.16,4.54,8.59,184.21,497.74
F340,C8679,2024-04-25,Crossbreed,4,Matale,5,2,Sick,Medium,149.04,4.46,8.85,176.65,137.02
F433,C8680,2024-03-24,Local,6,Kurunegala,7,0,Healthy,High,58.84,4.4,8.82,192.89,54.1
F110,C8681,2024-06-02,Holstein,8,Polonnaruwa,3,0,Healthy,Low,540.83,4.31,8.75,183.07,500.03
F178,C8682,2024-03-29,Holstein,9,Kandy,7,1,At_Risk,Low,402.14,4.76,9.18,179.74,394.82
F374,C8683,2024-07-23,Crossbreed,3,Anuradhapura,10,0,Healthy,High,133.59,3.53,8.22,179.15,131.19
F489,C8684,2024-12-11,Crossbreed,9,Badulla,7,1,At_Risk,Medium,133.33,4.48,8.68,176.96,131.94
F446,C8685,2024-06-01,Crossbreed,4,Anuradhapura,10,1,At_Risk,Medium,131.33,4.24,8.78,187.19,128.81
F276,C8686,2024-10-30,Crossbreed,4,Badulla,5,3,Sick,Medium,95.23,4.05,8.26,184.66,95.93
F26,C8687,2024-03-29,Jersey,7,Polonnaruwa,8,3,Sick,High,116.24,3.95,8.46,172.04,110.76
F402,C8688,2024-01-27,Holstein,7,Anuradhapura,8,2,Sick,High,218.58,4.23,9.05,183.09,211.15
F498,C8689,2024-07-14,Holstein,6,Kandy,9,1,At_Risk,Medium,259.65,4.51,8.99,188.61,270.11
F85,C8690,2024-08-29,Jersey,7,Monaragala,9,2,Sick,Medium,155.15,4.7,8.94,194.56,162.22
F166,C8691,2024-07-23,Holstein,10,Badulla,4,3,Sick,Medium,157.75,4.69,9.03,195.35,158.62
F54,C8692,2024-06-02,Local,7,Monaragala,3,0,Healthy,Medium,105.37,4.12,9.1,185.41,94.85
F386,C8693,2024-09-05,Jersey,8,Anuradhapura,8,0,Healthy,High,268.33,4.52,8.82,188.04,239.18
F19,C8694,2024-02-06,Crossbreed,10,Anuradhapura,4,2,Sick,High,157.13,4.64,8.65,191.72,160.83
F67,C8695,2024-06-21,Local,7,Polonnaruwa,2,0,Healthy,High,92.75,4.47,8.25,177.7,97.39
F462,C8696,2024-06-15,Local,6,Nuwara Eliya,9,3,Sick,Medium,29.61,4.4,9.1,180.04,29.4
F119,C8697,2024-12-21,Holstein,10,Polonnaruwa,2,2,Sick,High,250.78,4.6,8.26,195.72,244.54
F172,C8698,2024-12-18,Local,7,Polonnaruwa,1,0,Healthy,Medium,73.38,4.05,9.05,187.49,76.93
F289,C8699,2024-11-18,Holstein,9,Kandy,1,1,At_Risk,Low,305.9,4.21,8.41,178.13,320.24
F418,C8700,2024-05-19,Holstein,5,Nuwara Eliya,7,0,Healthy,Medium,396.92,4.45,9.19,186.77,409.93
F440,C8701,2024-11-11,Local,5,Monaragala,8,0,Healthy,High,54.19,4.39,8.81,175.09,48.79
F498,C8702,2024-09-17,Local,6,Badulla,1,0,Healthy,Low,107.15,4.6,8.3,183.35,110.98
F192,C8703,2024-10-28,Local,3,Matale,7,0,Healthy,Low,58.35,4.62,8.56,194.49,58.6
F145,C8704,2024-06-10,Crossbreed,2,Monaragala,4,2,Sick,Medium,168.57,3.53,8.6,184.87,168.79
F151,C8705,2024-01-23,Jersey,3,Matale,10,1,At_Risk,High,198.21,4.77,9.14,183.79,184.62
F445,C8706,2024-08-18,Holstein,6,Kandy,10,0,Healthy,Low,386.59,4.14,9.15,172.83,373.09
F182,C8707,2024-09-11,Local,4,Polonnaruwa,10,2,Sick,High,44.66,3.8,8.53,174.12,46.61
F148,C8708,2024-11-23,Crossbreed,6,Anuradhapura,5,3,Sick,Medium,76.72,4.36,8.53,193.43,69.12
F170,C8709,2024-09-22,Crossbreed,7,Kurunegala,9,3,Sick,High,65.48,4.41,8.82,177.07,65.87
F469,C8710,2024-10-25,Crossbreed,5,Kandy,10,1,At_Risk,Low,97.93,4.62,9.03,176.67,91.79
F48,C8711,2024-08-26,Holstein,6,Matale,2,2,Sick,High,344.93,3.87,9.17,179.33,308.98
F395,C8712,2024-06-16,Holstein,3,Matale,2,2,Sick,Medium,256.1,3.59,9.04,166.57,250.32
F55,C8713,2024-11-09,Local,4,Kurunegala,8,1,At_Risk,High,72.42,3.5,8.29,179.42,64.43
F269,C8714,2024-08-26,Holstein,5,Monaragala,3,1,At_Risk,Low,466.97,3.74,8.85,176.09,433.95
F384,C8715,2024-01-04,Jersey,4,Nuwara Eliya,10,1,At_Risk,Medium,220.85,4.45,9.05,179.02,187.82
F396,C8716,2024-01-03,Crossbreed,10,Anuradhapura,2,2,Sick,Medium,102.13,4.12,8.79,190.36,87.13
F408,C8717,2024-01-28,Crossbreed,8,Anuradhapura,6,0,Healthy,High,205.63,4.12,8.95,190.57,186.26
F495,C8718,2024-09-03,Holstein,2,Polonnaruwa,5,2,Sick,Medium,237.33,3.51,8.91,184.18,235.06
F281,C8719,2024-01-31,Holstein,8,Matale,3,0,Healthy,High,586.2,4.15,9.0,179.34,535.51
F250,C8720,2024-11-02,Holstein,9,Anuradhapura,8,0,Healthy,High,400.76,3.65,8.63,170.45,381.47
F438,C8721,2024-01-28,Local,7,Badulla,2,0,Healthy,Low,72.44,3.94,8.47,185.08,65.74
F468,C8722,2024-09-11,Holstein,7,Anuradhapura,10,3,Sick,Medium,167.19,3.88,8.72,178.45,159.87
F486,C8723,2024-03-13,Local,6,Kurunegala,9,2,Sick,Low,36.13,3.53,9.16,168.21,37.39
F224,C8724,2024-01-06,Holstein,5,Anuradhapura,8,1,At_Risk,Medium,275.5,4.39,8.77,177.23,279.93
F9,C8725,2024-03-29,Crossbreed,2,Matale,7,0,Healthy,Medium,222.68,4.57,8.52,186.33,197.18
F102,C8726,2024-04-25,Local,3,Badulla,9,2,Sick,Low,47.34,4.44,8.27,192.58,43.72
F199,C8727,2024-11-08,Crossbreed,8,Matale,7,0,Healthy,High,199.74,4.51,8.46,187.44,194.93
F340,C8728,2024-10-14,Local,3,Polonnaruwa,10,2,Sick,High,25.77,4.43,8.8,184.78,26.18
F468,C8729,2024-12-14,Crossbreed,5,Kurunegala,10,0,Healthy,High,165.37,3.84,8.46,176.83,155.24
F115,C8730,2024-01-13,Holstein,9,Kurunegala,1,3,Sick,Low,149.56,4.44,8.41,191.22,129.02
F347,C8731,2024-07-15,Jersey,5,Matale,10,1,At_Risk,High,213.29,4.31,8.87,184.54,205.23
F226,C8732,2024-05-12,Crossbreed,2,Monaragala,9,3,Sick,High,67.4,4.49,9.02,187.76,67.94
F474,C8733,2024-11-09,Holstein,9,Kurunegala,5,0,Healthy,Medium,591.75,3.82,8.35,186.58,535.61
F62,C8734,2024-07-26,Holstein,10,Anuradhapura,10,0,Healthy,Medium,382.88,3.62,9.14,175.41,339.71
F48,C8735,2024-09-20,Jersey,10,Nuwara Eliya,5,0,Healthy,High,283.5,3.77,8.33,185.85,255.61
F307,C8736,2024-01-20,Local,7,Badulla,1,1,At_Risk,High,57.51,3.95,8.49,171.25,56.42
F114,C8737,2024-03-31,Crossbreed,5,Kurunegala,3,3,Sick,High,104.11,4.65,9.12,192.93,97.47
F68,C8738,2024-03-09,Crossbreed,8,Anuradhapura,3,1,At_Risk,Medium,142.66,3.8,8.48,176.32,127.13
F321,C8739,2024-11-04,Jersey,4,Kurunegala,7,3,Sick,Medium,106.11,3.52,8.33,183.03,106.83
F279,C8740,2024-12-24,Crossbreed,9,Monaragala,9,1,At_Risk,High,151.83,4.24,8.45,186.29,158.43
F470,C8741,2024-11-08,Holstein,9,Kandy,9,0,Healthy,Medium,268.36,4.08,8.34,184.05,253.0
F498,C8742,2024-11-29,Local,5,Anuradhapura,10,0,Healthy,High,41.14,3.63,9.02,178.51,36.73
F61,C8743,2024-04-18,Local,3,Anuradhapura,8,3,Sick,Low,23.23,4.2,8.83,189.89,23.32
F320,C8744,2024-05-31,Crossbreed,9,Nuwara Eliya,2,1,At_Risk,Medium,178.16,3.82,8.33,183.23,177.75
F445,C8745,2024-02-07,Local,5,Kurunegala,1,0,Healthy,High,67.34,4.26,8.23,185.96,66.77
F78,C8746,2024-09-22,Jersey,4,Matale,8,0,Healthy,Low,316.66,4.14,9.0,186.55,306.21
F495,C8747,2024-10-31,Crossbreed,10,Nuwara Eliya,7,2,Sick,High,116.47,3.99,9.01,188.11,111.86
F266,C8748,2024-09-22,Crossbreed,2,Monaragala,10,0,Healthy,High,142.44,3.67,8.9,183.9,126.63
F450,C8749,2024-04-12,Holstein,5,Kandy,1,3,Sick,Medium,174.88,4.3,9.1,174.01,175.4
F44,C8750,2024-07-06,Crossbreed,2,Polonnaruwa,2,0,Healthy,Medium,198.77,3.84,9.03,176.5,176.03
F87,C8751,2024-08-29,Crossbreed,3,Kandy,4,1,At_Risk,Low,151.0,4.55,9.12,183.57,156.95
F89,C8752,2024-12-08,Local,10,Monaragala,6,0,Healthy,High,100.38,4.44,8.34,185.44,94.23
F363,C8753,2024-06-29,Local,2,Badulla,5,0,Healthy,High,108.09,4.56,9.16,179.04,110.05
F480,C8754,2024-07-29,Local,9,Badulla,1,0,Healthy,High,78.66,3.5,8.82,178.43,71.99
F270,C8755,2024-06-08,Local,4,Matale,7,0,Healthy,High,89.41,3.8,8.34,176.8,81.02
F280,C8756,2024-01-20,Crossbreed,7,Polonnaruwa,7,3,Sick,Medium,92.61,4.51,8.4,182.59,81.81
F41,C8757,2024-01-10,Crossbreed,4,Nuwara Eliya,7,0,Healthy,High,227.57,3.64,8.92,173.4,199.49
F389,C8758,2024-03-20,Jersey,2,Polonnaruwa,7,3,Sick,High,110.32,3.89,8.35,176.35,94.01
F404,C8759,2024-09-25,Holstein,9,Anuradhapura,2,0,Healthy,Low,413.96,4.2,8.43,174.58,380.04
F46,C8760,2024-09-14,Crossbreed,6,Nuwara Eliya,2,0,Healthy,Low,190.1,3.67,9.14,182.21,171.41
F406,C8761,2024-11-10,Jersey,4,Polonnaruwa,3,0,Healthy,High,255.55,4.5,9.1,175.34,262.84
F282,C8762,2024-09-05,Local,3,Anuradhapura,2,2,Sick,Low,58.94,4.72,8.51,180.23,61.71
F315,C8763,2024-01-04,Local,10,Kandy,4,0,Healthy,Low,111.44,4.39,8.62,183.77,116.17
F175,C8764,2024-12-25,Jersey,10,Nuwara Eliya,8,0,Healthy,Low,272.31,3.78,8.4,179.81,272.42
F300,C8765,2024-11-19,Local,8,Matale,6,0,Healthy,Medium,88.22,3.79,8.3,169.71,90.88
F490,C8766,2024-03-04,Holstein,5,Anuradhapura,2,0,Healthy,High,349.62,4.29,8.55,179.83,325.0
F430,C8767,2024-12-30,Jersey,7,Kurunegala,3,0,Healthy,Medium,314.41,4.22,8.5,173.67,298.38
F185,C8768,2024-07-31,Crossbreed,6,Badulla,6,3,Sick,Medium,103.97,3.98,9.0,179.7,103.91
F81,C8769,2024-11-10,Crossbreed,4,Anuradhapura,9,0,Healthy,Low,148.18,4.55,8.99,193.2,146.57
F186,C8770,2024-03-31,Crossbreed,6,Kurunegala,3,0,Healthy,Low,255.65,4.5,9.09,176.41,254.14
F38,C8771,2024-09-26,Jersey,3,Kandy,8,0,Healthy,High,275.81,4.07,8.49,190.48,277.83
F411,C8772,2024-10-06,Jersey,4,Badulla,5,2,Sick,Low,169.79,4.25,8.67,176.47,149.12
F113,C8773,2024-03-20,Local,3,Kandy,6,0,Healthy,Low,61.84,4.21,8.41,183.89,61.29
F414,C8774,2024-12-07,Jersey,7,Polonnaruwa,1,2,Sick,High,232.75,3.52,9.01,174.84,200.9
F414,C8775,2024-11-30,Jersey,6,Monaragala,10,0,Healthy,Medium,202.84,3.83,8.91,175.42,174.29
F422,C8776,2024-09-14,Holstein,10,Anuradhapura,4,1,At_Risk,Low,435.96,3.55,8.86,177.76,417.5
F473,C8777,2024-09-01,Holstein,4,Kurunegala,5,0,Healthy,High,464.08,4.0,8.89,175.41,485.41
F59,C8778,2024-11-14,Holstein,3,Badulla,1,2,Sick,Low,212.75,4.2,8.85,191.46,208.01
F94,C8779,2024-08-18,Holstein,5,Badulla,3,0,Healthy,Low,402.84,4.21,9.06,189.92,361.88
F494,C8780,2024-10-26,Holstein,5,Monaragala,8,0,Healthy,Low,448.81,4.21,8.46,189.51,387.21
F63,C8781,2024-08-19,Holstein,9,Kurunegala,8,3,Sick,High,172.33,3.78,8.77,177.56,177.11
F213,C8782,2024-06-28,Local,9,Monaragala,1,2,Sick,Low,58.6,3.64,8.81,179.19,51.6
F74,C8783,2024-06-03,Holstein,6,Polonnaruwa,5,2,Sick,High,228.01,4.31,8.99,180.78,233.44
F153,C8784,2024-12-23,Jersey,5,Kandy,10,1,At_Risk,Low,207.22,4.45,8.77,188.79,176.59
F76,C8785,2024-03-14,Local,3,Monaragala,10,0,Healthy,Medium,39.49,4.4,8.66,176.53,36.46
F126,C8786,2024-08-20,Holstein,2,Nuwara Eliya,6,0,Healthy,High,365.43,4.26,8.4,184.18,357.47
F358,C8787,2024-01-08,Holstein,4,Kandy,2,2,Sick,High,240.97,4.32,8.64,184.18,229.5
F446,C8788,2024-01-30,Jersey,9,Matale,4,0,Healthy,Low,368.07,3.95,8.9,184.69,341.78
F499,C8789,2024-06-04,Holstein,4,Polonnaruwa,2,3,Sick,High,206.74,3.75,9.04,183.95,179.98
F239,C8790,2024-02-27,Crossbreed,4,Nuwara Eliya,3,0,Healthy,Medium,259.3,4.37,8.57,183.45,240.05
F152,C8791,2024-06-06,Holstein,5,Badulla,8,1,At_Risk,Medium,281.13,3.54,8.54,176.49,246.4
F345,C8792,2024-01-22,Jersey,6,Badulla,3,0,Healthy,Medium,260.46,4.28,8.3,187.2,267.05
F428,C8793,2024-07-19,Crossbreed,2,Polonnaruwa,9,1,At_Risk,Low,98.24,4.42,8.74,184.89,86.15
F23,C8794,2024-01-28,Jersey,9,Nuwara Eliya,10,1,At_Risk,Low,177.47,4.65,8.68,183.43,159.48
F29,C8795,2024-04-25,Jersey,9,Nuwara Eliya,4,0,Healthy,Low,319.11,3.59,8.36,177.88,282.98
F141,C8796,2024-07-11,Holstein,9,Polonnaruwa,4,0,Healthy,High,433.83,4.51,8.31,184.58,436.01
F344,C8797,2024-03-10,Jersey,8,Matale,4,2,Sick,Low,230.52,4.5,9.17,191.9,235.99
F162,C8798,2024-02-19,Crossbreed,8,Nuwara Eliya,4,0,Healthy,High,256.07,4.48,9.09,189.0,225.97
F16,C8799,2024-11-19,Holstein,5,Anuradhapura,5,2,Sick,Medium,260.26,4.72,8.28,196.13,250.69
F9,C8800,2024-09-23,Local,2,Polonnaruwa,3,0,Healthy,Medium,93.47,4.29,8.42,178.73,81.07
F135,C8801,2024-05-23,Jersey,6,Anuradhapura,7,0,Healthy,High,257.07,4.16,8.47,178.8,263.37
F233,C8802,2024-05-18,Crossbreed,10,Nuwara Eliya,8,0,Healthy,Medium,163.95,4.36,8.54,191.68,140.99
F206,C8803,2024-11-28,Holstein,7,Kandy,3,2,Sick,High,383.56,4.06,8.24,190.42,400.14
F160,C8804,2024-07-20,Holstein,2,Anuradhapura,6,0,Healthy,Medium,477.45,3.98,8.94,176.51,482.15
F201,C8805,2024-08-23,Crossbreed,5,Polonnaruwa,7,1,At_Risk,Low,182.74,3.98,8.68,182.64,161.74
F133,C8806,2024-09-03,Jersey,7,Polonnaruwa,3,0,Healthy,Low,378.21,4.48,9.16,175.06,381.62
F475,C8807,2024-12-11,Crossbreed,8,Kurunegala,1,0,Healthy,Low,170.28,4.36,8.4,174.63,155.96
F499,C8808,2024-06-25,Local,6,Matale,8,0,Healthy,Low,99.4,4.09,9.0,172.08,96.15
F55,C8809,2024-03-28,Jersey,5,Kurunegala,10,0,Healthy,Medium,200.01,3.97,8.56,170.45,201.08
F261,C8810,2024-08-25,Local,6,Badulla,1,1,At_Risk,Medium,78.13,3.99,8.73,175.48,77.04
F13,C8811,2024-05-01,Crossbreed,8,Badulla,7,3,Sick,High,79.5,3.79,8.23,169.07,68.07
F402,C8812,2024-08-01,Crossbreed,6,Kandy,8,0,Healthy,Low,166.04,3.64,8.2,185.44,165.62
F45,C8813,2024-10-16,Jersey,7,Monaragala,1,0,Healthy,Low,260.45,4.15,8.5,172.57,234.4
F255,C8814,2024-05-01,Jersey,4,Badulla,1,0,Healthy,Medium,269.75,3.97,8.9,178.08,235.0
F79,C8815,2024-05-06,Local,5,Matale,7,1,At_Risk,Medium,80.32,3.92,9.07,181.83,68.56
F465,C8816,2024-05-24,Jersey,9,Badulla,2,0,Healthy,High,238.52,4.66,8.76,181.8,242.72
F14,C8817,2024-04-23,Jersey,7,Nuwara Eliya,6,0,Healthy,Medium,323.58,4.2,8.4,186.3,312.99
F75,C8818,2024-03-04,Crossbreed,8,Nuwara Eliya,2,1,At_Risk,Medium,196.61,4.22,9.04,184.43,203.71
F269,C8819,2024-04-20,Holstein,3,Polonnaruwa,6,0,Healthy,Medium,447.35,3.55,9.17,183.39,405.41
F181,C8820,2024-02-25,Crossbreed,7,Polonnaruwa,7,1,At_Risk,Low,168.94,3.62,8.91,175.72,143.79
F400,C8821,2024-04-05,Crossbreed,7,Anuradhapura,8,1,At_Risk,Low,165.16,4.01,8.9,186.76,158.39
F373,C8822,2024-02-02,Crossbreed,2,Anuradhapura,9,0,Healthy,High,112.83,4.5,9.11,191.28,102.65
F488,C8823,2024-04-07,Local,4,Monaragala,9,0,Healthy,Low,44.85,4.2,8.72,186.2,43.94
F474,C8824,2024-01-02,Holstein,10,Anuradhapura,2,3,Sick,Medium,199.59,4.34,8.56,182.44,208.56
F171,C8825,2024-01-12,Holstein,2,Matale,6,0,Healthy,Medium,300.71,3.95,8.46,178.5,271.94
F246,C8826,2024-02-24,Local,2,Matale,3,3,Sick,Medium,27.13,4.59,8.28,191.38,26.06
F452,C8827,2024-01-13,Local,3,Polonnaruwa,7,2,Sick,Low,60.88,4.31,8.5,178.63,53.04
F233,C8828,2024-07-02,Crossbreed,10,Polonnaruwa,8,1,At_Risk,Low,123.04,4.38,8.48,188.15,120.2
F448,C8829,2024-01-14,Jersey,7,Nuwara Eliya,9,0,Healthy,Low,212.42,4.64,8.88,189.92,195.43
F222,C8830,2024-02-24,Jersey,2,Anuradhapura,1,1,At_Risk,Low,284.42,4.66,9.0,183.52,252.49
F480,C8831,2024-12-16,Jersey,6,Monaragala,10,0,Healthy,High,178.35,4.39,8.83,190.04,153.06
F490,C8832,2024-05-16,Jersey,2,Kandy,7,0,Healthy,High,240.83,3.83,8.35,173.97,234.6
F448,C8833,2024-06-18,Jersey,6,Badulla,9,0,Healthy,Low,219.68,4.29,8.41,174.66,194.29
F137,C8834,2024-09-19,Local,6,Anuradhapura,4,1,At_Risk,Medium,81.74,4.38,8.43,188.42,76.63
F315,C8835,2024-12-03,Holstein,3,Badulla,1,0,Healthy,High,433.28,3.53,9.0,173.78,402.07
F277,C8836,2024-01-27,Holstein,7,Matale,1,0,Healthy,Medium,535.43,3.53,9.1,180.73,547.02
F429,C8837,2024-03-19,Local,5,Polonnaruwa,8,0,Healthy,High,72.82,4.29,8.82,182.01,62.72
F190,C8838,2024-02-17,Holstein,8,Anuradhapura,3,3,Sick,Low,178.08,4.29,8.5,176.79,178.78
F20,C8839,2024-11-09,Crossbreed,5,Kurunegala,8,2,Sick,High,130.05,4.42,8.4,188.61,112.51
F124,C8840,2024-02-02,Jersey,9,Nuwara Eliya,8,0,Healthy,Low,246.69,4.07,8.9,187.52,238.55
F489,C8841,2024-04-16,Local,5,Badulla,2,2,Sick,Low,41.33,4.56,9.13,178.96,43.32
F23,C8842,2024-03-10,Crossbreed,6,Monaragala,7,0,Healthy,Low,174.97,3.72,8.32,181.28,168.45
F497,C8843,2024-08-28,Jersey,10,Monaragala,2,0,Healthy,Low,358.61,4.32,9.02,180.77,329.93
F358,C8844,2024-01-30,Local,4,Anuradhapura,8,0,Healthy,High,90.36,4.68,8.94,182.66,84.15
F169,C8845,2024-11-21,Crossbreed,8,Polonnaruwa,7,0,Healthy,Medium,237.68,4.48,8.39,184.61,220.55
F238,C8846,2024-04-13,Holstein,2,Matale,2,1,At_Risk,High,355.79,4.76,8.34,180.82,331.26
F436,C8847,2024-03-13,Local,10,Badulla,5,0,Healthy,Low,101.75,3.54,8.51,165.57,98.79
F135,C8848,2024-01-26,Holstein,2,Monaragala,8,0,Healthy,Low,314.08,3.57,8.29,167.62,270.43
F222,C8849,2024-07-17,Local,4,Nuwara Eliya,9,3,Sick,Low,32.57,3.85,8.4,169.46,31.39
F318,C8850,2024-04-26,Local,8,Anuradhapura,7,0,Healthy,Low,96.96,4.05,8.49,178.64,93.3
F186,C8851,2024-07-02,Local,5,Kandy,7,0,Healthy,High,66.59,3.73,8.2,173.74,64.05
F335,C8852,2024-11-16,Local,7,Anuradhapura,2,0,Healthy,High,106.57,3.99,8.88,175.79,101.43
F91,C8853,2024-09-28,Local,2,Matale,8,1,At_Risk,Low,78.17,3.7,8.24,169.57,81.4
F295,C8854,2024-12-04,Local,5,Kandy,4,0,Healthy,Medium,73.59,3.93,8.64,183.71,75.39
F262,C8855,2024-11-11,Jersey,4,Kandy,7,0,Healthy,Medium,279.86,4.63,8.22,179.03,241.4
F188,C8856,2024-10-25,Local,6,Monaragala,6,0,Healthy,Low,80.41,4.52,8.61,190.58,72.59
F177,C8857,2024-03-10,Crossbreed,8,Kurunegala,5,1,At_Risk,Low,167.26,4.75,9.06,179.99,157.02
F158,C8858,2024-09-14,Crossbreed,7,Badulla,8,0,Healthy,Medium,148.33,4.37,8.93,186.32,139.26
F451,C8859,2024-11-09,Holstein,6,Monaragala,5,2,Sick,Medium,266.68,3.51,8.47,172.06,238.3
F377,C8860,2024-02-13,Crossbreed,10,Anuradhapura,2,1,At_Risk,Medium,131.41,4.02,8.71,177.08,118.35
F384,C8861,2024-01-21,Jersey,7,Nuwara Eliya,3,0,Healthy,Medium,374.94,4.0,8.62,172.18,376.91
F316,C8862,2024-01-05,Crossbreed,8,Kurunegala,2,1,At_Risk,Low,156.03,4.16,8.31,189.48,137.17
F228,C8863,2024-05-13,Jersey,2,Badulla,9,2,Sick,Medium,132.93,4.49,8.78,180.05,115.17
F457,C8864,2024-01-03,Jersey,10,Nuwara Eliya,1,0,Healthy,Medium,304.41,3.59,8.68,173.88,279.68
F344,C8865,2024-12-05,Holstein,7,Anuradhapura,5,0,Healthy,Low,400.28,4.59,8.47,191.95,414.16
F223,C8866,2024-02-19,Crossbreed,2,Badulla,4,0,Healthy,Medium,256.15,4.76,9.08,192.0,251.79
F260,C8867,2024-01-05,Holstein,7,Matale,9,0,Healthy,Low,284.51,4.02,8.29,182.32,298.24
F416,C8868,2024-06-25,Holstein,8,Polonnaruwa,9,1,At_Risk,High,234.15,4.55,8.88,180.48,236.78
F88,C8869,2024-07-09,Local,2,Anuradhapura,5,2,Sick,Medium,44.79,4.61,8.6,188.9,40.06
F322,C8870,2024-01-17,Local,6,Badulla,7,0,Healthy,Low,99.85,4.53,9.06,184.63,100.95
F295,C8871,2024-06-07,Crossbreed,10,Matale,9,3,Sick,Low,77.76,3.58,8.83,174.6,71.01
F346,C8872,2024-07-17,Jersey,9,Badulla,5,0,Healthy,High,253.17,4.45,8.48,179.7,223.55
F196,C8873,2024-07-02,Jersey,6,Matale,6,3,Sick,Medium,128.39,3.95,8.92,179.11,117.67
F318,C8874,2024-11-07,Holstein,2,Kurunegala,9,0,Healthy,Medium,326.36,3.65,8.96,175.54,286.42
F33,C8875,2024-08-31,Local,6,Kurunegala,8,0,Healthy,High,54.12,4.74,8.93,183.91,51.26
F180,C8876,2024-11-06,Crossbreed,2,Kandy,8,0,Healthy,High,215.75,3.75,9.11,176.49,209.75
F115,C8877,2024-04-19,Jersey,3,Badulla,3,1,At_Risk,High,327.19,4.16,8.24,172.22,333.56
F117,C8878,2024-02-21,Holstein,4,Kandy,6,3,Sick,Medium,144.57,4.42,8.44,192.22,148.27
F285,C8879,2024-08-09,Local,9,Anuradhapura,3,2,Sick,Low,53.04,3.83,8.94,187.59,55.44
F289,C8880,2024-05-05,Local,5,Matale,1,2,Sick,Medium,43.22,4.41,9.05,189.63,42.57
F42,C8881,2024-02-02,Crossbreed,6,Polonnaruwa,5,2,Sick,Low,103.67,4.0,8.48,185.88,99.85
F48,C8882,2024-11-02,Local,7,Matale,10,1,At_Risk,Low,48.14,3.65,8.54,184.4,49.72
F147,C8883,2024-01-06,Jersey,3,Nuwara Eliya,1,0,Healthy,Low,239.47,3.82,8.51,180.34,236.23
F184,C8884,2024-07-27,Crossbreed,9,Matale,10,0,Healthy,Low,176.76,4.37,8.73,175.78,162.58
F474,C8885,2024-03-24,Local,10,Badulla,1,0,Healthy,Medium,81.05,4.48,8.74,190.68,83.79
F440,C8886,2024-05-21,Crossbreed,3,Anuradhapura,10,0,Healthy,Low,103.08,4.05,8.38,172.43,90.45
F420,C8887,2024-08-05,Local,10,Polonnaruwa,7,2,Sick,Low,43.66,4.8,8.49,179.98,38.17
F466,C8888,2024-12-29,Holstein,6,Badulla,2,3,Sick,Medium,199.51,4.69,9.07,178.42,199.06
F464,C8889,2024-01-28,Holstein,2,Kurunegala,10,0,Healthy,Medium,278.82,4.56,8.22,178.6,239.07
F322,C8890,2024-07-06,Jersey,9,Matale,10,1,At_Risk,High,149.89,4.03,8.32,170.35,141.82
F254,C8891,2024-10-02,Jersey,4,Kurunegala,2,2,Sick,Medium,223.21,4.66,8.62,179.2,223.59
F448,C8892,2024-01-14,Crossbreed,10,Matale,10,0,Healthy,Low,138.11,4.34,8.79,186.98,142.39
F109,C8893,2024-07-21,Crossbreed,9,Kurunegala,6,2,Sick,Medium,153.34,4.36,8.74,182.8,143.77
F210,C8894,2024-06-08,Crossbreed,6,Badulla,4,0,Healthy,Low,266.02,4.0,8.48,173.02,273.05
F64,C8895,2024-03-25,Holstein,7,Monaragala,2,0,Healthy,Low,352.83,3.58,9.03,180.01,330.18
F410,C8896,2024-08-22,Jersey,5,Matale,8,0,Healthy,High,272.07,4.06,8.8,177.54,267.86
F302,C8897,2024-01-26,Crossbreed,8,Kandy,9,0,Healthy,Low,111.33,4.31,8.81,185.48,110.58
F239,C8898,2024-04-04,Holstein,7,Nuwara Eliya,2,0,Healthy,Medium,361.53,4.51,8.9,181.94,320.29
F56,C8899,2024-04-26,Jersey,8,Matale,8,0,Healthy,High,243.77,4.63,8.72,185.83,239.02
F494,C8900,2024-11-27,Local,3,Nuwara Eliya,9,0,Healthy,High,66.67,4.79,8.49,178.67,67.04
F188,C8901,2024-06-02,Jersey,6,Nuwara Eliya,10,3,Sick,High,90.5,4.78,8.23,189.18,84.67
F392,C8902,2024-09-09,Crossbreed,10,Polonnaruwa,4,2,Sick,Low,122.54,3.75,8.4,183.95,116.36
F151,C8903,2024-05-23,Holstein,3,Polonnaruwa,8,0,Healthy,High,503.91,3.72,8.8,179.86,498.03
F250,C8904,2024-08-14,Crossbreed,2,Monaragala,2,0,Healthy,Low,178.2,4.7,8.86,186.46,157.2
F356,C8905,2024-12-11,Holstein,4,Anuradhapura,9,1,At_Risk,Medium,298.58,4.4,8.86,188.31,258.1
F17,C8906,2024-12-17,Crossbreed,6,Kandy,1,3,Sick,Low,92.87,3.51,9.01,166.84,90.47
F333,C8907,2024-09-07,Jersey,10,Monaragala,10,0,Healthy,Medium,168.78,3.57,8.46,181.74,165.05
F108,C8908,2024-05-11,Local,4,Polonnaruwa,4,3,Sick,Medium,40.61,3.53,8.74,168.99,39.4
F276,C8909,2024-05-07,Local,10,Polonnaruwa,9,0,Healthy,Medium,60.1,3.81,8.31,176.27,61.96
F467,C8910,2024-06-22,Crossbreed,5,Nuwara Eliya,3,0,Healthy,High,179.2,4.75,8.7,184.68,170.64
F433,C8911,2024-06-29,Jersey,5,Kandy,1,0,Healthy,Medium,264.41,3.76,8.51,172.16,252.07
F154,C8912,2024-02-12,Local,2,Anuradhapura,1,0,Healthy,Low,98.29,3.93,8.25,169.47,102.68
F230,C8913,2024-09-24,Local,7,Polonnaruwa,3,2,Sick,Medium,40.11,3.64,8.4,175.51,37.55
F121,C8914,2024-03-16,Local,9,Kandy,2,2,Sick,Low,52.17,3.59,8.66,175.5,48.18
F203,C8915,2024-02-15,Jersey,5,Badulla,2,0,Healthy,High,316.34,4.36,8.62,192.24,270.22
F164,C8916,2024-12-17,Crossbreed,4,Kurunegala,7,0,Healthy,High,175.82,4.2,8.54,177.17,178.7
F40,C8917,2024-05-31,Jersey,5,Monaragala,4,0,Healthy,Medium,283.86,4.18,9.0,185.57,296.78
F200,C8918,2024-11-19,Local,7,Kurunegala,8,2,Sick,High,33.57,3.78,8.92,173.37,32.5
F228,C8919,2024-05-10,Holstein,2,Anuradhapura,6,2,Sick,High,280.09,4.39,9.03,175.95,242.91
F239,C8920,2024-06-07,Holstein,9,Badulla,8,0,Healthy,Medium,476.52,3.87,8.85,182.41,460.28
F231,C8921,2024-01-12,Jersey,9,Matale,8,0,Healthy,High,230.47,4.7,8.41,180.06,196.1
F412,C8922,2024-10-27,Jersey,3,Matale,10,2,Sick,High,147.59,4.77,8.53,179.46,128.38
F406,C8923,2024-02-06,Jersey,3,Anuradhapura,7,0,Healthy,Low,253.98,4.68,8.81,195.4,263.47
F358,C8924,2024-09-29,Local,3,Polonnaruwa,10,0,Healthy,High,75.71,4.21,9.2,190.47,77.61
F37,C8925,2024-04-04,Crossbreed,3,Polonnaruwa,2,0,Healthy,High,223.63,3.93,8.63,184.71,198.25
F381,C8926,2024-05-14,Holstein,2,Kandy,10,0,Healthy,High,375.16,4.73,9.07,187.92,362.78
F92,C8927,2024-12-11,Jersey,3,Kurunegala,2,0,Healthy,Medium,233.31,3.92,8.32,188.81,202.07
F317,C8928,2024-01-20,Jersey,7,Anuradhapura,7,0,Healthy,High,290.78,4.6,8.82,183.63,277.14
F164,C8929,2024-12-23,Holstein,8,Matale,9,0,Healthy,Medium,285.33,3.89,8.3,172.87,280.54
F395,C8930,2024-11-13,Jersey,8,Nuwara Eliya,3,1,At_Risk,High,312.05,4.5,8.61,191.28,305.54
F190,C8931,2024-12-05,Jersey,9,Badulla,8,0,Healthy,Medium,285.28,4.3,8.43,173.16,244.46
F47,C8932,2024-02-24,Holstein,8,Nuwara Eliya,1,2,Sick,High,223.02,3.74,8.82,176.78,223.55
F358,C8933,2024-06-04,Local,8,Nuwara Eliya,7,1,At_Risk,Medium,53.25,4.39,8.24,177.89,49.83
F336,C8934,2024-02-10,Crossbreed,2,Kandy,2,0,Healthy,High,249.49,4.03,8.76,179.57,230.56
F203,C8935,2024-06-07,Local,7,Kandy,10,0,Healthy,High,73.45,3.74,8.26,171.83,74.04
F432,C8936,2024-04-28,Crossbreed,6,Matale,9,0,Healthy,Low,176.04,4.13,9.19,180.36,175.84
F213,C8937,2024-03-29,Crossbreed,6,Polonnaruwa,1,1,At_Risk,Medium,165.54,4.57,8.25,186.6,161.15
F373,C8938,2024-12-20,Jersey,7,Matale,1,0,Healthy,Low,291.35,4.62,8.56,193.82,286.0
F196,C8939,2024-08-27,Holstein,10,Kurunegala,8,0,Healthy,Low,473.52,4.6,8.28,194.59,423.25
F300,C8940,2024-04-11,Holstein,9,Nuwara Eliya,3,1,At_Risk,Low,405.45,4.56,8.4,187.22,396.29
F456,C8941,2024-08-16,Local,6,Kurunegala,5,1,At_Risk,Low,86.84,4.67,9.07,183.9,75.74
F491,C8942,2024-12-10,Crossbreed,2,Badulla,6,0,Healthy,Medium,141.97,4.08,8.93,180.02,137.44
F366,C8943,2024-04-22,Holstein,7,Monaragala,6,0,Healthy,Medium,353.84,4.35,9.15,193.34,368.53
F150,C8944,2024-01-31,Jersey,6,Matale,7,0,Healthy,Low,237.24,4.32,9.1,191.5,223.03
F215,C8945,2024-04-15,Jersey,8,Anuradhapura,5,0,Healthy,Medium,288.46,3.72,8.91,183.85,301.42
F183,C8946,2024-08-21,Jersey,7,Nuwara Eliya,7,0,Healthy,Medium,327.17,3.91,9.0,180.33,302.37
F107,C8947,2024-05-22,Jersey,2,Nuwara Eliya,9,0,Healthy,High,178.06,4.62,8.61,188.61,166.96
F252,C8948,2024-02-03,Jersey,3,Kandy,9,1,At_Risk,High,168.02,4.27,8.5,189.47,163.14
F386,C8949,2024-02-14,Holstein,10,Kandy,1,0,Healthy,Low,437.24,3.73,9.06,175.71,417.88
F221,C8950,2024-11-02,Crossbreed,6,Nuwara Eliya,2,0,Healthy,Medium,246.02,4.02,8.6,184.35,258.11
F136,C8951,2024-11-20,Local,2,Kurunegala,3,0,Healthy,Low,66.09,3.64,8.56,175.94,67.52
F188,C8952,2024-01-27,Jersey,7,Badulla,4,1,At_Risk,Low,235.98,4.07,8.21,172.87,232.47
F296,C8953,2024-03-13,Jersey,8,Matale,8,2,Sick,Low,145.1,4.04,8.45,183.62,143.42
F147,C8954,2024-09-30,Crossbreed,7,Anuradhapura,9,0,Healthy,Low,166.62,3.95,8.46,186.51,155.09
F53,C8955,2024-07-18,Holstein,2,Kurunegala,2,0,Healthy,Medium,439.02,3.68,9.09,177.88,376.81
F256,C8956,2024-11-13,Jersey,9,Monaragala,5,0,Healthy,Medium,349.13,4.54,9.19,190.78,359.36
F34,C8957,2024-08-02,Holstein,9,Matale,7,1,At_Risk,High,409.23,4.32,9.12,182.4,418.03
F126,C8958,2024-08-16,Jersey,8,Nuwara Eliya,9,2,Sick,Low,124.34,3.86,8.33,168.92,121.06
F116,C8959,2024-06-13,Local,5,Matale,2,0,Healthy,Medium,57.51,3.98,8.47,180.1,56.7
F415,C8960,2024-05-25,Jersey,10,Badulla,2,0,Healthy,Low,261.61,3.56,8.42,167.97,248.23
F389,C8961,2024-09-09,Jersey,2,Anuradhapura,8,1,At_Risk,High,244.28,3.63,8.55,182.23,225.97
F363,C8962,2024-02-06,Holstein,10,Kurunegala,9,0,Healthy,Medium,352.05,3.83,8.39,177.08,349.17
F499,C8963,2024-08-09,Jersey,8,Nuwara Eliya,1,1,At_Risk,High,228.87,3.64,8.82,182.26,219.73
F196,C8964,2024-06-13,Jersey,3,Kandy,7,0,Healthy,Medium,230.75,3.89,8.53,183.63,204.75
F335,C8965,2024-11-29,Local,3,Monaragala,5,0,Healthy,Medium,115.76,3.69,8.74,174.82,114.64
F480,C8966,2024-01-16,Holstein,6,Polonnaruwa,1,3,Sick,High,214.48,4.29,8.38,182.43,198.01
F269,C8967,2024-08-01,Jersey,9,Kandy,8,1,At_Risk,Medium,225.9,4.65,9.06,176.51,208.43
F179,C8968,2024-07-11,Holstein,4,Nuwara Eliya,4,2,Sick,Low,385.51,3.67,9.1,179.66,390.24
F325,C8969,2024-06-24,Jersey,10,Kurunegala,7,1,At_Risk,High,197.43,4.62,9.15,178.63,188.66
F39,C8970,2024-09-08,Jersey,4,Badulla,8,3,Sick,High,103.53,4.0,8.42,176.48,97.53
F379,C8971,2024-04-29,Crossbreed,9,Kurunegala,10,2,Sick,Medium,87.37,4.77,8.51,191.56,80.68
F486,C8972,2024-11-13,Jersey,7,Polonnaruwa,3,1,At_Risk,Low,296.48,3.83,8.54,185.54,262.9
F290,C8973,2024-03-23,Crossbreed,4,Monaragala,7,1,At_Risk,High,155.03,3.76,8.93,186.02,147.92
F161,C8974,2024-08-26,Crossbreed,7,Badulla,10,0,Healthy,Low,126.27,4.79,8.34,178.73,110.11
F214,C8975,2024-10-17,Local,8,Kandy,3,0,Healthy,Low,80.85,4.23,9.19,186.84,82.89
F422,C8976,2024-02-09,Crossbreed,5,Polonnaruwa,7,1,At_Risk,Low,146.94,4.45,8.85,187.85,126.52
F181,C8977,2024-06-12,Holstein,9,Kurunegala,5,0,Healthy,Medium,466.01,3.89,8.5,173.43,485.15
F298,C8978,2024-09-27,Crossbreed,2,Nuwara Eliya,2,0,Healthy,High,200.7,4.59,8.61,180.41,193.61
F404,C8979,2024-05-08,Jersey,9,Polonnaruwa,7,1,At_Risk,Medium,282.73,4.65,8.3,190.57,267.23
F481,C8980,2024-07-07,Holstein,10,Nuwara Eliya,3,0,Healthy,Medium,555.27,4.11,8.26,183.71,507.07
F134,C8981,2024-03-16,Jersey,2,Kurunegala,3,1,At_Risk,High,239.72,3.94,8.45,188.6,234.88
F488,C8982,2024-01-24,Holstein,5,Kandy,10,0,Healthy,Low,366.75,3.72,8.56,176.96,333.02
F139,C8983,2024-04-22,Crossbreed,3,Kurunegala,7,0,Healthy,High,223.6,3.85,8.81,183.76,218.0
F15,C8984,2024-10-06,Crossbreed,6,Kandy,7,2,Sick,Low,99.46,4.22,8.64,185.5,102.13
F46,C8985,2024-09-26,Jersey,10,Polonnaruwa,7,2,Sick,Medium,178.69,4.36,8.47,175.49,183.7
F469,C8986,2024-12-03,Crossbreed,7,Kurunegala,1,0,Healthy,High,159.61,4.02,8.32,186.65,148.8
F68,C8987,2024-09-15,Local,7,Kurunegala,9,3,Sick,Medium,31.91,3.69,9.15,183.76,28.95
F72,C8988,2024-06-23,Local,2,Nuwara Eliya,1,0,Healthy,Medium,78.73,3.93,9.0,176.04,75.74
F41,C8989,2024-01-05,Holstein,6,Polonnaruwa,2,1,At_Risk,High,351.19,4.08,8.29,172.1,327.21
F486,C8990,2024-09-23,Crossbreed,3,Kurunegala,9,1,At_Risk,Medium,131.95,3.8,8.61,179.47,116.45
F22,C8991,2024-02-08,Crossbreed,9,Monaragala,7,0,Healthy,Medium,150.55,4.13,8.87,182.78,136.57
F244,C8992,2024-08-24,Holstein,4,Kandy,3,0,Healthy,Medium,365.04,4.32,8.98,190.36,375.76
F388,C8993,2024-06-12,Local,4,Kurunegala,6,3,Sick,Low,36.54,3.79,8.31,187.78,31.31
F275,C8994,2024-11-21,Jersey,3,Kurunegala,4,2,Sick,High,209.06,3.88,8.98,178.88,214.82
F356,C8995,2024-11-04,Crossbreed,2,Kandy,4,0,Healthy,High,161.4,4.57,8.68,182.41,153.55
F362,C8996,2024-12-19,Local,6,Nuwara Eliya,1,0,Healthy,Low,100.36,4.48,8.22,178.13,98.52
F53,C8997,2024-08-08,Crossbreed,5,Kandy,6,0,Healthy,Low,197.67,3.65,8.38,172.85,206.31
F95,C8998,2024-12-01,Jersey,3,Matale,8,2,Sick,High,165.69,4.21,8.54,186.16,156.29
F407,C8999,2024-03-08,Holstein,5,Nuwara Eliya,1,0,Healthy,Low,470.1,3.98,8.6,176.23,447.06
F115,C9000,2024-11-06,Crossbreed,5,Polonnaruwa,10,0,Healthy,Medium,142.12,4.2,9.06,176.37,128.57
F413,C9001,2024-10-03,Local,9,Matale,9,1,At_Risk,Low,59.85,4.23,9.18,184.16,62.44
F22,C9002,2024-12-24,Local,8,Kandy,5,0,Healthy,High,97.93,3.95,8.29,177.7,94.42
F64,C9003,2024-11-09,Local,9,Nuwara Eliya,5,1,At_Risk,Medium,65.61,3.83,8.99,171.7,68.32
F259,C9004,2024-08-23,Local,4,Matale,5,0,Healthy,High,69.22,4.27,8.37,188.93,64.83
F85,C9005,2024-04-20,Local,7,Monaragala,2,1,At_Risk,Low,89.68,3.73,9.2,181.36,87.1
F44,C9006,2024-01-01,Holstein,9,Matale,3,0,Healthy,Low,387.86,4.8,9.12,196.04,364.63
F491,C9007,2024-10-04,Crossbreed,3,Kandy,10,0,Healthy,Low,114.82,4.4,8.9,179.65,107.97
F7,C9008,2024-10-30,Jersey,2,Polonnaruwa,8,0,Healthy,Medium,231.76,4.59,9.17,188.63,207.24
F5,C9009,2024-06-23,Jersey,4,Kurunegala,7,0,Healthy,Low,286.49,3.7,8.54,178.65,253.15
F67,C9010,2024-04-12,Local,8,Nuwara Eliya,7,1,At_Risk,Medium,65.43,3.63,8.91,172.52,59.32
F310,C9011,2024-05-09,Crossbreed,10,Monaragala,9,0,Healthy,Low,141.55,3.68,8.81,170.9,139.16
F203,C9012,2024-05-28,Holstein,3,Polonnaruwa,10,0,Healthy,High,335.76,4.61,8.7,187.25,324.56
F486,C9013,2024-11-20,Jersey,4,Badulla,10,1,At_Risk,High,158.04,4.13,8.52,173.19,164.46
F480,C9014,2024-01-29,Local,5,Polonnaruwa,1,0,Healthy,Medium,73.94,4.65,8.95,184.19,64.42
F88,C9015,2024-05-26,Jersey,3,Badulla,4,2,Sick,Low,173.82,4.42,8.84,183.88,159.52
F373,C9016,2024-06-14,Local,7,Nuwara Eliya,8,0,Healthy,Low,73.64,4.05,8.99,171.32,74.13
F26,C9017,2024-01-30,Crossbreed,2,Nuwara Eliya,5,0,Healthy,High,162.49,3.93,8.81,175.76,139.54
F175,C9018,2024-03-24,Jersey,10,Polonnaruwa,7,1,At_Risk,Medium,193.55,3.96,8.44,183.26,172.74
F142,C9019,2024-01-28,Holstein,3,Monaragala,4,0,Healthy,High,446.42,4.26,8.94,186.6,432.43
F212,C9020,2024-08-20,Jersey,5,Anuradhapura,4,1,At_Risk,Low,226.63,4.36,8.82,178.42,229.19
F257,C9021,2024-07-24,Holstein,10,Matale,9,0,Healthy,Low,354.6,3.78,8.69,175.37,345.0
F223,C9022,2024-06-07,Crossbreed,10,Badulla,1,0,Healthy,Low,193.45,3.98,8.43,175.45,201.11
F369,C9023,2024-01-13,Jersey,9,Badulla,9,0,Healthy,Low,221.76,4.21,8.97,187.71,201.25
F416,C9024,2024-03-10,Crossbreed,10,Polonnaruwa,2,1,At_Risk,Low,141.96,4.75,8.25,196.79,137.89
F285,C9025,2024-12-27,Local,5,Matale,9,2,Sick,High,27.65,4.65,8.99,193.5,26.18
F77,C9026,2024-10-07,Crossbreed,5,Nuwara Eliya,7,3,Sick,High,70.22,4.73,8.69,194.43,64.31
F497,C9027,2024-05-03,Crossbreed,6,Anuradhapura,9,0,Healthy,Low,122.52,4.73,8.59,196.74,124.62
F185,C9028,2024-09-30,Holstein,8,Kurunegala,3,0,Healthy,Low,514.1,4.76,8.32,193.04,539.13
F392,C9029,2024-06-25,Crossbreed,2,Anuradhapura,9,0,Healthy,Low,139.18,3.56,8.23,171.23,127.19
F119,C9030,2024-07-12,Crossbreed,3,Polonnaruwa,8,1,At_Risk,Low,193.51,3.73,9.06,176.01,166.69
F129,C9031,2024-05-08,Local,9,Monaragala,3,0,Healthy,High,116.41,3.81,8.79,179.27,103.21
F414,C9032,2024-09-22,Holstein,8,Nuwara Eliya,7,0,Healthy,Low,356.94,4.14,8.59,174.98,353.81
F407,C9033,2024-01-03,Local,10,Nuwara Eliya,4,0,Healthy,Medium,79.01,4.66,9.09,182.09,70.74
F459,C9034,2024-08-07,Jersey,7,Nuwara Eliya,3,0,Healthy,Low,363.72,4.22,8.32,184.52,315.64
F18,C9035,2024-07-15,Local,5,Nuwara Eliya,4,0,Healthy,Medium,116.78,4.38,8.5,187.37,106.67
F237,C9036,2024-05-30,Jersey,3,Anuradhapura,8,0,Healthy,Medium,249.72,3.72,8.88,174.43,223.12
F248,C9037,2024-09-26,Local,4,Polonnaruwa,7,3,Sick,Medium,44.46,4.02,8.88,185.39,42.44
F382,C9038,2024-02-26,Local,10,Monaragala,8,1,At_Risk,High,56.09,3.9,8.47,170.32,50.04
F44,C9039,2024-07-12,Crossbreed,3,Kurunegala,8,2,Sick,Medium,133.51,4.08,8.78,174.53,122.88
F232,C9040,2024-09-19,Holstein,2,Nuwara Eliya,8,1,At_Risk,High,390.85,4.66,8.76,183.95,396.46
F200,C9041,2024-03-19,Local,7,Kurunegala,4,0,Healthy,Low,94.62,4.37,8.96,180.65,80.88
F297,C9042,2024-03-14,Local,7,Polonnaruwa,1,2,Sick,High,53.03,3.99,8.53,182.8,51.43
F81,C9043,2024-10-02,Local,10,Polonnaruwa,2,0,Healthy,High,57.69,4.64,8.47,196.17,56.28
F274,C9044,2024-09-16,Crossbreed,9,Polonnaruwa,5,0,Healthy,High,218.35,4.05,9.17,182.45,191.51
F108,C9045,2024-07-27,Crossbreed,4,Badulla,3,0,Healthy,Medium,171.73,4.28,8.56,175.42,157.98
F361,C9046,2024-11-09,Holstein,3,Matale,3,1,At_Risk,Medium,474.77,3.7,9.04,183.13,441.81
F397,C9047,2024-07-18,Jersey,2,Anuradhapura,3,2,Sick,Low,258.89,4.33,8.23,176.38,268.78
F31,C9048,2024-11-17,Crossbreed,2,Nuwara Eliya,7,2,Sick,Low,146.28,4.6,8.29,178.7,139.81
F427,C9049,2024-12-06,Crossbreed,9,Kurunegala,9,0,Healthy,High,139.12,3.58,8.26,166.46,135.66
F492,C9050,2024-01-28,Jersey,6,Badulla,8,0,Healthy,Low,265.9,4.14,8.4,187.65,243.39
F44,C9051,2024-05-12,Holstein,8,Kandy,6,3,Sick,High,153.42,3.97,8.57,180.28,152.67
F487,C9052,2024-10-20,Jersey,4,Anuradhapura,8,0,Healthy,Medium,254.28,3.59,9.15,176.84,226.47
F352,C9053,2024-03-14,Crossbreed,8,Monaragala,7,0,Healthy,Low,220.41,4.12,9.13,182.41,213.49
F236,C9054,2024-03-23,Local,7,Anuradhapura,1,0,Healthy,Medium,107.27,3.72,8.92,167.32,106.67
F362,C9055,2024-06-24,Crossbreed,4,Anuradhapura,10,0,Healthy,Low,107.49,4.66,8.65,185.45,106.31
F2,C9056,2024-10-09,Jersey,8,Badulla,1,0,Healthy,High,289.97,4.06,8.82,171.09,264.72
F420,C9057,2024-03-11,Local,7,Badulla,2,1,At_Risk,Medium,57.25,4.36,8.33,186.59,56.68
F464,C9058,2024-09-28,Jersey,5,Monaragala,1,3,Sick,Low,157.89,4.21,8.97,172.16,157.34
F270,C9059,2024-02-12,Jersey,2,Polonnaruwa,6,3,Sick,Medium,112.41,3.69,8.22,174.64,108.55
F347,C9060,2024-10-11,Jersey,2,Anuradhapura,4,2,Sick,Medium,227.2,4.24,8.9,189.42,213.84
F284,C9061,2024-01-20,Jersey,2,Badulla,1,1,At_Risk,Medium,194.48,4.07,8.34,183.48,196.76
F373,C9062,2024-02-07,Crossbreed,9,Kandy,9,3,Sick,Low,62.79,3.57,8.33,176.36,63.27
F155,C9063,2024-06-22,Local,8,Nuwara Eliya,5,0,Healthy,High,94.72,3.87,8.94,188.52,90.6
F104,C9064,2024-09-21,Local,7,Monaragala,4,0,Healthy,Medium,98.63,4.38,8.36,189.93,103.06
F368,C9065,2024-10-17,Jersey,2,Kurunegala,8,0,Healthy,Medium,335.73,3.64,8.91,182.16,292.93
F14,C9066,2024-12-07,Jersey,3,Anuradhapura,1,0,Healthy,Medium,268.34,4.01,8.47,186.49,228.96
F313,C9067,2024-09-05,Crossbreed,6,Kandy,3,1,At_Risk,Low,177.71,3.61,8.87,171.37,158.94
F226,C9068,2024-12-03,Crossbreed,4,Kandy,7,0,Healthy,High,203.38,4.14,9.11,175.96,203.48
F336,C9069,2024-11-05,Jersey,3,Nuwara Eliya,5,1,At_Risk,Medium,226.55,4.41,8.64,185.17,203.44
F274,C9070,2024-10-04,Crossbreed,7,Matale,8,0,Healthy,High,186.42,3.73,8.82,171.12,176.76
F131,C9071,2024-03-16,Holstein,8,Nuwara Eliya,9,1,At_Risk,High,248.94,4.35,8.97,175.96,245.33
F110,C9072,2024-04-25,Holstein,6,Polonnaruwa,3,1,At_Risk,High,360.85,4.64,8.97,188.14,338.33
F362,C9073,2024-04-26,Crossbreed,4,Nuwara Eliya,1,1,At_Risk,High,155.95,3.84,9.08,184.9,141.15
F27,C9074,2024-09-30,Jersey,3,Polonnaruwa,6,0,Healthy,High,222.35,4.67,8.42,178.05,216.27
F222,C9075,2024-05-29,Local,4,Nuwara Eliya,7,2,Sick,High,65.86,4.73,8.61,194.09,67.42
F210,C9076,2024-07-18,Local,8,Kurunegala,10,2,Sick,Medium,40.22,4.2,8.93,177.46,38.23
F293,C9077,2024-10-06,Local,9,Monaragala,7,0,Healthy,Medium,68.03,4.15,9.07,175.03,58.52
F99,C9078,2024-12-13,Holstein,9,Kurunegala,3,1,At_Risk,Medium,408.57,4.45,8.43,191.45,358.77
F450,C9079,2024-09-08,Crossbreed,9,Nuwara Eliya,7,2,Sick,High,114.6,3.96,8.99,173.88,109.76
F198,C9080,2024-05-27,Jersey,8,Anuradhapura,6,0,Healthy,Medium,239.34,3.73,8.49,172.88,231.86
F22,C9081,2024-01-08,Jersey,10,Monaragala,8,1,At_Risk,Low,269.62,4.52,8.31,182.05,243.21
F499,C9082,2024-01-10,Holstein,6,Kandy,2,1,At_Risk,Low,323.64,3.72,8.21,187.09,328.96
F40,C9083,2024-03-11,Jersey,9,Nuwara Eliya,5,1,At_Risk,Low,247.3,4.79,8.42,184.52,238.27
F190,C9084,2024-12-21,Crossbreed,6,Polonnaruwa,5,1,At_Risk,Low,191.39,3.94,8.5,171.36,192.89
F328,C9085,2024-04-16,Jersey,8,Kandy,7,1,At_Risk,Medium,254.23,4.4,8.73,190.88,264.33
F193,C9086,2024-02-05,Jersey,8,Polonnaruwa,10,2,Sick,Medium,109.47,3.68,9.13,169.3,99.84
F204,C9087,2024-11-28,Holstein,8,Nuwara Eliya,8,0,Healthy,High,385.92,4.09,8.89,184.53,390.8
F132,C9088,2024-08-06,Local,4,Polonnaruwa,5,2,Sick,Medium,58.93,4.7,8.79,187.08,50.27
F147,C9089,2024-05-28,Jersey,5,Monaragala,8,0,Healthy,Medium,305.67,4.3,8.89,176.95,299.33
F298,C9090,2024-03-16,Holstein,8,Anuradhapura,4,0,Healthy,Low,568.06,3.89,8.78,186.06,488.78
F474,C9091,2024-01-08,Holstein,9,Badulla,6,3,Sick,High,138.96,3.91,8.94,175.41,140.54
F295,C9092,2024-11-21,Jersey,2,Nuwara Eliya,2,0,Healthy,High,347.93,3.77,9.09,176.15,356.75
F79,C9093,2024-06-09,Crossbreed,5,Matale,9,3,Sick,High,67.93,4.12,8.73,172.47,59.64
F281,C9094,2024-09-05,Local,9,Badulla,2,0,Healthy,Low,91.2,4.29,8.42,180.29,88.65
F136,C9095,2024-07-19,Local,9,Kurunegala,1,3,Sick,Medium,43.49,4.0,8.34,180.01,39.21
F98,C9096,2024-02-26,Jersey,4,Kurunegala,8,2,Sick,Low,197.33,3.63,8.36,178.13,189.49
F95,C9097,2024-09-03,Local,4,Kurunegala,5,1,At_Risk,Medium,80.06,3.99,8.41,180.27,72.46
F120,C9098,2024-01-29,Crossbreed,7,Badulla,8,0,Healthy,Medium,188.36,4.2,8.33,184.12,192.52
F362,C9099,2024-04-21,Holstein,3,Matale,3,3,Sick,High,202.9,3.66,8.21,178.18,206.9
F205,C9100,2024-11-22,Holstein,9,Kandy,5,0,Healthy,High,436.97,4.52,8.43,193.17,415.57
F26,C9101,2024-12-28,Holstein,9,Matale,8,0,Healthy,High,495.44,3.88,8.89,183.9,474.28
F99,C9102,2024-03-18,Crossbreed,10,Monaragala,8,0,Healthy,High,224.86,4.19,8.68,183.39,223.91
F295,C9103,2024-01-30,Local,4,Polonnaruwa,9,3,Sick,Low,34.06,3.52,8.72,179.86,33.3
F423,C9104,2024-07-20,Jersey,2,Kandy,7,0,Healthy,Low,239.35,4.48,8.91,192.06,207.53
F289,C9105,2024-01-16,Local,4,Anuradhapura,10,0,Healthy,Low,53.07,3.68,8.37,182.72,47.12
F123,C9106,2024-04-24,Local,7,Monaragala,8,0,Healthy,Medium,94.43,4.21,9.09,190.28,92.14
F324,C9107,2024-05-23,Holstein,2,Monaragala,3,0,Healthy,Medium,472.44,3.52,8.29,166.9,406.28
F373,C9108,2024-02-12,Jersey,10,Monaragala,3,0,Healthy,High,312.18,4.79,8.27,183.61,316.58
F498,C9109,2024-11-23,Crossbreed,5,Polonnaruwa,10,2,Sick,Low,72.03,4.57,8.3,181.59,62.97
F146,C9110,2024-05-25,Crossbreed,5,Monaragala,7,0,Healthy,High,192.28,4.56,8.93,186.55,199.77
F24,C9111,2024-04-24,Jersey,3,Kandy,2,0,Healthy,Low,233.5,4.34,8.84,188.94,217.51
F76,C9112,2024-01-23,Jersey,5,Matale,9,0,Healthy,Low,252.13,3.57,8.96,169.86,257.25
F75,C9113,2024-09-19,Crossbreed,3,Kandy,1,0,Healthy,Low,217.22,4.44,8.46,192.41,210.27
F262,C9114,2024-08-28,Crossbreed,5,Kurunegala,9,0,Healthy,Low,142.39,3.82,8.39,172.88,133.15
F174,C9115,2024-02-22,Crossbreed,7,Kandy,8,1,At_Risk,Low,158.83,4.38,8.38,187.37,156.85
F427,C9116,2024-10-24,Local,4,Kandy,7,0,Healthy,Low,54.04,3.57,8.48,175.6,48.97
F285,C9117,2024-09-10,Jersey,7,Anuradhapura,2,0,Healthy,Medium,280.16,4.28,9.19,175.39,276.3
F361,C9118,2024-05-12,Local,4,Kurunegala,10,0,Healthy,Medium,70.78,3.74,8.54,172.21,65.28
F177,C9119,2024-03-29,Crossbreed,6,Kandy,5,0,Healthy,Medium,217.26,4.64,8.6,194.06,225.72
F157,C9120,2024-03-17,Holstein,10,Nuwara Eliya,10,1,At_Risk,Low,256.37,4.76,8.51,195.83,255.63
F435,C9121,2024-06-12,Crossbreed,4,Polonnaruwa,5,2,Sick,High,137.66,3.66,9.17,181.01,132.78
F71,C9122,2024-12-24,Local,4,Nuwara Eliya,7,0,Healthy,High,54.16,4.26,8.39,186.1,49.89
F350,C9123,2024-06-12,Jersey,9,Monaragala,9,3,Sick,Medium,110.14,3.61,8.88,172.15,97.38
F230,C9124,2024-06-21,Jersey,2,Monaragala,3,0,Healthy,Medium,303.91,4.05,8.34,172.42,290.79
F387,C9125,2024-01-29,Local,7,Badulla,6,1,At_Risk,Medium,73.4,4.32,8.43,185.65,71.75
F492,C9126,2024-07-27,Crossbreed,6,Monaragala,10,3,Sick,Medium,77.29,3.81,8.95,170.61,69.16
F217,C9127,2024-01-01,Holstein,2,Badulla,7,2,Sick,Low,215.46,3.64,8.5,182.95,221.92
F311,C9128,2024-09-27,Jersey,8,Kandy,2,0,Healthy,High,259.46,4.4,9.06,182.85,242.86
F38,C9129,2024-02-19,Holstein,10,Monaragala,7,0,Healthy,Medium,342.35,3.53,8.73,169.95,319.63
F365,C9130,2024-11-19,Crossbreed,3,Nuwara Eliya,6,1,At_Risk,Low,186.71,4.37,8.31,185.04,170.32
F291,C9131,2024-06-13,Holstein,5,Badulla,7,2,Sick,High,215.04,4.73,8.75,195.81,202.48
F5,C9132,2024-12-03,Jersey,6,Kurunegala,4,0,Healthy,Low,389.62,4.6,8.99,181.72,396.4
F78,C9133,2024-10-03,Holstein,7,Badulla,4,1,At_Risk,Low,403.98,4.53,8.46,192.94,420.1
F158,C9134,2024-06-23,Holstein,10,Kurunegala,8,3,Sick,Medium,159.81,4.16,9.0,182.12,165.34
F266,C9135,2024-07-23,Local,7,Monaragala,7,0,Healthy,Low,79.74,3.97,8.57,185.08,77.89
F414,C9136,2024-11-11,Holstein,10,Matale,8,0,Healthy,High,447.59,4.4,8.23,188.19,418.04
F186,C9137,2024-10-09,Jersey,3,Kurunegala,2,0,Healthy,High,303.83,4.74,8.57,190.97,277.63
F103,C9138,2024-06-13,Holstein,10,Kandy,6,3,Sick,High,164.04,4.18,8.57,183.35,164.59
F387,C9139,2024-04-23,Crossbreed,5,Monaragala,5,2,Sick,Medium,181.87,4.04,8.24,183.43,188.66
F131,C9140,2024-03-11,Jersey,10,Matale,2,0,Healthy,Medium,247.03,3.59,8.45,167.3,231.95
F475,C9141,2024-06-23,Local,4,Kurunegala,3,0,Healthy,Medium,68.77,4.37,8.45,180.36,66.0
F398,C9142,2024-12-19,Crossbreed,4,Kurunegala,10,1,At_Risk,High,88.03,4.58,9.19,185.7,89.71
F238,C9143,2024-09-17,Local,2,Badulla,6,0,Healthy,Medium,62.62,4.3,8.81,178.26,63.76
F484,C9144,2024-06-21,Crossbreed,7,Kandy,6,0,Healthy,High,213.53,3.58,8.73,167.7,202.99
F279,C9145,2024-06-13,Crossbreed,10,Badulla,9,0,Healthy,High,159.84,3.68,8.48,175.77,151.94
F418,C9146,2024-06-22,Crossbreed,7,Nuwara Eliya,6,0,Healthy,Low,130.72,3.86,8.32,177.17,134.74
F446,C9147,2024-05-14,Local,9,Kandy,5,0,Healthy,Medium,62.21,3.99,9.19,171.85,54.57
F393,C9148,2024-04-19,Crossbreed,5,Kandy,4,0,Healthy,High,157.1,4.08,8.44,180.76,153.99
F335,C9149,2024-11-15,Holstein,8,Anuradhapura,8,0,Healthy,High,410.63,3.94,8.78,172.92,377.07
F146,C9150,2024-09-04,Jersey,2,Kandy,4,1,At_Risk,High,257.7,4.79,8.98,183.72,233.39
F484,C9151,2024-10-10,Local,10,Kurunegala,1,0,Healthy,Medium,96.31,3.91,9.18,181.46,86.0
F79,C9152,2024-12-14,Holstein,9,Monaragala,1,0,Healthy,High,520.31,3.73,8.29,175.31,455.85
F170,C9153,2024-03-03,Jersey,10,Badulla,7,0,Healthy,High,288.19,3.96,8.24,183.38,258.46
F310,C9154,2024-05-05,Jersey,5,Badulla,3,0,Healthy,Medium,366.63,4.65,8.41,194.85,327.61
F243,C9155,2024-03-10,Crossbreed,9,Kurunegala,3,1,At_Risk,High,179.74,4.37,8.92,175.34,155.16
F428,C9156,2024-08-05,Holstein,8,Anuradhapura,8,1,At_Risk,High,257.15,3.52,8.38,179.57,264.08
F143,C9157,2024-06-08,Holstein,8,Nuwara Eliya,8,3,Sick,Medium,206.23,3.65,8.3,184.5,196.44
F382,C9158,2024-11-17,Jersey,3,Kurunegala,10,0,Healthy,Medium,205.1,4.54,8.65,185.37,182.38
F65,C9159,2024-07-21,Jersey,5,Monaragala,8,2,Sick,Low,210.01,4.25,8.99,178.69,207.72
F40,C9160,2024-12-08,Crossbreed,6,Kandy,10,1,At_Risk,Medium,129.99,3.99,8.78,183.23,115.35
F304,C9161,2024-02-22,Local,8,Kurunegala,5,1,At_Risk,High,57.52,3.56,8.44,176.37,60.18
F343,C9162,2024-03-16,Local,5,Monaragala,9,1,At_Risk,Medium,55.24,4.18,8.63,187.49,50.65
F31,C9163,2024-09-21,Local,6,Badulla,4,0,Healthy,High,111.05,4.49,8.53,187.42,114.7
F265,C9164,2024-06-10,Jersey,10,Matale,4,3,Sick,Low,168.65,4.06,9.06,186.33,153.75
F244,C9165,2024-10-02,Crossbreed,2,Monaragala,7,0,Healthy,High,187.52,4.01,8.29,184.47,168.22
F274,C9166,2024-07-04,Crossbreed,3,Kurunegala,6,2,Sick,Low,103.39,4.22,8.37,187.06,92.82
F458,C9167,2024-05-21,Crossbreed,5,Matale,7,1,At_Risk,Low,111.53,4.07,8.79,175.82,104.06
F295,C9168,2024-01-25,Jersey,9,Anuradhapura,3,1,At_Risk,Low,290.14,4.77,8.82,191.52,299.6
F346,C9169,2024-05-18,Local,7,Monaragala,7,0,Healthy,Low,53.64,3.87,9.06,184.49,50.32
F34,C9170,2024-09-09,Jersey,5,Polonnaruwa,1,0,Healthy,Medium,265.24,3.76,8.87,182.92,265.35
F307,C9171,2024-07-18,Local,5,Polonnaruwa,7,0,Healthy,Low,74.89,4.79,8.46,197.48,77.97
F141,C9172,2024-11-13,Crossbreed,3,Polonnaruwa,5,0,Healthy,Low,245.2,3.72,8.94,178.02,231.31
F219,C9173,2024-06-18,Holstein,10,Polonnaruwa,6,1,At_Risk,High,365.38,4.55,9.09,184.48,328.27
F101,C9174,2024-01-02,Crossbreed,8,Anuradhapura,1,1,At_Risk,Low,201.08,3.84,8.88,179.42,181.67
F455,C9175,2024-10-12,Crossbreed,8,Nuwara Eliya,3,1,At_Risk,Medium,131.98,3.51,9.07,170.33,126.69
F306,C9176,2024-08-15,Crossbreed,9,Nuwara Eliya,9,0,Healthy,Medium,141.11,4.78,8.35,178.64,137.33
F434,C9177,2024-03-21,Crossbreed,2,Monaragala,10,0,Healthy,Medium,170.83,3.92,8.79,177.71,175.55
F373,C9178,2024-01-23,Holstein,9,Monaragala,2,2,Sick,Low,292.82,3.97,8.22,183.05,307.05
F166,C9179,2024-02-15,Jersey,8,Nuwara Eliya,7,1,At_Risk,Low,254.69,4.64,8.85,179.82,226.52
F382,C9180,2024-08-03,Local,4,Kandy,2,0,Healthy,Medium,81.7,3.68,8.8,177.58,83.73
F404,C9181,2024-10-21,Crossbreed,9,Badulla,6,1,At_Risk,Medium,169.95,3.81,8.53,168.77,154.99
F243,C9182,2024-11-29,Jersey,5,Anuradhapura,10,3,Sick,Medium,89.21,3.95,8.3,185.25,92.84
F70,C9183,2024-05-29,Holstein,4,Nuwara Eliya,5,0,Healthy,Medium,464.0,3.92,8.83,180.22,401.09
F196,C9184,2024-05-06,Local,2,Matale,8,0,Healthy,Low,55.62,3.74,8.35,171.6,49.47
F389,C9185,2024-03-19,Jersey,10,Monaragala,7,0,Healthy,Low,313.16,4.66,8.27,183.49,318.76
F453,C9186,2024-07-20,Local,2,Kandy,6,0,Healthy,High,94.39,3.81,8.3,174.89,96.84
F15,C9187,2024-06-06,Local,10,Nuwara Eliya,3,0,Healthy,Low,103.69,4.5,9.12,177.37,97.19
F446,C9188,2024-01-19,Crossbreed,10,Matale,2,0,Healthy,Low,183.9,4.11,8.39,181.52,166.3
F93,C9189,2024-09-22,Holstein,5,Nuwara Eliya,10,0,Healthy,Medium,386.87,3.79,8.31,170.75,371.61
F90,C9190,2024-10-08,Crossbreed,7,Kandy,7,1,At_Risk,High,133.56,4.39,9.13,193.47,138.7
F255,C9191,2024-04-14,Crossbreed,3,Matale,7,2,Sick,High,90.53,4.12,8.55,171.74,79.64
F418,C9192,2024-05-14,Holstein,7,Matale,6,0,Healthy,Medium,496.25,4.56,9.16,193.23,481.13
F494,C9193,2024-01-04,Crossbreed,2,Monaragala,8,0,Healthy,Medium,206.04,4.02,8.53,172.28,183.78
F31,C9194,2024-09-07,Local,5,Kurunegala,3,0,Healthy,Low,63.66,3.74,8.65,170.46,64.15
F16,C9195,2024-08-15,Crossbreed,4,Matale,8,0,Healthy,Low,162.31,3.93,9.16,179.66,149.91
F318,C9196,2024-01-20,Crossbreed,9,Badulla,3,0,Healthy,High,255.57,4.62,8.49,185.04,229.43
F187,C9197,2024-06-24,Crossbreed,9,Nuwara Eliya,3,1,At_Risk,High,192.47,4.73,8.99,177.62,173.14
F130,C9198,2024-08-04,Local,4,Badulla,7,2,Sick,High,58.67,3.69,8.73,169.08,52.71
F141,C9199,2024-10-01,Jersey,4,Badulla,5,0,Healthy,Medium,387.37,4.48,8.95,190.87,348.84
F130,C9200,2024-06-19,Jersey,5,Kurunegala,9,2,Sick,Medium,105.64,3.59,8.79,181.27,97.87
F81,C9201,2024-05-06,Local,7,Anuradhapura,7,3,Sick,Medium,30.13,3.77,8.8,168.17,29.07
F322,C9202,2024-08-08,Local,5,Kurunegala,2,0,Healthy,High,84.19,3.52,9.15,176.54,75.74
F282,C9203,2024-04-25,Holstein,3,Badulla,10,0,Healthy,Low,362.4,4.59,8.26,183.71,345.47
F205,C9204,2024-06-06,Crossbreed,6,Kandy,4,1,At_Risk,Low,154.85,3.79,8.92,187.42,156.15
F388,C9205,2024-12-26,Local,3,Nuwara Eliya,5,1,At_Risk,Low,66.08,4.01,9.15,171.83,56.84
F462,C9206,2024-05-29,Jersey,6,Anuradhapura,4,1,At_Risk,Medium,326.05,3.97,9.05,175.21,315.09
F478,C9207,2024-09-13,Holstein,9,Matale,4,1,At_Risk,Low,341.65,4.27,8.91,179.63,334.33
F244,C9208,2024-05-25,Jersey,3,Badulla,4,0,Healthy,Low,287.08,4.36,8.3,178.13,287.04
F102,C9209,2024-04-28,Jersey,7,Polonnaruwa,8,0,Healthy,High,251.0,4.55,8.68,185.72,234.19
F158,C9210,2024-10-09,Jersey,3,Kandy,3,1,At_Risk,Low,253.82,4.17,8.89,179.59,230.21
F230,C9211,2024-06-26,Local,4,Badulla,1,2,Sick,High,50.64,4.61,8.46,187.07,47.52
F124,C9212,2024-10-01,Jersey,4,Kandy,8,0,Healthy,High,297.09,4.2,8.67,180.94,301.72
F159,C9213,2024-09-01,Crossbreed,8,Anuradhapura,8,2,Sick,Medium,132.01,4.7,8.22,196.59,131.96
F439,C9214,2024-02-27,Jersey,10,Anuradhapura,7,2,Sick,Medium,153.04,3.7,8.48,174.25,148.62
F35,C9215,2024-04-20,Jersey,8,Kurunegala,2,2,Sick,High,152.29,3.8,8.62,183.16,156.47
F82,C9216,2024-01-06,Local,8,Badulla,2,0,Healthy,Low,82.7,4.41,9.14,177.26,84.48
F90,C9217,2024-09-04,Local,7,Matale,8,0,Healthy,High,87.32,3.86,8.72,183.73,88.48
F26,C9218,2024-11-18,Local,6,Badulla,9,2,Sick,High,47.35,4.16,8.22,180.76,41.17
F481,C9219,2024-11-14,Holstein,3,Polonnaruwa,9,0,Healthy,Medium,252.22,4.02,9.1,177.97,249.88
F262,C9220,2024-06-10,Holstein,3,Nuwara Eliya,6,0,Healthy,High,495.51,3.67,8.64,168.32,514.21
F299,C9221,2024-12-07,Jersey,9,Anuradhapura,10,1,At_Risk,High,146.67,4.03,8.29,178.83,125.61
F466,C9222,2024-09-19,Jersey,8,Badulla,8,1,At_Risk,Low,228.24,3.73,8.28,169.83,233.41
F117,C9223,2024-08-06,Holstein,9,Kurunegala,8,0,Healthy,Low,444.26,4.78,8.64,182.05,453.57
F65,C9224,2024-09-25,Crossbreed,4,Badulla,2,0,Healthy,High,247.3,4.1,9.04,189.64,227.33
F469,C9225,2024-10-30,Holstein,5,Nuwara Eliya,5,2,Sick,Low,255.84,4.62,9.18,182.6,246.44
F181,C9226,2024-12-29,Local,6,Kurunegala,9,0,Healthy,Low,69.56,4.15,9.07,190.16,71.73
F232,C9227,2024-06-27,Local,7,Polonnaruwa,7,0,Healthy,Low,53.59,4.46,9.09,186.25,50.39
F80,C9228,2024-10-31,Holstein,6,Nuwara Eliya,3,0,Healthy,Low,401.1,3.95,8.23,182.88,412.63
F491,C9229,2024-06-25,Crossbreed,5,Kurunegala,5,1,At_Risk,High,201.74,4.04,9.13,188.69,202.92
F39,C9230,2024-07-09,Local,5,Matale,8,0,Healthy,High,55.47,3.8,8.71,169.57,55.75
F75,C9231,2024-09-15,Local,7,Badulla,2,2,Sick,Medium,65.08,3.6,8.38,174.03,58.63
F417,C9232,2024-09-28,Holstein,8,Anuradhapura,9,0,Healthy,Medium,334.27,4.47,8.74,191.37,310.33
F220,C9233,2024-08-02,Crossbreed,2,Polonnaruwa,1,0,Healthy,Low,138.17,3.8,8.36,182.45,135.99
F283,C9234,2024-07-23,Crossbreed,9,Nuwara Eliya,4,0,Healthy,Low,183.24,4.31,8.71,189.67,157.57
F431,C9235,2024-02-04,Crossbreed,7,Matale,9,2,Sick,Low,75.04,4.71,9.18,178.67,78.65
F88,C9236,2024-06-03,Holstein,10,Monaragala,3,0,Healthy,Medium,533.11,4.41,9.14,188.67,490.24
F135,C9237,2024-03-30,Jersey,6,Nuwara Eliya,4,0,Healthy,Medium,292.13,4.36,8.51,190.61,255.58
F9,C9238,2024-03-05,Jersey,9,Badulla,3,1,At_Risk,Medium,271.06,3.8,8.86,169.38,261.76
F310,C9239,2024-04-11,Holstein,7,Anuradhapura,10,0,Healthy,Medium,241.89,3.67,9.03,175.99,252.14
F190,C9240,2024-09-10,Local,8,Polonnaruwa,10,0,Healthy,High,76.93,3.74,9.17,181.84,73.2
F344,C9241,2024-08-30,Local,6,Badulla,6,0,Healthy,High,92.48,4.76,8.63,181.43,96.98
F472,C9242,2024-06-22,Crossbreed,3,Kandy,6,3,Sick,Medium,67.22,4.05,9.09,176.77,70.51
F71,C9243,2024-07-07,Local,5,Nuwara Eliya,5,0,Healthy,High,90.05,4.0,8.76,187.97,77.33
F483,C9244,2024-08-19,Jersey,2,Badulla,7,0,Healthy,Medium,307.67,4.27,8.95,191.78,309.37
F150,C9245,2024-11-10,Local,3,Monaragala,4,1,At_Risk,High,87.72,3.87,8.56,187.05,84.86
F51,C9246,2024-10-13,Local,2,Polonnaruwa,9,1,At_Risk,Low,63.08,4.71,8.72,190.66,62.2
F269,C9247,2024-06-16,Holstein,9,Anuradhapura,8,0,Healthy,High,386.51,3.55,8.57,168.37,389.0
F485,C9248,2024-08-20,Crossbreed,9,Badulla,7,1,At_Risk,Medium,131.8,3.57,8.97,167.52,115.98
F424,C9249,2024-05-10,Jersey,4,Matale,5,0,Healthy,Low,370.18,4.05,9.11,183.84,322.37
F489,C9250,2024-04-17,Crossbreed,10,Monaragala,4,0,Healthy,High,150.4,3.79,8.82,187.43,141.23
F142,C9251,2024-08-30,Holstein,4,Monaragala,1,3,Sick,Medium,196.81,4.36,8.94,184.15,168.18
F479,C9252,2024-05-03,Crossbreed,10,Matale,5,0,Healthy,Medium,271.8,4.57,8.42,182.34,249.56
F289,C9253,2024-02-17,Jersey,6,Kurunegala,5,1,At_Risk,Low,327.47,4.19,8.91,183.79,291.75
F328,C9254,2024-12-30,Holstein,3,Nuwara Eliya,6,0,Healthy,Medium,385.99,3.51,8.43,179.38,402.03
F399,C9255,2024-03-01,Holstein,7,Kurunegala,9,1,At_Risk,Medium,211.84,4.15,8.22,175.1,205.46
F216,C9256,2024-03-23,Holstein,5,Kandy,3,0,Healthy,Low,408.65,3.75,8.47,172.67,405.03
F196,C9257,2024-12-04,Crossbreed,8,Kurunegala,1,1,At_Risk,High,178.42,3.63,8.6,170.29,159.52
F264,C9258,2024-01-03,Holstein,3,Kandy,5,1,At_Risk,High,490.47,4.16,8.2,172.29,495.34
F83,C9259,2024-03-13,Local,3,Nuwara Eliya,8,2,Sick,Low,40.73,4.15,8.54,189.43,38.31
F410,C9260,2024-05-05,Crossbreed,2,Kandy,1,1,At_Risk,Medium,195.19,4.77,8.4,181.75,186.71
F91,C9261,2024-08-15,Local,4,Monaragala,10,0,Healthy,Medium,55.58,4.19,8.66,173.24,49.74
F211,C9262,2024-07-27,Jersey,3,Polonnaruwa,6,1,At_Risk,Low,267.65,3.77,8.92,168.97,279.03
F477,C9263,2024-03-10,Holstein,8,Polonnaruwa,8,3,Sick,High,223.37,4.37,9.13,176.34,223.82
F490,C9264,2024-02-26,Local,8,Polonnaruwa,5,2,Sick,Medium,72.22,4.2,8.97,175.0,67.09
F4,C9265,2024-04-29,Crossbreed,4,Matale,9,2,Sick,Low,115.81,3.52,8.7,180.63,110.73
F271,C9266,2024-11-22,Jersey,10,Matale,6,0,Healthy,Low,325.31,3.85,8.93,187.62,300.99
F38,C9267,2024-03-08,Local,5,Kurunegala,7,2,Sick,High,59.39,3.52,8.93,181.75,62.35
F329,C9268,2024-02-15,Crossbreed,5,Polonnaruwa,9,2,Sick,Low,79.45,4.04,8.86,181.55,80.15
F477,C9269,2024-01-23,Jersey,4,Monaragala,10,0,Healthy,Medium,164.09,4.8,8.48,178.86,161.43
F352,C9270,2024-12-17,Holstein,6,Monaragala,10,1,At_Risk,High,199.7,4.43,8.75,182.98,178.58
F216,C9271,2024-03-30,Jersey,7,Kandy,7,0,Healthy,Low,284.88,4.34,8.66,175.54,263.13
F490,C9272,2024-07-22,Jersey,10,Badulla,9,1,At_Risk,Low,150.75,4.36,8.93,188.69,142.19
F243,C9273,2024-06-10,Jersey,5,Polonnaruwa,2,2,Sick,High,212.43,3.72,8.73,176.62,187.71
F280,C9274,2024-11-28,Jersey,8,Anuradhapura,10,2,Sick,High,141.86,3.98,8.92,178.62,126.77
F256,C9275,2024-11-30,Local,8,Polonnaruwa,10,3,Sick,Low,34.25,4.04,9.15,187.69,34.09
F454,C9276,2024-03-23,Holstein,8,Monaragala,10,3,Sick,Medium,117.51,4.32,8.58,184.16,109.46
F332,C9277,2024-04-20,Holstein,8,Matale,2,3,Sick,Medium,228.29,3.69,9.16,178.26,237.57
F429,C9278,2024-10-21,Jersey,2,Monaragala,1,2,Sick,High,188.67,3.63,8.64,173.11,167.41
F433,C9279,2024-03-06,Jersey,10,Matale,2,0,Healthy,Low,266.36,4.43,8.28,180.35,279.45
F307,C9280,2024-07-01,Crossbreed,10,Monaragala,8,0,Healthy,Low,216.42,4.23,8.66,176.77,209.85
F64,C9281,2024-05-03,Jersey,2,Badulla,4,3,Sick,High,150.11,3.56,8.69,178.51,136.64
F53,C9282,2024-01-11,Jersey,8,Nuwara Eliya,3,3,Sick,Medium,173.76,3.84,8.85,178.42,179.1
F419,C9283,2024-08-06,Holstein,7,Anuradhapura,10,2,Sick,Medium,202.77,3.54,9.16,176.46,183.23
F499,C9284,2024-08-04,Jersey,2,Matale,7,0,Healthy,High,253.26,4.08,8.47,186.94,245.86
F339,C9285,2024-10-26,Holstein,4,Matale,1,0,Healthy,High,374.69,4.15,8.41,178.41,377.72
F386,C9286,2024-01-02,Jersey,7,Kandy,1,3,Sick,Low,138.35,4.17,8.44,179.36,133.21
F167,C9287,2024-05-12,Local,3,Kandy,1,1,At_Risk,High,53.1,4.63,8.94,192.78,53.95
F319,C9288,2024-05-25,Holstein,6,Anuradhapura,2,1,At_Risk,High,374.65,3.64,8.64,170.56,386.48
F118,C9289,2024-01-05,Crossbreed,10,Polonnaruwa,9,1,At_Risk,Low,154.6,3.72,8.88,183.69,153.29
F391,C9290,2024-01-25,Crossbreed,3,Matale,7,0,Healthy,Medium,134.59,3.67,8.24,169.1,138.53
F429,C9291,2024-05-07,Crossbreed,9,Badulla,10,0,Healthy,High,112.03,4.39,8.62,174.29,104.5
F9,C9292,2024-06-20,Local,2,Kandy,1,1,At_Risk,Low,57.46,3.62,9.04,171.05,55.87
F50,C9293,2024-05-15,Jersey,7,Polonnaruwa,3,0,Healthy,Medium,325.21,3.89,8.67,169.04,298.89
F128,C9294,2024-08-29,Local,9,Badulla,5,1,At_Risk,Low,89.34,4.16,9.13,190.5,76.67
F13,C9295,2024-02-13,Crossbreed,9,Nuwara Eliya,6,1,At_Risk,Low,127.39,4.15,8.28,185.67,111.4
F434,C9296,2024-05-27,Jersey,8,Nuwara Eliya,5,0,Healthy,High,326.57,3.96,8.85,180.94,341.74
F232,C9297,2024-01-16,Holstein,4,Matale,6,0,Healthy,High,308.2,3.96,8.92,186.4,323.02
F166,C9298,2024-03-06,Local,6,Nuwara Eliya,4,0,Healthy,Medium,77.86,4.29,8.8,190.34,73.92
F228,C9299,2024-05-23,Local,3,Anuradhapura,3,3,Sick,High,40.94,3.94,8.49,173.72,39.74
F87,C9300,2024-09-14,Jersey,8,Anuradhapura,3,0,Healthy,Low,325.58,3.53,9.05,184.43,287.88
F341,C9301,2024-05-24,Jersey,7,Monaragala,10,3,Sick,Low,86.25,3.62,9.05,168.53,79.79
F135,C9302,2024-05-10,Crossbreed,9,Nuwara Eliya,2,1,At_Risk,High,191.94,3.58,9.06,175.13,174.62
F137,C9303,2024-07-25,Holstein,7,Monaragala,5,0,Healthy,Low,508.66,4.09,8.83,174.07,484.5
F261,C9304,2024-11-11,Jersey,9,Nuwara Eliya,8,0,Healthy,Low,297.51,4.37,8.46,185.24,284.85
F474,C9305,2024-02-26,Local,8,Kandy,9,0,Healthy,Medium,71.42,4.14,8.46,184.02,71.1
F213,C9306,2024-01-28,Crossbreed,4,Kurunegala,9,0,Healthy,Low,166.17,4.04,9.2,177.24,156.52
F59,C9307,2024-12-15,Crossbreed,4,Kurunegala,8,0,Healthy,High,179.26,4.2,8.24,173.68,161.88
F158,C9308,2024-02-21,Holstein,6,Monaragala,2,0,Healthy,Low,394.22,4.29,8.54,187.42,388.62
F79,C9309,2024-12-21,Holstein,9,Polonnaruwa,5,0,Healthy,Low,442.4,4.17,9.05,183.11,388.66
F97,C9310,2024-05-31,Holstein,2,Monaragala,5,2,Sick,Low,250.55,4.72,9.01,192.99,230.65
F198,C9311,2024-09-19,Jersey,5,Kandy,4,0,Healthy,Low,266.32,3.99,9.01,184.92,254.85
F268,C9312,2024-01-13,Crossbreed,6,Anuradhapura,10,0,Healthy,Medium,165.73,4.45,8.72,189.96,166.72
F304,C9313,2024-07-25,Holstein,4,Anuradhapura,1,1,At_Risk,Low,453.38,4.24,8.93,189.39,475.71
F190,C9314,2024-04-05,Holstein,2,Polonnaruwa,9,1,At_Risk,High,325.09,4.49,8.43,182.15,314.45
F497,C9315,2024-09-09,Crossbreed,9,Kandy,5,2,Sick,Medium,170.14,3.62,8.47,173.07,158.83
F8,C9316,2024-07-27,Crossbreed,10,Monaragala,5,0,Healthy,Medium,203.82,4.28,9.0,188.13,189.13
F253,C9317,2024-08-19,Crossbreed,4,Monaragala,4,0,Healthy,Medium,263.41,4.55,8.22,193.15,266.15
F187,C9318,2024-09-23,Jersey,9,Kurunegala,10,0,Healthy,Medium,183.04,3.93,9.01,182.77,170.54
F70,C9319,2024-03-07,Jersey,3,Matale,5,3,Sick,Medium,123.85,4.44,8.35,180.02,105.67
F196,C9320,2024-08-03,Crossbreed,9,Kurunegala,2,0,Healthy,Medium,213.67,4.17,8.45,191.68,208.25
F229,C9321,2024-09-01,Local,9,Kurunegala,8,3,Sick,Medium,31.08,4.24,8.45,173.07,30.09
F137,C9322,2024-10-13,Local,2,Anuradhapura,3,0,Healthy,High,76.86,4.18,8.88,186.21,78.49
F146,C9323,2024-06-02,Local,10,Matale,10,0,Healthy,Medium,47.9,4.0,8.25,181.55,45.93
F380,C9324,2024-10-14,Jersey,5,Nuwara Eliya,9,0,Healthy,High,167.38,4.01,8.45,183.75,143.4
F446,C9325,2024-07-20,Holstein,6,Monaragala,6,3,Sick,Medium,134.45,4.4,9.09,181.87,123.66
F125,C9326,2024-03-18,Holstein,6,Anuradhapura,1,0,Healthy,Low,375.11,3.64,8.7,181.81,330.51
F7,C9327,2024-08-21,Jersey,5,Kandy,5,3,Sick,Medium,134.11,3.85,8.94,170.91,117.88
F216,C9328,2024-12-21,Crossbreed,7,Matale,8,0,Healthy,Low,157.25,4.32,8.22,186.27,139.45
F215,C9329,2024-02-01,Jersey,9,Nuwara Eliya,5,0,Healthy,High,341.95,4.72,8.8,181.75,308.86
F468,C9330,2024-09-29,Local,3,Nuwara Eliya,2,1,At_Risk,Medium,62.49,4.46,8.49,174.89,63.9
F249,C9331,2024-06-12,Jersey,8,Matale,6,2,Sick,Low,203.83,4.05,8.46,186.25,191.36
F39,C9332,2024-05-20,Local,3,Anuradhapura,8,1,At_Risk,Medium,50.85,4.17,8.83,180.63,45.16
F309,C9333,2024-02-29,Holstein,3,Nuwara Eliya,9,0,Healthy,High,249.53,4.46,9.14,182.84,223.09
F105,C9334,2024-03-03,Jersey,2,Monaragala,9,3,Sick,High,101.15,4.7,8.55,183.37,91.66
F322,C9335,2024-08-16,Holstein,2,Kurunegala,10,0,Healthy,High,340.43,4.56,9.07,194.9,326.41
F344,C9336,2024-07-11,Jersey,10,Polonnaruwa,9,1,At_Risk,Low,150.52,4.07,8.28,177.43,152.38
F208,C9337,2024-02-04,Local,4,Monaragala,9,0,Healthy,High,74.37,3.76,8.88,170.42,67.46
F492,C9338,2024-03-04,Holstein,9,Anuradhapura,4,3,Sick,Low,257.37,4.12,8.23,189.29,222.37
F181,C9339,2024-06-07,Local,9,Anuradhapura,10,1,At_Risk,High,42.12,4.27,8.8,178.8,41.92
F93,C9340,2024-01-08,Crossbreed,8,Kurunegala,9,2,Sick,High,82.48,3.66,8.87,177.51,77.98
F13,C9341,2024-08-06,Local,7,Anuradhapura,9,0,Healthy,Medium,48.61,4.15,8.27,175.24,44.81
F435,C9342,2024-07-30,Local,2,Nuwara Eliya,8,1,At_Risk,High,64.7,4.06,9.07,177.47,58.56
F255,C9343,2024-02-24,Holstein,9,Kandy,8,0,Healthy,Medium,403.54,4.7,8.38,188.6,397.7
F284,C9344,2024-05-14,Local,10,Nuwara Eliya,6,2,Sick,High,44.25,4.72,8.67,195.93,45.55
F9,C9345,2024-05-21,Jersey,3,Kandy,6,0,Healthy,High,225.07,3.83,8.99,185.02,215.63
F388,C9346,2024-10-24,Crossbreed,10,Polonnaruwa,3,0,Healthy,Medium,151.65,4.29,8.32,188.27,134.29
F264,C9347,2024-08-03,Holstein,3,Matale,3,0,Healthy,High,597.56,3.95,8.32,178.4,581.42
F409,C9348,2024-10-08,Jersey,6,Anuradhapura,2,1,At_Risk,Medium,270.05,3.6,8.35,181.49,234.53
F273,C9349,2024-01-22,Jersey,7,Nuwara Eliya,6,1,At_Risk,Medium,200.9,3.95,8.77,169.93,207.96
F24,C9350,2024-02-13,Jersey,10,Anuradhapura,1,0,Healthy,High,242.33,3.86,9.02,176.15,206.8
F111,C9351,2024-02-22,Local,5,Monaragala,7,2,Sick,High,56.32,3.64,8.54,179.88,50.67
F372,C9352,2024-04-02,Crossbreed,2,Kandy,5,0,Healthy,High,272.61,4.69,8.37,181.94,256.65
F267,C9353,2024-03-27,Crossbreed,9,Matale,3,1,At_Risk,Low,140.46,3.68,8.71,167.28,119.66
F333,C9354,2024-04-09,Crossbreed,4,Anuradhapura,8,1,At_Risk,Medium,150.98,3.74,8.67,185.14,157.22
F49,C9355,2024-09-15,Jersey,10,Nuwara Eliya,1,2,Sick,High,153.21,3.72,8.24,169.59,136.96
F465,C9356,2024-09-02,Crossbreed,2,Anuradhapura,5,0,Healthy,High,206.81,3.91,9.19,188.59,183.58
F125,C9357,2024-07-01,Local,9,Polonnaruwa,8,2,Sick,Medium,44.58,3.94,9.01,181.96,42.52
F367,C9358,2024-05-22,Jersey,6,Polonnaruwa,8,0,Healthy,Low,273.34,4.18,9.2,176.85,273.93
F495,C9359,2024-12-18,Local,7,Badulla,4,0,Healthy,High,88.25,4.76,8.24,178.84,87.99
F371,C9360,2024-02-11,Holstein,4,Monaragala,5,1,At_Risk,Medium,383.25,4.09,8.63,190.37,347.97
F83,C9361,2024-11-08,Holstein,6,Kandy,5,1,At_Risk,Low,318.94,4.4,8.7,187.88,326.78
F134,C9362,2024-01-14,Holstein,8,Matale,7,0,Healthy,Low,382.03,3.66,8.6,177.6,336.56
F185,C9363,2024-03-18,Holstein,10,Nuwara Eliya,1,0,Healthy,Low,530.33,4.27,8.63,179.64,526.56
F251,C9364,2024-07-30,Crossbreed,2,Anuradhapura,7,0,Healthy,High,202.95,4.64,9.19,190.1,195.46
F459,C9365,2024-10-27,Crossbreed,3,Nuwara Eliya,10,0,Healthy,High,113.94,4.18,9.0,175.44,114.16
F325,C9366,2024-03-20,Holstein,7,Kurunegala,1,0,Healthy,Low,502.84,3.51,8.3,181.29,494.02
F78,C9367,2024-05-16,Jersey,9,Badulla,6,0,Healthy,High,250.48,3.84,8.37,174.49,217.38
F320,C9368,2024-01-27,Jersey,8,Matale,5,0,Healthy,High,329.17,4.28,8.42,182.88,299.81
F151,C9369,2024-11-13,Jersey,2,Polonnaruwa,9,2,Sick,Low,134.29,3.9,8.51,188.84,115.27
F190,C9370,2024-02-16,Local,8,Kurunegala,4,2,Sick,Medium,66.23,3.97,9.03,177.53,65.16
F136,C9371,2024-03-25,Crossbreed,7,Badulla,7,0,Healthy,Medium,165.02,3.99,8.89,182.42,147.31
F405,C9372,2024-01-13,Holstein,9,Nuwara Eliya,6,2,Sick,High,330.24,3.8,8.22,178.01,330.62
F76,C9373,2024-12-11,Jersey,10,Nuwara Eliya,9,2,Sick,Low,121.98,3.93,8.61,186.4,110.72
F350,C9374,2024-01-15,Crossbreed,2,Anuradhapura,4,0,Healthy,Low,236.44,4.64,8.43,185.69,247.73
F215,C9375,2024-12-27,Crossbreed,2,Kurunegala,5,1,At_Risk,Medium,151.79,3.77,8.53,184.4,151.48
F488,C9376,2024-07-21,Jersey,7,Nuwara Eliya,2,0,Healthy,Low,288.37,3.63,8.27,176.98,285.69
F393,C9377,2024-08-07,Crossbreed,6,Monaragala,6,0,Healthy,High,153.47,3.55,9.18,166.61,156.52
F323,C9378,2024-11-22,Holstein,10,Polonnaruwa,3,0,Healthy,Low,408.07,3.66,9.09,173.94,377.47
F174,C9379,2024-04-21,Crossbreed,6,Kurunegala,6,0,Healthy,Medium,209.57,4.52,8.63,192.39,210.09
F131,C9380,2024-01-01,Local,9,Nuwara Eliya,5,0,Healthy,High,113.34,4.24,9.04,187.07,103.73
F397,C9381,2024-02-01,Jersey,9,Matale,3,0,Healthy,Low,384.17,4.16,8.95,178.28,341.2
F340,C9382,2024-10-08,Local,8,Kandy,3,0,Healthy,Low,92.17,3.96,8.22,181.77,96.35
F78,C9383,2024-06-05,Holstein,2,Badulla,2,0,Healthy,Low,526.51,4.45,8.29,183.22,524.53
F68,C9384,2024-10-14,Holstein,2,Matale,7,0,Healthy,High,463.26,4.09,8.58,189.69,403.59
F236,C9385,2024-02-17,Jersey,6,Monaragala,2,2,Sick,Medium,178.96,4.2,8.36,189.69,162.37
F353,C9386,2024-03-14,Holstein,2,Kandy,10,1,At_Risk,Low,234.08,4.66,8.4,194.55,237.87
F396,C9387,2024-01-01,Jersey,9,Badulla,2,1,At_Risk,Low,225.46,3.58,8.45,180.9,206.43
F423,C9388,2024-07-22,Holstein,3,Badulla,6,0,Healthy,High,426.31,3.87,8.32,171.8,376.68
F308,C9389,2024-12-16,Holstein,2,Polonnaruwa,8,0,Healthy,High,451.76,4.26,8.72,175.57,419.91
F250,C9390,2024-12-24,Crossbreed,5,Kandy,4,0,Healthy,High,239.75,4.47,8.25,177.8,246.7
F303,C9391,2024-09-27,Holstein,5,Kandy,1,0,Healthy,High,512.01,4.79,8.27,190.54,490.43
F397,C9392,2024-08-30,Holstein,8,Polonnaruwa,5,0,Healthy,High,384.84,4.42,9.18,179.01,332.1
F134,C9393,2024-09-17,Crossbreed,6,Anuradhapura,8,2,Sick,Low,146.19,3.8,8.75,183.7,130.47
F79,C9394,2024-04-05,Crossbreed,6,Anuradhapura,7,0,Healthy,Medium,147.13,3.54,8.64,173.65,134.43
F467,C9395,2024-04-15,Jersey,8,Matale,8,0,Healthy,Medium,309.33,4.15,8.99,174.16,279.37
F446,C9396,2024-07-19,Crossbreed,4,Kurunegala,2,0,Healthy,High,167.83,4.68,9.14,190.7,170.35
F83,C9397,2024-12-10,Crossbreed,6,Monaragala,7,0,Healthy,High,146.92,4.23,8.33,183.28,148.14
F118,C9398,2024-04-02,Crossbreed,4,Badulla,6,3,Sick,Low,81.0,4.32,8.49,193.08,71.89
F482,C9399,2024-09-25,Holstein,9,Kurunegala,10,0,Healthy,Medium,298.35,3.77,8.59,169.55,264.32
F491,C9400,2024-06-18,Holstein,8,Monaragala,10,1,At_Risk,Low,239.94,3.98,8.23,189.29,215.63
F192,C9401,2024-01-21,Crossbreed,9,Monaragala,3,2,Sick,Low,98.93,4.11,8.3,173.74,97.7
F38,C9402,2024-07-01,Crossbreed,5,Matale,1,2,Sick,High,96.77,4.63,8.4,195.31,99.85
F380,C9403,2024-01-17,Crossbreed,6,Nuwara Eliya,3,0,Healthy,Low,171.52,4.11,8.45,189.7,155.28
F18,C9404,2024-09-14,Local,5,Badulla,7,1,At_Risk,High,67.8,4.34,8.44,191.84,66.65
F65,C9405,2024-11-03,Jersey,4,Kandy,10,0,Healthy,High,231.89,3.61,8.98,181.21,211.64
F348,C9406,2024-11-27,Crossbreed,9,Badulla,9,1,At_Risk,Low,148.45,4.37,8.78,193.51,136.45
F354,C9407,2024-04-11,Local,10,Badulla,9,0,Healthy,Medium,76.91,4.67,9.15,176.72,75.02
F403,C9408,2024-10-16,Local,3,Kandy,3,1,At_Risk,Medium,87.46,4.31,8.66,187.04,86.52
F69,C9409,2024-06-13,Jersey,8,Nuwara Eliya,10,0,Healthy,High,250.88,3.86,8.76,187.45,217.47
F149,C9410,2024-11-18,Local,6,Anuradhapura,5,0,Healthy,Low,110.88,4.53,9.11,180.56,101.68
F182,C9411,2024-04-12,Local,2,Monaragala,5,3,Sick,High,43.28,3.73,8.71,181.26,41.14
F429,C9412,2024-02-08,Jersey,5,Anuradhapura,4,0,Healthy,Medium,315.73,4.48,8.78,192.93,276.72
F83,C9413,2024-02-04,Crossbreed,7,Nuwara Eliya,6,0,Healthy,High,175.85,3.83,8.79,173.3,182.71
F293,C9414,2024-05-29,Crossbreed,3,Matale,6,0,Healthy,Low,140.7,3.88,9.19,185.62,120.33
F35,C9415,2024-12-14,Local,9,Polonnaruwa,6,3,Sick,Medium,26.33,3.59,8.35,180.31,22.86
F108,C9416,2024-07-20,Local,7,Kurunegala,9,0,Healthy,Low,72.02,4.28,8.66,186.08,72.56
F104,C9417,2024-06-13,Holstein,6,Monaragala,6,3,Sick,Medium,135.38,4.09,9.11,184.82,121.45
F58,C9418,2024-05-13,Jersey,7,Nuwara Eliya,2,0,Healthy,Low,308.65,4.59,9.02,192.58,304.71
F497,C9419,2024-03-03,Crossbreed,8,Monaragala,4,0,Healthy,Medium,221.91,4.46,8.89,191.29,226.52
F499,C9420,2024-10-02,Holstein,5,Monaragala,2,3,Sick,Low,147.98,3.98,8.71,169.83,129.06
F240,C9421,2024-07-18,Jersey,4,Badulla,9,1,At_Risk,High,188.05,3.97,8.24,175.05,167.47
F263,C9422,2024-09-16,Crossbreed,8,Monaragala,6,0,Healthy,High,228.6,3.75,8.48,184.92,211.31
F296,C9423,2024-01-23,Holstein,10,Kurunegala,9,0,Healthy,Low,384.53,3.64,9.05,172.91,375.42
F132,C9424,2024-05-22,Local,8,Monaragala,5,1,At_Risk,Medium,86.96,4.8,8.52,179.45,89.48
F345,C9425,2024-12-26,Crossbreed,5,Kurunegala,1,0,Healthy,Medium,161.41,3.64,8.21,175.01,157.09
F419,C9426,2024-04-06,Local,4,Kurunegala,2,2,Sick,High,60.66,4.75,8.6,195.39,58.53
F2,C9427,2024-12-08,Holstein,6,Matale,10,0,Healthy,High,310.84,3.69,9.01,171.89,275.26
F366,C9428,2024-02-05,Local,3,Kandy,8,0,Healthy,High,75.69,4.47,8.2,179.32,73.43
F378,C9429,2024-03-29,Local,2,Monaragala,7,0,Healthy,High,75.88,4.55,9.08,195.04,77.82
F373,C9430,2024-06-18,Holstein,3,Kandy,3,2,Sick,Low,271.22,3.83,8.53,170.66,259.86
F1,C9431,2024-08-06,Crossbreed,8,Matale,4,2,Sick,Medium,154.43,4.22,8.92,187.32,150.09
F150,C9432,2024-06-15,Jersey,8,Badulla,6,0,Healthy,Low,337.8,4.04,8.71,186.37,306.55
F205,C9433,2024-03-07,Jersey,7,Matale,2,2,Sick,Low,152.82,4.04,8.68,178.57,148.59
F43,C9434,2024-08-19,Holstein,4,Nuwara Eliya,9,3,Sick,Low,111.64,4.67,9.0,182.35,97.49
F448,C9435,2024-05-16,Jersey,10,Anuradhapura,1,0,Healthy,High,350.24,4.38,8.35,178.68,316.2
F317,C9436,2024-07-31,Crossbreed,3,Kandy,7,1,At_Risk,High,168.76,4.78,8.62,187.71,152.21
F436,C9437,2024-08-23,Local,4,Matale,2,1,At_Risk,Low,49.21,4.06,8.21,189.41,44.02
F277,C9438,2024-12-16,Holstein,7,Anuradhapura,5,0,Healthy,Low,479.77,4.32,8.28,186.41,408.17
F362,C9439,2024-01-28,Crossbreed,8,Kurunegala,1,0,Healthy,Low,136.19,4.54,8.84,186.52,140.02
F443,C9440,2024-01-29,Holstein,2,Kandy,8,0,Healthy,High,380.16,4.31,8.63,188.64,361.57
F411,C9441,2024-09-23,Jersey,10,Matale,10,0,Healthy,High,171.54,3.52,9.0,182.9,163.65
F192,C9442,2024-11-07,Local,2,Polonnaruwa,8,1,At_Risk,Low,57.4,3.71,8.63,181.04,49.81
F235,C9443,2024-04-20,Local,5,Monaragala,8,0,Healthy,Low,93.06,4.37,8.9,188.93,84.67
F368,C9444,2024-04-07,Holstein,3,Monaragala,7,2,Sick,Low,212.01,4.67,8.42,182.83,221.16
F69,C9445,2024-11-21,Crossbreed,10,Matale,5,0,Healthy,High,193.0,3.97,8.98,178.31,192.6
F114,C9446,2024-08-09,Holstein,3,Badulla,8,0,Healthy,Low,367.05,4.36,8.58,182.48,384.99
F113,C9447,2024-02-02,Local,8,Badulla,7,2,Sick,Low,47.78,3.72,9.05,182.47,46.41
F119,C9448,2024-08-08,Crossbreed,10,Polonnaruwa,6,0,Healthy,High,192.48,3.6,9.18,168.04,198.78
F219,C9449,2024-01-07,Crossbreed,9,Monaragala,5,1,At_Risk,Medium,138.91,4.34,8.71,180.97,135.8
F190,C9450,2024-06-04,Crossbreed,7,Kandy,3,2,Sick,Medium,112.02,4.5,9.02,193.79,103.86
F371,C9451,2024-03-13,Local,6,Monaragala,8,0,Healthy,Medium,91.21,3.76,9.1,174.23,86.11
F365,C9452,2024-03-31,Holstein,5,Badulla,6,0,Healthy,Low,358.74,3.97,8.45,181.25,308.22
F6,C9453,2024-02-08,Holstein,6,Badulla,5,0,Healthy,Low,486.76,4.66,8.38,184.69,506.58
F126,C9454,2024-02-06,Holstein,2,Badulla,3,1,At_Risk,Medium,344.47,4.74,8.31,197.13,321.1
F385,C9455,2024-01-09,Local,2,Anuradhapura,4,1,At_Risk,High,88.47,3.56,8.89,175.53,87.4
F392,C9456,2024-05-12,Crossbreed,3,Polonnaruwa,1,0,Healthy,High,211.36,4.17,9.2,173.79,188.83
F71,C9457,2024-02-20,Crossbreed,9,Badulla,8,0,Healthy,High,146.89,3.5,8.92,175.07,127.91
F323,C9458,2024-10-13,Jersey,2,Matale,5,0,Healthy,High,393.74,4.21,9.12,175.86,364.85
F88,C9459,2024-11-08,Local,9,Badulla,8,0,Healthy,High,57.4,3.61,8.46,185.72,59.64
F99,C9460,2024-05-11,Local,7,Kandy,9,2,Sick,Low,41.0,3.87,8.96,169.09,42.58
F81,C9461,2024-09-09,Jersey,5,Matale,5,0,Healthy,Medium,313.63,4.26,9.01,177.42,323.34
F297,C9462,2024-03-08,Local,7,Matale,9,2,Sick,Low,45.53,4.43,8.76,190.04,47.46
F216,C9463,2024-03-27,Crossbreed,7,Monaragala,4,0,Healthy,Low,175.6,3.82,8.42,186.03,160.51
F17,C9464,2024-08-23,Local,3,Kurunegala,5,0,Healthy,High,93.69,3.89,9.15,171.62,92.63
F353,C9465,2024-04-20,Crossbreed,2,Nuwara Eliya,3,1,At_Risk,Low,220.03,4.7,8.26,185.37,215.93
F220,C9466,2024-05-09,Local,6,Matale,9,2,Sick,Low,43.83,4.67,8.69,192.46,45.91
F299,C9467,2024-04-15,Jersey,2,Monaragala,9,0,Healthy,Medium,253.39,4.42,8.29,187.31,232.23
F53,C9468,2024-05-27,Local,7,Badulla,1,0,Healthy,High,83.63,4.35,8.53,176.13,73.24
F76,C9469,2024-08-23,Jersey,3,Badulla,3,0,Healthy,Low,335.58,3.93,8.66,180.94,316.64
F143,C9470,2024-07-14,Holstein,3,Matale,4,2,Sick,Medium,387.5,4.49,8.98,192.35,372.86
F421,C9471,2024-11-17,Holstein,3,Matale,10,3,Sick,Low,163.32,4.01,8.51,176.02,148.92
F479,C9472,2024-04-26,Local,3,Nuwara Eliya,6,0,Healthy,Medium,88.47,3.75,8.82,179.42,80.69
F169,C9473,2024-12-28,Local,2,Anuradhapura,4,0,Healthy,Low,100.42,3.68,8.39,176.02,104.48
F156,C9474,2024-10-22,Jersey,9,Polonnaruwa,2,0,Healthy,Medium,340.13,4.51,8.7,181.61,304.1
F466,C9475,2024-05-22,Crossbreed,2,Polonnaruwa,5,0,Healthy,Low,276.83,4.12,8.57,178.41,250.37
F336,C9476,2024-01-10,Jersey,4,Monaragala,7,1,At_Risk,Medium,181.25,4.35,8.45,186.96,167.71
F139,C9477,2024-09-15,Local,6,Kandy,10,0,Healthy,High,50.72,3.67,9.11,168.0,50.47
F79,C9478,2024-09-02,Holstein,10,Kandy,1,0,Healthy,Low,481.63,4.13,8.93,182.22,483.81
F450,C9479,2024-01-08,Holstein,2,Matale,2,0,Healthy,High,428.5,3.75,9.17,185.98,447.28
F436,C9480,2024-04-26,Jersey,4,Polonnaruwa,10,1,At_Risk,High,170.07,3.62,8.3,179.77,168.68
F357,C9481,2024-04-01,Holstein,5,Monaragala,3,2,Sick,High,352.45,4.08,8.62,171.02,319.6
F440,C9482,2024-06-30,Crossbreed,10,Polonnaruwa,9,1,At_Risk,Medium,145.97,3.95,8.53,183.39,149.98
F486,C9483,2024-10-20,Crossbreed,9,Badulla,1,0,Healthy,High,225.75,3.63,8.67,183.61,235.38
F451,C9484,2024-07-08,Jersey,3,Nuwara Eliya,9,0,Healthy,High,216.65,4.68,8.82,192.39,192.83
F341,C9485,2024-01-23,Crossbreed,3,Monaragala,3,0,Healthy,Low,203.53,3.63,8.78,167.69,196.05
F180,C9486,2024-12-09,Crossbreed,7,Kurunegala,8,1,At_Risk,Medium,149.32,3.71,9.0,183.59,131.44
F474,C9487,2024-12-09,Jersey,9,Kandy,4,0,Healthy,Low,363.61,4.04,8.6,178.06,361.01
F499,C9488,2024-04-29,Local,10,Badulla,9,1,At_Risk,Medium,37.64,4.76,8.67,179.43,36.34
F39,C9489,2024-10-10,Local,8,Polonnaruwa,4,0,Healthy,Medium,119.77,4.01,8.45,181.05,124.41
F483,C9490,2024-11-05,Local,10,Badulla,10,0,Healthy,Low,47.72,4.21,8.71,180.11,46.8
F334,C9491,2024-05-09,Crossbreed,9,Matale,6,0,Healthy,Medium,190.26,4.54,8.79,180.59,161.85
F397,C9492,2024-03-01,Crossbreed,3,Anuradhapura,3,0,Healthy,Low,226.31,3.5,8.22,184.73,229.92
F83,C9493,2024-01-31,Jersey,4,Badulla,10,0,Healthy,High,221.22,4.77,9.02,180.39,192.59
F251,C9494,2024-07-27,Holstein,2,Monaragala,8,0,Healthy,Low,388.35,4.05,8.63,173.41,389.32
F262,C9495,2024-11-22,Holstein,4,Nuwara Eliya,6,0,Healthy,Low,313.41,3.98,8.66,186.46,271.95
F245,C9496,2024-10-05,Crossbreed,6,Monaragala,7,3,Sick,High,105.06,4.63,8.43,181.38,98.68
F141,C9497,2024-08-10,Holstein,7,Kandy,2,2,Sick,High,276.31,3.52,8.95,176.86,279.11
F39,C9498,2024-11-05,Holstein,2,Polonnaruwa,8,3,Sick,Medium,165.32,3.87,8.71,173.99,172.49
F369,C9499,2024-05-02,Local,2,Polonnaruwa,1,1,At_Risk,High,75.55,4.74,9.17,190.7,73.88
F13,C9500,2024-06-26,Crossbreed,3,Matale,2,2,Sick,High,136.24,4.17,9.06,180.63,116.27
F135,C9501,2024-02-26,Jersey,6,Badulla,6,0,Healthy,High,213.47,3.76,8.88,180.18,216.68
F450,C9502,2024-07-07,Jersey,8,Monaragala,1,1,At_Risk,Low,265.21,4.36,8.87,189.65,271.9
F388,C9503,2024-02-25,Crossbreed,8,Kurunegala,4,0,Healthy,High,167.43,3.61,8.64,177.86,171.32
F321,C9504,2024-01-12,Crossbreed,6,Nuwara Eliya,8,3,Sick,High,93.21,4.7,8.38,188.18,91.31
F238,C9505,2024-06-22,Jersey,5,Monaragala,1,0,Healthy,Low,343.91,4.0,8.84,182.32,304.94
F268,C9506,2024-10-21,Crossbreed,2,Nuwara Eliya,8,0,Healthy,High,234.61,3.52,8.38,165.64,236.57
F150,C9507,2024-05-27,Jersey,3,Kurunegala,10,3,Sick,High,84.65,3.88,8.74,188.75,86.15
F361,C9508,2024-06-01,Jersey,8,Kandy,3,2,Sick,Low,208.67,4.63,8.71,188.1,189.91
F88,C9509,2024-05-31,Crossbreed,6,Monaragala,8,2,Sick,Low,90.58,4.37,8.64,175.66,91.07
F77,C9510,2024-11-09,Crossbreed,5,Monaragala,4,0,Healthy,High,166.78,4.14,8.58,178.31,161.86
F396,C9511,2024-09-25,Crossbreed,10,Matale,4,0,Healthy,Medium,152.05,4.23,8.26,188.52,152.72
F75,C9512,2024-05-31,Jersey,9,Kurunegala,5,2,Sick,Medium,170.48,3.83,8.93,176.19,154.35
F87,C9513,2024-09-20,Local,8,Monaragala,6,0,Healthy,Medium,101.1,4.2,8.84,190.25,94.56
F455,C9514,2024-07-28,Local,8,Kandy,1,0,Healthy,Medium,69.85,4.05,9.04,177.36,61.7
F403,C9515,2024-01-04,Jersey,2,Anuradhapura,10,2,Sick,Low,157.44,4.02,8.68,174.98,152.63
F331,C9516,2024-02-03,Holstein,9,Monaragala,7,0,Healthy,High,483.12,3.61,8.85,172.97,483.79
F204,C9517,2024-04-28,Holstein,8,Polonnaruwa,9,0,Healthy,High,321.66,4.28,9.1,191.4,304.95
F187,C9518,2024-09-02,Holstein,2,Monaragala,6,2,Sick,Low,219.99,3.79,8.36,182.55,205.45
F292,C9519,2024-04-20,Jersey,5,Badulla,1,1,At_Risk,High,296.38,4.08,9.02,187.64,280.88
F423,C9520,2024-04-25,Crossbreed,5,Matale,4,0,Healthy,Medium,159.34,3.9,8.34,170.81,144.49
F87,C9521,2024-03-29,Jersey,2,Kurunegala,9,1,At_Risk,Medium,142.89,4.77,9.18,193.0,128.77
F128,C9522,2024-03-13,Jersey,6,Nuwara Eliya,9,1,At_Risk,High,190.66,4.25,8.8,182.72,176.38
F218,C9523,2024-06-19,Local,10,Badulla,2,3,Sick,Low,34.13,4.01,9.17,184.68,35.01
F319,C9524,2024-06-13,Local,9,Matale,3,0,Healthy,Low,62.85,3.96,8.48,173.26,65.09
F479,C9525,2024-08-05,Local,9,Monaragala,4,2,Sick,High,57.38,4.45,9.2,182.15,50.48
F208,C9526,2024-02-17,Local,9,Badulla,8,2,Sick,Low,47.64,3.89,8.53,178.35,43.72
F254,C9527,2024-04-27,Crossbreed,6,Badulla,5,2,Sick,High,105.56,4.03,8.39,183.04,101.91
F495,C9528,2024-12-04,Local,7,Polonnaruwa,8,2,Sick,Low,60.37,4.0,9.1,180.1,53.95
F172,C9529,2024-04-02,Holstein,6,Kurunegala,9,0,Healthy,Low,270.15,4.29,8.98,175.08,233.79
F220,C9530,2024-03-29,Local,2,Matale,4,1,At_Risk,Low,81.47,4.17,8.36,186.54,73.07
F493,C9531,2024-12-25,Holstein,4,Anuradhapura,7,0,Healthy,High,339.66,3.91,8.38,184.65,299.75
F329,C9532,2024-02-20,Crossbreed,5,Matale,6,1,At_Risk,Low,121.41,4.79,8.53,192.89,110.73
F403,C9533,2024-11-19,Holstein,8,Polonnaruwa,10,2,Sick,Low,171.95,3.58,8.35,179.48,165.66
F264,C9534,2024-02-02,Holstein,6,Polonnaruwa,8,0,Healthy,Low,474.48,3.61,9.03,166.93,475.0
F55,C9535,2024-03-27,Jersey,4,Kurunegala,8,2,Sick,Low,162.25,4.13,8.41,181.56,150.3
F14,C9536,2024-01-16,Crossbreed,7,Kurunegala,3,0,Healthy,Medium,277.42,3.88,8.72,171.4,255.53
F134,C9537,2024-07-09,Jersey,6,Anuradhapura,10,0,Healthy,Medium,212.52,3.84,8.66,182.49,182.75
F357,C9538,2024-06-17,Holstein,10,Anuradhapura,10,1,At_Risk,High,242.82,3.58,9.04,179.8,248.55
F83,C9539,2024-08-05,Local,6,Badulla,7,2,Sick,Low,36.72,4.6,8.99,194.98,32.62
F489,C9540,2024-09-16,Holstein,3,Polonnaruwa,5,0,Healthy,Low,437.92,4.44,8.77,175.66,418.14
F439,C9541,2024-08-04,Holstein,2,Badulla,3,1,At_Risk,High,410.24,4.1,8.85,180.84,378.45
F394,C9542,2024-04-04,Crossbreed,6,Matale,3,0,Healthy,Medium,223.0,4.1,8.46,190.99,226.37
F237,C9543,2024-09-28,Local,5,Kandy,10,0,Healthy,Low,72.32,3.64,9.04,166.82,69.06
F445,C9544,2024-11-02,Holstein,8,Nuwara Eliya,9,1,At_Risk,Low,232.57,3.64,8.45,183.22,216.8
F160,C9545,2024-01-31,Crossbreed,8,Kandy,6,2,Sick,High,83.65,4.65,8.94,184.24,72.09
F140,C9546,2024-09-08,Local,4,Matale,3,0,Healthy,Medium,74.5,4.44,8.99,179.21,71.67
F170,C9547,2024-11-02,Local,10,Kurunegala,3,3,Sick,High,35.11,4.68,8.38,177.62,33.07
F111,C9548,2024-07-29,Crossbreed,8,Anuradhapura,2,2,Sick,Low,123.16,4.53,8.56,190.66,122.26
F306,C9549,2024-10-04,Jersey,2,Anuradhapura,10,0,Healthy,Low,238.23,4.7,8.86,196.35,208.99
F405,C9550,2024-05-08,Local,5,Kandy,2,1,At_Risk,Medium,63.82,4.36,8.9,185.88,57.23
F149,C9551,2024-04-14,Jersey,5,Monaragala,6,0,Healthy,High,324.84,4.21,8.89,178.74,321.97
F428,C9552,2024-07-27,Jersey,3,Nuwara Eliya,8,2,Sick,Low,210.71,4.72,8.7,196.33,211.53
F64,C9553,2024-12-17,Holstein,8,Kurunegala,4,0,Healthy,High,362.87,4.52,9.11,183.19,311.38
F476,C9554,2024-01-26,Crossbreed,3,Badulla,9,3,Sick,Medium,70.24,3.64,8.4,184.94,66.07
F96,C9555,2024-06-03,Jersey,4,Matale,6,1,At_Risk,Medium,264.83,4.63,8.7,182.87,257.88
F264,C9556,2024-05-04,Crossbreed,10,Badulla,7,3,Sick,Low,99.83,4.16,8.71,190.24,94.57
F270,C9557,2024-04-26,Holstein,5,Monaragala,6,1,At_Risk,Medium,423.14,4.0,9.13,182.11,409.69
F157,C9558,2024-04-02,Jersey,6,Kurunegala,2,3,Sick,Medium,106.63,4.69,8.86,195.1,108.31
F312,C9559,2024-08-02,Holstein,4,Monaragala,6,2,Sick,Medium,238.27,4.69,9.12,186.4,212.07
F88,C9560,2024-01-03,Jersey,9,Matale,1,2,Sick,Medium,156.51,4.58,9.07,181.6,134.76
F291,C9561,2024-08-27,Crossbreed,6,Monaragala,6,0,Healthy,High,140.2,3.71,9.01,175.81,134.08
F384,C9562,2024-10-02,Local,2,Kurunegala,5,3,Sick,High,46.12,4.5,8.67,189.9,40.43
F362,C9563,2024-10-18,Local,3,Monaragala,6,0,Healthy,Low,93.86,4.43,8.86,189.93,81.41
F285,C9564,2024-08-18,Local,3,Polonnaruwa,3,0,Healthy,High,109.36,4.28,8.62,192.14,103.22
F360,C9565,2024-10-23,Crossbreed,8,Nuwara Eliya,1,0,Healthy,Low,164.91,4.09,8.77,173.86,147.44
F21,C9566,2024-02-28,Crossbreed,6,Anuradhapura,3,0,Healthy,Medium,234.71,3.56,9.08,175.82,218.13
F436,C9567,2024-03-03,Local,6,Badulla,4,0,Healthy,High,88.78,3.86,9.03,178.02,82.38
F495,C9568,2024-12-24,Holstein,7,Polonnaruwa,9,1,At_Risk,Medium,206.68,4.15,8.63,175.02,182.87
F149,C9569,2024-11-26,Jersey,9,Nuwara Eliya,7,2,Sick,Low,151.37,3.51,8.94,177.11,142.47
F424,C9570,2024-02-17,Holstein,3,Kurunegala,2,0,Healthy,Low,333.52,4.51,8.67,191.6,294.95
F308,C9571,2024-11-15,Crossbreed,3,Polonnaruwa,7,3,Sick,Medium,93.4,3.82,9.1,184.06,90.08
F72,C9572,2024-09-19,Crossbreed,2,Kandy,6,0,Healthy,Low,206.52,4.05,8.23,189.67,178.63
F352,C9573,2024-04-21,Local,6,Polonnaruwa,10,1,At_Risk,High,40.8,4.54,9.11,177.18,42.78
F373,C9574,2024-03-13,Jersey,5,Matale,4,0,Healthy,Low,379.28,4.49,8.92,180.3,387.26
F416,C9575,2024-10-09,Jersey,2,Anuradhapura,3,0,Healthy,High,310.17,4.1,8.68,180.16,319.69
F393,C9576,2024-02-23,Local,6,Kurunegala,6,0,Healthy,Low,99.52,4.2,8.26,180.86,99.68
F153,C9577,2024-12-26,Jersey,4,Monaragala,4,2,Sick,Medium,170.01,3.86,8.45,180.17,154.02
F140,C9578,2024-10-17,Local,4,Matale,4,1,At_Risk,Low,71.75,3.86,8.97,170.75,68.53
F46,C9579,2024-08-10,Holstein,8,Kandy,2,0,Healthy,Low,400.82,4.59,8.54,187.74,373.8
F95,C9580,2024-02-20,Local,8,Kandy,6,1,At_Risk,High,61.71,4.41,9.11,179.65,58.97
F172,C9581,2024-09-27,Local,8,Nuwara Eliya,4,2,Sick,Medium,49.52,4.34,8.93,184.69,44.99
F152,C9582,2024-01-19,Holstein,7,Kandy,1,3,Sick,Medium,190.76,3.66,8.82,173.43,191.3
F286,C9583,2024-03-13,Holstein,10,Kurunegala,3,2,Sick,High,389.01,3.78,9.11,182.45,383.85
F144,C9584,2024-02-29,Local,3,Polonnaruwa,4,3,Sick,High,31.08,3.73,8.22,182.09,27.57
F492,C9585,2024-01-30,Local,4,Kandy,9,0,Healthy,High,76.78,3.82,8.64,184.63,79.09
F399,C9586,2024-11-23,Holstein,9,Kurunegala,4,0,Healthy,High,538.93,4.11,8.41,185.45,513.9
F380,C9587,2024-12-28,Local,9,Nuwara Eliya,5,1,At_Risk,Low,71.46,4.53,8.35,179.37,70.91
F15,C9588,2024-06-17,Holstein,4,Kandy,1,0,Healthy,High,345.96,3.98,8.8,174.32,310.28
F223,C9589,2024-04-11,Jersey,6,Matale,8,0,Healthy,Medium,315.83,4.13,8.26,187.61,304.33
F283,C9590,2024-09-24,Crossbreed,8,Anuradhapura,2,2,Sick,Low,154.0,3.86,8.72,173.73,142.98
F120,C9591,2024-04-05,Holstein,5,Polonnaruwa,10,0,Healthy,Medium,327.91,3.72,8.35,174.36,327.61
F31,C9592,2024-06-28,Crossbreed,10,Matale,3,0,Healthy,Low,153.45,4.6,8.32,181.38,144.6
F290,C9593,2024-08-25,Crossbreed,8,Badulla,2,0,Healthy,High,237.97,3.69,8.45,176.71,208.08
F224,C9594,2024-08-10,Local,4,Kandy,2,0,Healthy,Medium,60.54,4.21,8.24,173.01,54.28
F99,C9595,2024-07-19,Jersey,6,Polonnaruwa,1,0,Healthy,High,293.52,3.83,8.56,183.44,275.33
F357,C9596,2024-07-12,Local,3,Nuwara Eliya,10,0,Healthy,High,66.39,4.73,9.05,179.74,64.53
F78,C9597,2024-05-11,Holstein,7,Polonnaruwa,5,1,At_Risk,Low,485.65,3.8,8.37,186.28,481.93
F313,C9598,2024-05-20,Holstein,6,Anuradhapura,3,1,At_Risk,High,422.89,4.78,8.69,178.05,441.0
F29,C9599,2024-02-25,Local,3,Kandy,9,0,Healthy,High,45.08,3.54,8.43,185.13,40.57
F26,C9600,2024-08-23,Holstein,3,Kurunegala,6,1,At_Risk,Low,273.12,3.98,8.45,177.28,266.83
F63,C9601,2024-12-30,Holstein,3,Badulla,1,0,Healthy,Low,366.21,3.97,8.88,178.29,330.88
F322,C9602,2024-06-19,Local,7,Anuradhapura,3,0,Healthy,Medium,63.28,4.02,8.55,185.1,54.07
F39,C9603,2024-12-29,Local,2,Monaragala,7,2,Sick,High,35.63,3.83,8.82,171.91,33.28
F498,C9604,2024-07-25,Holstein,8,Monaragala,6,1,At_Risk,High,377.85,3.65,8.81,169.86,394.97
F336,C9605,2024-01-02,Local,10,Nuwara Eliya,5,1,At_Risk,Low,54.95,3.74,8.56,186.07,56.08
F392,C9606,2024-05-04,Local,7,Anuradhapura,2,0,Healthy,Low,54.37,4.76,8.4,178.92,49.24
F354,C9607,2024-10-25,Holstein,6,Anuradhapura,6,1,At_Risk,Medium,307.03,4.63,8.62,186.95,286.15
F434,C9608,2024-07-18,Crossbreed,6,Kurunegala,10,0,Healthy,Medium,134.91,3.62,8.79,170.42,136.68
F175,C9609,2024-08-09,Jersey,9,Monaragala,3,0,Healthy,Low,369.15,3.67,8.73,177.72,331.6
F325,C9610,2024-03-08,Jersey,3,Anuradhapura,4,0,Healthy,Medium,361.93,3.56,8.35,166.51,367.36
F171,C9611,2024-02-22,Holstein,2,Matale,10,0,Healthy,Medium,241.11,4.22,8.7,177.1,224.75
F105,C9612,2024-12-14,Local,10,Monaragala,7,0,Healthy,Medium,77.06,4.68,8.92,178.29,79.31
F467,C9613,2024-12-20,Crossbreed,2,Matale,8,2,Sick,High,85.25,3.84,8.82,180.55,83.0
F158,C9614,2024-02-29,Local,2,Nuwara Eliya,4,0,Healthy,Low,77.58,3.82,8.63,183.37,71.46
F427,C9615,2024-05-30,Local,5,Matale,10,0,Healthy,High,61.72,4.38,8.32,186.0,56.68
F76,C9616,2024-03-04,Local,5,Kurunegala,9,1,At_Risk,High,39.48,4.53,8.32,190.46,37.06
F319,C9617,2024-02-16,Holstein,7,Badulla,10,0,Healthy,Medium,349.76,4.74,8.57,177.4,360.42
F406,C9618,2024-09-27,Jersey,6,Badulla,2,3,Sick,High,149.03,3.56,8.94,175.41,140.17
F52,C9619,2024-10-29,Local,9,Badulla,2,0,Healthy,Medium,101.8,3.62,9.19,172.77,89.15
F385,C9620,2024-09-13,Local,10,Monaragala,5,0,Healthy,High,112.7,4.08,8.94,188.69,107.24
F72,C9621,2024-01-17,Local,8,Kurunegala,6,0,Healthy,Medium,94.93,3.67,9.09,175.55,91.23
F24,C9622,2024-07-04,Holstein,6,Monaragala,8,0,Healthy,High,481.29,4.39,8.51,192.49,475.77
F431,C9623,2024-10-27,Local,6,Polonnaruwa,2,0,Healthy,Low,85.01,3.74,8.3,178.32,85.66
F199,C9624,2024-12-01,Crossbreed,10,Badulla,10,0,Healthy,High,156.91,4.45,8.27,186.43,143.87
F67,C9625,2024-05-24,Holstein,4,Anuradhapura,8,1,At_Risk,Low,427.49,3.67,9.02,173.89,389.2
F7,C9626,2024-09-17,Holstein,4,Kurunegala,3,0,Healthy,Medium,500.3,4.39,8.94,193.11,432.21
F13,C9627,2024-04-21,Crossbreed,9,Polonnaruwa,7,2,Sick,High,85.65,3.75,8.32,174.05,82.12
F327,C9628,2024-10-19,Crossbreed,8,Polonnaruwa,6,1,At_Risk,Medium,198.74,3.74,8.47,178.17,175.2
F346,C9629,2024-11-14,Holstein,6,Kandy,1,3,Sick,Medium,209.29,3.85,8.26,176.88,183.46
F114,C9630,2024-09-23,Local,5,Nuwara Eliya,5,3,Sick,Medium,35.95,4.66,8.29,180.57,32.5
F257,C9631,2024-04-13,Local,10,Kurunegala,4,0,Healthy,Low,72.97,3.86,8.22,177.08,73.7
F415,C9632,2024-02-25,Holstein,6,Matale,2,0,Healthy,Low,446.74,4.73,8.75,187.86,457.54
F303,C9633,2024-05-02,Local,4,Kandy,4,0,Healthy,Low,62.22,3.64,8.85,178.78,62.11
F299,C9634,2024-01-15,Holstein,4,Nuwara Eliya,1,1,At_Risk,High,404.32,3.8,8.57,168.24,399.43
F392,C9635,2024-03-23,Crossbreed,2,Kurunegala,8,0,Healthy,Medium,207.99,4.37,8.52,181.09,182.52
F85,C9636,2024-07-31,Holstein,5,Anuradhapura,10,0,Healthy,High,381.99,4.16,8.39,174.98,394.88
F310,C9637,2024-08-02,Holstein,4,Polonnaruwa,3,2,Sick,High,319.95,3.71,9.19,177.14,293.02
F75,C9638,2024-08-28,Local,6,Polonnaruwa,7,0,Healthy,High,75.08,4.59,8.56,192.97,68.16
F497,C9639,2024-03-27,Crossbreed,10,Badulla,8,0,Healthy,Low,218.83,3.72,8.92,186.71,194.6
F106,C9640,2024-04-21,Holstein,9,Kurunegala,4,2,Sick,High,295.9,4.42,8.53,188.25,306.51
F136,C9641,2024-10-12,Holstein,3,Monaragala,10,1,At_Risk,Medium,238.11,4.6,8.97,185.06,210.75
F94,C9642,2024-09-05,Local,7,Kurunegala,6,2,Sick,High,56.83,4.14,8.4,176.18,51.11
F78,C9643,2024-05-23,Jersey,3,Matale,5,1,At_Risk,Medium,305.62,3.59,8.6,167.76,267.1
F44,C9644,2024-06-17,Local,5,Kurunegala,1,2,Sick,Medium,45.59,4.01,9.05,188.1,47.4
F476,C9645,2024-10-04,Jersey,4,Anuradhapura,10,0,Healthy,High,244.22,3.95,8.81,178.87,210.83
F101,C9646,2024-01-04,Crossbreed,6,Anuradhapura,6,0,Healthy,Low,163.72,3.88,8.72,177.22,166.67
F32,C9647,2024-10-10,Crossbreed,2,Monaragala,10,0,Healthy,Medium,115.72,4.68,8.74,194.48,101.49
F224,C9648,2024-06-04,Jersey,5,Polonnaruwa,2,0,Healthy,Medium,260.19,3.72,8.37,187.03,250.58
F56,C9649,2024-01-23,Holstein,6,Badulla,1,3,Sick,Low,221.7,4.32,8.35,176.86,220.84
F126,C9650,2024-07-17,Local,4,Anuradhapura,7,1,At_Risk,Low,82.13,3.56,8.82,180.59,80.85
F279,C9651,2024-12-19,Jersey,3,Nuwara Eliya,7,0,Healthy,High,230.49,4.14,8.54,181.44,228.88
F170,C9652,2024-05-03,Holstein,3,Nuwara Eliya,10,1,At_Risk,High,219.6,3.6,8.79,169.86,193.61
F134,C9653,2024-05-21,Local,2,Badulla,7,1,At_Risk,High,43.46,4.63,8.93,191.69,41.67
F261,C9654,2024-02-18,Holstein,9,Kandy,7,0,Healthy,Low,467.73,4.64,8.68,180.94,444.29
F189,C9655,2024-02-02,Local,2,Nuwara Eliya,1,0,Healthy,High,78.64,4.07,9.09,176.23,78.25
F281,C9656,2024-09-15,Local,4,Kandy,8,0,Healthy,Low,88.95,4.21,8.8,190.88,86.97
F22,C9657,2024-12-26,Local,10,Badulla,4,0,Healthy,High,81.16,3.95,8.5,183.51,84.24
F377,C9658,2024-12-13,Holstein,2,Kandy,10,2,Sick,Medium,158.19,4.56,8.91,178.28,149.8
F374,C9659,2024-10-09,Local,9,Anuradhapura,6,3,Sick,Medium,24.68,4.42,8.58,189.72,23.42
F274,C9660,2024-05-05,Local,4,Monaragala,4,0,Healthy,Medium,79.95,4.79,8.9,188.7,71.59
F465,C9661,2024-08-07,Holstein,3,Badulla,7,0,Healthy,Medium,476.91,4.74,8.28,188.08,411.61
F371,C9662,2024-04-18,Local,4,Polonnaruwa,5,3,Sick,Low,41.22,4.31,8.53,185.4,39.41
F348,C9663,2024-09-13,Crossbreed,6,Monaragala,8,2,Sick,Low,121.81,4.14,8.78,189.17,122.72
F473,C9664,2024-05-04,Local,8,Matale,3,3,Sick,Low,49.06,3.94,9.05,178.75,50.59
F420,C9665,2024-10-05,Holstein,3,Nuwara Eliya,10,0,Healthy,Medium,280.12,4.23,8.2,189.25,278.63
F413,C9666,2024-10-05,Holstein,4,Badulla,2,2,Sick,High,304.55,3.97,9.02,182.42,288.58
F188,C9667,2024-12-15,Crossbreed,9,Badulla,4,0,Healthy,Medium,255.2,4.42,8.9,174.79,267.59
F238,C9668,2024-03-23,Crossbreed,8,Badulla,2,2,Sick,Medium,125.29,4.58,9.02,186.4,107.8
F284,C9669,2024-09-27,Local,6,Polonnaruwa,7,2,Sick,Medium,38.11,3.73,8.28,176.93,37.99
F189,C9670,2024-08-09,Local,4,Badulla,8,3,Sick,Low,42.6,3.65,9.18,182.69,43.82
F209,C9671,2024-04-04,Jersey,2,Monaragala,10,1,At_Risk,Low,176.67,4.35,8.46,176.92,171.44
F436,C9672,2024-04-08,Crossbreed,5,Kandy,1,0,Healthy,High,152.65,4.7,9.03,192.33,130.19
F71,C9673,2024-05-11,Jersey,8,Kandy,7,1,At_Risk,Low,288.2,4.32,8.85,180.82,267.75
F481,C9674,2024-01-23,Holstein,2,Kurunegala,6,0,Healthy,Medium,509.34,4.71,8.79,192.56,511.21
F61,C9675,2024-05-20,Holstein,7,Monaragala,1,2,Sick,High,280.15,4.44,8.54,189.04,291.61
F59,C9676,2024-07-07,Crossbreed,8,Monaragala,8,0,Healthy,High,184.19,3.95,9.08,175.15,178.25
F325,C9677,2024-02-24,Local,5,Kurunegala,7,0,Healthy,Medium,91.99,4.16,8.81,190.84,83.11
F468,C9678,2024-09-28,Crossbreed,3,Anuradhapura,7,2,Sick,Low,118.33,3.73,8.95,184.66,118.67
F391,C9679,2024-02-24,Local,4,Kurunegala,8,1,At_Risk,Low,85.45,4.7,8.85,191.83,84.37
F77,C9680,2024-04-12,Local,6,Kandy,3,0,Healthy,Medium,73.27,3.95,8.25,188.84,65.4
F66,C9681,2024-01-09,Jersey,4,Nuwara Eliya,6,3,Sick,High,139.7,4.05,8.41,171.31,140.53
F486,C9682,2024-08-14,Crossbreed,8,Kurunegala,6,0,Healthy,Medium,167.0,4.37,9.12,191.29,169.13
F437,C9683,2024-08-27,Local,5,Monaragala,6,0,Healthy,Medium,57.33,3.74,9.16,186.0,57.19
F306,C9684,2024-09-30,Holstein,2,Monaragala,10,1,At_Risk,Medium,298.35,4.76,8.34,194.87,297.01
F326,C9685,2024-11-12,Crossbreed,4,Kurunegala,3,1,At_Risk,Medium,229.5,3.66,8.48,184.67,213.71
F128,C9686,2024-05-04,Holstein,6,Matale,10,0,Healthy,High,324.63,4.64,8.6,180.56,340.51
F394,C9687,2024-07-21,Crossbreed,10,Badulla,5,0,Healthy,Low,153.86,3.86,8.5,184.25,136.16
F309,C9688,2024-08-12,Crossbreed,9,Matale,1,0,Healthy,High,139.1,4.37,9.11,191.2,121.13
F261,C9689,2024-10-09,Crossbreed,7,Anuradhapura,4,0,Healthy,Low,268.98,3.95,9.17,172.69,247.66
F262,C9690,2024-08-08,Crossbreed,3,Kandy,3,0,Healthy,Medium,252.75,4.36,8.54,182.64,232.24
F104,C9691,2024-10-30,Crossbreed,8,Nuwara Eliya,3,0,Healthy,Medium,269.38,3.98,8.5,181.98,275.84
F13,C9692,2024-08-24,Crossbreed,3,Monaragala,9,1,At_Risk,High,84.78,4.15,8.41,173.79,75.68
F193,C9693,2024-04-23,Jersey,6,Kandy,5,3,Sick,High,138.98,4.71,8.98,191.8,131.77
F393,C9694,2024-05-18,Local,10,Kandy,2,0,Healthy,High,70.81,3.71,8.35,171.37,65.32
F76,C9695,2024-06-06,Local,7,Matale,4,0,Healthy,Low,105.18,3.88,8.9,172.78,100.29
F380,C9696,2024-07-12,Jersey,2,Monaragala,3,0,Healthy,High,314.85,3.52,8.33,171.76,323.24
F455,C9697,2024-10-29,Holstein,10,Anuradhapura,3,1,At_Risk,Medium,358.76,4.37,8.44,173.75,372.46
F339,C9698,2024-06-11,Jersey,7,Polonnaruwa,5,3,Sick,Low,140.4,3.87,8.83,172.48,141.99
F48,C9699,2024-12-11,Holstein,3,Polonnaruwa,3,1,At_Risk,Low,489.45,4.05,8.77,186.25,426.15
F34,C9700,2024-06-27,Local,9,Matale,2,2,Sick,High,42.72,4.03,9.07,176.57,41.04
F107,C9701,2024-07-14,Jersey,10,Nuwara Eliya,4,1,At_Risk,Medium,223.99,4.8,9.13,181.06,203.0
F319,C9702,2024-01-29,Holstein,10,Kurunegala,8,0,Healthy,Low,331.12,3.68,8.41,181.99,323.08
F160,C9703,2024-03-09,Crossbreed,8,Matale,1,0,Healthy,High,251.37,3.88,8.78,181.44,256.85
F162,C9704,2024-11-10,Local,5,Monaragala,1,2,Sick,Medium,41.76,3.6,8.73,173.85,42.42
F125,C9705,2024-10-21,Holstein,10,Monaragala,2,0,Healthy,High,371.43,3.69,8.7,168.21,373.42
F374,C9706,2024-07-11,Local,7,Kurunegala,8,0,Healthy,Medium,77.59,4.69,8.47,181.16,74.09
F387,C9707,2024-04-24,Crossbreed,4,Kurunegala,1,0,Healthy,High,143.42,4.4,8.72,188.19,143.52
F67,C9708,2024-11-05,Holstein,3,Anuradhapura,9,3,Sick,Medium,121.56,4.27,8.9,180.96,110.28
F321,C9709,2024-09-16,Holstein,6,Kandy,3,0,Healthy,High,428.24,3.84,8.55,182.14,396.23
F493,C9710,2024-01-12,Jersey,7,Monaragala,7,0,Healthy,Low,265.14,4.45,8.48,190.7,265.86
F72,C9711,2024-09-27,Crossbreed,9,Matale,3,3,Sick,Low,78.83,4.33,8.53,183.02,75.5
F53,C9712,2024-08-24,Jersey,10,Polonnaruwa,4,3,Sick,High,118.31,4.39,8.72,181.83,121.53
F451,C9713,2024-12-20,Local,9,Matale,4,0,Healthy,High,105.31,4.4,8.83,180.79,105.5
F10,C9714,2024-08-09,Jersey,8,Matale,4,0,Healthy,High,335.84,4.34,9.01,174.89,303.98
F77,C9715,2024-09-13,Jersey,6,Anuradhapura,4,0,Healthy,Low,377.47,3.85,8.8,185.78,366.36
F5,C9716,2024-11-20,Jersey,3,Nuwara Eliya,1,0,Healthy,Medium,310.05,3.58,8.86,181.72,317.65
F223,C9717,2024-05-13,Holstein,6,Matale,7,2,Sick,Low,210.6,4.38,8.49,178.77,183.51
F336,C9718,2024-03-07,Local,5,Kandy,7,1,At_Risk,Medium,54.23,4.01,9.13,171.62,48.96
F168,C9719,2024-04-14,Local,10,Polonnaruwa,1,0,Healthy,High,55.5,4.13,8.97,175.59,51.32
F40,C9720,2024-11-26,Local,10,Monaragala,10,0,Healthy,Low,74.91,4.47,8.57,181.2,72.73
F463,C9721,2024-12-06,Holstein,5,Badulla,9,2,Sick,Low,217.98,4.23,8.94,174.99,227.7
F247,C9722,2024-11-06,Crossbreed,8,Polonnaruwa,10,2,Sick,High,115.06,4.69,8.4,182.1,106.95
F306,C9723,2024-05-11,Jersey,3,Nuwara Eliya,3,0,Healthy,Low,364.2,4.47,8.25,190.49,351.18
F219,C9724,2024-07-17,Local,9,Monaragala,6,0,Healthy,High,51.16,4.75,8.66,178.37,47.3
F290,C9725,2024-05-08,Jersey,4,Kurunegala,8,3,Sick,Low,144.15,3.84,8.97,184.97,125.39
F249,C9726,2024-07-03,Jersey,5,Monaragala,4,0,Healthy,High,389.12,3.64,8.32,180.43,367.17
F401,C9727,2024-10-22,Local,2,Monaragala,7,0,Healthy,Low,70.24,4.6,8.38,192.53,71.38
F92,C9728,2024-09-13,Holstein,5,Badulla,7,3,Sick,Medium,153.36,3.95,8.24,175.0,133.16
F71,C9729,2024-10-16,Jersey,5,Kandy,8,0,Healthy,Medium,295.49,4.14,8.93,186.95,262.78
F424,C9730,2024-09-10,Crossbreed,10,Badulla,6,0,Healthy,High,224.11,4.49,8.35,191.51,211.17
F35,C9731,2024-06-18,Holstein,7,Nuwara Eliya,4,1,At_Risk,Low,391.61,3.52,9.15,167.77,390.0
F327,C9732,2024-05-29,Jersey,7,Monaragala,8,0,Healthy,Medium,333.21,3.9,8.31,186.27,341.62
F334,C9733,2024-10-24,Holstein,7,Monaragala,3,0,Healthy,Low,565.21,4.4,8.32,179.28,588.93
F100,C9734,2024-03-22,Local,4,Nuwara Eliya,5,1,At_Risk,Low,95.33,4.31,8.9,189.64,95.99
F464,C9735,2024-10-21,Holstein,8,Anuradhapura,6,0,Healthy,Low,398.96,4.23,8.51,189.88,404.72
F280,C9736,2024-06-08,Crossbreed,6,Kurunegala,1,2,Sick,Medium,154.2,3.69,8.83,171.44,136.36
F204,C9737,2024-02-10,Jersey,6,Polonnaruwa,2,1,At_Risk,Low,290.62,4.73,9.13,180.2,275.11
F1,C9738,2024-09-19,Jersey,5,Matale,4,3,Sick,High,166.2,4.72,8.41,185.51,166.86
F70,C9739,2024-07-12,Local,9,Polonnaruwa,10,0,Healthy,Medium,67.77,4.39,8.24,181.61,62.2
F141,C9740,2024-01-01,Local,2,Kurunegala,1,1,At_Risk,Low,75.88,3.53,9.11,175.03,70.42
F2,C9741,2024-12-14,Crossbreed,5,Badulla,6,0,Healthy,Medium,236.9,3.99,8.24,179.36,243.12
F433,C9742,2024-05-28,Holstein,9,Kandy,10,0,Healthy,High,356.28,4.08,8.35,190.77,353.38
F134,C9743,2024-11-26,Holstein,6,Monaragala,8,0,Healthy,High,390.27,4.13,9.2,171.69,394.52
F197,C9744,2024-01-24,Local,8,Kandy,5,2,Sick,Medium,61.04,4.65,8.41,186.82,58.26
F261,C9745,2024-12-28,Local,3,Nuwara Eliya,3,0,Healthy,Medium,89.83,4.44,8.6,182.48,90.35
F37,C9746,2024-12-24,Crossbreed,7,Kandy,1,0,Healthy,High,245.99,3.76,8.84,169.36,244.77
F102,C9747,2024-11-20,Crossbreed,4,Badulla,3,1,At_Risk,Low,141.05,3.56,8.91,181.56,126.17
F491,C9748,2024-06-29,Jersey,3,Kandy,6,1,At_Risk,Low,200.62,4.19,8.72,183.32,199.34
F432,C9749,2024-04-22,Jersey,2,Kandy,4,3,Sick,Medium,163.61,3.81,8.44,174.19,147.45
F409,C9750,2024-12-12,Jersey,5,Kandy,3,3,Sick,Medium,146.99,4.4,8.36,187.43,146.35
F142,C9751,2024-06-28,Jersey,9,Kandy,2,3,Sick,Medium,159.94,4.52,8.69,181.16,139.25
F416,C9752,2024-08-14,Crossbreed,4,Anuradhapura,2,0,Healthy,High,249.4,4.09,8.34,186.34,246.27
F431,C9753,2024-10-18,Jersey,9,Kurunegala,3,0,Healthy,Low,364.89,3.76,8.33,179.88,346.09
F411,C9754,2024-02-09,Holstein,8,Badulla,1,2,Sick,Low,246.68,4.17,8.96,177.12,212.63
F229,C9755,2024-09-27,Crossbreed,2,Anuradhapura,3,0,Healthy,Medium,150.95,3.72,8.95,169.07,156.9
F287,C9756,2024-09-25,Holstein,2,Polonnaruwa,3,3,Sick,Low,244.45,4.72,8.78,191.96,226.82
F189,C9757,2024-12-27,Local,9,Kurunegala,1,0,Healthy,Low,99.25,4.74,8.57,183.1,85.16
F488,C9758,2024-07-27,Jersey,5,Anuradhapura,1,0,Healthy,Medium,345.8,4.09,9.17,190.5,330.97
F146,C9759,2024-04-12,Local,5,Monaragala,10,0,Healthy,High,72.7,3.68,8.61,166.94,70.83
F163,C9760,2024-10-27,Holstein,10,Kurunegala,10,1,At_Risk,Medium,258.03,4.22,8.89,184.87,266.9
F429,C9761,2024-07-30,Local,10,Monaragala,6,3,Sick,Medium,45.17,4.4,8.49,192.49,41.48
F429,C9762,2024-07-23,Crossbreed,3,Kandy,4,0,Healthy,Medium,271.59,4.57,8.23,175.9,264.0
F316,C9763,2024-01-11,Jersey,2,Matale,2,0,Healthy,Medium,297.19,3.81,8.66,173.24,275.86
F63,C9764,2024-06-08,Crossbreed,8,Matale,10,0,Healthy,Medium,154.42,4.06,9.12,187.65,139.82
F37,C9765,2024-06-02,Local,7,Monaragala,5,2,Sick,High,52.53,3.9,8.79,171.92,46.32
F40,C9766,2024-01-01,Holstein,5,Matale,10,2,Sick,Low,205.25,4.37,8.36,178.83,215.41
F431,C9767,2024-07-05,Crossbreed,5,Badulla,9,0,Healthy,Medium,123.3,3.74,8.45,178.73,108.06
F67,C9768,2024-05-24,Crossbreed,3,Nuwara Eliya,8,0,Healthy,Medium,216.1,4.35,9.18,186.37,212.36
F370,C9769,2024-09-27,Crossbreed,5,Polonnaruwa,6,0,Healthy,Medium,202.89,4.09,9.0,174.19,198.85
F229,C9770,2024-05-06,Jersey,5,Polonnaruwa,5,0,Healthy,Low,257.6,3.64,9.11,180.93,250.79
F487,C9771,2024-07-27,Jersey,10,Polonnaruwa,4,0,Healthy,Low,362.47,4.29,8.37,174.78,350.56
F421,C9772,2024-12-03,Holstein,10,Polonnaruwa,10,0,Healthy,Medium,330.53,3.62,8.57,166.24,321.45
F151,C9773,2024-10-31,Jersey,5,Badulla,3,3,Sick,High,166.17,4.71,8.25,196.91,165.51
F333,C9774,2024-11-26,Jersey,2,Kandy,2,1,At_Risk,Medium,208.97,3.78,8.61,175.12,213.15
F400,C9775,2024-12-19,Jersey,3,Badulla,8,0,Healthy,Low,334.86,4.6,8.33,192.27,290.72
F329,C9776,2024-02-22,Local,7,Nuwara Eliya,10,2,Sick,High,48.4,4.21,8.9,184.31,42.14
F473,C9777,2024-01-28,Holstein,5,Kandy,3,1,At_Risk,High,461.02,4.06,9.02,176.79,467.07
F159,C9778,2024-09-24,Jersey,6,Monaragala,4,2,Sick,Low,214.96,4.25,9.2,186.85,215.13
F359,C9779,2024-10-21,Holstein,9,Matale,7,0,Healthy,Medium,470.22,4.75,8.36,178.88,480.83
F189,C9780,2024-12-19,Holstein,6,Polonnaruwa,2,0,Healthy,Low,414.44,4.45,8.88,193.63,399.58
F498,C9781,2024-01-27,Crossbreed,5,Monaragala,3,1,At_Risk,Low,179.3,4.73,8.54,195.81,171.73
F8,C9782,2024-03-29,Crossbreed,4,Monaragala,3,0,Healthy,Medium,272.13,4.61,8.51,192.2,252.32
F299,C9783,2024-09-09,Local,3,Nuwara Eliya,8,1,At_Risk,Low,73.89,4.1,9.15,172.42,69.3
F282,C9784,2024-01-14,Jersey,5,Monaragala,1,0,Healthy,Medium,225.3,4.36,8.81,181.66,222.74
F472,C9785,2024-01-26,Local,2,Matale,3,0,Healthy,Low,90.95,4.21,8.48,177.09,94.83
F242,C9786,2024-04-23,Crossbreed,8,Polonnaruwa,4,0,Healthy,Medium,243.63,3.71,8.84,180.42,229.82
F326,C9787,2024-11-21,Jersey,2,Badulla,4,1,At_Risk,Low,323.87,4.61,8.71,188.55,317.71
F145,C9788,2024-03-26,Local,9,Nuwara Eliya,2,0,Healthy,Medium,80.74,3.97,8.39,181.6,76.58
F388,C9789,2024-07-31,Crossbreed,10,Polonnaruwa,1,2,Sick,Low,141.0,4.38,8.98,190.41,137.05
F386,C9790,2024-07-13,Jersey,2,Monaragala,9,0,Healthy,Low,184.71,3.99,8.26,180.52,188.4
F440,C9791,2024-05-27,Holstein,4,Kurunegala,4,0,Healthy,Medium,352.88,4.16,9.1,183.32,320.22
F283,C9792,2024-08-07,Holstein,10,Kurunegala,9,0,Healthy,Low,261.43,3.81,8.44,182.69,235.59
F171,C9793,2024-12-20,Local,3,Monaragala,8,0,Healthy,High,88.52,4.75,8.83,188.46,84.14
F1,C9794,2024-03-06,Holstein,5,Matale,6,0,Healthy,High,487.15,4.5,9.16,180.17,501.57
F65,C9795,2024-04-11,Crossbreed,6,Anuradhapura,2,0,Healthy,Low,221.0,4.07,8.33,182.13,198.33
F187,C9796,2024-03-11,Holstein,8,Badulla,9,0,Healthy,Medium,233.76,3.54,8.36,174.66,203.06
F392,C9797,2024-11-23,Local,8,Matale,4,0,Healthy,High,106.58,4.08,8.72,177.57,96.1
F382,C9798,2024-12-28,Holstein,2,Kurunegala,10,1,At_Risk,High,218.09,3.59,8.45,184.64,228.3
F296,C9799,2024-02-11,Local,3,Nuwara Eliya,2,0,Healthy,High,97.21,4.15,9.1,187.33,98.0
F367,C9800,2024-03-16,Holstein,7,Monaragala,6,2,Sick,Medium,291.48,4.34,8.26,183.79,273.37
F200,C9801,2024-04-22,Holstein,7,Nuwara Eliya,7,0,Healthy,Low,419.11,3.87,8.97,173.76,405.84
F40,C9802,2024-06-26,Jersey,5,Nuwara Eliya,1,2,Sick,Medium,154.29,3.54,8.97,181.39,156.81
F313,C9803,2024-03-13,Local,2,Badulla,6,0,Healthy,Medium,73.91,4.03,8.37,175.61,64.33
F450,C9804,2024-08-20,Jersey,7,Polonnaruwa,3,1,At_Risk,Low,330.16,3.54,8.85,181.1,344.41
F481,C9805,2024-05-19,Local,7,Kurunegala,6,3,Sick,Low,44.91,3.63,8.59,170.71,46.37
F135,C9806,2024-11-15,Crossbreed,10,Kandy,2,1,At_Risk,High,145.6,4.63,8.53,186.08,127.2
F346,C9807,2024-04-15,Jersey,8,Matale,8,0,Healthy,Low,246.82,3.85,8.65,185.58,253.42
F18,C9808,2024-04-14,Jersey,10,Monaragala,10,0,Healthy,Medium,230.02,3.66,9.14,171.14,208.95
F132,C9809,2024-08-03,Local,2,Kandy,6,0,Healthy,Medium,92.76,3.59,9.05,184.39,82.93
F281,C9810,2024-04-16,Local,9,Nuwara Eliya,4,1,At_Risk,Low,75.45,4.0,8.41,174.73,77.05
F175,C9811,2024-10-02,Local,10,Badulla,10,2,Sick,Low,33.94,4.63,9.12,190.31,31.95
F291,C9812,2024-08-22,Jersey,5,Polonnaruwa,4,0,Healthy,Low,368.67,4.5,8.21,178.03,354.02
F255,C9813,2024-12-18,Crossbreed,2,Polonnaruwa,9,1,At_Risk,High,147.65,4.55,8.56,190.86,140.92
F329,C9814,2024-06-24,Crossbreed,8,Matale,4,0,Healthy,High,239.83,4.35,8.82,181.75,250.05
F186,C9815,2024-12-27,Holstein,9,Badulla,3,0,Healthy,Medium,523.6,3.85,8.96,183.89,516.36
F186,C9816,2024-03-18,Crossbreed,9,Nuwara Eliya,7,2,Sick,Medium,119.16,3.52,8.57,174.3,113.39
F277,C9817,2024-11-06,Local,6,Polonnaruwa,1,0,Healthy,Medium,64.47,4.75,8.91,189.42,61.67
F489,C9818,2024-11-27,Jersey,9,Anuradhapura,8,3,Sick,High,101.24,3.82,8.26,184.64,94.35
F274,C9819,2024-06-19,Local,10,Kurunegala,8,3,Sick,Medium,36.91,4.54,8.8,187.65,33.95
F344,C9820,2024-09-22,Local,9,Matale,5,1,At_Risk,Low,72.55,4.22,8.97,177.53,62.56
F62,C9821,2024-03-29,Local,6,Badulla,8,0,Healthy,Low,56.09,4.73,8.27,186.09,56.77
F439,C9822,2024-11-01,Holstein,9,Anuradhapura,1,0,Healthy,Medium,326.04,3.58,8.33,172.22,300.1
F70,C9823,2024-10-07,Holstein,5,Polonnaruwa,5,0,Healthy,Low,420.72,3.76,9.16,177.23,389.81
F126,C9824,2024-12-05,Jersey,2,Kandy,10,2,Sick,Low,114.96,4.03,8.69,188.4,101.52
F373,C9825,2024-01-25,Crossbreed,8,Badulla,8,0,Healthy,Low,215.5,4.41,8.73,181.8,209.82
F270,C9826,2024-05-21,Jersey,5,Polonnaruwa,9,0,Healthy,Low,244.64,4.01,9.19,187.03,214.57
F347,C9827,2024-05-29,Local,2,Nuwara Eliya,7,1,At_Risk,Medium,72.02,3.69,9.05,184.37,69.97
F340,C9828,2024-04-05,Crossbreed,8,Monaragala,1,0,Healthy,Medium,145.58,4.51,8.69,187.32,130.89
F461,C9829,2024-04-30,Jersey,7,Nuwara Eliya,5,0,Healthy,Medium,367.96,4.72,8.23,179.44,346.07
F285,C9830,2024-11-05,Crossbreed,8,Badulla,2,0,Healthy,Low,234.33,4.17,8.41,175.62,204.06
F289,C9831,2024-02-11,Local,5,Monaragala,6,3,Sick,Medium,26.51,4.21,9.13,185.3,22.91
F77,C9832,2024-02-10,Jersey,7,Badulla,2,2,Sick,Low,167.12,4.43,8.96,191.57,145.85
F489,C9833,2024-09-06,Holstein,3,Nuwara Eliya,1,0,Healthy,Low,424.77,3.72,9.01,169.13,403.93
F152,C9834,2024-11-13,Jersey,4,Kandy,2,1,At_Risk,Low,269.83,4.26,9.03,186.55,233.59
F345,C9835,2024-11-18,Holstein,2,Monaragala,8,0,Healthy,High,333.94,4.12,8.25,178.16,334.88
F82,C9836,2024-08-12,Holstein,9,Kurunegala,8,0,Healthy,Low,435.8,3.73,8.4,167.63,446.97
F61,C9837,2024-09-08,Local,7,Monaragala,2,2,Sick,Low,59.18,4.48,8.56,174.97,60.39
F33,C9838,2024-09-19,Crossbreed,7,Monaragala,1,1,At_Risk,Medium,119.64,4.71,8.25,181.44,125.42
F125,C9839,2024-09-13,Local,10,Polonnaruwa,8,0,Healthy,Medium,76.57,4.4,8.86,179.03,65.3
F200,C9840,2024-06-18,Jersey,9,Kandy,10,0,Healthy,Low,246.77,3.92,8.96,170.59,221.33
F376,C9841,2024-10-31,Holstein,8,Anuradhapura,6,0,Healthy,Low,354.86,3.7,8.55,170.18,332.4
F317,C9842,2024-04-12,Holstein,9,Matale,1,0,Healthy,Medium,336.01,4.26,9.17,185.98,292.08
F282,C9843,2024-04-19,Local,5,Monaragala,3,1,At_Risk,Medium,52.31,3.94,8.73,173.5,54.14
F193,C9844,2024-05-27,Holstein,3,Polonnaruwa,10,1,At_Risk,Low,302.83,3.88,8.44,179.15,286.45
F172,C9845,2024-09-19,Holstein,4,Anuradhapura,8,1,At_Risk,High,336.54,3.78,9.16,183.22,305.05
F360,C9846,2024-05-30,Holstein,3,Nuwara Eliya,9,0,Healthy,High,333.44,4.69,8.89,188.25,318.15
F422,C9847,2024-05-17,Jersey,8,Badulla,7,0,Healthy,Low,259.6,4.76,8.24,194.71,271.94
F116,C9848,2024-08-08,Holstein,2,Badulla,1,1,At_Risk,High,273.26,4.52,9.08,177.0,246.03
F84,C9849,2024-04-18,Local,10,Matale,7,3,Sick,High,28.5,4.28,8.61,190.28,24.69
F67,C9850,2024-11-08,Local,4,Nuwara Eliya,10,1,At_Risk,Medium,63.38,4.03,8.8,184.18,55.3
F41,C9851,2024-12-07,Local,4,Badulla,4,0,Healthy,High,91.75,3.63,8.24,177.3,90.9
F13,C9852,2024-03-10,Local,5,Matale,9,0,Healthy,High,66.16,3.61,9.04,172.88,63.89
F245,C9853,2024-09-16,Holstein,3,Anuradhapura,4,0,Healthy,Medium,487.03,3.83,8.76,180.36,475.66
F494,C9854,2024-04-10,Crossbreed,8,Kurunegala,5,0,Healthy,High,243.18,3.98,8.61,173.08,212.98
F257,C9855,2024-05-24,Local,2,Anuradhapura,4,0,Healthy,Medium,106.49,4.02,8.28,182.8,92.96
F231,C9856,2024-05-13,Holstein,6,Monaragala,1,0,Healthy,High,508.5,4.36,8.69,179.61,522.57
F184,C9857,2024-07-03,Holstein,3,Anuradhapura,6,3,Sick,Medium,188.83,3.74,8.56,178.03,178.67
F381,C9858,2024-10-08,Holstein,6,Kurunegala,8,0,Healthy,Low,302.53,4.49,9.03,181.38,301.36
F242,C9859,2024-05-27,Crossbreed,4,Badulla,5,3,Sick,Low,100.18,3.6,8.77,174.38,95.34
F429,C9860,2024-09-21,Crossbreed,9,Kandy,10,0,Healthy,High,127.24,4.17,8.3,185.5,116.27
F60,C9861,2024-06-12,Crossbreed,2,Polonnaruwa,6,0,Healthy,High,232.7,3.59,8.53,185.31,239.01
F496,C9862,2024-06-19,Crossbreed,3,Monaragala,7,0,Healthy,Medium,201.48,4.35,9.06,176.13,206.54
F10,C9863,2024-05-12,Holstein,4,Matale,8,0,Healthy,Medium,444.35,4.56,9.15,182.28,444.94
F51,C9864,2024-06-20,Holstein,6,Kurunegala,1,0,Healthy,Low,507.89,4.53,8.3,190.9,471.07
F280,C9865,2024-11-28,Crossbreed,5,Nuwara Eliya,3,1,At_Risk,Low,220.28,4.05,8.62,187.03,194.84
F165,C9866,2024-09-01,Jersey,2,Matale,1,3,Sick,Medium,121.56,3.76,8.63,175.28,125.63
F147,C9867,2024-03-04,Holstein,5,Monaragala,9,0,Healthy,Low,346.27,4.22,8.49,187.57,344.04
F407,C9868,2024-12-28,Crossbreed,3,Anuradhapura,7,0,Healthy,Medium,205.77,4.01,8.76,178.58,178.17
F305,C9869,2024-05-03,Crossbreed,4,Kurunegala,7,0,Healthy,High,203.94,3.62,8.41,181.09,174.62
F129,C9870,2024-06-21,Jersey,9,Monaragala,8,1,At_Risk,High,210.87,3.65,8.51,178.11,188.33
F96,C9871,2024-10-15,Crossbreed,10,Badulla,4,2,Sick,High,110.0,3.51,9.15,167.07,102.47
F349,C9872,2024-05-10,Crossbreed,7,Polonnaruwa,7,3,Sick,High,98.43,4.34,8.23,178.24,88.8
F390,C9873,2024-10-24,Holstein,5,Kurunegala,1,0,Healthy,Medium,511.65,4.11,8.86,189.93,444.89
F200,C9874,2024-11-12,Crossbreed,2,Monaragala,3,0,Healthy,Medium,153.51,4.72,8.76,180.67,134.78
F486,C9875,2024-09-24,Crossbreed,2,Polonnaruwa,3,2,Sick,Medium,103.68,4.15,8.53,177.0,94.35
F203,C9876,2024-02-20,Jersey,8,Polonnaruwa,6,0,Healthy,Low,308.62,3.96,8.42,185.95,297.36
F161,C9877,2024-07-15,Crossbreed,5,Anuradhapura,8,0,Healthy,Medium,229.19,4.58,9.03,186.43,223.58
F435,C9878,2024-08-22,Crossbreed,3,Polonnaruwa,5,2,Sick,High,148.2,3.5,9.2,173.6,138.0
F259,C9879,2024-02-10,Holstein,3,Badulla,8,1,At_Risk,High,402.53,4.13,8.99,187.25,342.47
F397,C9880,2024-10-08,Crossbreed,4,Nuwara Eliya,1,2,Sick,High,134.77,4.33,8.45,181.35,119.69
F221,C9881,2024-04-28,Holstein,10,Nuwara Eliya,9,0,Healthy,Medium,382.75,4.63,8.69,193.18,327.47
F249,C9882,2024-10-25,Holstein,9,Nuwara Eliya,2,2,Sick,High,207.14,3.58,8.45,169.43,184.19
F143,C9883,2024-12-08,Crossbreed,10,Kandy,6,0,Healthy,High,145.9,4.24,8.38,185.71,136.73
F239,C9884,2024-06-01,Local,5,Nuwara Eliya,3,1,At_Risk,High,92.09,3.89,9.01,184.23,86.71
F333,C9885,2024-10-25,Holstein,5,Kurunegala,8,0,Healthy,High,456.43,4.26,8.69,173.52,472.02
F255,C9886,2024-07-15,Local,3,Polonnaruwa,8,1,At_Risk,Low,54.53,4.03,8.66,170.92,50.51
F206,C9887,2024-11-07,Holstein,6,Anuradhapura,5,0,Healthy,Low,592.35,4.7,8.24,187.58,575.75
F122,C9888,2024-10-13,Holstein,5,Badulla,7,0,Healthy,Low,470.98,4.39,8.82,180.24,465.5
F8,C9889,2024-01-26,Local,8,Monaragala,1,1,At_Risk,High,69.23,3.68,8.75,180.06,66.09
F267,C9890,2024-02-18,Holstein,4,Kandy,10,2,Sick,Low,152.79,3.76,8.39,174.05,152.33
F115,C9891,2024-11-04,Holstein,9,Polonnaruwa,10,0,Healthy,High,334.31,4.6,8.92,178.07,289.66
F110,C9892,2024-11-21,Jersey,9,Monaragala,6,0,Healthy,High,290.23,3.53,8.65,175.17,292.04
F481,C9893,2024-03-21,Jersey,3,Anuradhapura,8,1,At_Risk,High,218.14,3.85,8.78,186.4,209.31
F227,C9894,2024-09-22,Holstein,4,Kurunegala,1,1,At_Risk,Low,404.38,4.33,8.96,178.88,350.99
F172,C9895,2024-12-02,Crossbreed,10,Badulla,10,0,Healthy,High,172.69,3.83,8.85,181.04,160.7
F14,C9896,2024-04-02,Local,10,Matale,7,0,Healthy,Medium,84.43,3.9,8.84,184.07,78.18
F454,C9897,2024-10-19,Crossbreed,2,Anuradhapura,1,1,At_Risk,High,212.2,4.3,8.54,188.45,202.06
F16,C9898,2024-04-11,Jersey,10,Matale,8,0,Healthy,Low,223.3,4.07,8.3,188.12,231.95
F275,C9899,2024-12-01,Crossbreed,6,Matale,10,0,Healthy,High,140.21,4.51,9.03,186.37,139.53
F322,C9900,2024-05-31,Local,9,Nuwara Eliya,6,0,Healthy,Low,91.1,3.67,8.49,170.61,80.13
F292,C9901,2024-06-16,Holstein,7,Matale,3,0,Healthy,High,391.84,4.48,8.84,175.67,366.06
F232,C9902,2024-11-16,Local,6,Kandy,6,0,Healthy,High,82.58,3.88,9.0,170.37,79.37
F8,C9903,2024-09-18,Jersey,3,Kandy,4,0,Healthy,High,343.91,4.73,9.18,193.73,306.15
F4,C9904,2024-10-29,Local,10,Matale,2,2,Sick,Low,41.06,4.74,8.65,178.32,40.29
F317,C9905,2024-02-03,Crossbreed,4,Badulla,6,2,Sick,Low,146.73,3.62,8.91,171.88,140.71
F242,C9906,2024-10-12,Jersey,9,Kurunegala,10,3,Sick,High,74.6,4.11,8.41,183.24,77.37
F487,C9907,2024-07-22,Holstein,3,Nuwara Eliya,5,0,Healthy,Medium,405.31,4.56,8.73,181.53,422.15
F158,C9908,2024-07-15,Crossbreed,6,Matale,9,2,Sick,Medium,103.84,4.3,8.82,181.46,104.8
F231,C9909,2024-05-27,Local,10,Kurunegala,8,1,At_Risk,Medium,76.67,4.55,8.53,187.97,66.67
F131,C9910,2024-06-14,Holstein,5,Kurunegala,10,0,Healthy,Medium,268.07,4.58,8.26,185.01,268.44
F357,C9911,2024-05-04,Crossbreed,9,Anuradhapura,9,3,Sick,Low,54.19,3.57,9.19,178.51,55.0
F338,C9912,2024-11-22,Local,8,Badulla,6,1,At_Risk,High,81.85,4.17,8.76,188.61,78.45
F209,C9913,2024-01-02,Local,6,Matale,2,0,Healthy,Medium,107.08,4.58,8.28,190.77,99.02
F78,C9914,2024-08-21,Jersey,6,Monaragala,2,2,Sick,Low,163.54,4.12,9.16,185.4,159.69
F479,C9915,2024-12-28,Local,2,Anuradhapura,8,3,Sick,Low,39.47,4.25,8.38,191.46,35.69
F494,C9916,2024-05-20,Jersey,5,Matale,8,0,Healthy,Medium,227.18,4.75,8.32,196.08,234.39
F77,C9917,2024-02-28,Local,5,Monaragala,4,1,At_Risk,High,52.82,4.01,8.69,170.29,53.76
F253,C9918,2024-07-03,Holstein,8,Badulla,7,0,Healthy,High,304.67,4.64,8.36,177.57,286.05
F165,C9919,2024-11-03,Crossbreed,4,Kandy,7,1,At_Risk,High,174.65,4.24,8.53,180.89,175.15
F19,C9920,2024-07-25,Local,8,Polonnaruwa,6,0,Healthy,Low,94.57,4.49,8.72,189.29,90.57
F210,C9921,2024-08-09,Holstein,2,Monaragala,6,2,Sick,Medium,203.72,4.27,8.43,176.99,213.06
F479,C9922,2024-08-29,Holstein,2,Badulla,3,0,Healthy,Low,587.7,3.81,8.92,181.23,530.82
F149,C9923,2024-10-19,Local,5,Kandy,10,1,At_Risk,Medium,34.0,4.44,8.52,182.32,29.93
F229,C9924,2024-09-14,Jersey,8,Monaragala,5,1,At_Risk,Medium,258.42,3.84,8.29,180.21,261.3
F147,C9925,2024-09-14,Crossbreed,8,Polonnaruwa,1,0,Healthy,Medium,210.98,3.5,8.76,184.48,217.03
F392,C9926,2024-01-06,Crossbreed,9,Matale,6,0,Healthy,Medium,176.33,4.37,8.2,184.39,165.77
F456,C9927,2024-02-21,Crossbreed,6,Anuradhapura,7,1,At_Risk,High,137.89,4.12,9.16,178.02,123.55
F473,C9928,2024-01-22,Jersey,7,Nuwara Eliya,5,0,Healthy,Medium,395.59,3.97,8.39,187.98,378.09
F260,C9929,2024-05-16,Holstein,7,Badulla,2,0,Healthy,Low,446.3,4.39,9.16,192.02,445.65
F334,C9930,2024-11-24,Jersey,5,Kurunegala,5,3,Sick,Medium,117.74,3.77,8.46,173.34,114.32
F156,C9931,2024-08-26,Local,6,Matale,7,1,At_Risk,Low,76.83,4.45,8.37,185.39,75.34
F316,C9932,2024-04-05,Crossbreed,8,Badulla,7,0,Healthy,Low,142.59,3.55,8.64,171.18,123.49
F434,C9933,2024-05-11,Jersey,3,Kurunegala,2,0,Healthy,Medium,275.74,4.14,8.79,177.21,281.83
F387,C9934,2024-09-05,Jersey,10,Polonnaruwa,4,0,Healthy,Medium,366.98,4.17,8.32,180.93,333.64
F139,C9935,2024-02-07,Holstein,9,Monaragala,3,2,Sick,High,319.78,3.57,8.78,174.01,310.56
F406,C9936,2024-08-26,Crossbreed,5,Badulla,4,0,Healthy,High,189.61,3.77,8.37,175.24,182.76
F382,C9937,2024-04-08,Holstein,6,Kandy,5,0,Healthy,Low,566.22,4.06,9.03,171.64,573.98
F151,C9938,2024-01-04,Holstein,8,Anuradhapura,2,2,Sick,Medium,226.13,4.63,8.62,181.87,219.59
F354,C9939,2024-04-13,Local,6,Nuwara Eliya,10,0,Healthy,Low,77.34,4.05,9.03,171.2,74.26
F66,C9940,2024-04-19,Local,3,Polonnaruwa,8,0,Healthy,Low,78.79,4.71,8.59,179.22,74.93
F368,C9941,2024-01-16,Crossbreed,10,Monaragala,8,1,At_Risk,Low,167.68,4.7,8.26,182.25,169.11
F147,C9942,2024-08-12,Local,8,Matale,1,2,Sick,Medium,68.24,3.93,8.5,188.14,67.79
F89,C9943,2024-03-27,Crossbreed,10,Nuwara Eliya,6,1,At_Risk,Low,137.04,4.28,8.72,191.44,117.25
F186,C9944,2024-09-16,Crossbreed,9,Badulla,7,3,Sick,High,81.57,4.76,8.23,188.26,79.79
F269,C9945,2024-12-03,Local,5,Monaragala,3,0,Healthy,High,66.37,4.62,8.9,191.59,57.06
F250,C9946,2024-05-08,Local,3,Anuradhapura,7,0,Healthy,Low,78.04,4.38,9.01,186.63,75.48
F147,C9947,2024-03-03,Crossbreed,2,Badulla,8,0,Healthy,Medium,159.14,4.13,8.58,187.91,139.62
F321,C9948,2024-02-19,Local,8,Nuwara Eliya,3,0,Healthy,High,83.22,4.56,8.63,185.0,82.57
F263,C9949,2024-06-15,Holstein,5,Monaragala,3,1,At_Risk,High,384.83,4.18,8.79,175.74,372.18
F241,C9950,2024-12-08,Holstein,10,Polonnaruwa,7,0,Healthy,Low,313.21,4.74,8.62,179.45,283.8
F374,C9951,2024-08-12,Crossbreed,10,Kandy,2,0,Healthy,Medium,219.19,4.77,9.19,180.22,215.43
F335,C9952,2024-10-26,Local,6,Nuwara Eliya,5,0,Healthy,High,84.1,3.94,8.97,185.58,71.97
F327,C9953,2024-03-25,Crossbreed,2,Nuwara Eliya,10,2,Sick,High,85.58,4.64,8.97,182.57,73.62
F134,C9954,2024-01-06,Holstein,8,Nuwara Eliya,5,0,Healthy,Low,400.81,3.68,8.9,168.91,415.28
F346,C9955,2024-02-29,Local,9,Nuwara Eliya,3,0,Healthy,High,66.03,4.38,9.08,193.29,64.05
F413,C9956,2024-07-03,Local,9,Nuwara Eliya,8,0,Healthy,Low,54.01,4.04,8.33,180.38,55.31
F102,C9957,2024-11-25,Jersey,2,Kandy,10,0,Healthy,Low,221.39,3.8,9.17,181.81,230.44
F409,C9958,2024-01-07,Crossbreed,8,Polonnaruwa,7,0,Healthy,Medium,216.79,4.65,8.2,195.4,204.33
F316,C9959,2024-08-08,Local,10,Kurunegala,6,1,At_Risk,Low,68.33,4.12,8.74,172.64,67.69
F260,C9960,2024-06-29,Local,7,Monaragala,5,1,At_Risk,Medium,89.97,3.68,8.95,174.27,77.59
F68,C9961,2024-07-04,Holstein,8,Kandy,2,0,Healthy,Low,374.26,3.96,8.24,174.0,343.64
F84,C9962,2024-12-10,Crossbreed,7,Polonnaruwa,8,3,Sick,Medium,64.76,4.68,8.28,194.29,62.93
F23,C9963,2024-10-13,Jersey,2,Badulla,7,0,Healthy,High,259.82,4.14,8.34,191.25,265.42
F354,C9964,2024-11-06,Local,2,Matale,10,0,Healthy,Medium,56.46,3.78,8.58,186.18,54.7
F39,C9965,2024-10-29,Local,9,Anuradhapura,9,2,Sick,High,39.71,4.76,8.59,181.34,37.41
F402,C9966,2024-12-13,Holstein,6,Nuwara Eliya,3,2,Sick,Medium,347.29,4.68,9.07,178.76,327.19
F395,C9967,2024-04-21,Crossbreed,7,Polonnaruwa,6,1,At_Risk,Medium,120.61,3.75,8.66,181.27,104.53
F458,C9968,2024-08-06,Holstein,8,Kandy,6,2,Sick,Medium,307.76,3.54,8.93,169.09,315.18
F28,C9969,2024-03-19,Local,5,Matale,3,0,Healthy,High,116.37,3.59,9.11,181.35,113.22
F299,C9970,2024-10-23,Jersey,10,Badulla,3,0,Healthy,Low,300.84,3.96,8.79,173.24,304.52
F251,C9971,2024-06-29,Holstein,2,Nuwara Eliya,2,1,At_Risk,Low,328.29,3.83,8.53,169.69,339.28
F321,C9972,2024-06-26,Local,6,Monaragala,7,2,Sick,Medium,40.99,3.83,8.66,177.74,40.55
F162,C9973,2024-02-22,Holstein,3,Badulla,1,2,Sick,Low,349.77,4.19,9.17,184.83,364.92
F443,C9974,2024-11-16,Local,8,Anuradhapura,3,2,Sick,High,57.93,3.88,8.76,184.35,52.34
F14,C9975,2024-07-29,Jersey,8,Kurunegala,7,2,Sick,Low,188.97,4.05,9.12,181.26,191.33
F307,C9976,2024-03-30,Jersey,3,Kurunegala,7,0,Healthy,High,309.38,4.64,8.25,183.06,272.54
F465,C9977,2024-03-30,Jersey,10,Matale,5,0,Healthy,Low,300.76,3.55,8.37,176.59,261.84
F288,C9978,2024-08-29,Local,2,Kandy,8,0,Healthy,Medium,89.19,4.12,9.1,181.2,83.1
F92,C9979,2024-04-24,Jersey,9,Kandy,7,3,Sick,Medium,118.32,4.08,8.26,178.1,100.8
F169,C9980,2024-03-20,Local,10,Monaragala,5,0,Healthy,Medium,104.54,4.52,9.0,186.66,91.72
F226,C9981,2024-05-16,Holstein,3,Matale,10,2,Sick,High,164.93,4.49,8.57,175.44,151.23
F136,C9982,2024-03-22,Holstein,6,Matale,9,2,Sick,Medium,157.25,4.04,9.03,174.97,137.35
F222,C9983,2024-04-26,Crossbreed,6,Badulla,7,3,Sick,High,83.99,3.95,8.95,183.32,78.7
F16,C9984,2024-10-23,Holstein,2,Matale,9,0,Healthy,Medium,322.52,4.58,8.76,193.46,327.42
F47,C9985,2024-02-16,Crossbreed,8,Kandy,9,0,Healthy,Low,151.74,4.02,8.26,174.31,135.73
F260,C9986,2024-04-06,Jersey,6,Nuwara Eliya,7,3,Sick,Medium,138.33,4.41,9.06,174.5,124.49
F453,C9987,2024-11-04,Jersey,2,Nuwara Eliya,9,0,Healthy,Low,206.41,4.39,8.88,181.42,181.94
F77,C9988,2024-04-05,Jersey,4,Matale,9,0,Healthy,High,187.18,3.7,8.49,180.29,165.9
F72,C9989,2024-11-11,Crossbreed,5,Kandy,2,3,Sick,Medium,77.29,3.67,8.35,171.77,70.02
F267,C9990,2024-08-12,Holstein,10,Anuradhapura,2,0,Healthy,High,487.26,3.54,8.39,179.64,486.42
F394,C9991,2024-11-04,Local,10,Badulla,2,0,Healthy,Low,77.42,4.13,8.86,180.29,78.3
F17,C9992,2024-02-22,Local,6,Nuwara Eliya,5,0,Healthy,High,75.25,4.44,8.72,176.63,69.24
F478,C9993,2024-07-14,Holstein,7,Kandy,2,0,Healthy,Medium,534.15,3.81,8.22,186.55,502.58
F384,C9994,2024-12-25,Crossbreed,7,Badulla,6,0,Healthy,Medium,224.86,3.53,9.18,165.52,214.01
F349,C9995,2024-11-30,Local,8,Badulla,8,1,At_Risk,Low,80.02,4.53,9.08,178.48,77.42
F174,C9996,2024-12-24,Crossbreed,10,Kurunegala,7,1,At_Risk,Low,137.11,4.01,8.93,177.37,131.87
F220,C9997,2024-04-21,Crossbreed,4,Matale,9,2,Sick,Low,78.46,3.57,8.99,173.13,76.48
F21,C9998,2024-03-15,Crossbreed,3,Polonnaruwa,3,0,Healthy,High,274.56,3.58,9.04,184.0,256.75
F102,C9999,2024-08-15,Crossbreed,3,Nuwara Eliya,7,3,Sick,Low,69.49,4.45,8.22,186.46,60.78
F389,C10000,2024-08-11,Local,6,Monaragala,2,0,Healthy,Low,58.73,4.06,8.92,171.25,54.74
